WARNING 2025-12-09 19:59:13,016 basehttp 3032 8584 "GET /static/fonts/Montserrat/Montserrat-VariableFont_wght.woff2 HTTP/1.1" 404 1967
WARNING 2025-12-09 19:59:13,016 basehttp 3032 10132 "GET /static/fonts/Montserrat/Montserrat-VariableFont_wght.woff HTTP/1.1" 404 1964
WARNING 2025-12-09 19:59:13,058 basehttp 3032 9904 "GET /static/fonts/Lora/Lora.woff2 HTTP/1.1" 404 1877
WARNING 2025-12-09 19:59:13,057 basehttp 3032 9816 "GET /static/fonts/Lora/Lora.woff HTTP/1.1" 404 1874
WARNING 2025-12-09 20:28:01,155 basehttp 3032 7712 "GET /static/fonts/Montserrat/Montserrat-VariableFont_wght.woff2 HTTP/1.1" 404 1967
WARNING 2025-12-09 20:28:01,156 basehttp 3032 11992 "GET /static/fonts/Montserrat/Montserrat-VariableFont_wght.woff HTTP/1.1" 404 1964
WARNING 2025-12-09 20:28:01,215 basehttp 3032 1820 "GET /static/fonts/Lora/Lora.woff2 HTTP/1.1" 404 1877
WARNING 2025-12-09 20:28:01,222 basehttp 3032 8916 "GET /static/fonts/Lora/Lora.woff HTTP/1.1" 404 1874
WARNING 2025-12-09 20:28:12,524 log 3032 7028 Not Found: /TeddysTale/assets/fonts/Lora/Lora.woff2
WARNING 2025-12-09 20:28:12,543 log 3032 1632 Not Found: /TeddysTale/assets/fonts/Montserrat/Montserrat-VariableFont_wght.woff2
WARNING 2025-12-09 20:28:12,430 log 3032 3996 Not Found: /TeddysTale/assets/fonts/Lora/Lora-Italic.woff2
WARNING 2025-12-09 20:28:12,545 basehttp 3032 7028 "GET /TeddysTale/assets/fonts/Lora/Lora.woff2 HTTP/1.1" 404 3285
WARNING 2025-12-09 20:28:12,546 basehttp 3032 1632 "GET /TeddysTale/assets/fonts/Montserrat/Montserrat-VariableFont_wght.woff2 HTTP/1.1" 404 3375
WARNING 2025-12-09 20:28:12,579 basehttp 3032 3996 "GET /TeddysTale/assets/fonts/Lora/Lora-Italic.woff2 HTTP/1.1" 404 3306
WARNING 2025-12-09 20:28:12,608 log 3032 1632 Not Found: /TeddysTale/assets/fonts/Montserrat/Montserrat-VariableFont_wght.woff
WARNING 2025-12-09 20:28:12,629 log 3032 7028 Not Found: /TeddysTale/assets/fonts/Lora/Lora-Italic.woff
WARNING 2025-12-09 20:28:12,647 log 3032 3996 Not Found: /TeddysTale/assets/fonts/Lora/Lora.woff
WARNING 2025-12-09 20:28:12,653 basehttp 3032 7028 "GET /TeddysTale/assets/fonts/Lora/Lora-Italic.woff HTTP/1.1" 404 3303
WARNING 2025-12-09 20:28:12,654 basehttp 3032 3996 "GET /TeddysTale/assets/fonts/Lora/Lora.woff HTTP/1.1" 404 3282
WARNING 2025-12-09 20:28:12,654 basehttp 3032 1632 "GET /TeddysTale/assets/fonts/Montserrat/Montserrat-VariableFont_wght.woff HTTP/1.1" 404 3372
WARNING 2025-12-09 20:52:45,157 basehttp 1596 8436 "GET /static/fonts/Montserrat/Montserrat-VariableFont_wght.woff2 HTTP/1.1" 404 1967
WARNING 2025-12-09 20:52:45,173 basehttp 1596 808 "GET /static/fonts/Montserrat/Montserrat-VariableFont_wght.woff HTTP/1.1" 404 1964
WARNING 2025-12-09 20:52:45,210 basehttp 1596 1312 "GET /static/fonts/Lora/Lora.woff HTTP/1.1" 404 1874
WARNING 2025-12-09 20:52:45,210 basehttp 1596 2288 "GET /static/fonts/Lora/Lora.woff2 HTTP/1.1" 404 1877
WARNING 2025-12-09 21:00:56,382 log 1596 9956 Not Found: /.well-known/appspecific/com.chrome.devtools.json
WARNING 2025-12-09 21:00:56,385 basehttp 1596 9956 "GET /.well-known/appspecific/com.chrome.devtools.json HTTP/1.1" 404 3312
WARNING 2025-12-09 21:02:28,426 basehttp 1596 5256 "GET /static/fonts/Montserrat/Montserrat-VariableFont_wght.woff2 HTTP/1.1" 404 1967
WARNING 2025-12-09 21:02:28,464 basehttp 1596 13272 "GET /static/fonts/Montserrat/Montserrat-VariableFont_wght.woff HTTP/1.1" 404 1964
WARNING 2025-12-09 21:02:28,467 basehttp 1596 9880 "GET /static/fonts/Lora/Lora.woff2 HTTP/1.1" 404 1877
WARNING 2025-12-09 21:02:28,582 basehttp 1596 3108 "GET /static/fonts/Lora/Lora.woff HTTP/1.1" 404 1874
WARNING 2025-12-09 21:02:29,083 log 1596 7588 Not Found: /.well-known/appspecific/com.chrome.devtools.json
WARNING 2025-12-09 21:02:29,124 basehttp 1596 7588 "GET /.well-known/appspecific/com.chrome.devtools.json HTTP/1.1" 404 3312
WARNING 2025-12-09 21:02:54,641 basehttp 1596 10132 "GET /static/fonts/Montserrat/Montserrat-VariableFont_wght.woff2 HTTP/1.1" 404 1967
WARNING 2025-12-09 21:02:54,654 basehttp 1596 7532 "GET /static/fonts/Montserrat/Montserrat-VariableFont_wght.woff HTTP/1.1" 404 1964
WARNING 2025-12-09 21:02:54,680 basehttp 1596 5596 "GET /static/fonts/Lora/Lora.woff HTTP/1.1" 404 1874
WARNING 2025-12-09 21:02:54,667 basehttp 1596 9956 "GET /static/fonts/Lora/Lora.woff2 HTTP/1.1" 404 1877
WARNING 2025-12-09 21:02:55,411 log 1596 7036 Not Found: /.well-known/appspecific/com.chrome.devtools.json
WARNING 2025-12-09 21:02:55,422 basehttp 1596 7036 "GET /.well-known/appspecific/com.chrome.devtools.json HTTP/1.1" 404 3312
WARNING 2025-12-09 21:03:26,097 basehttp 1596 7588 "GET /static/fonts/Montserrat/Montserrat-VariableFont_wght.woff2 HTTP/1.1" 404 1967
WARNING 2025-12-09 21:03:26,112 basehttp 1596 7648 "GET /static/fonts/Montserrat/Montserrat-VariableFont_wght.woff HTTP/1.1" 404 1964
WARNING 2025-12-09 21:03:26,142 basehttp 1596 3028 "GET /static/fonts/Lora/Lora.woff2 HTTP/1.1" 404 1877
WARNING 2025-12-09 21:03:26,130 basehttp 1596 5580 "GET /static/fonts/Lora/Lora.woff HTTP/1.1" 404 1874
WARNING 2025-12-09 21:03:26,632 log 1596 7036 Not Found: /.well-known/appspecific/com.chrome.devtools.json
WARNING 2025-12-09 21:03:26,649 basehttp 1596 7036 "GET /.well-known/appspecific/com.chrome.devtools.json HTTP/1.1" 404 3312
WARNING 2025-12-09 21:04:00,182 basehttp 1596 3192 "GET /static/fonts/Montserrat/Montserrat-VariableFont_wght.woff2 HTTP/1.1" 404 1967
WARNING 2025-12-09 21:04:00,208 basehttp 1596 12900 "GET /static/fonts/Montserrat/Montserrat-VariableFont_wght.woff HTTP/1.1" 404 1964
WARNING 2025-12-09 21:04:00,241 basehttp 1596 11648 "GET /static/fonts/Lora/Lora.woff2 HTTP/1.1" 404 1877
WARNING 2025-12-09 21:04:00,241 basehttp 1596 752 "GET /static/fonts/Lora/Lora.woff HTTP/1.1" 404 1874
WARNING 2025-12-09 21:04:00,245 log 1596 6864 Not Found: /.well-known/appspecific/com.chrome.devtools.json
WARNING 2025-12-09 21:04:00,261 basehttp 1596 6864 "GET /.well-known/appspecific/com.chrome.devtools.json HTTP/1.1" 404 3312
WARNING 2025-12-09 21:07:16,043 basehttp 1596 6188 "GET /static/fonts/Montserrat/Montserrat-VariableFont_wght.woff2 HTTP/1.1" 404 1967
WARNING 2025-12-09 21:07:16,103 basehttp 1596 6864 "GET /static/fonts/Lora/Lora.woff2 HTTP/1.1" 404 1877
WARNING 2025-12-09 21:07:16,104 basehttp 1596 9996 "GET /static/fonts/Lora/Lora.woff HTTP/1.1" 404 1874
WARNING 2025-12-09 21:07:16,065 basehttp 1596 3108 "GET /static/fonts/Montserrat/Montserrat-VariableFont_wght.woff HTTP/1.1" 404 1964
WARNING 2025-12-09 21:07:16,624 log 1596 1612 Not Found: /.well-known/appspecific/com.chrome.devtools.json
WARNING 2025-12-09 21:07:16,722 basehttp 1596 1612 "GET /.well-known/appspecific/com.chrome.devtools.json HTTP/1.1" 404 3312
WARNING 2025-12-09 21:08:20,769 basehttp 1596 7828 "GET /static/fonts/Montserrat/Montserrat-VariableFont_wght.woff2 HTTP/1.1" 404 1967
WARNING 2025-12-09 21:08:20,828 basehttp 1596 4556 "GET /static/fonts/Lora/Lora.woff2 HTTP/1.1" 404 1877
WARNING 2025-12-09 21:08:20,829 basehttp 1596 1612 "GET /static/fonts/Lora/Lora.woff HTTP/1.1" 404 1874
WARNING 2025-12-09 21:08:20,907 log 1596 13044 Not Found: /.well-known/appspecific/com.chrome.devtools.json
WARNING 2025-12-09 21:08:20,795 basehttp 1596 2544 "GET /static/fonts/Montserrat/Montserrat-VariableFont_wght.woff HTTP/1.1" 404 1964
WARNING 2025-12-09 21:08:20,923 basehttp 1596 13044 "GET /.well-known/appspecific/com.chrome.devtools.json HTTP/1.1" 404 3312
WARNING 2025-12-09 21:08:28,746 basehttp 1596 1364 "GET /static/fonts/Montserrat/Montserrat-VariableFont_wght.woff2 HTTP/1.1" 404 1967
WARNING 2025-12-09 21:08:28,780 basehttp 1596 4944 "GET /static/fonts/Lora/Lora.woff HTTP/1.1" 404 1874
WARNING 2025-12-09 21:08:28,781 basehttp 1596 13044 "GET /static/fonts/Montserrat/Montserrat-VariableFont_wght.woff HTTP/1.1" 404 1964
WARNING 2025-12-09 21:08:28,781 basehttp 1596 12456 "GET /static/fonts/Lora/Lora.woff2 HTTP/1.1" 404 1877
ERROR 2025-12-09 21:08:48,984 log 1596 2272 Internal Server Error: /
Traceback (most recent call last):
  File "C:\Users\Евгения\Desktop\Projects_web\TeddysTale_with-BackEnd\venv\Lib\site-packages\django\template\base.py", line 510, in parse
    compile_func = self.tags[command]
                   ~~~~~~~~~^^^^^^^^^
KeyError: 'endif'

During handling of the above exception, another exception occurred:

Traceback (most recent call last):
  File "C:\Users\Евгения\Desktop\Projects_web\TeddysTale_with-BackEnd\venv\Lib\site-packages\django\core\handlers\exception.py", line 55, in inner
    response = get_response(request)
  File "C:\Users\Евгения\Desktop\Projects_web\TeddysTale_with-BackEnd\venv\Lib\site-packages\django\core\handlers\base.py", line 197, in _get_response
    response = wrapped_callback(request, *callback_args, **callback_kwargs)
  File "C:\Users\Евгения\Desktop\Projects_web\TeddysTale_with-BackEnd\TeddyTale\landing\views.py", line 156, in index
    return render(request, 'index.html', context)
  File "C:\Users\Евгения\Desktop\Projects_web\TeddysTale_with-BackEnd\venv\Lib\site-packages\django\shortcuts.py", line 25, in render
    content = loader.render_to_string(template_name, context, request, using=using)
  File "C:\Users\Евгения\Desktop\Projects_web\TeddysTale_with-BackEnd\venv\Lib\site-packages\django\template\loader.py", line 62, in render_to_string
    return template.render(context, request)
           ~~~~~~~~~~~~~~~^^^^^^^^^^^^^^^^^^
  File "C:\Users\Евгения\Desktop\Projects_web\TeddysTale_with-BackEnd\venv\Lib\site-packages\django\template\backends\django.py", line 107, in render
    return self.template.render(context)
           ~~~~~~~~~~~~~~~~~~~~^^^^^^^^^
  File "C:\Users\Евгения\Desktop\Projects_web\TeddysTale_with-BackEnd\venv\Lib\site-packages\django\template\base.py", line 171, in render
    return self._render(context)
           ~~~~~~~~~~~~^^^^^^^^^
  File "C:\Users\Евгения\Desktop\Projects_web\TeddysTale_with-BackEnd\venv\Lib\site-packages\django\template\base.py", line 163, in _render
    return self.nodelist.render(context)
           ~~~~~~~~~~~~~~~~~~~~^^^^^^^^^
  File "C:\Users\Евгения\Desktop\Projects_web\TeddysTale_with-BackEnd\venv\Lib\site-packages\django\template\base.py", line 1016, in render
    return SafeString("".join([node.render_annotated(context) for node in self]))
                               ~~~~~~~~~~~~~~~~~~~~~^^^^^^^^^
  File "C:\Users\Евгения\Desktop\Projects_web\TeddysTale_with-BackEnd\venv\Lib\site-packages\django\template\base.py", line 977, in render_annotated
    return self.render(context)
           ~~~~~~~~~~~^^^^^^^^^
  File "C:\Users\Евгения\Desktop\Projects_web\TeddysTale_with-BackEnd\venv\Lib\site-packages\django\template\loader_tags.py", line 159, in render
    return compiled_parent._render(context)
           ~~~~~~~~~~~~~~~~~~~~~~~^^^^^^^^^
  File "C:\Users\Евгения\Desktop\Projects_web\TeddysTale_with-BackEnd\venv\Lib\site-packages\django\template\base.py", line 163, in _render
    return self.nodelist.render(context)
           ~~~~~~~~~~~~~~~~~~~~^^^^^^^^^
  File "C:\Users\Евгения\Desktop\Projects_web\TeddysTale_with-BackEnd\venv\Lib\site-packages\django\template\base.py", line 1016, in render
    return SafeString("".join([node.render_annotated(context) for node in self]))
                               ~~~~~~~~~~~~~~~~~~~~~^^^^^^^^^
  File "C:\Users\Евгения\Desktop\Projects_web\TeddysTale_with-BackEnd\venv\Lib\site-packages\django\template\base.py", line 977, in render_annotated
    return self.render(context)
           ~~~~~~~~~~~^^^^^^^^^
  File "C:\Users\Евгения\Desktop\Projects_web\TeddysTale_with-BackEnd\venv\Lib\site-packages\django\template\loader_tags.py", line 65, in render
    result = block.nodelist.render(context)
  File "C:\Users\Евгения\Desktop\Projects_web\TeddysTale_with-BackEnd\venv\Lib\site-packages\django\template\base.py", line 1016, in render
    return SafeString("".join([node.render_annotated(context) for node in self]))
                               ~~~~~~~~~~~~~~~~~~~~~^^^^^^^^^
  File "C:\Users\Евгения\Desktop\Projects_web\TeddysTale_with-BackEnd\venv\Lib\site-packages\django\template\base.py", line 977, in render_annotated
    return self.render(context)
           ~~~~~~~~~~~^^^^^^^^^
  File "C:\Users\Евгения\Desktop\Projects_web\TeddysTale_with-BackEnd\venv\Lib\site-packages\django\template\loader_tags.py", line 199, in render
    template = context.template.engine.select_template(template_name)
  File "C:\Users\Евгения\Desktop\Projects_web\TeddysTale_with-BackEnd\venv\Lib\site-packages\django\template\engine.py", line 208, in select_template
    return self.get_template(template_name)
           ~~~~~~~~~~~~~~~~~^^^^^^^^^^^^^^^
  File "C:\Users\Евгения\Desktop\Projects_web\TeddysTale_with-BackEnd\venv\Lib\site-packages\django\template\engine.py", line 177, in get_template
    template, origin = self.find_template(template_name)
                       ~~~~~~~~~~~~~~~~~~^^^^^^^^^^^^^^^
  File "C:\Users\Евгения\Desktop\Projects_web\TeddysTale_with-BackEnd\venv\Lib\site-packages\django\template\engine.py", line 159, in find_template
    template = loader.get_template(name, skip=skip)
  File "C:\Users\Евгения\Desktop\Projects_web\TeddysTale_with-BackEnd\venv\Lib\site-packages\django\template\loaders\cached.py", line 57, in get_template
    template = super().get_template(template_name, skip)
  File "C:\Users\Евгения\Desktop\Projects_web\TeddysTale_with-BackEnd\venv\Lib\site-packages\django\template\loaders\base.py", line 28, in get_template
    return Template(
        contents,
    ...<2 lines>...
        self.engine,
    )
  File "C:\Users\Евгения\Desktop\Projects_web\TeddysTale_with-BackEnd\venv\Lib\site-packages\django\template\base.py", line 154, in __init__
    self.nodelist = self.compile_nodelist()
                    ~~~~~~~~~~~~~~~~~~~~~^^
  File "C:\Users\Евгения\Desktop\Projects_web\TeddysTale_with-BackEnd\venv\Lib\site-packages\django\template\base.py", line 196, in compile_nodelist
    nodelist = parser.parse()
  File "C:\Users\Евгения\Desktop\Projects_web\TeddysTale_with-BackEnd\venv\Lib\site-packages\django\template\base.py", line 512, in parse
    self.invalid_block_tag(token, command, parse_until)
    ~~~~~~~~~~~~~~~~~~~~~~^^^^^^^^^^^^^^^^^^^^^^^^^^^^^
  File "C:\Users\Евгения\Desktop\Projects_web\TeddysTale_with-BackEnd\venv\Lib\site-packages\django\template\base.py", line 577, in invalid_block_tag
    raise self.error(
    ...<3 lines>...
    )
django.template.exceptions.TemplateSyntaxError: Invalid block tag on line 13: 'endif'. Did you forget to register or load this tag?
ERROR 2025-12-09 21:08:48,997 basehttp 1596 2272 "GET / HTTP/1.1" 500 304473
WARNING 2025-12-09 21:09:18,222 basehttp 1596 7580 "GET /static/fonts/Montserrat/Montserrat-VariableFont_wght.woff2 HTTP/1.1" 404 1967
WARNING 2025-12-09 21:09:18,285 basehttp 1596 8604 "GET /static/fonts/Montserrat/Montserrat-VariableFont_wght.woff HTTP/1.1" 404 1964
WARNING 2025-12-09 21:09:18,302 basehttp 1596 2312 "GET /static/fonts/Lora/Lora.woff2 HTTP/1.1" 404 1877
WARNING 2025-12-09 21:09:18,303 basehttp 1596 12056 "GET /static/fonts/Lora/Lora.woff HTTP/1.1" 404 1874
WARNING 2025-12-09 21:09:22,339 log 1596 2272 Not Found: /.well-known/appspecific/com.chrome.devtools.json
WARNING 2025-12-09 21:09:22,346 basehttp 1596 2272 "GET /.well-known/appspecific/com.chrome.devtools.json HTTP/1.1" 404 3312
WARNING 2025-12-09 21:09:34,027 log 1596 10416 Not Found: /.well-known/appspecific/com.chrome.devtools.json
WARNING 2025-12-09 21:09:34,106 log 1596 3512 Not Found: /TeddysTale/assets/fonts/Lora/Lora-Italic.woff2
WARNING 2025-12-09 21:09:34,123 basehttp 1596 10416 "GET /.well-known/appspecific/com.chrome.devtools.json HTTP/1.1" 404 3312
WARNING 2025-12-09 21:09:34,133 basehttp 1596 3512 "GET /TeddysTale/assets/fonts/Lora/Lora-Italic.woff2 HTTP/1.1" 404 3306
WARNING 2025-12-09 21:09:34,127 log 1596 8728 Not Found: /TeddysTale/assets/fonts/Montserrat/Montserrat-VariableFont_wght.woff2
WARNING 2025-12-09 21:09:34,215 log 1596 11916 Not Found: /TeddysTale/assets/fonts/Lora/Lora.woff2
WARNING 2025-12-09 21:09:34,221 basehttp 1596 11916 "GET /TeddysTale/assets/fonts/Lora/Lora.woff2 HTTP/1.1" 404 3285
WARNING 2025-12-09 21:09:34,239 basehttp 1596 8728 "GET /TeddysTale/assets/fonts/Montserrat/Montserrat-VariableFont_wght.woff2 HTTP/1.1" 404 3375
WARNING 2025-12-09 21:09:34,296 log 1596 3512 Not Found: /TeddysTale/assets/fonts/Lora/Lora-Italic.woff
WARNING 2025-12-09 21:09:34,337 basehttp 1596 3512 "GET /TeddysTale/assets/fonts/Lora/Lora-Italic.woff HTTP/1.1" 404 3303
WARNING 2025-12-09 21:09:34,376 log 1596 8728 Not Found: /TeddysTale/assets/fonts/Montserrat/Montserrat-VariableFont_wght.woff
WARNING 2025-12-09 21:09:34,388 log 1596 11916 Not Found: /TeddysTale/assets/fonts/Lora/Lora.woff
WARNING 2025-12-09 21:09:34,390 basehttp 1596 8728 "GET /TeddysTale/assets/fonts/Montserrat/Montserrat-VariableFont_wght.woff HTTP/1.1" 404 3372
WARNING 2025-12-09 21:09:34,390 basehttp 1596 11916 "GET /TeddysTale/assets/fonts/Lora/Lora.woff HTTP/1.1" 404 3282
WARNING 2025-12-09 21:22:35,016 log 1596 9904 Not Found: /.well-known/appspecific/com.chrome.devtools.json
WARNING 2025-12-09 21:22:35,025 log 1596 10400 Not Found: /TeddysTale/assets/fonts/Lora/Lora-Italic.woff2
WARNING 2025-12-09 21:22:35,044 log 1596 3880 Not Found: /TeddysTale/assets/fonts/Montserrat/Montserrat-VariableFont_wght.woff2
WARNING 2025-12-09 21:22:35,055 log 1596 340 Not Found: /TeddysTale/assets/fonts/Lora/Lora.woff2
WARNING 2025-12-09 21:22:35,058 basehttp 1596 9904 "GET /.well-known/appspecific/com.chrome.devtools.json HTTP/1.1" 404 3312
WARNING 2025-12-09 21:22:35,065 basehttp 1596 3880 "GET /TeddysTale/assets/fonts/Montserrat/Montserrat-VariableFont_wght.woff2 HTTP/1.1" 404 3375
WARNING 2025-12-09 21:22:35,064 basehttp 1596 10400 "GET /TeddysTale/assets/fonts/Lora/Lora-Italic.woff2 HTTP/1.1" 404 3306
WARNING 2025-12-09 21:22:35,069 basehttp 1596 340 "GET /TeddysTale/assets/fonts/Lora/Lora.woff2 HTTP/1.1" 404 3285
WARNING 2025-12-09 21:22:35,192 log 1596 3880 Not Found: /TeddysTale/assets/fonts/Montserrat/Montserrat-VariableFont_wght.woff
WARNING 2025-12-09 21:22:35,196 basehttp 1596 3880 "GET /TeddysTale/assets/fonts/Montserrat/Montserrat-VariableFont_wght.woff HTTP/1.1" 404 3372
WARNING 2025-12-09 21:22:35,283 log 1596 340 Not Found: /TeddysTale/assets/fonts/Lora/Lora.woff
WARNING 2025-12-09 21:22:35,295 log 1596 10400 Not Found: /TeddysTale/assets/fonts/Lora/Lora-Italic.woff
WARNING 2025-12-09 21:22:35,296 basehttp 1596 340 "GET /TeddysTale/assets/fonts/Lora/Lora.woff HTTP/1.1" 404 3282
WARNING 2025-12-09 21:22:35,297 basehttp 1596 10400 "GET /TeddysTale/assets/fonts/Lora/Lora-Italic.woff HTTP/1.1" 404 3303
WARNING 2025-12-09 21:23:44,339 log 1596 10400 Not Found: /.well-known/appspecific/com.chrome.devtools.json
WARNING 2025-12-09 21:23:44,343 basehttp 1596 10400 "GET /.well-known/appspecific/com.chrome.devtools.json HTTP/1.1" 404 3312
WARNING 2025-12-09 21:23:44,508 log 1596 10400 Not Found: /TeddysTale/assets/fonts/Lora/Lora-Italic.woff2
WARNING 2025-12-09 21:23:44,515 log 1596 340 Not Found: /TeddysTale/assets/fonts/Montserrat/Montserrat-VariableFont_wght.woff2
WARNING 2025-12-09 21:23:44,521 basehttp 1596 10400 "GET /TeddysTale/assets/fonts/Lora/Lora-Italic.woff2 HTTP/1.1" 404 3306
WARNING 2025-12-09 21:23:44,522 log 1596 9608 Not Found: /TeddysTale/assets/fonts/Lora/Lora.woff2
WARNING 2025-12-09 21:23:44,523 basehttp 1596 340 "GET /TeddysTale/assets/fonts/Montserrat/Montserrat-VariableFont_wght.woff2 HTTP/1.1" 404 3375
WARNING 2025-12-09 21:23:44,524 basehttp 1596 9608 "GET /TeddysTale/assets/fonts/Lora/Lora.woff2 HTTP/1.1" 404 3285
WARNING 2025-12-09 21:23:44,618 log 1596 9608 Not Found: /TeddysTale/assets/fonts/Montserrat/Montserrat-VariableFont_wght.woff
WARNING 2025-12-09 21:23:44,622 log 1596 340 Not Found: /TeddysTale/assets/fonts/Lora/Lora.woff
WARNING 2025-12-09 21:23:44,631 log 1596 10400 Not Found: /TeddysTale/assets/fonts/Lora/Lora-Italic.woff
WARNING 2025-12-09 21:23:44,632 basehttp 1596 340 "GET /TeddysTale/assets/fonts/Lora/Lora.woff HTTP/1.1" 404 3282
WARNING 2025-12-09 21:23:44,632 basehttp 1596 9608 "GET /TeddysTale/assets/fonts/Montserrat/Montserrat-VariableFont_wght.woff HTTP/1.1" 404 3372
WARNING 2025-12-09 21:23:44,633 basehttp 1596 10400 "GET /TeddysTale/assets/fonts/Lora/Lora-Italic.woff HTTP/1.1" 404 3303
WARNING 2025-12-09 21:37:14,734 log 2468 7948 Not Found: /.well-known/appspecific/com.chrome.devtools.json
WARNING 2025-12-09 21:37:14,740 basehttp 2468 7948 "GET /.well-known/appspecific/com.chrome.devtools.json HTTP/1.1" 404 3312
WARNING 2025-12-09 21:37:15,097 log 2468 12568 Not Found: /TeddysTale/assets/fonts/Montserrat/Montserrat-VariableFont_wght.woff2
WARNING 2025-12-09 21:37:15,113 log 2468 12432 Not Found: /TeddysTale/assets/fonts/Lora/Lora-Italic.woff2
WARNING 2025-12-09 21:37:15,128 basehttp 2468 12568 "GET /TeddysTale/assets/fonts/Montserrat/Montserrat-VariableFont_wght.woff2 HTTP/1.1" 404 3375
WARNING 2025-12-09 21:37:15,129 basehttp 2468 12432 "GET /TeddysTale/assets/fonts/Lora/Lora-Italic.woff2 HTTP/1.1" 404 3306
WARNING 2025-12-09 21:37:15,133 log 2468 3988 Not Found: /TeddysTale/assets/fonts/Lora/Lora.woff2
WARNING 2025-12-09 21:37:15,135 basehttp 2468 3988 "GET /TeddysTale/assets/fonts/Lora/Lora.woff2 HTTP/1.1" 404 3285
WARNING 2025-12-09 21:37:15,227 log 2468 12568 Not Found: /TeddysTale/assets/fonts/Montserrat/Montserrat-VariableFont_wght.woff
WARNING 2025-12-09 21:37:15,228 log 2468 12432 Not Found: /TeddysTale/assets/fonts/Lora/Lora-Italic.woff
WARNING 2025-12-09 21:37:15,230 log 2468 3988 Not Found: /TeddysTale/assets/fonts/Lora/Lora.woff
WARNING 2025-12-09 21:37:15,231 basehttp 2468 12568 "GET /TeddysTale/assets/fonts/Montserrat/Montserrat-VariableFont_wght.woff HTTP/1.1" 404 3372
WARNING 2025-12-09 21:37:15,231 basehttp 2468 3988 "GET /TeddysTale/assets/fonts/Lora/Lora.woff HTTP/1.1" 404 3282
WARNING 2025-12-09 21:37:15,232 basehttp 2468 12432 "GET /TeddysTale/assets/fonts/Lora/Lora-Italic.woff HTTP/1.1" 404 3303
WARNING 2025-12-09 21:37:22,208 log 2468 3988 Not Found: /TeddysTale/assets/fonts/Montserrat/Montserrat-VariableFont_wght.woff2
WARNING 2025-12-09 21:37:22,236 basehttp 2468 3988 "GET /TeddysTale/assets/fonts/Montserrat/Montserrat-VariableFont_wght.woff2 HTTP/1.1" 404 3375
WARNING 2025-12-09 21:37:22,255 log 2468 3544 Not Found: /TeddysTale/assets/fonts/Lora/Lora.woff2
WARNING 2025-12-09 21:37:22,280 basehttp 2468 3544 "GET /TeddysTale/assets/fonts/Lora/Lora.woff2 HTTP/1.1" 404 3285
WARNING 2025-12-09 21:37:22,313 log 2468 12432 Not Found: /.well-known/appspecific/com.chrome.devtools.json
WARNING 2025-12-09 21:37:22,346 basehttp 2468 12432 "GET /.well-known/appspecific/com.chrome.devtools.json HTTP/1.1" 404 3312
WARNING 2025-12-09 21:37:22,413 log 2468 7948 Not Found: /TeddysTale/assets/fonts/Lora/Lora-Italic.woff2
WARNING 2025-12-09 21:37:22,449 basehttp 2468 7948 "GET /TeddysTale/assets/fonts/Lora/Lora-Italic.woff2 HTTP/1.1" 404 3306
WARNING 2025-12-09 21:37:22,511 log 2468 12568 Not Found: /TeddysTale/assets/fonts/Lora/Lora.woff
WARNING 2025-12-09 21:37:22,702 log 2468 3544 Not Found: /TeddysTale/assets/fonts/Montserrat/Montserrat-VariableFont_wght.woff
WARNING 2025-12-09 21:37:22,605 basehttp 2468 12568 "GET /TeddysTale/assets/fonts/Lora/Lora.woff HTTP/1.1" 404 3282
WARNING 2025-12-09 21:37:22,761 basehttp 2468 3544 "GET /TeddysTale/assets/fonts/Montserrat/Montserrat-VariableFont_wght.woff HTTP/1.1" 404 3372
WARNING 2025-12-09 21:37:22,784 log 2468 7948 Not Found: /TeddysTale/assets/fonts/Lora/Lora-Italic.woff
WARNING 2025-12-09 21:37:22,786 basehttp 2468 7948 "GET /TeddysTale/assets/fonts/Lora/Lora-Italic.woff HTTP/1.1" 404 3303
WARNING 2025-12-09 21:37:43,662 log 2468 3932 Not Found: /.well-known/appspecific/com.chrome.devtools.json
WARNING 2025-12-09 21:37:43,663 basehttp 2468 3932 "GET /.well-known/appspecific/com.chrome.devtools.json HTTP/1.1" 404 3312
WARNING 2025-12-09 21:37:44,070 log 2468 2288 Not Found: /TeddysTale/assets/fonts/Montserrat/Montserrat-VariableFont_wght.woff2
WARNING 2025-12-09 21:37:44,088 basehttp 2468 2288 "GET /TeddysTale/assets/fonts/Montserrat/Montserrat-VariableFont_wght.woff2 HTTP/1.1" 404 3375
WARNING 2025-12-09 21:37:44,236 log 2468 3932 Not Found: /TeddysTale/assets/fonts/Lora/Lora.woff2
WARNING 2025-12-09 21:37:44,216 log 2468 4580 Not Found: /TeddysTale/assets/fonts/Lora/Lora-Italic.woff2
WARNING 2025-12-09 21:37:44,246 basehttp 2468 3932 "GET /TeddysTale/assets/fonts/Lora/Lora.woff2 HTTP/1.1" 404 3285
WARNING 2025-12-09 21:37:44,248 basehttp 2468 4580 "GET /TeddysTale/assets/fonts/Lora/Lora-Italic.woff2 HTTP/1.1" 404 3306
WARNING 2025-12-09 21:37:44,255 log 2468 9704 Not Found: /TeddysTale/assets/fonts/Montserrat/Montserrat-VariableFont_wght.woff
WARNING 2025-12-09 21:37:44,256 basehttp 2468 9704 "GET /TeddysTale/assets/fonts/Montserrat/Montserrat-VariableFont_wght.woff HTTP/1.1" 404 3372
WARNING 2025-12-09 21:37:44,505 log 2468 3932 Not Found: /TeddysTale/assets/fonts/Lora/Lora.woff
WARNING 2025-12-09 21:37:44,506 basehttp 2468 3932 "GET /TeddysTale/assets/fonts/Lora/Lora.woff HTTP/1.1" 404 3282
WARNING 2025-12-09 21:37:44,523 log 2468 4580 Not Found: /TeddysTale/assets/fonts/Lora/Lora-Italic.woff
WARNING 2025-12-09 21:37:44,532 basehttp 2468 4580 "GET /TeddysTale/assets/fonts/Lora/Lora-Italic.woff HTTP/1.1" 404 3303
WARNING 2025-12-09 21:39:20,016 log 2468 12020 Not Found: /.well-known/appspecific/com.chrome.devtools.json
WARNING 2025-12-09 21:39:20,087 basehttp 2468 12020 "GET /.well-known/appspecific/com.chrome.devtools.json HTTP/1.1" 404 3312
WARNING 2025-12-09 21:39:20,367 log 2468 2444 Not Found: /TeddysTale/assets/fonts/Montserrat/Montserrat-VariableFont_wght.woff2
WARNING 2025-12-09 21:39:20,372 basehttp 2468 2444 "GET /TeddysTale/assets/fonts/Montserrat/Montserrat-VariableFont_wght.woff2 HTTP/1.1" 404 3375
WARNING 2025-12-09 21:39:20,391 log 2468 2524 Not Found: /TeddysTale/assets/fonts/Lora/Lora-Italic.woff2
WARNING 2025-12-09 21:39:20,393 basehttp 2468 2524 "GET /TeddysTale/assets/fonts/Lora/Lora-Italic.woff2 HTTP/1.1" 404 3306
WARNING 2025-12-09 21:39:20,657 log 2468 2524 Not Found: /TeddysTale/assets/fonts/Montserrat/Montserrat-VariableFont_wght.woff
WARNING 2025-12-09 21:39:20,659 basehttp 2468 2524 "GET /TeddysTale/assets/fonts/Montserrat/Montserrat-VariableFont_wght.woff HTTP/1.1" 404 3372
WARNING 2025-12-09 21:39:20,691 log 2468 1156 Not Found: /TeddysTale/assets/fonts/Lora/Lora.woff2
WARNING 2025-12-09 21:39:20,720 basehttp 2468 1156 "GET /TeddysTale/assets/fonts/Lora/Lora.woff2 HTTP/1.1" 404 3285
WARNING 2025-12-09 21:39:20,807 log 2468 2444 Not Found: /TeddysTale/assets/fonts/Lora/Lora-Italic.woff
WARNING 2025-12-09 21:39:20,822 basehttp 2468 2444 "GET /TeddysTale/assets/fonts/Lora/Lora-Italic.woff HTTP/1.1" 404 3303
WARNING 2025-12-09 21:39:20,851 log 2468 12016 Not Found: /TeddysTale/assets/fonts/Lora/Lora.woff
WARNING 2025-12-09 21:39:20,854 basehttp 2468 12016 "GET /TeddysTale/assets/fonts/Lora/Lora.woff HTTP/1.1" 404 3282
WARNING 2025-12-09 21:39:29,904 log 2468 12016 Not Found: /.well-known/appspecific/com.chrome.devtools.json
WARNING 2025-12-09 21:39:29,908 basehttp 2468 12016 "GET /.well-known/appspecific/com.chrome.devtools.json HTTP/1.1" 404 3312
WARNING 2025-12-09 21:39:30,205 log 2468 2444 Not Found: /TeddysTale/assets/fonts/Montserrat/Montserrat-VariableFont_wght.woff2
WARNING 2025-12-09 21:39:30,220 basehttp 2468 2444 "GET /TeddysTale/assets/fonts/Montserrat/Montserrat-VariableFont_wght.woff2 HTTP/1.1" 404 3375
WARNING 2025-12-09 21:39:30,352 log 2468 1156 Not Found: /TeddysTale/assets/fonts/Lora/Lora.woff2
WARNING 2025-12-09 21:39:30,376 log 2468 2524 Not Found: /TeddysTale/assets/fonts/Lora/Lora-Italic.woff2
WARNING 2025-12-09 21:39:30,374 basehttp 2468 1156 "GET /TeddysTale/assets/fonts/Lora/Lora.woff2 HTTP/1.1" 404 3285
WARNING 2025-12-09 21:39:30,450 basehttp 2468 2524 "GET /TeddysTale/assets/fonts/Lora/Lora-Italic.woff2 HTTP/1.1" 404 3306
WARNING 2025-12-09 21:39:30,689 log 2468 12016 Not Found: /TeddysTale/assets/fonts/Montserrat/Montserrat-VariableFont_wght.woff
WARNING 2025-12-09 21:39:30,705 basehttp 2468 12016 "GET /TeddysTale/assets/fonts/Montserrat/Montserrat-VariableFont_wght.woff HTTP/1.1" 404 3372
WARNING 2025-12-09 21:39:30,711 log 2468 6244 Not Found: /TeddysTale/assets/fonts/Lora/Lora-Italic.woff
WARNING 2025-12-09 21:39:30,715 basehttp 2468 6244 "GET /TeddysTale/assets/fonts/Lora/Lora-Italic.woff HTTP/1.1" 404 3303
WARNING 2025-12-09 21:39:30,736 log 2468 2444 Not Found: /TeddysTale/assets/fonts/Lora/Lora.woff
WARNING 2025-12-09 21:39:30,749 basehttp 2468 2444 "GET /TeddysTale/assets/fonts/Lora/Lora.woff HTTP/1.1" 404 3282
WARNING 2025-12-09 21:40:07,160 log 2468 2444 Not Found: /.well-known/appspecific/com.chrome.devtools.json
WARNING 2025-12-09 21:40:07,172 basehttp 2468 2444 "GET /.well-known/appspecific/com.chrome.devtools.json HTTP/1.1" 404 3312
WARNING 2025-12-09 21:40:07,243 log 2468 2444 Not Found: /.well-known/appspecific/com.chrome.devtools.json
WARNING 2025-12-09 21:40:07,247 basehttp 2468 2444 "GET /.well-known/appspecific/com.chrome.devtools.json HTTP/1.1" 404 3312
WARNING 2025-12-09 21:40:10,944 log 2468 2444 Not Found: /.well-known/appspecific/com.chrome.devtools.json
WARNING 2025-12-09 21:40:11,165 basehttp 2468 2444 "GET /.well-known/appspecific/com.chrome.devtools.json HTTP/1.1" 404 3312
WARNING 2025-12-09 21:40:11,235 log 2468 12016 Not Found: /TeddysTale/assets/fonts/Montserrat/Montserrat-VariableFont_wght.woff2
WARNING 2025-12-09 21:40:11,248 basehttp 2468 12016 "GET /TeddysTale/assets/fonts/Montserrat/Montserrat-VariableFont_wght.woff2 HTTP/1.1" 404 3375
WARNING 2025-12-09 21:40:11,411 log 2468 1156 Not Found: /TeddysTale/assets/fonts/Lora/Lora.woff2
WARNING 2025-12-09 21:40:11,416 basehttp 2468 1156 "GET /TeddysTale/assets/fonts/Lora/Lora.woff2 HTTP/1.1" 404 3285
WARNING 2025-12-09 21:40:11,614 log 2468 12020 Not Found: /TeddysTale/assets/fonts/Lora/Lora-Italic.woff2
WARNING 2025-12-09 21:40:11,542 log 2468 6244 Not Found: /TeddysTale/assets/fonts/Montserrat/Montserrat-VariableFont_wght.woff
WARNING 2025-12-09 21:40:11,617 basehttp 2468 12020 "GET /TeddysTale/assets/fonts/Lora/Lora-Italic.woff2 HTTP/1.1" 404 3306
WARNING 2025-12-09 21:40:11,620 basehttp 2468 6244 "GET /TeddysTale/assets/fonts/Montserrat/Montserrat-VariableFont_wght.woff HTTP/1.1" 404 3372
WARNING 2025-12-09 21:40:11,633 log 2468 13000 Not Found: /TeddysTale/assets/fonts/Lora/Lora.woff
WARNING 2025-12-09 21:40:11,648 basehttp 2468 13000 "GET /TeddysTale/assets/fonts/Lora/Lora.woff HTTP/1.1" 404 3282
WARNING 2025-12-09 21:40:11,721 log 2468 6244 Not Found: /TeddysTale/assets/fonts/Lora/Lora-Italic.woff
WARNING 2025-12-09 21:40:11,734 basehttp 2468 6244 "GET /TeddysTale/assets/fonts/Lora/Lora-Italic.woff HTTP/1.1" 404 3303
WARNING 2025-12-09 21:40:16,584 basehttp 2468 13000 "GET /static/fonts/Montserrat/Montserrat-VariableFont_wght.woff2 HTTP/1.1" 404 1967
WARNING 2025-12-09 21:40:16,622 basehttp 2468 12016 "GET /static/fonts/Lora/Lora.woff HTTP/1.1" 404 1874
WARNING 2025-12-09 21:40:16,609 basehttp 2468 1156 "GET /static/fonts/Lora/Lora.woff2 HTTP/1.1" 404 1877
WARNING 2025-12-09 21:40:16,608 basehttp 2468 12020 "GET /static/fonts/Montserrat/Montserrat-VariableFont_wght.woff HTTP/1.1" 404 1964
WARNING 2025-12-09 21:40:16,665 log 2468 6244 Not Found: /.well-known/appspecific/com.chrome.devtools.json
WARNING 2025-12-09 21:40:16,755 basehttp 2468 6244 "GET /.well-known/appspecific/com.chrome.devtools.json HTTP/1.1" 404 3312
WARNING 2025-12-09 21:40:22,995 log 2468 9404 Not Found: /.well-known/appspecific/com.chrome.devtools.json
WARNING 2025-12-09 21:40:23,019 basehttp 2468 9404 "GET /.well-known/appspecific/com.chrome.devtools.json HTTP/1.1" 404 3312
WARNING 2025-12-09 21:40:23,436 log 2468 4360 Not Found: /TeddysTale/assets/fonts/Lora/Lora-Italic.woff2
WARNING 2025-12-09 21:40:23,440 log 2468 7892 Not Found: /TeddysTale/assets/fonts/Montserrat/Montserrat-VariableFont_wght.woff2
WARNING 2025-12-09 21:40:23,467 log 2468 7468 Not Found: /TeddysTale/assets/fonts/Lora/Lora.woff2
WARNING 2025-12-09 21:40:23,483 basehttp 2468 4360 "GET /TeddysTale/assets/fonts/Lora/Lora-Italic.woff2 HTTP/1.1" 404 3306
WARNING 2025-12-09 21:40:23,491 basehttp 2468 7892 "GET /TeddysTale/assets/fonts/Montserrat/Montserrat-VariableFont_wght.woff2 HTTP/1.1" 404 3375
WARNING 2025-12-09 21:40:23,531 basehttp 2468 7468 "GET /TeddysTale/assets/fonts/Lora/Lora.woff2 HTTP/1.1" 404 3285
WARNING 2025-12-09 21:40:23,694 log 2468 4360 Not Found: /TeddysTale/assets/fonts/Lora/Lora-Italic.woff
WARNING 2025-12-09 21:40:23,750 log 2468 7468 Not Found: /TeddysTale/assets/fonts/Lora/Lora.woff
WARNING 2025-12-09 21:40:23,753 log 2468 7892 Not Found: /TeddysTale/assets/fonts/Montserrat/Montserrat-VariableFont_wght.woff
WARNING 2025-12-09 21:40:23,755 basehttp 2468 4360 "GET /TeddysTale/assets/fonts/Lora/Lora-Italic.woff HTTP/1.1" 404 3303
WARNING 2025-12-09 21:40:23,767 basehttp 2468 7892 "GET /TeddysTale/assets/fonts/Montserrat/Montserrat-VariableFont_wght.woff HTTP/1.1" 404 3372
WARNING 2025-12-09 21:40:23,756 basehttp 2468 7468 "GET /TeddysTale/assets/fonts/Lora/Lora.woff HTTP/1.1" 404 3282
WARNING 2025-12-09 21:43:03,805 log 2468 10628 Not Found: /.well-known/appspecific/com.chrome.devtools.json
WARNING 2025-12-09 21:43:03,844 basehttp 2468 10628 "GET /.well-known/appspecific/com.chrome.devtools.json HTTP/1.1" 404 3312
WARNING 2025-12-09 21:43:04,514 log 2468 6860 Not Found: /TeddysTale/assets/fonts/Lora/Lora-Italic.woff2
WARNING 2025-12-09 21:43:04,548 log 2468 8268 Not Found: /TeddysTale/assets/fonts/Montserrat/Montserrat-VariableFont_wght.woff2
WARNING 2025-12-09 21:43:04,594 basehttp 2468 6860 "GET /TeddysTale/assets/fonts/Lora/Lora-Italic.woff2 HTTP/1.1" 404 3306
WARNING 2025-12-09 21:43:04,698 basehttp 2468 8268 "GET /TeddysTale/assets/fonts/Montserrat/Montserrat-VariableFont_wght.woff2 HTTP/1.1" 404 3375
WARNING 2025-12-09 21:43:04,909 log 2468 12152 Not Found: /TeddysTale/assets/fonts/Lora/Lora.woff2
WARNING 2025-12-09 21:43:04,928 log 2468 6860 Not Found: /TeddysTale/assets/fonts/Lora/Lora-Italic.woff
WARNING 2025-12-09 21:43:04,967 basehttp 2468 6860 "GET /TeddysTale/assets/fonts/Lora/Lora-Italic.woff HTTP/1.1" 404 3303
WARNING 2025-12-09 21:43:04,962 log 2468 8268 Not Found: /TeddysTale/assets/fonts/Montserrat/Montserrat-VariableFont_wght.woff
WARNING 2025-12-09 21:43:04,979 basehttp 2468 8268 "GET /TeddysTale/assets/fonts/Montserrat/Montserrat-VariableFont_wght.woff HTTP/1.1" 404 3372
WARNING 2025-12-09 21:43:04,974 basehttp 2468 12152 "GET /TeddysTale/assets/fonts/Lora/Lora.woff2 HTTP/1.1" 404 3285
WARNING 2025-12-09 21:43:05,106 log 2468 8268 Not Found: /TeddysTale/assets/fonts/Lora/Lora.woff
WARNING 2025-12-09 21:43:05,115 basehttp 2468 8268 "GET /TeddysTale/assets/fonts/Lora/Lora.woff HTTP/1.1" 404 3282
WARNING 2025-12-09 21:43:25,900 log 2468 8268 Not Found: /.well-known/appspecific/com.chrome.devtools.json
WARNING 2025-12-09 21:43:25,912 basehttp 2468 8268 "GET /.well-known/appspecific/com.chrome.devtools.json HTTP/1.1" 404 3312
WARNING 2025-12-09 21:43:26,177 log 2468 12152 Not Found: /TeddysTale/assets/fonts/Montserrat/Montserrat-VariableFont_wght.woff2
WARNING 2025-12-09 21:43:26,247 basehttp 2468 12152 "GET /TeddysTale/assets/fonts/Montserrat/Montserrat-VariableFont_wght.woff2 HTTP/1.1" 404 3375
WARNING 2025-12-09 21:43:26,407 log 2468 8268 Not Found: /TeddysTale/assets/fonts/Lora/Lora-Italic.woff2
WARNING 2025-12-09 21:43:26,410 basehttp 2468 8268 "GET /TeddysTale/assets/fonts/Lora/Lora-Italic.woff2 HTTP/1.1" 404 3306
WARNING 2025-12-09 21:43:26,504 log 2468 2132 Not Found: /TeddysTale/assets/fonts/Lora/Lora.woff2
WARNING 2025-12-09 21:43:26,575 log 2468 1596 Not Found: /TeddysTale/assets/fonts/Montserrat/Montserrat-VariableFont_wght.woff
WARNING 2025-12-09 21:43:26,597 basehttp 2468 1596 "GET /TeddysTale/assets/fonts/Montserrat/Montserrat-VariableFont_wght.woff HTTP/1.1" 404 3372
WARNING 2025-12-09 21:43:26,612 basehttp 2468 2132 "GET /TeddysTale/assets/fonts/Lora/Lora.woff2 HTTP/1.1" 404 3285
WARNING 2025-12-09 21:43:26,825 log 2468 10628 Not Found: /TeddysTale/assets/fonts/Lora/Lora-Italic.woff
WARNING 2025-12-09 21:43:26,839 basehttp 2468 10628 "GET /TeddysTale/assets/fonts/Lora/Lora-Italic.woff HTTP/1.1" 404 3303
WARNING 2025-12-09 21:43:26,890 log 2468 2132 Not Found: /TeddysTale/assets/fonts/Lora/Lora.woff
WARNING 2025-12-09 21:43:26,891 basehttp 2468 2132 "GET /TeddysTale/assets/fonts/Lora/Lora.woff HTTP/1.1" 404 3282
WARNING 2025-12-09 21:55:23,390 log 2468 7364 Not Found: /TeddysTale/assets/fonts/Lora/Lora.woff2
WARNING 2025-12-09 21:55:23,432 log 2468 8556 Not Found: /TeddysTale/assets/fonts/Lora/Lora-Italic.woff2
WARNING 2025-12-09 21:55:23,598 log 2468 4388 Not Found: /.well-known/appspecific/com.chrome.devtools.json
WARNING 2025-12-09 21:55:23,609 basehttp 2468 7364 "GET /TeddysTale/assets/fonts/Lora/Lora.woff2 HTTP/1.1" 404 3285
WARNING 2025-12-09 21:55:23,687 basehttp 2468 4388 "GET /.well-known/appspecific/com.chrome.devtools.json HTTP/1.1" 404 3312
WARNING 2025-12-09 21:55:23,730 log 2468 5008 Not Found: /TeddysTale/assets/fonts/Montserrat/Montserrat-VariableFont_wght.woff2
WARNING 2025-12-09 21:55:23,743 basehttp 2468 8556 "GET /TeddysTale/assets/fonts/Lora/Lora-Italic.woff2 HTTP/1.1" 404 3306
WARNING 2025-12-09 21:55:23,835 basehttp 2468 5008 "GET /TeddysTale/assets/fonts/Montserrat/Montserrat-VariableFont_wght.woff2 HTTP/1.1" 404 3375
WARNING 2025-12-09 21:55:24,057 log 2468 11684 Not Found: /TeddysTale/assets/fonts/Lora/Lora.woff
WARNING 2025-12-09 21:55:24,106 log 2468 7364 Not Found: /TeddysTale/assets/fonts/Lora/Lora-Italic.woff
WARNING 2025-12-09 21:55:24,108 basehttp 2468 11684 "GET /TeddysTale/assets/fonts/Lora/Lora.woff HTTP/1.1" 404 3282
WARNING 2025-12-09 21:55:24,124 basehttp 2468 7364 "GET /TeddysTale/assets/fonts/Lora/Lora-Italic.woff HTTP/1.1" 404 3303
WARNING 2025-12-09 21:55:24,130 log 2468 1568 Not Found: /TeddysTale/assets/fonts/Montserrat/Montserrat-VariableFont_wght.woff
WARNING 2025-12-09 21:55:24,133 basehttp 2468 1568 "GET /TeddysTale/assets/fonts/Montserrat/Montserrat-VariableFont_wght.woff HTTP/1.1" 404 3372
WARNING 2025-12-09 21:58:47,953 log 2468 1568 Not Found: /.well-known/appspecific/com.chrome.devtools.json
WARNING 2025-12-09 21:58:47,985 basehttp 2468 1568 "GET /.well-known/appspecific/com.chrome.devtools.json HTTP/1.1" 404 3312
WARNING 2025-12-09 21:58:48,360 log 2468 7364 Not Found: /TeddysTale/assets/fonts/Lora/Lora-Italic.woff2
WARNING 2025-12-09 21:58:48,389 basehttp 2468 7364 "GET /TeddysTale/assets/fonts/Lora/Lora-Italic.woff2 HTTP/1.1" 404 3306
WARNING 2025-12-09 21:58:48,486 log 2468 4388 Not Found: /TeddysTale/assets/fonts/Montserrat/Montserrat-VariableFont_wght.woff2
WARNING 2025-12-09 21:58:48,497 basehttp 2468 4388 "GET /TeddysTale/assets/fonts/Montserrat/Montserrat-VariableFont_wght.woff2 HTTP/1.1" 404 3375
WARNING 2025-12-09 21:58:48,602 log 2468 8556 Not Found: /TeddysTale/assets/fonts/Lora/Lora-Italic.woff
WARNING 2025-12-09 21:58:48,654 basehttp 2468 8556 "GET /TeddysTale/assets/fonts/Lora/Lora-Italic.woff HTTP/1.1" 404 3303
WARNING 2025-12-09 21:58:48,697 log 2468 1568 Not Found: /TeddysTale/assets/fonts/Lora/Lora.woff2
WARNING 2025-12-09 21:58:48,727 basehttp 2468 1568 "GET /TeddysTale/assets/fonts/Lora/Lora.woff2 HTTP/1.1" 404 3285
WARNING 2025-12-09 21:58:48,863 log 2468 4388 Not Found: /TeddysTale/assets/fonts/Montserrat/Montserrat-VariableFont_wght.woff
WARNING 2025-12-09 21:58:48,915 basehttp 2468 4388 "GET /TeddysTale/assets/fonts/Montserrat/Montserrat-VariableFont_wght.woff HTTP/1.1" 404 3372
WARNING 2025-12-09 21:58:48,931 log 2468 1568 Not Found: /TeddysTale/assets/fonts/Lora/Lora.woff
WARNING 2025-12-09 21:58:48,932 basehttp 2468 1568 "GET /TeddysTale/assets/fonts/Lora/Lora.woff HTTP/1.1" 404 3282
WARNING 2025-12-09 22:00:44,518 basehttp 2468 4388 "GET /static/fonts/Montserrat/Montserrat-VariableFont_wght.woff2 HTTP/1.1" 404 1967
WARNING 2025-12-09 22:00:44,530 basehttp 2468 8556 "GET /static/fonts/Montserrat/Montserrat-VariableFont_wght.woff HTTP/1.1" 404 1964
WARNING 2025-12-09 22:00:44,558 basehttp 2468 11684 "GET /static/fonts/Lora/Lora.woff2 HTTP/1.1" 404 1877
WARNING 2025-12-09 22:00:44,558 basehttp 2468 7364 "GET /static/fonts/Lora/Lora.woff HTTP/1.1" 404 1874
ERROR 2025-12-11 08:06:40,598 log 5816 17092 Internal Server Error: /
Traceback (most recent call last):
  File "C:\Users\Евгения\PycharmProjects\Python_Web_2025\.venv\Lib\site-packages\django\core\handlers\exception.py", line 55, in inner
    response = get_response(request)
  File "C:\Users\Евгения\PycharmProjects\Python_Web_2025\.venv\Lib\site-packages\django\core\handlers\base.py", line 198, in _get_response
    response = wrapped_callback(request, *callback_args, **callback_kwargs)
  File "C:\Users\Евгения\Desktop\Projects_web\TeddysTale_with-BackEnd\TeddyTale\landing\views.py", line 239, in index
    return render(request, 'index.html', context)
  File "C:\Users\Евгения\PycharmProjects\Python_Web_2025\.venv\Lib\site-packages\django\shortcuts.py", line 25, in render
    content = loader.render_to_string(template_name, context, request, using=using)
  File "C:\Users\Евгения\PycharmProjects\Python_Web_2025\.venv\Lib\site-packages\django\template\loader.py", line 62, in render_to_string
    return template.render(context, request)
           ~~~~~~~~~~~~~~~^^^^^^^^^^^^^^^^^^
  File "C:\Users\Евгения\PycharmProjects\Python_Web_2025\.venv\Lib\site-packages\django\template\backends\django.py", line 107, in render
    return self.template.render(context)
           ~~~~~~~~~~~~~~~~~~~~^^^^^^^^^
  File "C:\Users\Евгения\PycharmProjects\Python_Web_2025\.venv\Lib\site-packages\django\template\base.py", line 172, in render
    with context.bind_template(self):
         ~~~~~~~~~~~~~~~~~~~~~^^^^^^
  File "C:\Users\Евгения\AppData\Local\Programs\Python\Python313\Lib\contextlib.py", line 141, in __enter__
    return next(self.gen)
  File "C:\Users\Евгения\PycharmProjects\Python_Web_2025\.venv\Lib\site-packages\django\template\context.py", line 260, in bind_template
    processors = template.engine.template_context_processors + self._processors
                 ^^^^^^^^^^^^^^^^^^^^^^^^^^^^^^^^^^^^^^^^^^^
  File "C:\Users\Евгения\PycharmProjects\Python_Web_2025\.venv\Lib\site-packages\django\utils\functional.py", line 47, in __get__
    res = instance.__dict__[self.name] = self.func(instance)
                                         ~~~~~~~~~^^^^^^^^^^
  File "C:\Users\Евгения\PycharmProjects\Python_Web_2025\.venv\Lib\site-packages\django\template\engine.py", line 118, in template_context_processors
    return tuple(import_string(path) for path in context_processors)
  File "C:\Users\Евгения\PycharmProjects\Python_Web_2025\.venv\Lib\site-packages\django\template\engine.py", line 118, in <genexpr>
    return tuple(import_string(path) for path in context_processors)
                 ~~~~~~~~~~~~~^^^^^^
  File "C:\Users\Евгения\PycharmProjects\Python_Web_2025\.venv\Lib\site-packages\django\utils\module_loading.py", line 30, in import_string
    return cached_import(module_path, class_name)
  File "C:\Users\Евгения\PycharmProjects\Python_Web_2025\.venv\Lib\site-packages\django\utils\module_loading.py", line 15, in cached_import
    module = import_module(module_path)
  File "C:\Users\Евгения\AppData\Local\Programs\Python\Python313\Lib\importlib\__init__.py", line 88, in import_module
    return _bootstrap._gcd_import(name[level:], package, level)
           ~~~~~~~~~~~~~~~~~~~~~~^^^^^^^^^^^^^^^^^^^^^^^^^^^^^^
  File "<frozen importlib._bootstrap>", line 1387, in _gcd_import
  File "<frozen importlib._bootstrap>", line 1360, in _find_and_load
  File "<frozen importlib._bootstrap>", line 1324, in _find_and_load_unlocked
ModuleNotFoundError: No module named 'landing.context_processors'
ERROR 2025-12-11 08:06:40,617 log 5816 17092 "GET / HTTP/1.1" 500 163579
WARNING 2025-12-11 08:06:41,199 log 5816 17092 Not Found: /favicon.ico
WARNING 2025-12-11 08:06:41,205 log 5816 17092 "GET /favicon.ico HTTP/1.1" 404 3201
ERROR 2025-12-11 08:06:45,235 log 5816 17092 Internal Server Error: /
Traceback (most recent call last):
  File "C:\Users\Евгения\PycharmProjects\Python_Web_2025\.venv\Lib\site-packages\django\core\handlers\exception.py", line 55, in inner
    response = get_response(request)
  File "C:\Users\Евгения\PycharmProjects\Python_Web_2025\.venv\Lib\site-packages\django\core\handlers\base.py", line 198, in _get_response
    response = wrapped_callback(request, *callback_args, **callback_kwargs)
  File "C:\Users\Евгения\Desktop\Projects_web\TeddysTale_with-BackEnd\TeddyTale\landing\views.py", line 239, in index
    return render(request, 'index.html', context)
  File "C:\Users\Евгения\PycharmProjects\Python_Web_2025\.venv\Lib\site-packages\django\shortcuts.py", line 25, in render
    content = loader.render_to_string(template_name, context, request, using=using)
  File "C:\Users\Евгения\PycharmProjects\Python_Web_2025\.venv\Lib\site-packages\django\template\loader.py", line 62, in render_to_string
    return template.render(context, request)
           ~~~~~~~~~~~~~~~^^^^^^^^^^^^^^^^^^
  File "C:\Users\Евгения\PycharmProjects\Python_Web_2025\.venv\Lib\site-packages\django\template\backends\django.py", line 107, in render
    return self.template.render(context)
           ~~~~~~~~~~~~~~~~~~~~^^^^^^^^^
  File "C:\Users\Евгения\PycharmProjects\Python_Web_2025\.venv\Lib\site-packages\django\template\base.py", line 172, in render
    with context.bind_template(self):
         ~~~~~~~~~~~~~~~~~~~~~^^^^^^
  File "C:\Users\Евгения\AppData\Local\Programs\Python\Python313\Lib\contextlib.py", line 141, in __enter__
    return next(self.gen)
  File "C:\Users\Евгения\PycharmProjects\Python_Web_2025\.venv\Lib\site-packages\django\template\context.py", line 260, in bind_template
    processors = template.engine.template_context_processors + self._processors
                 ^^^^^^^^^^^^^^^^^^^^^^^^^^^^^^^^^^^^^^^^^^^
  File "C:\Users\Евгения\PycharmProjects\Python_Web_2025\.venv\Lib\site-packages\django\utils\functional.py", line 47, in __get__
    res = instance.__dict__[self.name] = self.func(instance)
                                         ~~~~~~~~~^^^^^^^^^^
  File "C:\Users\Евгения\PycharmProjects\Python_Web_2025\.venv\Lib\site-packages\django\template\engine.py", line 118, in template_context_processors
    return tuple(import_string(path) for path in context_processors)
  File "C:\Users\Евгения\PycharmProjects\Python_Web_2025\.venv\Lib\site-packages\django\template\engine.py", line 118, in <genexpr>
    return tuple(import_string(path) for path in context_processors)
                 ~~~~~~~~~~~~~^^^^^^
  File "C:\Users\Евгения\PycharmProjects\Python_Web_2025\.venv\Lib\site-packages\django\utils\module_loading.py", line 30, in import_string
    return cached_import(module_path, class_name)
  File "C:\Users\Евгения\PycharmProjects\Python_Web_2025\.venv\Lib\site-packages\django\utils\module_loading.py", line 15, in cached_import
    module = import_module(module_path)
  File "C:\Users\Евгения\AppData\Local\Programs\Python\Python313\Lib\importlib\__init__.py", line 88, in import_module
    return _bootstrap._gcd_import(name[level:], package, level)
           ~~~~~~~~~~~~~~~~~~~~~~^^^^^^^^^^^^^^^^^^^^^^^^^^^^^^
  File "<frozen importlib._bootstrap>", line 1387, in _gcd_import
  File "<frozen importlib._bootstrap>", line 1360, in _find_and_load
  File "<frozen importlib._bootstrap>", line 1324, in _find_and_load_unlocked
ModuleNotFoundError: No module named 'landing.context_processors'
ERROR 2025-12-11 08:06:45,247 log 5816 17092 "GET / HTTP/1.1" 500 163579
WARNING 2025-12-11 08:11:52,299 log 4224 3576 "GET /static/fonts/Lora/Lora.woff2 HTTP/1.1" 404 1877
WARNING 2025-12-11 08:11:52,315 log 4224 2052 "GET /static/fonts/Lora/Lora.woff HTTP/1.1" 404 1874
WARNING 2025-12-11 08:11:52,364 log 4224 8252 "GET /static/fonts/Montserrat/Montserrat-VariableFont_wght.woff2 HTTP/1.1" 404 1967
WARNING 2025-12-11 08:11:52,313 log 4224 12552 "GET /static/fonts/Montserrat/Montserrat-VariableFont_wght.woff HTTP/1.1" 404 1964
WARNING 2025-12-11 08:18:39,510 basehttp 17328 4404 "GET /static/fonts/Montserrat/Montserrat-VariableFont_wght.woff HTTP/1.1" 404 1964
WARNING 2025-12-11 08:18:39,511 basehttp 17328 8564 "GET /static/fonts/Montserrat/Montserrat-VariableFont_wght.woff2 HTTP/1.1" 404 1967
WARNING 2025-12-11 08:18:39,537 basehttp 17328 15272 "GET /static/fonts/Lora/Lora.woff2 HTTP/1.1" 404 1877
WARNING 2025-12-11 08:18:39,578 basehttp 17328 16336 "GET /static/fonts/Lora/Lora.woff HTTP/1.1" 404 1874
WARNING 2025-12-11 08:18:45,469 log 17328 16528 Not Found: /TeddysTale/assets/fonts/Lora/Lora.woff2
WARNING 2025-12-11 08:18:45,593 basehttp 17328 16528 "GET /TeddysTale/assets/fonts/Lora/Lora.woff2 HTTP/1.1" 404 3285
WARNING 2025-12-11 08:18:45,603 log 17328 3520 Not Found: /TeddysTale/assets/fonts/Lora/Lora-Italic.woff2
WARNING 2025-12-11 08:18:45,605 basehttp 17328 3520 "GET /TeddysTale/assets/fonts/Lora/Lora-Italic.woff2 HTTP/1.1" 404 3306
WARNING 2025-12-11 08:18:45,669 log 17328 4372 Not Found: /TeddysTale/assets/fonts/Montserrat/Montserrat-VariableFont_wght.woff2
WARNING 2025-12-11 08:18:45,709 log 17328 16528 Not Found: /TeddysTale/assets/fonts/Lora/Lora-Italic.woff
WARNING 2025-12-11 08:18:45,706 basehttp 17328 4372 "GET /TeddysTale/assets/fonts/Montserrat/Montserrat-VariableFont_wght.woff2 HTTP/1.1" 404 3375
WARNING 2025-12-11 08:18:45,721 basehttp 17328 16528 "GET /TeddysTale/assets/fonts/Lora/Lora-Italic.woff HTTP/1.1" 404 3303
WARNING 2025-12-11 08:18:45,724 log 17328 3520 Not Found: /TeddysTale/assets/fonts/Lora/Lora.woff
WARNING 2025-12-11 08:18:45,732 basehttp 17328 3520 "GET /TeddysTale/assets/fonts/Lora/Lora.woff HTTP/1.1" 404 3282
WARNING 2025-12-11 08:18:45,831 log 17328 16528 Not Found: /TeddysTale/assets/fonts/Montserrat/Montserrat-VariableFont_wght.woff
WARNING 2025-12-11 08:18:45,832 basehttp 17328 16528 "GET /TeddysTale/assets/fonts/Montserrat/Montserrat-VariableFont_wght.woff HTTP/1.1" 404 3372
WARNING 2025-12-11 08:18:49,475 basehttp 17328 16528 "GET /static/fonts/Montserrat/Montserrat-VariableFont_wght.woff2 HTTP/1.1" 404 1967
WARNING 2025-12-11 08:18:49,496 basehttp 17328 3520 "GET /static/fonts/Montserrat/Montserrat-VariableFont_wght.woff HTTP/1.1" 404 1964
WARNING 2025-12-11 08:18:49,507 basehttp 17328 15088 "GET /static/fonts/Lora/Lora.woff HTTP/1.1" 404 1874
WARNING 2025-12-11 08:18:49,507 basehttp 17328 4372 "GET /static/fonts/Lora/Lora.woff2 HTTP/1.1" 404 1877
WARNING 2025-12-11 08:27:58,092 basehttp 17328 16828 "GET /static/fonts/Montserrat/Montserrat-VariableFont_wght.woff2 HTTP/1.1" 404 1967
WARNING 2025-12-11 08:27:58,104 basehttp 17328 5252 "GET /static/fonts/Montserrat/Montserrat-VariableFont_wght.woff HTTP/1.1" 404 1964
WARNING 2025-12-11 08:27:58,139 basehttp 17328 3376 "GET /static/fonts/Lora/Lora.woff2 HTTP/1.1" 404 1877
WARNING 2025-12-11 08:27:58,155 basehttp 17328 14148 "GET /static/fonts/Lora/Lora.woff HTTP/1.1" 404 1874
WARNING 2025-12-11 08:35:05,827 basehttp 17328 14556 "GET /static/fonts/Montserrat/Montserrat-VariableFont_wght.woff HTTP/1.1" 404 1964
WARNING 2025-12-11 08:35:05,828 basehttp 17328 6204 "GET /static/fonts/Montserrat/Montserrat-VariableFont_wght.woff2 HTTP/1.1" 404 1967
WARNING 2025-12-11 08:35:05,864 basehttp 17328 14696 "GET /static/fonts/Lora/Lora.woff HTTP/1.1" 404 1874
WARNING 2025-12-11 08:35:05,849 basehttp 17328 3880 "GET /static/fonts/Lora/Lora.woff2 HTTP/1.1" 404 1877
WARNING 2025-12-11 08:35:58,895 basehttp 17328 2544 "GET /static/fonts/Montserrat/Montserrat-VariableFont_wght.woff HTTP/1.1" 404 1964
WARNING 2025-12-11 08:35:58,895 basehttp 17328 13004 "GET /static/fonts/Montserrat/Montserrat-VariableFont_wght.woff2 HTTP/1.1" 404 1967
WARNING 2025-12-11 08:35:58,965 basehttp 17328 4752 "GET /static/fonts/Lora/Lora.woff2 HTTP/1.1" 404 1877
WARNING 2025-12-11 08:35:59,131 basehttp 17328 5844 "GET /static/fonts/Lora/Lora.woff HTTP/1.1" 404 1874
WARNING 2025-12-11 08:36:44,198 basehttp 17328 16564 "GET /static/fonts/Montserrat/Montserrat-VariableFont_wght.woff2 HTTP/1.1" 404 1967
WARNING 2025-12-11 08:36:44,208 basehttp 17328 10776 "GET /static/fonts/Montserrat/Montserrat-VariableFont_wght.woff HTTP/1.1" 404 1964
WARNING 2025-12-11 08:36:44,227 basehttp 17328 10108 "GET /static/fonts/Lora/Lora.woff2 HTTP/1.1" 404 1877
WARNING 2025-12-11 08:36:44,227 basehttp 17328 1688 "GET /static/fonts/Lora/Lora.woff HTTP/1.1" 404 1874
WARNING 2025-12-11 08:36:46,469 basehttp 17328 4008 "GET /static/fonts/Montserrat/Montserrat-VariableFont_wght.woff2 HTTP/1.1" 404 1967
WARNING 2025-12-11 08:36:46,482 basehttp 17328 8464 "GET /static/fonts/Montserrat/Montserrat-VariableFont_wght.woff HTTP/1.1" 404 1964
WARNING 2025-12-11 08:36:46,508 basehttp 17328 10688 "GET /static/fonts/Lora/Lora.woff HTTP/1.1" 404 1874
WARNING 2025-12-11 08:36:46,510 basehttp 17328 8484 "GET /static/fonts/Lora/Lora.woff2 HTTP/1.1" 404 1877
WARNING 2025-12-11 08:37:22,009 basehttp 17328 15596 "GET /static/fonts/Montserrat/Montserrat-VariableFont_wght.woff2 HTTP/1.1" 404 1967
WARNING 2025-12-11 08:37:22,020 basehttp 17328 15660 "GET /static/fonts/Montserrat/Montserrat-VariableFont_wght.woff HTTP/1.1" 404 1964
WARNING 2025-12-11 08:37:22,050 basehttp 17328 8588 "GET /static/fonts/Lora/Lora.woff2 HTTP/1.1" 404 1877
WARNING 2025-12-11 08:37:22,067 basehttp 17328 1560 "GET /static/fonts/Lora/Lora.woff HTTP/1.1" 404 1874
WARNING 2025-12-11 08:37:46,396 basehttp 17328 7552 "GET /static/fonts/Montserrat/Montserrat-VariableFont_wght.woff2 HTTP/1.1" 404 1967
WARNING 2025-12-11 08:37:46,420 basehttp 17328 14836 "GET /static/fonts/Montserrat/Montserrat-VariableFont_wght.woff HTTP/1.1" 404 1964
WARNING 2025-12-11 08:37:46,429 basehttp 17328 17340 "GET /static/fonts/Lora/Lora.woff2 HTTP/1.1" 404 1877
WARNING 2025-12-11 08:37:46,456 basehttp 17328 4652 "GET /static/fonts/Lora/Lora.woff HTTP/1.1" 404 1874
WARNING 2025-12-11 08:37:48,933 basehttp 17328 13752 "GET /static/fonts/Montserrat/Montserrat-VariableFont_wght.woff2 HTTP/1.1" 404 1967
WARNING 2025-12-11 08:37:48,945 basehttp 17328 4572 "GET /static/fonts/Montserrat/Montserrat-VariableFont_wght.woff HTTP/1.1" 404 1964
WARNING 2025-12-11 08:37:48,959 basehttp 17328 9020 "GET /static/fonts/Lora/Lora.woff2 HTTP/1.1" 404 1877
WARNING 2025-12-11 08:37:48,967 basehttp 17328 17148 "GET /static/fonts/Lora/Lora.woff HTTP/1.1" 404 1874
WARNING 2025-12-11 08:38:11,347 basehttp 17328 15368 "GET /static/fonts/Montserrat/Montserrat-VariableFont_wght.woff2 HTTP/1.1" 404 1967
WARNING 2025-12-11 08:38:11,357 basehttp 17328 14868 "GET /static/fonts/Montserrat/Montserrat-VariableFont_wght.woff HTTP/1.1" 404 1964
WARNING 2025-12-11 08:38:11,379 basehttp 17328 9524 "GET /static/fonts/Lora/Lora.woff2 HTTP/1.1" 404 1877
WARNING 2025-12-11 08:38:11,396 basehttp 17328 16032 "GET /static/fonts/Lora/Lora.woff HTTP/1.1" 404 1874
WARNING 2025-12-11 08:48:20,555 basehttp 17328 16852 "GET /static/fonts/Montserrat/Montserrat-VariableFont_wght.woff2 HTTP/1.1" 404 1967
WARNING 2025-12-11 08:48:20,617 basehttp 17328 1416 "GET /static/fonts/Lora/Lora.woff HTTP/1.1" 404 1874
WARNING 2025-12-11 08:48:20,649 basehttp 17328 15036 "GET /static/fonts/Lora/Lora.woff2 HTTP/1.1" 404 1877
WARNING 2025-12-11 08:48:20,670 basehttp 17328 7676 "GET /static/fonts/Montserrat/Montserrat-VariableFont_wght.woff HTTP/1.1" 404 1964
ERROR 2025-12-11 08:51:15,840 log 4984 7688 Internal Server Error: /
Traceback (most recent call last):
  File "C:\Users\Евгения\Desktop\Projects_web\TeddysTale_with-BackEnd\venv\Lib\site-packages\django\core\handlers\exception.py", line 55, in inner
    response = get_response(request)
  File "C:\Users\Евгения\Desktop\Projects_web\TeddysTale_with-BackEnd\venv\Lib\site-packages\django\core\handlers\base.py", line 197, in _get_response
    response = wrapped_callback(request, *callback_args, **callback_kwargs)
  File "C:\Users\Евгения\Desktop\Projects_web\TeddysTale_with-BackEnd\TeddyTale\landing\views.py", line 239, in index
    return render(request, 'index.html', context)
  File "C:\Users\Евгения\Desktop\Projects_web\TeddysTale_with-BackEnd\venv\Lib\site-packages\django\shortcuts.py", line 25, in render
    content = loader.render_to_string(template_name, context, request, using=using)
  File "C:\Users\Евгения\Desktop\Projects_web\TeddysTale_with-BackEnd\venv\Lib\site-packages\django\template\loader.py", line 61, in render_to_string
    template = get_template(template_name, using=using)
  File "C:\Users\Евгения\Desktop\Projects_web\TeddysTale_with-BackEnd\venv\Lib\site-packages\django\template\loader.py", line 15, in get_template
    return engine.get_template(template_name)
           ~~~~~~~~~~~~~~~~~~~^^^^^^^^^^^^^^^
  File "C:\Users\Евгения\Desktop\Projects_web\TeddysTale_with-BackEnd\venv\Lib\site-packages\django\template\backends\django.py", line 79, in get_template
    return Template(self.engine.get_template(template_name), self)
                    ~~~~~~~~~~~~~~~~~~~~~~~~^^^^^^^^^^^^^^^
  File "C:\Users\Евгения\Desktop\Projects_web\TeddysTale_with-BackEnd\venv\Lib\site-packages\django\template\engine.py", line 177, in get_template
    template, origin = self.find_template(template_name)
                       ~~~~~~~~~~~~~~~~~~^^^^^^^^^^^^^^^
  File "C:\Users\Евгения\Desktop\Projects_web\TeddysTale_with-BackEnd\venv\Lib\site-packages\django\template\engine.py", line 159, in find_template
    template = loader.get_template(name, skip=skip)
  File "C:\Users\Евгения\Desktop\Projects_web\TeddysTale_with-BackEnd\venv\Lib\site-packages\django\template\loaders\cached.py", line 57, in get_template
    template = super().get_template(template_name, skip)
  File "C:\Users\Евгения\Desktop\Projects_web\TeddysTale_with-BackEnd\venv\Lib\site-packages\django\template\loaders\base.py", line 28, in get_template
    return Template(
        contents,
    ...<2 lines>...
        self.engine,
    )
  File "C:\Users\Евгения\Desktop\Projects_web\TeddysTale_with-BackEnd\venv\Lib\site-packages\django\template\base.py", line 154, in __init__
    self.nodelist = self.compile_nodelist()
                    ~~~~~~~~~~~~~~~~~~~~~^^
  File "C:\Users\Евгения\Desktop\Projects_web\TeddysTale_with-BackEnd\venv\Lib\site-packages\django\template\base.py", line 196, in compile_nodelist
    nodelist = parser.parse()
  File "C:\Users\Евгения\Desktop\Projects_web\TeddysTale_with-BackEnd\venv\Lib\site-packages\django\template\base.py", line 518, in parse
    raise self.error(token, e)
  File "C:\Users\Евгения\Desktop\Projects_web\TeddysTale_with-BackEnd\venv\Lib\site-packages\django\template\base.py", line 516, in parse
    compiled_result = compile_func(self, token)
  File "C:\Users\Евгения\Desktop\Projects_web\TeddysTale_with-BackEnd\venv\Lib\site-packages\django\template\loader_tags.py", line 299, in do_extends
    nodelist = parser.parse()
  File "C:\Users\Евгения\Desktop\Projects_web\TeddysTale_with-BackEnd\venv\Lib\site-packages\django\template\base.py", line 518, in parse
    raise self.error(token, e)
  File "C:\Users\Евгения\Desktop\Projects_web\TeddysTale_with-BackEnd\venv\Lib\site-packages\django\template\base.py", line 516, in parse
    compiled_result = compile_func(self, token)
  File "C:\Users\Евгения\Desktop\Projects_web\TeddysTale_with-BackEnd\venv\Lib\site-packages\django\template\loader_tags.py", line 234, in do_block
    nodelist = parser.parse(("endblock",))
  File "C:\Users\Евгения\Desktop\Projects_web\TeddysTale_with-BackEnd\venv\Lib\site-packages\django\template\base.py", line 489, in parse
    raise self.error(token, e)
  File "C:\Users\Евгения\Desktop\Projects_web\TeddysTale_with-BackEnd\venv\Lib\site-packages\django\template\base.py", line 487, in parse
    filter_expression = self.compile_filter(token.contents)
  File "C:\Users\Евгения\Desktop\Projects_web\TeddysTale_with-BackEnd\venv\Lib\site-packages\django\template\base.py", line 609, in compile_filter
    return FilterExpression(token, self)
  File "C:\Users\Евгения\Desktop\Projects_web\TeddysTale_with-BackEnd\venv\Lib\site-packages\django\template\base.py", line 706, in __init__
    self.args_check(filter_name, filter_func, args)
    ~~~~~~~~~~~~~~~^^^^^^^^^^^^^^^^^^^^^^^^^^^^^^^^
  File "C:\Users\Евгения\Desktop\Projects_web\TeddysTale_with-BackEnd\venv\Lib\site-packages\django\template\base.py", line 768, in args_check
    raise TemplateSyntaxError(
        "%s requires %d arguments, %d provided" % (name, alen - dlen, plen)
    )
django.template.exceptions.TemplateSyntaxError: default requires 2 arguments, 1 provided
ERROR 2025-12-11 08:51:15,866 basehttp 4984 7688 "GET / HTTP/1.1" 500 297452
ERROR 2025-12-11 08:54:48,670 log 15060 9896 Internal Server Error: /
Traceback (most recent call last):
  File "C:\Users\Евгения\Desktop\Projects_web\TeddysTale_with-BackEnd\venv\Lib\site-packages\django\core\handlers\exception.py", line 55, in inner
    response = get_response(request)
  File "C:\Users\Евгения\Desktop\Projects_web\TeddysTale_with-BackEnd\venv\Lib\site-packages\django\core\handlers\base.py", line 197, in _get_response
    response = wrapped_callback(request, *callback_args, **callback_kwargs)
  File "C:\Users\Евгения\Desktop\Projects_web\TeddysTale_with-BackEnd\TeddyTale\landing\views.py", line 249, in index
    Простая статическая страница без динамического контента
        ^^^^^^^^^^^^^^^^^^^^
  File "C:\Users\Евгения\Desktop\Projects_web\TeddysTale_with-BackEnd\venv\Lib\site-packages\django\shortcuts.py", line 25, in render
    content = loader.render_to_string(template_name, context, request, using=using)
  File "C:\Users\Евгения\Desktop\Projects_web\TeddysTale_with-BackEnd\venv\Lib\site-packages\django\template\loader.py", line 61, in render_to_string
    template = get_template(template_name, using=using)
  File "C:\Users\Евгения\Desktop\Projects_web\TeddysTale_with-BackEnd\venv\Lib\site-packages\django\template\loader.py", line 15, in get_template
    return engine.get_template(template_name)
           ~~~~~~~~~~~~~~~~~~~^^^^^^^^^^^^^^^
  File "C:\Users\Евгения\Desktop\Projects_web\TeddysTale_with-BackEnd\venv\Lib\site-packages\django\template\backends\django.py", line 79, in get_template
    return Template(self.engine.get_template(template_name), self)
                    ~~~~~~~~~~~~~~~~~~~~~~~~^^^^^^^^^^^^^^^
  File "C:\Users\Евгения\Desktop\Projects_web\TeddysTale_with-BackEnd\venv\Lib\site-packages\django\template\engine.py", line 177, in get_template
    template, origin = self.find_template(template_name)
                       ~~~~~~~~~~~~~~~~~~^^^^^^^^^^^^^^^
  File "C:\Users\Евгения\Desktop\Projects_web\TeddysTale_with-BackEnd\venv\Lib\site-packages\django\template\engine.py", line 159, in find_template
    template = loader.get_template(name, skip=skip)
  File "C:\Users\Евгения\Desktop\Projects_web\TeddysTale_with-BackEnd\venv\Lib\site-packages\django\template\loaders\cached.py", line 57, in get_template
    template = super().get_template(template_name, skip)
  File "C:\Users\Евгения\Desktop\Projects_web\TeddysTale_with-BackEnd\venv\Lib\site-packages\django\template\loaders\base.py", line 28, in get_template
    return Template(
        contents,
    ...<2 lines>...
        self.engine,
    )
  File "C:\Users\Евгения\Desktop\Projects_web\TeddysTale_with-BackEnd\venv\Lib\site-packages\django\template\base.py", line 154, in __init__
    self.nodelist = self.compile_nodelist()
                    ~~~~~~~~~~~~~~~~~~~~~^^
  File "C:\Users\Евгения\Desktop\Projects_web\TeddysTale_with-BackEnd\venv\Lib\site-packages\django\template\base.py", line 196, in compile_nodelist
    nodelist = parser.parse()
  File "C:\Users\Евгения\Desktop\Projects_web\TeddysTale_with-BackEnd\venv\Lib\site-packages\django\template\base.py", line 518, in parse
    raise self.error(token, e)
  File "C:\Users\Евгения\Desktop\Projects_web\TeddysTale_with-BackEnd\venv\Lib\site-packages\django\template\base.py", line 516, in parse
    compiled_result = compile_func(self, token)
  File "C:\Users\Евгения\Desktop\Projects_web\TeddysTale_with-BackEnd\venv\Lib\site-packages\django\template\loader_tags.py", line 299, in do_extends
    nodelist = parser.parse()
  File "C:\Users\Евгения\Desktop\Projects_web\TeddysTale_with-BackEnd\venv\Lib\site-packages\django\template\base.py", line 518, in parse
    raise self.error(token, e)
  File "C:\Users\Евгения\Desktop\Projects_web\TeddysTale_with-BackEnd\venv\Lib\site-packages\django\template\base.py", line 516, in parse
    compiled_result = compile_func(self, token)
  File "C:\Users\Евгения\Desktop\Projects_web\TeddysTale_with-BackEnd\venv\Lib\site-packages\django\template\loader_tags.py", line 234, in do_block
    nodelist = parser.parse(("endblock",))
  File "C:\Users\Евгения\Desktop\Projects_web\TeddysTale_with-BackEnd\venv\Lib\site-packages\django\template\base.py", line 489, in parse
    raise self.error(token, e)
  File "C:\Users\Евгения\Desktop\Projects_web\TeddysTale_with-BackEnd\venv\Lib\site-packages\django\template\base.py", line 487, in parse
    filter_expression = self.compile_filter(token.contents)
  File "C:\Users\Евгения\Desktop\Projects_web\TeddysTale_with-BackEnd\venv\Lib\site-packages\django\template\base.py", line 609, in compile_filter
    return FilterExpression(token, self)
  File "C:\Users\Евгения\Desktop\Projects_web\TeddysTale_with-BackEnd\venv\Lib\site-packages\django\template\base.py", line 706, in __init__
    self.args_check(filter_name, filter_func, args)
    ~~~~~~~~~~~~~~~^^^^^^^^^^^^^^^^^^^^^^^^^^^^^^^^
  File "C:\Users\Евгения\Desktop\Projects_web\TeddysTale_with-BackEnd\venv\Lib\site-packages\django\template\base.py", line 768, in args_check
    raise TemplateSyntaxError(
        "%s requires %d arguments, %d provided" % (name, alen - dlen, plen)
    )
django.template.exceptions.TemplateSyntaxError: default requires 2 arguments, 1 provided
ERROR 2025-12-11 08:54:48,687 basehttp 15060 9896 "GET / HTTP/1.1" 500 296786
ERROR 2025-12-11 08:55:18,284 log 12960 2152 Internal Server Error: /
Traceback (most recent call last):
  File "C:\Users\Евгения\Desktop\Projects_web\TeddysTale_with-BackEnd\venv\Lib\site-packages\django\core\handlers\exception.py", line 55, in inner
    response = get_response(request)
  File "C:\Users\Евгения\Desktop\Projects_web\TeddysTale_with-BackEnd\venv\Lib\site-packages\django\core\handlers\base.py", line 197, in _get_response
    response = wrapped_callback(request, *callback_args, **callback_kwargs)
  File "C:\Users\Евгения\Desktop\Projects_web\TeddysTale_with-BackEnd\TeddyTale\landing\views.py", line 243, in index
    return render(request, 'index.html', context)
  File "C:\Users\Евгения\Desktop\Projects_web\TeddysTale_with-BackEnd\venv\Lib\site-packages\django\shortcuts.py", line 25, in render
    content = loader.render_to_string(template_name, context, request, using=using)
  File "C:\Users\Евгения\Desktop\Projects_web\TeddysTale_with-BackEnd\venv\Lib\site-packages\django\template\loader.py", line 61, in render_to_string
    template = get_template(template_name, using=using)
  File "C:\Users\Евгения\Desktop\Projects_web\TeddysTale_with-BackEnd\venv\Lib\site-packages\django\template\loader.py", line 15, in get_template
    return engine.get_template(template_name)
           ~~~~~~~~~~~~~~~~~~~^^^^^^^^^^^^^^^
  File "C:\Users\Евгения\Desktop\Projects_web\TeddysTale_with-BackEnd\venv\Lib\site-packages\django\template\backends\django.py", line 79, in get_template
    return Template(self.engine.get_template(template_name), self)
                    ~~~~~~~~~~~~~~~~~~~~~~~~^^^^^^^^^^^^^^^
  File "C:\Users\Евгения\Desktop\Projects_web\TeddysTale_with-BackEnd\venv\Lib\site-packages\django\template\engine.py", line 177, in get_template
    template, origin = self.find_template(template_name)
                       ~~~~~~~~~~~~~~~~~~^^^^^^^^^^^^^^^
  File "C:\Users\Евгения\Desktop\Projects_web\TeddysTale_with-BackEnd\venv\Lib\site-packages\django\template\engine.py", line 159, in find_template
    template = loader.get_template(name, skip=skip)
  File "C:\Users\Евгения\Desktop\Projects_web\TeddysTale_with-BackEnd\venv\Lib\site-packages\django\template\loaders\cached.py", line 57, in get_template
    template = super().get_template(template_name, skip)
  File "C:\Users\Евгения\Desktop\Projects_web\TeddysTale_with-BackEnd\venv\Lib\site-packages\django\template\loaders\base.py", line 28, in get_template
    return Template(
        contents,
    ...<2 lines>...
        self.engine,
    )
  File "C:\Users\Евгения\Desktop\Projects_web\TeddysTale_with-BackEnd\venv\Lib\site-packages\django\template\base.py", line 154, in __init__
    self.nodelist = self.compile_nodelist()
                    ~~~~~~~~~~~~~~~~~~~~~^^
  File "C:\Users\Евгения\Desktop\Projects_web\TeddysTale_with-BackEnd\venv\Lib\site-packages\django\template\base.py", line 196, in compile_nodelist
    nodelist = parser.parse()
  File "C:\Users\Евгения\Desktop\Projects_web\TeddysTale_with-BackEnd\venv\Lib\site-packages\django\template\base.py", line 518, in parse
    raise self.error(token, e)
  File "C:\Users\Евгения\Desktop\Projects_web\TeddysTale_with-BackEnd\venv\Lib\site-packages\django\template\base.py", line 516, in parse
    compiled_result = compile_func(self, token)
  File "C:\Users\Евгения\Desktop\Projects_web\TeddysTale_with-BackEnd\venv\Lib\site-packages\django\template\loader_tags.py", line 299, in do_extends
    nodelist = parser.parse()
  File "C:\Users\Евгения\Desktop\Projects_web\TeddysTale_with-BackEnd\venv\Lib\site-packages\django\template\base.py", line 518, in parse
    raise self.error(token, e)
  File "C:\Users\Евгения\Desktop\Projects_web\TeddysTale_with-BackEnd\venv\Lib\site-packages\django\template\base.py", line 516, in parse
    compiled_result = compile_func(self, token)
  File "C:\Users\Евгения\Desktop\Projects_web\TeddysTale_with-BackEnd\venv\Lib\site-packages\django\template\loader_tags.py", line 234, in do_block
    nodelist = parser.parse(("endblock",))
  File "C:\Users\Евгения\Desktop\Projects_web\TeddysTale_with-BackEnd\venv\Lib\site-packages\django\template\base.py", line 489, in parse
    raise self.error(token, e)
  File "C:\Users\Евгения\Desktop\Projects_web\TeddysTale_with-BackEnd\venv\Lib\site-packages\django\template\base.py", line 487, in parse
    filter_expression = self.compile_filter(token.contents)
  File "C:\Users\Евгения\Desktop\Projects_web\TeddysTale_with-BackEnd\venv\Lib\site-packages\django\template\base.py", line 609, in compile_filter
    return FilterExpression(token, self)
  File "C:\Users\Евгения\Desktop\Projects_web\TeddysTale_with-BackEnd\venv\Lib\site-packages\django\template\base.py", line 706, in __init__
    self.args_check(filter_name, filter_func, args)
    ~~~~~~~~~~~~~~~^^^^^^^^^^^^^^^^^^^^^^^^^^^^^^^^
  File "C:\Users\Евгения\Desktop\Projects_web\TeddysTale_with-BackEnd\venv\Lib\site-packages\django\template\base.py", line 768, in args_check
    raise TemplateSyntaxError(
        "%s requires %d arguments, %d provided" % (name, alen - dlen, plen)
    )
django.template.exceptions.TemplateSyntaxError: default requires 2 arguments, 1 provided
ERROR 2025-12-11 08:55:18,296 basehttp 12960 2152 "GET / HTTP/1.1" 500 297452
ERROR 2025-12-11 09:02:24,444 log 5408 15112 Internal Server Error: /
Traceback (most recent call last):
  File "C:\Users\Евгения\Desktop\Projects_web\TeddysTale_with-BackEnd\venv\Lib\site-packages\django\core\handlers\exception.py", line 55, in inner
    response = get_response(request)
  File "C:\Users\Евгения\Desktop\Projects_web\TeddysTale_with-BackEnd\venv\Lib\site-packages\django\core\handlers\base.py", line 197, in _get_response
    response = wrapped_callback(request, *callback_args, **callback_kwargs)
  File "C:\Users\Евгения\Desktop\Projects_web\TeddysTale_with-BackEnd\TeddyTale\landing\views.py", line 243, in index
    return render(request, 'index.html', context)
  File "C:\Users\Евгения\Desktop\Projects_web\TeddysTale_with-BackEnd\venv\Lib\site-packages\django\shortcuts.py", line 25, in render
    content = loader.render_to_string(template_name, context, request, using=using)
  File "C:\Users\Евгения\Desktop\Projects_web\TeddysTale_with-BackEnd\venv\Lib\site-packages\django\template\loader.py", line 61, in render_to_string
    template = get_template(template_name, using=using)
  File "C:\Users\Евгения\Desktop\Projects_web\TeddysTale_with-BackEnd\venv\Lib\site-packages\django\template\loader.py", line 15, in get_template
    return engine.get_template(template_name)
           ~~~~~~~~~~~~~~~~~~~^^^^^^^^^^^^^^^
  File "C:\Users\Евгения\Desktop\Projects_web\TeddysTale_with-BackEnd\venv\Lib\site-packages\django\template\backends\django.py", line 79, in get_template
    return Template(self.engine.get_template(template_name), self)
                    ~~~~~~~~~~~~~~~~~~~~~~~~^^^^^^^^^^^^^^^
  File "C:\Users\Евгения\Desktop\Projects_web\TeddysTale_with-BackEnd\venv\Lib\site-packages\django\template\engine.py", line 177, in get_template
    template, origin = self.find_template(template_name)
                       ~~~~~~~~~~~~~~~~~~^^^^^^^^^^^^^^^
  File "C:\Users\Евгения\Desktop\Projects_web\TeddysTale_with-BackEnd\venv\Lib\site-packages\django\template\engine.py", line 159, in find_template
    template = loader.get_template(name, skip=skip)
  File "C:\Users\Евгения\Desktop\Projects_web\TeddysTale_with-BackEnd\venv\Lib\site-packages\django\template\loaders\cached.py", line 57, in get_template
    template = super().get_template(template_name, skip)
  File "C:\Users\Евгения\Desktop\Projects_web\TeddysTale_with-BackEnd\venv\Lib\site-packages\django\template\loaders\base.py", line 28, in get_template
    return Template(
        contents,
    ...<2 lines>...
        self.engine,
    )
  File "C:\Users\Евгения\Desktop\Projects_web\TeddysTale_with-BackEnd\venv\Lib\site-packages\django\template\base.py", line 154, in __init__
    self.nodelist = self.compile_nodelist()
                    ~~~~~~~~~~~~~~~~~~~~~^^
  File "C:\Users\Евгения\Desktop\Projects_web\TeddysTale_with-BackEnd\venv\Lib\site-packages\django\template\base.py", line 196, in compile_nodelist
    nodelist = parser.parse()
  File "C:\Users\Евгения\Desktop\Projects_web\TeddysTale_with-BackEnd\venv\Lib\site-packages\django\template\base.py", line 518, in parse
    raise self.error(token, e)
  File "C:\Users\Евгения\Desktop\Projects_web\TeddysTale_with-BackEnd\venv\Lib\site-packages\django\template\base.py", line 516, in parse
    compiled_result = compile_func(self, token)
  File "C:\Users\Евгения\Desktop\Projects_web\TeddysTale_with-BackEnd\venv\Lib\site-packages\django\template\loader_tags.py", line 299, in do_extends
    nodelist = parser.parse()
  File "C:\Users\Евгения\Desktop\Projects_web\TeddysTale_with-BackEnd\venv\Lib\site-packages\django\template\base.py", line 518, in parse
    raise self.error(token, e)
  File "C:\Users\Евгения\Desktop\Projects_web\TeddysTale_with-BackEnd\venv\Lib\site-packages\django\template\base.py", line 516, in parse
    compiled_result = compile_func(self, token)
  File "C:\Users\Евгения\Desktop\Projects_web\TeddysTale_with-BackEnd\venv\Lib\site-packages\django\template\loader_tags.py", line 234, in do_block
    nodelist = parser.parse(("endblock",))
  File "C:\Users\Евгения\Desktop\Projects_web\TeddysTale_with-BackEnd\venv\Lib\site-packages\django\template\base.py", line 489, in parse
    raise self.error(token, e)
  File "C:\Users\Евгения\Desktop\Projects_web\TeddysTale_with-BackEnd\venv\Lib\site-packages\django\template\base.py", line 487, in parse
    filter_expression = self.compile_filter(token.contents)
  File "C:\Users\Евгения\Desktop\Projects_web\TeddysTale_with-BackEnd\venv\Lib\site-packages\django\template\base.py", line 609, in compile_filter
    return FilterExpression(token, self)
  File "C:\Users\Евгения\Desktop\Projects_web\TeddysTale_with-BackEnd\venv\Lib\site-packages\django\template\base.py", line 706, in __init__
    self.args_check(filter_name, filter_func, args)
    ~~~~~~~~~~~~~~~^^^^^^^^^^^^^^^^^^^^^^^^^^^^^^^^
  File "C:\Users\Евгения\Desktop\Projects_web\TeddysTale_with-BackEnd\venv\Lib\site-packages\django\template\base.py", line 768, in args_check
    raise TemplateSyntaxError(
        "%s requires %d arguments, %d provided" % (name, alen - dlen, plen)
    )
django.template.exceptions.TemplateSyntaxError: default requires 2 arguments, 1 provided
ERROR 2025-12-11 09:02:24,461 basehttp 5408 15112 "GET / HTTP/1.1" 500 297480
ERROR 2025-12-11 09:14:01,469 log 10604 10140 Internal Server Error: /
Traceback (most recent call last):
  File "C:\Users\Евгения\Desktop\Projects_web\TeddysTale_with-BackEnd\venv\Lib\site-packages\django\core\handlers\exception.py", line 55, in inner
    response = get_response(request)
  File "C:\Users\Евгения\Desktop\Projects_web\TeddysTale_with-BackEnd\venv\Lib\site-packages\django\core\handlers\base.py", line 197, in _get_response
    response = wrapped_callback(request, *callback_args, **callback_kwargs)
  File "C:\Users\Евгения\Desktop\Projects_web\TeddysTale_with-BackEnd\TeddyTale\landing\views.py", line 251, in index
    return render(request, 'index.html', context)
  File "C:\Users\Евгения\Desktop\Projects_web\TeddysTale_with-BackEnd\venv\Lib\site-packages\django\shortcuts.py", line 25, in render
    content = loader.render_to_string(template_name, context, request, using=using)
  File "C:\Users\Евгения\Desktop\Projects_web\TeddysTale_with-BackEnd\venv\Lib\site-packages\django\template\loader.py", line 61, in render_to_string
    template = get_template(template_name, using=using)
  File "C:\Users\Евгения\Desktop\Projects_web\TeddysTale_with-BackEnd\venv\Lib\site-packages\django\template\loader.py", line 15, in get_template
    return engine.get_template(template_name)
           ~~~~~~~~~~~~~~~~~~~^^^^^^^^^^^^^^^
  File "C:\Users\Евгения\Desktop\Projects_web\TeddysTale_with-BackEnd\venv\Lib\site-packages\django\template\backends\django.py", line 79, in get_template
    return Template(self.engine.get_template(template_name), self)
                    ~~~~~~~~~~~~~~~~~~~~~~~~^^^^^^^^^^^^^^^
  File "C:\Users\Евгения\Desktop\Projects_web\TeddysTale_with-BackEnd\venv\Lib\site-packages\django\template\engine.py", line 177, in get_template
    template, origin = self.find_template(template_name)
                       ~~~~~~~~~~~~~~~~~~^^^^^^^^^^^^^^^
  File "C:\Users\Евгения\Desktop\Projects_web\TeddysTale_with-BackEnd\venv\Lib\site-packages\django\template\engine.py", line 159, in find_template
    template = loader.get_template(name, skip=skip)
  File "C:\Users\Евгения\Desktop\Projects_web\TeddysTale_with-BackEnd\venv\Lib\site-packages\django\template\loaders\cached.py", line 57, in get_template
    template = super().get_template(template_name, skip)
  File "C:\Users\Евгения\Desktop\Projects_web\TeddysTale_with-BackEnd\venv\Lib\site-packages\django\template\loaders\base.py", line 28, in get_template
    return Template(
        contents,
    ...<2 lines>...
        self.engine,
    )
  File "C:\Users\Евгения\Desktop\Projects_web\TeddysTale_with-BackEnd\venv\Lib\site-packages\django\template\base.py", line 154, in __init__
    self.nodelist = self.compile_nodelist()
                    ~~~~~~~~~~~~~~~~~~~~~^^
  File "C:\Users\Евгения\Desktop\Projects_web\TeddysTale_with-BackEnd\venv\Lib\site-packages\django\template\base.py", line 196, in compile_nodelist
    nodelist = parser.parse()
  File "C:\Users\Евгения\Desktop\Projects_web\TeddysTale_with-BackEnd\venv\Lib\site-packages\django\template\base.py", line 518, in parse
    raise self.error(token, e)
  File "C:\Users\Евгения\Desktop\Projects_web\TeddysTale_with-BackEnd\venv\Lib\site-packages\django\template\base.py", line 516, in parse
    compiled_result = compile_func(self, token)
  File "C:\Users\Евгения\Desktop\Projects_web\TeddysTale_with-BackEnd\venv\Lib\site-packages\django\template\loader_tags.py", line 299, in do_extends
    nodelist = parser.parse()
  File "C:\Users\Евгения\Desktop\Projects_web\TeddysTale_with-BackEnd\venv\Lib\site-packages\django\template\base.py", line 518, in parse
    raise self.error(token, e)
  File "C:\Users\Евгения\Desktop\Projects_web\TeddysTale_with-BackEnd\venv\Lib\site-packages\django\template\base.py", line 516, in parse
    compiled_result = compile_func(self, token)
  File "C:\Users\Евгения\Desktop\Projects_web\TeddysTale_with-BackEnd\venv\Lib\site-packages\django\template\loader_tags.py", line 234, in do_block
    nodelist = parser.parse(("endblock",))
  File "C:\Users\Евгения\Desktop\Projects_web\TeddysTale_with-BackEnd\venv\Lib\site-packages\django\template\base.py", line 489, in parse
    raise self.error(token, e)
  File "C:\Users\Евгения\Desktop\Projects_web\TeddysTale_with-BackEnd\venv\Lib\site-packages\django\template\base.py", line 487, in parse
    filter_expression = self.compile_filter(token.contents)
  File "C:\Users\Евгения\Desktop\Projects_web\TeddysTale_with-BackEnd\venv\Lib\site-packages\django\template\base.py", line 609, in compile_filter
    return FilterExpression(token, self)
  File "C:\Users\Евгения\Desktop\Projects_web\TeddysTale_with-BackEnd\venv\Lib\site-packages\django\template\base.py", line 706, in __init__
    self.args_check(filter_name, filter_func, args)
    ~~~~~~~~~~~~~~~^^^^^^^^^^^^^^^^^^^^^^^^^^^^^^^^
  File "C:\Users\Евгения\Desktop\Projects_web\TeddysTale_with-BackEnd\venv\Lib\site-packages\django\template\base.py", line 768, in args_check
    raise TemplateSyntaxError(
        "%s requires %d arguments, %d provided" % (name, alen - dlen, plen)
    )
django.template.exceptions.TemplateSyntaxError: default requires 2 arguments, 1 provided
ERROR 2025-12-11 09:14:01,488 basehttp 10604 10140 "GET / HTTP/1.1" 500 298472
WARNING 2025-12-11 09:23:41,085 basehttp 16312 11440 "GET /static/fonts/Montserrat/Montserrat-VariableFont_wght.woff HTTP/1.1" 404 1964
WARNING 2025-12-11 09:23:41,128 basehttp 16312 10096 "GET /static/fonts/Montserrat/Montserrat-VariableFont_wght.woff2 HTTP/1.1" 404 1967
WARNING 2025-12-11 09:23:41,145 basehttp 16312 248 "GET /static/fonts/Lora/Lora.woff2 HTTP/1.1" 404 1877
WARNING 2025-12-11 09:23:41,203 basehttp 16312 6324 "GET /static/fonts/Lora/Lora.woff HTTP/1.1" 404 1874
WARNING 2025-12-11 09:36:02,045 basehttp 16312 5604 "GET /static/fonts/Montserrat/Montserrat-VariableFont_wght.woff2 HTTP/1.1" 404 1967
WARNING 2025-12-11 09:36:02,058 basehttp 16312 9668 "GET /static/fonts/Montserrat/Montserrat-VariableFont_wght.woff HTTP/1.1" 404 1964
WARNING 2025-12-11 09:36:02,148 basehttp 16312 15144 "GET /static/fonts/Lora/Lora.woff2 HTTP/1.1" 404 1877
WARNING 2025-12-11 09:36:02,251 basehttp 16312 8760 "GET /static/fonts/Lora/Lora.woff HTTP/1.1" 404 1874
WARNING 2025-12-11 09:48:57,448 log 16312 2968 Not Found: /TeddysTale/assets/fonts/Montserrat/Montserrat-VariableFont_wght.woff2
WARNING 2025-12-11 09:48:57,451 basehttp 16312 2968 "GET /TeddysTale/assets/fonts/Montserrat/Montserrat-VariableFont_wght.woff2 HTTP/1.1" 404 3375
WARNING 2025-12-11 09:48:57,480 log 16312 4240 Not Found: /TeddysTale/assets/fonts/Lora/Lora.woff2
WARNING 2025-12-11 09:48:57,490 log 16312 4928 Not Found: /TeddysTale/assets/fonts/Lora/Lora-Italic.woff2
WARNING 2025-12-11 09:48:57,534 basehttp 16312 4928 "GET /TeddysTale/assets/fonts/Lora/Lora-Italic.woff2 HTTP/1.1" 404 3306
WARNING 2025-12-11 09:48:57,583 basehttp 16312 4240 "GET /TeddysTale/assets/fonts/Lora/Lora.woff2 HTTP/1.1" 404 3285
WARNING 2025-12-11 09:48:57,614 log 16312 2968 Not Found: /TeddysTale/assets/fonts/Montserrat/Montserrat-VariableFont_wght.woff
WARNING 2025-12-11 09:48:57,641 basehttp 16312 2968 "GET /TeddysTale/assets/fonts/Montserrat/Montserrat-VariableFont_wght.woff HTTP/1.1" 404 3372
WARNING 2025-12-11 09:48:57,717 log 16312 4928 Not Found: /TeddysTale/assets/fonts/Lora/Lora.woff
WARNING 2025-12-11 09:48:57,724 basehttp 16312 4928 "GET /TeddysTale/assets/fonts/Lora/Lora.woff HTTP/1.1" 404 3282
WARNING 2025-12-11 09:48:57,779 log 16312 4240 Not Found: /TeddysTale/assets/fonts/Lora/Lora-Italic.woff
WARNING 2025-12-11 09:48:57,782 basehttp 16312 4240 "GET /TeddysTale/assets/fonts/Lora/Lora-Italic.woff HTTP/1.1" 404 3303
ERROR 2025-12-12 08:47:56,694 basehttp 20268 13384 "GET / HTTP/1.1" 500 59
ERROR 2025-12-12 08:47:57,396 basehttp 20268 13384 "GET /favicon.ico HTTP/1.1" 500 59
ERROR 2025-12-12 08:48:19,481 basehttp 20268 8228 "GET / HTTP/1.1" 500 59
ERROR 2025-12-12 08:48:20,156 basehttp 20268 8228 "GET /favicon.ico HTTP/1.1" 500 59
ERROR 2025-12-12 08:52:04,597 log 10756 1616 Internal Server Error: /
Traceback (most recent call last):
  File "C:\Users\Евгения\Desktop\Projects_web\TeddysTale_with-BackEnd\venv\Lib\site-packages\django\contrib\sessions\backends\base.py", line 244, in _get_session
    return self._session_cache
           ^^^^^^^^^^^^^^^^^^^
AttributeError: 'SessionStore' object has no attribute '_session_cache'

During handling of the above exception, another exception occurred:

Traceback (most recent call last):
  File "C:\Users\Евгения\Desktop\Projects_web\TeddysTale_with-BackEnd\venv\Lib\site-packages\django\db\backends\utils.py", line 105, in _execute
    return self.cursor.execute(sql, params)
           ~~~~~~~~~~~~~~~~~~~^^^^^^^^^^^^^
psycopg2.errors.UndefinedTable: relation "django_session" does not exist
LINE 1: ...ession_data", "django_session"."expire_date" FROM "django_se...
                                                             ^


The above exception was the direct cause of the following exception:

Traceback (most recent call last):
  File "C:\Users\Евгения\Desktop\Projects_web\TeddysTale_with-BackEnd\venv\Lib\site-packages\django\core\handlers\exception.py", line 55, in inner
    response = get_response(request)
  File "C:\Users\Евгения\Desktop\Projects_web\TeddysTale_with-BackEnd\venv\Lib\site-packages\django\utils\deprecation.py", line 119, in __call__
    response = self.process_request(request)
  File "C:\Users\Евгения\Desktop\Projects_web\TeddysTale_with-BackEnd\venv\Lib\site-packages\django\middleware\csrf.py", line 403, in process_request
    csrf_secret = self._get_secret(request)
  File "C:\Users\Евгения\Desktop\Projects_web\TeddysTale_with-BackEnd\venv\Lib\site-packages\django\middleware\csrf.py", line 231, in _get_secret
    csrf_secret = request.session.get(CSRF_SESSION_KEY)
  File "C:\Users\Евгения\Desktop\Projects_web\TeddysTale_with-BackEnd\venv\Lib\site-packages\django\contrib\sessions\backends\base.py", line 74, in get
    return self._session.get(key, default)
           ^^^^^^^^^^^^^
  File "C:\Users\Евгения\Desktop\Projects_web\TeddysTale_with-BackEnd\venv\Lib\site-packages\django\contrib\sessions\backends\base.py", line 249, in _get_session
    self._session_cache = self.load()
                          ~~~~~~~~~^^
  File "C:\Users\Евгения\Desktop\Projects_web\TeddysTale_with-BackEnd\venv\Lib\site-packages\django\contrib\sessions\backends\db.py", line 55, in load
    s = self._get_session_from_db()
  File "C:\Users\Евгения\Desktop\Projects_web\TeddysTale_with-BackEnd\venv\Lib\site-packages\django\contrib\sessions\backends\db.py", line 34, in _get_session_from_db
    return self.model.objects.get(
           ~~~~~~~~~~~~~~~~~~~~~~^
        session_key=self.session_key, expire_date__gt=timezone.now()
        ^^^^^^^^^^^^^^^^^^^^^^^^^^^^^^^^^^^^^^^^^^^^^^^^^^^^^^^^^^^^
    )
    ^
  File "C:\Users\Евгения\Desktop\Projects_web\TeddysTale_with-BackEnd\venv\Lib\site-packages\django\db\models\manager.py", line 87, in manager_method
    return getattr(self.get_queryset(), name)(*args, **kwargs)
           ~~~~~~~~~~~~~~~~~~~~~~~~~~~~~~~~~~^^^^^^^^^^^^^^^^^
  File "C:\Users\Евгения\Desktop\Projects_web\TeddysTale_with-BackEnd\venv\Lib\site-packages\django\db\models\query.py", line 631, in get
    num = len(clone)
  File "C:\Users\Евгения\Desktop\Projects_web\TeddysTale_with-BackEnd\venv\Lib\site-packages\django\db\models\query.py", line 368, in __len__
    self._fetch_all()
    ~~~~~~~~~~~~~~~^^
  File "C:\Users\Евгения\Desktop\Projects_web\TeddysTale_with-BackEnd\venv\Lib\site-packages\django\db\models\query.py", line 1954, in _fetch_all
    self._result_cache = list(self._iterable_class(self))
                         ~~~~^^^^^^^^^^^^^^^^^^^^^^^^^^^^
  File "C:\Users\Евгения\Desktop\Projects_web\TeddysTale_with-BackEnd\venv\Lib\site-packages\django\db\models\query.py", line 93, in __iter__
    results = compiler.execute_sql(
        chunked_fetch=self.chunked_fetch, chunk_size=self.chunk_size
    )
  File "C:\Users\Евгения\Desktop\Projects_web\TeddysTale_with-BackEnd\venv\Lib\site-packages\django\db\models\sql\compiler.py", line 1623, in execute_sql
    cursor.execute(sql, params)
    ~~~~~~~~~~~~~~^^^^^^^^^^^^^
  File "C:\Users\Евгения\Desktop\Projects_web\TeddysTale_with-BackEnd\venv\Lib\site-packages\django\db\backends\utils.py", line 122, in execute
    return super().execute(sql, params)
           ~~~~~~~~~~~~~~~^^^^^^^^^^^^^
  File "C:\Users\Евгения\Desktop\Projects_web\TeddysTale_with-BackEnd\venv\Lib\site-packages\django\db\backends\utils.py", line 79, in execute
    return self._execute_with_wrappers(
           ~~~~~~~~~~~~~~~~~~~~~~~~~~~^
        sql, params, many=False, executor=self._execute
        ^^^^^^^^^^^^^^^^^^^^^^^^^^^^^^^^^^^^^^^^^^^^^^^
    )
    ^
  File "C:\Users\Евгения\Desktop\Projects_web\TeddysTale_with-BackEnd\venv\Lib\site-packages\django\db\backends\utils.py", line 92, in _execute_with_wrappers
    return executor(sql, params, many, context)
  File "C:\Users\Евгения\Desktop\Projects_web\TeddysTale_with-BackEnd\venv\Lib\site-packages\django\db\backends\utils.py", line 100, in _execute
    with self.db.wrap_database_errors:
         ^^^^^^^^^^^^^^^^^^^^^^^^^^^^
  File "C:\Users\Евгения\Desktop\Projects_web\TeddysTale_with-BackEnd\venv\Lib\site-packages\django\db\utils.py", line 91, in __exit__
    raise dj_exc_value.with_traceback(traceback) from exc_value
  File "C:\Users\Евгения\Desktop\Projects_web\TeddysTale_with-BackEnd\venv\Lib\site-packages\django\db\backends\utils.py", line 105, in _execute
    return self.cursor.execute(sql, params)
           ~~~~~~~~~~~~~~~~~~~^^^^^^^^^^^^^
django.db.utils.ProgrammingError: relation "django_session" does not exist
LINE 1: ...ession_data", "django_session"."expire_date" FROM "django_se...
                                                             ^

ERROR 2025-12-12 08:52:05,356 log 10756 1616 Internal Server Error: /
Traceback (most recent call last):
  File "C:\Users\Евгения\Desktop\Projects_web\TeddysTale_with-BackEnd\venv\Lib\site-packages\django\contrib\sessions\backends\base.py", line 244, in _get_session
    return self._session_cache
           ^^^^^^^^^^^^^^^^^^^
AttributeError: 'SessionStore' object has no attribute '_session_cache'

During handling of the above exception, another exception occurred:

Traceback (most recent call last):
  File "C:\Users\Евгения\Desktop\Projects_web\TeddysTale_with-BackEnd\venv\Lib\site-packages\django\db\backends\utils.py", line 105, in _execute
    return self.cursor.execute(sql, params)
           ~~~~~~~~~~~~~~~~~~~^^^^^^^^^^^^^
psycopg2.errors.UndefinedTable: relation "django_session" does not exist
LINE 1: ...ession_data", "django_session"."expire_date" FROM "django_se...
                                                             ^


The above exception was the direct cause of the following exception:

Traceback (most recent call last):
  File "C:\Users\Евгения\Desktop\Projects_web\TeddysTale_with-BackEnd\venv\Lib\site-packages\django\core\handlers\exception.py", line 55, in inner
    response = get_response(request)
  File "C:\Users\Евгения\Desktop\Projects_web\TeddysTale_with-BackEnd\venv\Lib\site-packages\django\utils\deprecation.py", line 122, in __call__
    response = self.process_response(request, response)
  File "C:\Users\Евгения\Desktop\Projects_web\TeddysTale_with-BackEnd\venv\Lib\site-packages\django\contrib\sessions\middleware.py", line 48, in process_response
    if request.session.get_expire_at_browser_close():
       ~~~~~~~~~~~~~~~~~~~~~~~~~~~~~~~~~~~~~~~~~~~^^
  File "C:\Users\Евгения\Desktop\Projects_web\TeddysTale_with-BackEnd\venv\Lib\site-packages\django\contrib\sessions\backends\base.py", line 403, in get_expire_at_browser_close
    if (expiry := self.get("_session_expiry")) is None:
                  ~~~~~~~~^^^^^^^^^^^^^^^^^^^
  File "C:\Users\Евгения\Desktop\Projects_web\TeddysTale_with-BackEnd\venv\Lib\site-packages\django\contrib\sessions\backends\base.py", line 74, in get
    return self._session.get(key, default)
           ^^^^^^^^^^^^^
  File "C:\Users\Евгения\Desktop\Projects_web\TeddysTale_with-BackEnd\venv\Lib\site-packages\django\contrib\sessions\backends\base.py", line 249, in _get_session
    self._session_cache = self.load()
                          ~~~~~~~~~^^
  File "C:\Users\Евгения\Desktop\Projects_web\TeddysTale_with-BackEnd\venv\Lib\site-packages\django\contrib\sessions\backends\db.py", line 55, in load
    s = self._get_session_from_db()
  File "C:\Users\Евгения\Desktop\Projects_web\TeddysTale_with-BackEnd\venv\Lib\site-packages\django\contrib\sessions\backends\db.py", line 34, in _get_session_from_db
    return self.model.objects.get(
           ~~~~~~~~~~~~~~~~~~~~~~^
        session_key=self.session_key, expire_date__gt=timezone.now()
        ^^^^^^^^^^^^^^^^^^^^^^^^^^^^^^^^^^^^^^^^^^^^^^^^^^^^^^^^^^^^
    )
    ^
  File "C:\Users\Евгения\Desktop\Projects_web\TeddysTale_with-BackEnd\venv\Lib\site-packages\django\db\models\manager.py", line 87, in manager_method
    return getattr(self.get_queryset(), name)(*args, **kwargs)
           ~~~~~~~~~~~~~~~~~~~~~~~~~~~~~~~~~~^^^^^^^^^^^^^^^^^
  File "C:\Users\Евгения\Desktop\Projects_web\TeddysTale_with-BackEnd\venv\Lib\site-packages\django\db\models\query.py", line 631, in get
    num = len(clone)
  File "C:\Users\Евгения\Desktop\Projects_web\TeddysTale_with-BackEnd\venv\Lib\site-packages\django\db\models\query.py", line 368, in __len__
    self._fetch_all()
    ~~~~~~~~~~~~~~~^^
  File "C:\Users\Евгения\Desktop\Projects_web\TeddysTale_with-BackEnd\venv\Lib\site-packages\django\db\models\query.py", line 1954, in _fetch_all
    self._result_cache = list(self._iterable_class(self))
                         ~~~~^^^^^^^^^^^^^^^^^^^^^^^^^^^^
  File "C:\Users\Евгения\Desktop\Projects_web\TeddysTale_with-BackEnd\venv\Lib\site-packages\django\db\models\query.py", line 93, in __iter__
    results = compiler.execute_sql(
        chunked_fetch=self.chunked_fetch, chunk_size=self.chunk_size
    )
  File "C:\Users\Евгения\Desktop\Projects_web\TeddysTale_with-BackEnd\venv\Lib\site-packages\django\db\models\sql\compiler.py", line 1623, in execute_sql
    cursor.execute(sql, params)
    ~~~~~~~~~~~~~~^^^^^^^^^^^^^
  File "C:\Users\Евгения\Desktop\Projects_web\TeddysTale_with-BackEnd\venv\Lib\site-packages\django\db\backends\utils.py", line 122, in execute
    return super().execute(sql, params)
           ~~~~~~~~~~~~~~~^^^^^^^^^^^^^
  File "C:\Users\Евгения\Desktop\Projects_web\TeddysTale_with-BackEnd\venv\Lib\site-packages\django\db\backends\utils.py", line 79, in execute
    return self._execute_with_wrappers(
           ~~~~~~~~~~~~~~~~~~~~~~~~~~~^
        sql, params, many=False, executor=self._execute
        ^^^^^^^^^^^^^^^^^^^^^^^^^^^^^^^^^^^^^^^^^^^^^^^
    )
    ^
  File "C:\Users\Евгения\Desktop\Projects_web\TeddysTale_with-BackEnd\venv\Lib\site-packages\django\db\backends\utils.py", line 92, in _execute_with_wrappers
    return executor(sql, params, many, context)
  File "C:\Users\Евгения\Desktop\Projects_web\TeddysTale_with-BackEnd\venv\Lib\site-packages\django\db\backends\utils.py", line 100, in _execute
    with self.db.wrap_database_errors:
         ^^^^^^^^^^^^^^^^^^^^^^^^^^^^
  File "C:\Users\Евгения\Desktop\Projects_web\TeddysTale_with-BackEnd\venv\Lib\site-packages\django\db\utils.py", line 91, in __exit__
    raise dj_exc_value.with_traceback(traceback) from exc_value
  File "C:\Users\Евгения\Desktop\Projects_web\TeddysTale_with-BackEnd\venv\Lib\site-packages\django\db\backends\utils.py", line 105, in _execute
    return self.cursor.execute(sql, params)
           ~~~~~~~~~~~~~~~~~~~^^^^^^^^^^^^^
django.db.utils.ProgrammingError: relation "django_session" does not exist
LINE 1: ...ession_data", "django_session"."expire_date" FROM "django_se...
                                                             ^

ERROR 2025-12-12 08:52:05,368 basehttp 10756 1616 "GET / HTTP/1.1" 500 167578
ERROR 2025-12-12 08:52:08,096 log 10756 21604 Internal Server Error: /favicon.ico
Traceback (most recent call last):
  File "C:\Users\Евгения\Desktop\Projects_web\TeddysTale_with-BackEnd\venv\Lib\site-packages\django\contrib\sessions\backends\base.py", line 244, in _get_session
    return self._session_cache
           ^^^^^^^^^^^^^^^^^^^
AttributeError: 'SessionStore' object has no attribute '_session_cache'

During handling of the above exception, another exception occurred:

Traceback (most recent call last):
  File "C:\Users\Евгения\Desktop\Projects_web\TeddysTale_with-BackEnd\venv\Lib\site-packages\django\db\backends\utils.py", line 105, in _execute
    return self.cursor.execute(sql, params)
           ~~~~~~~~~~~~~~~~~~~^^^^^^^^^^^^^
psycopg2.errors.UndefinedTable: relation "django_session" does not exist
LINE 1: ...ession_data", "django_session"."expire_date" FROM "django_se...
                                                             ^


The above exception was the direct cause of the following exception:

Traceback (most recent call last):
  File "C:\Users\Евгения\Desktop\Projects_web\TeddysTale_with-BackEnd\venv\Lib\site-packages\django\core\handlers\exception.py", line 55, in inner
    response = get_response(request)
  File "C:\Users\Евгения\Desktop\Projects_web\TeddysTale_with-BackEnd\venv\Lib\site-packages\django\utils\deprecation.py", line 119, in __call__
    response = self.process_request(request)
  File "C:\Users\Евгения\Desktop\Projects_web\TeddysTale_with-BackEnd\venv\Lib\site-packages\django\middleware\csrf.py", line 403, in process_request
    csrf_secret = self._get_secret(request)
  File "C:\Users\Евгения\Desktop\Projects_web\TeddysTale_with-BackEnd\venv\Lib\site-packages\django\middleware\csrf.py", line 231, in _get_secret
    csrf_secret = request.session.get(CSRF_SESSION_KEY)
  File "C:\Users\Евгения\Desktop\Projects_web\TeddysTale_with-BackEnd\venv\Lib\site-packages\django\contrib\sessions\backends\base.py", line 74, in get
    return self._session.get(key, default)
           ^^^^^^^^^^^^^
  File "C:\Users\Евгения\Desktop\Projects_web\TeddysTale_with-BackEnd\venv\Lib\site-packages\django\contrib\sessions\backends\base.py", line 249, in _get_session
    self._session_cache = self.load()
                          ~~~~~~~~~^^
  File "C:\Users\Евгения\Desktop\Projects_web\TeddysTale_with-BackEnd\venv\Lib\site-packages\django\contrib\sessions\backends\db.py", line 55, in load
    s = self._get_session_from_db()
  File "C:\Users\Евгения\Desktop\Projects_web\TeddysTale_with-BackEnd\venv\Lib\site-packages\django\contrib\sessions\backends\db.py", line 34, in _get_session_from_db
    return self.model.objects.get(
           ~~~~~~~~~~~~~~~~~~~~~~^
        session_key=self.session_key, expire_date__gt=timezone.now()
        ^^^^^^^^^^^^^^^^^^^^^^^^^^^^^^^^^^^^^^^^^^^^^^^^^^^^^^^^^^^^
    )
    ^
  File "C:\Users\Евгения\Desktop\Projects_web\TeddysTale_with-BackEnd\venv\Lib\site-packages\django\db\models\manager.py", line 87, in manager_method
    return getattr(self.get_queryset(), name)(*args, **kwargs)
           ~~~~~~~~~~~~~~~~~~~~~~~~~~~~~~~~~~^^^^^^^^^^^^^^^^^
  File "C:\Users\Евгения\Desktop\Projects_web\TeddysTale_with-BackEnd\venv\Lib\site-packages\django\db\models\query.py", line 631, in get
    num = len(clone)
  File "C:\Users\Евгения\Desktop\Projects_web\TeddysTale_with-BackEnd\venv\Lib\site-packages\django\db\models\query.py", line 368, in __len__
    self._fetch_all()
    ~~~~~~~~~~~~~~~^^
  File "C:\Users\Евгения\Desktop\Projects_web\TeddysTale_with-BackEnd\venv\Lib\site-packages\django\db\models\query.py", line 1954, in _fetch_all
    self._result_cache = list(self._iterable_class(self))
                         ~~~~^^^^^^^^^^^^^^^^^^^^^^^^^^^^
  File "C:\Users\Евгения\Desktop\Projects_web\TeddysTale_with-BackEnd\venv\Lib\site-packages\django\db\models\query.py", line 93, in __iter__
    results = compiler.execute_sql(
        chunked_fetch=self.chunked_fetch, chunk_size=self.chunk_size
    )
  File "C:\Users\Евгения\Desktop\Projects_web\TeddysTale_with-BackEnd\venv\Lib\site-packages\django\db\models\sql\compiler.py", line 1623, in execute_sql
    cursor.execute(sql, params)
    ~~~~~~~~~~~~~~^^^^^^^^^^^^^
  File "C:\Users\Евгения\Desktop\Projects_web\TeddysTale_with-BackEnd\venv\Lib\site-packages\django\db\backends\utils.py", line 122, in execute
    return super().execute(sql, params)
           ~~~~~~~~~~~~~~~^^^^^^^^^^^^^
  File "C:\Users\Евгения\Desktop\Projects_web\TeddysTale_with-BackEnd\venv\Lib\site-packages\django\db\backends\utils.py", line 79, in execute
    return self._execute_with_wrappers(
           ~~~~~~~~~~~~~~~~~~~~~~~~~~~^
        sql, params, many=False, executor=self._execute
        ^^^^^^^^^^^^^^^^^^^^^^^^^^^^^^^^^^^^^^^^^^^^^^^
    )
    ^
  File "C:\Users\Евгения\Desktop\Projects_web\TeddysTale_with-BackEnd\venv\Lib\site-packages\django\db\backends\utils.py", line 92, in _execute_with_wrappers
    return executor(sql, params, many, context)
  File "C:\Users\Евгения\Desktop\Projects_web\TeddysTale_with-BackEnd\venv\Lib\site-packages\django\db\backends\utils.py", line 100, in _execute
    with self.db.wrap_database_errors:
         ^^^^^^^^^^^^^^^^^^^^^^^^^^^^
  File "C:\Users\Евгения\Desktop\Projects_web\TeddysTale_with-BackEnd\venv\Lib\site-packages\django\db\utils.py", line 91, in __exit__
    raise dj_exc_value.with_traceback(traceback) from exc_value
  File "C:\Users\Евгения\Desktop\Projects_web\TeddysTale_with-BackEnd\venv\Lib\site-packages\django\db\backends\utils.py", line 105, in _execute
    return self.cursor.execute(sql, params)
           ~~~~~~~~~~~~~~~~~~~^^^^^^^^^^^^^
django.db.utils.ProgrammingError: relation "django_session" does not exist
LINE 1: ...ession_data", "django_session"."expire_date" FROM "django_se...
                                                             ^

ERROR 2025-12-12 08:52:08,708 log 10756 21604 Internal Server Error: /favicon.ico
Traceback (most recent call last):
  File "C:\Users\Евгения\Desktop\Projects_web\TeddysTale_with-BackEnd\venv\Lib\site-packages\django\contrib\sessions\backends\base.py", line 244, in _get_session
    return self._session_cache
           ^^^^^^^^^^^^^^^^^^^
AttributeError: 'SessionStore' object has no attribute '_session_cache'

During handling of the above exception, another exception occurred:

Traceback (most recent call last):
  File "C:\Users\Евгения\Desktop\Projects_web\TeddysTale_with-BackEnd\venv\Lib\site-packages\django\db\backends\utils.py", line 105, in _execute
    return self.cursor.execute(sql, params)
           ~~~~~~~~~~~~~~~~~~~^^^^^^^^^^^^^
psycopg2.errors.UndefinedTable: relation "django_session" does not exist
LINE 1: ...ession_data", "django_session"."expire_date" FROM "django_se...
                                                             ^


The above exception was the direct cause of the following exception:

Traceback (most recent call last):
  File "C:\Users\Евгения\Desktop\Projects_web\TeddysTale_with-BackEnd\venv\Lib\site-packages\django\core\handlers\exception.py", line 55, in inner
    response = get_response(request)
  File "C:\Users\Евгения\Desktop\Projects_web\TeddysTale_with-BackEnd\venv\Lib\site-packages\django\utils\deprecation.py", line 122, in __call__
    response = self.process_response(request, response)
  File "C:\Users\Евгения\Desktop\Projects_web\TeddysTale_with-BackEnd\venv\Lib\site-packages\django\contrib\sessions\middleware.py", line 48, in process_response
    if request.session.get_expire_at_browser_close():
       ~~~~~~~~~~~~~~~~~~~~~~~~~~~~~~~~~~~~~~~~~~~^^
  File "C:\Users\Евгения\Desktop\Projects_web\TeddysTale_with-BackEnd\venv\Lib\site-packages\django\contrib\sessions\backends\base.py", line 403, in get_expire_at_browser_close
    if (expiry := self.get("_session_expiry")) is None:
                  ~~~~~~~~^^^^^^^^^^^^^^^^^^^
  File "C:\Users\Евгения\Desktop\Projects_web\TeddysTale_with-BackEnd\venv\Lib\site-packages\django\contrib\sessions\backends\base.py", line 74, in get
    return self._session.get(key, default)
           ^^^^^^^^^^^^^
  File "C:\Users\Евгения\Desktop\Projects_web\TeddysTale_with-BackEnd\venv\Lib\site-packages\django\contrib\sessions\backends\base.py", line 249, in _get_session
    self._session_cache = self.load()
                          ~~~~~~~~~^^
  File "C:\Users\Евгения\Desktop\Projects_web\TeddysTale_with-BackEnd\venv\Lib\site-packages\django\contrib\sessions\backends\db.py", line 55, in load
    s = self._get_session_from_db()
  File "C:\Users\Евгения\Desktop\Projects_web\TeddysTale_with-BackEnd\venv\Lib\site-packages\django\contrib\sessions\backends\db.py", line 34, in _get_session_from_db
    return self.model.objects.get(
           ~~~~~~~~~~~~~~~~~~~~~~^
        session_key=self.session_key, expire_date__gt=timezone.now()
        ^^^^^^^^^^^^^^^^^^^^^^^^^^^^^^^^^^^^^^^^^^^^^^^^^^^^^^^^^^^^
    )
    ^
  File "C:\Users\Евгения\Desktop\Projects_web\TeddysTale_with-BackEnd\venv\Lib\site-packages\django\db\models\manager.py", line 87, in manager_method
    return getattr(self.get_queryset(), name)(*args, **kwargs)
           ~~~~~~~~~~~~~~~~~~~~~~~~~~~~~~~~~~^^^^^^^^^^^^^^^^^
  File "C:\Users\Евгения\Desktop\Projects_web\TeddysTale_with-BackEnd\venv\Lib\site-packages\django\db\models\query.py", line 631, in get
    num = len(clone)
  File "C:\Users\Евгения\Desktop\Projects_web\TeddysTale_with-BackEnd\venv\Lib\site-packages\django\db\models\query.py", line 368, in __len__
    self._fetch_all()
    ~~~~~~~~~~~~~~~^^
  File "C:\Users\Евгения\Desktop\Projects_web\TeddysTale_with-BackEnd\venv\Lib\site-packages\django\db\models\query.py", line 1954, in _fetch_all
    self._result_cache = list(self._iterable_class(self))
                         ~~~~^^^^^^^^^^^^^^^^^^^^^^^^^^^^
  File "C:\Users\Евгения\Desktop\Projects_web\TeddysTale_with-BackEnd\venv\Lib\site-packages\django\db\models\query.py", line 93, in __iter__
    results = compiler.execute_sql(
        chunked_fetch=self.chunked_fetch, chunk_size=self.chunk_size
    )
  File "C:\Users\Евгения\Desktop\Projects_web\TeddysTale_with-BackEnd\venv\Lib\site-packages\django\db\models\sql\compiler.py", line 1623, in execute_sql
    cursor.execute(sql, params)
    ~~~~~~~~~~~~~~^^^^^^^^^^^^^
  File "C:\Users\Евгения\Desktop\Projects_web\TeddysTale_with-BackEnd\venv\Lib\site-packages\django\db\backends\utils.py", line 122, in execute
    return super().execute(sql, params)
           ~~~~~~~~~~~~~~~^^^^^^^^^^^^^
  File "C:\Users\Евгения\Desktop\Projects_web\TeddysTale_with-BackEnd\venv\Lib\site-packages\django\db\backends\utils.py", line 79, in execute
    return self._execute_with_wrappers(
           ~~~~~~~~~~~~~~~~~~~~~~~~~~~^
        sql, params, many=False, executor=self._execute
        ^^^^^^^^^^^^^^^^^^^^^^^^^^^^^^^^^^^^^^^^^^^^^^^
    )
    ^
  File "C:\Users\Евгения\Desktop\Projects_web\TeddysTale_with-BackEnd\venv\Lib\site-packages\django\db\backends\utils.py", line 92, in _execute_with_wrappers
    return executor(sql, params, many, context)
  File "C:\Users\Евгения\Desktop\Projects_web\TeddysTale_with-BackEnd\venv\Lib\site-packages\django\db\backends\utils.py", line 100, in _execute
    with self.db.wrap_database_errors:
         ^^^^^^^^^^^^^^^^^^^^^^^^^^^^
  File "C:\Users\Евгения\Desktop\Projects_web\TeddysTale_with-BackEnd\venv\Lib\site-packages\django\db\utils.py", line 91, in __exit__
    raise dj_exc_value.with_traceback(traceback) from exc_value
  File "C:\Users\Евгения\Desktop\Projects_web\TeddysTale_with-BackEnd\venv\Lib\site-packages\django\db\backends\utils.py", line 105, in _execute
    return self.cursor.execute(sql, params)
           ~~~~~~~~~~~~~~~~~~~^^^^^^^^^^^^^
django.db.utils.ProgrammingError: relation "django_session" does not exist
LINE 1: ...ession_data", "django_session"."expire_date" FROM "django_se...
                                                             ^

ERROR 2025-12-12 08:52:08,721 basehttp 10756 21604 "GET /favicon.ico HTTP/1.1" 500 167395
ERROR 2025-12-12 08:56:24,745 log 21268 21772 Internal Server Error: /
Traceback (most recent call last):
  File "C:\Users\Евгения\Desktop\Projects_web\TeddysTale_with-BackEnd\venv\Lib\site-packages\django\contrib\sessions\backends\base.py", line 244, in _get_session
    return self._session_cache
           ^^^^^^^^^^^^^^^^^^^
AttributeError: 'SessionStore' object has no attribute '_session_cache'

During handling of the above exception, another exception occurred:

Traceback (most recent call last):
  File "C:\Users\Евгения\Desktop\Projects_web\TeddysTale_with-BackEnd\venv\Lib\site-packages\django\db\backends\utils.py", line 105, in _execute
    return self.cursor.execute(sql, params)
           ~~~~~~~~~~~~~~~~~~~^^^^^^^^^^^^^
psycopg2.errors.UndefinedTable: relation "django_session" does not exist
LINE 1: ...ession_data", "django_session"."expire_date" FROM "django_se...
                                                             ^


The above exception was the direct cause of the following exception:

Traceback (most recent call last):
  File "C:\Users\Евгения\Desktop\Projects_web\TeddysTale_with-BackEnd\venv\Lib\site-packages\django\core\handlers\exception.py", line 55, in inner
    response = get_response(request)
  File "C:\Users\Евгения\Desktop\Projects_web\TeddysTale_with-BackEnd\venv\Lib\site-packages\django\utils\deprecation.py", line 119, in __call__
    response = self.process_request(request)
  File "C:\Users\Евгения\Desktop\Projects_web\TeddysTale_with-BackEnd\venv\Lib\site-packages\django\middleware\csrf.py", line 403, in process_request
    csrf_secret = self._get_secret(request)
  File "C:\Users\Евгения\Desktop\Projects_web\TeddysTale_with-BackEnd\venv\Lib\site-packages\django\middleware\csrf.py", line 231, in _get_secret
    csrf_secret = request.session.get(CSRF_SESSION_KEY)
  File "C:\Users\Евгения\Desktop\Projects_web\TeddysTale_with-BackEnd\venv\Lib\site-packages\django\contrib\sessions\backends\base.py", line 74, in get
    return self._session.get(key, default)
           ^^^^^^^^^^^^^
  File "C:\Users\Евгения\Desktop\Projects_web\TeddysTale_with-BackEnd\venv\Lib\site-packages\django\contrib\sessions\backends\base.py", line 249, in _get_session
    self._session_cache = self.load()
                          ~~~~~~~~~^^
  File "C:\Users\Евгения\Desktop\Projects_web\TeddysTale_with-BackEnd\venv\Lib\site-packages\django\contrib\sessions\backends\db.py", line 55, in load
    s = self._get_session_from_db()
  File "C:\Users\Евгения\Desktop\Projects_web\TeddysTale_with-BackEnd\venv\Lib\site-packages\django\contrib\sessions\backends\db.py", line 34, in _get_session_from_db
    return self.model.objects.get(
           ~~~~~~~~~~~~~~~~~~~~~~^
        session_key=self.session_key, expire_date__gt=timezone.now()
        ^^^^^^^^^^^^^^^^^^^^^^^^^^^^^^^^^^^^^^^^^^^^^^^^^^^^^^^^^^^^
    )
    ^
  File "C:\Users\Евгения\Desktop\Projects_web\TeddysTale_with-BackEnd\venv\Lib\site-packages\django\db\models\manager.py", line 87, in manager_method
    return getattr(self.get_queryset(), name)(*args, **kwargs)
           ~~~~~~~~~~~~~~~~~~~~~~~~~~~~~~~~~~^^^^^^^^^^^^^^^^^
  File "C:\Users\Евгения\Desktop\Projects_web\TeddysTale_with-BackEnd\venv\Lib\site-packages\django\db\models\query.py", line 631, in get
    num = len(clone)
  File "C:\Users\Евгения\Desktop\Projects_web\TeddysTale_with-BackEnd\venv\Lib\site-packages\django\db\models\query.py", line 368, in __len__
    self._fetch_all()
    ~~~~~~~~~~~~~~~^^
  File "C:\Users\Евгения\Desktop\Projects_web\TeddysTale_with-BackEnd\venv\Lib\site-packages\django\db\models\query.py", line 1954, in _fetch_all
    self._result_cache = list(self._iterable_class(self))
                         ~~~~^^^^^^^^^^^^^^^^^^^^^^^^^^^^
  File "C:\Users\Евгения\Desktop\Projects_web\TeddysTale_with-BackEnd\venv\Lib\site-packages\django\db\models\query.py", line 93, in __iter__
    results = compiler.execute_sql(
        chunked_fetch=self.chunked_fetch, chunk_size=self.chunk_size
    )
  File "C:\Users\Евгения\Desktop\Projects_web\TeddysTale_with-BackEnd\venv\Lib\site-packages\django\db\models\sql\compiler.py", line 1623, in execute_sql
    cursor.execute(sql, params)
    ~~~~~~~~~~~~~~^^^^^^^^^^^^^
  File "C:\Users\Евгения\Desktop\Projects_web\TeddysTale_with-BackEnd\venv\Lib\site-packages\django\db\backends\utils.py", line 122, in execute
    return super().execute(sql, params)
           ~~~~~~~~~~~~~~~^^^^^^^^^^^^^
  File "C:\Users\Евгения\Desktop\Projects_web\TeddysTale_with-BackEnd\venv\Lib\site-packages\django\db\backends\utils.py", line 79, in execute
    return self._execute_with_wrappers(
           ~~~~~~~~~~~~~~~~~~~~~~~~~~~^
        sql, params, many=False, executor=self._execute
        ^^^^^^^^^^^^^^^^^^^^^^^^^^^^^^^^^^^^^^^^^^^^^^^
    )
    ^
  File "C:\Users\Евгения\Desktop\Projects_web\TeddysTale_with-BackEnd\venv\Lib\site-packages\django\db\backends\utils.py", line 92, in _execute_with_wrappers
    return executor(sql, params, many, context)
  File "C:\Users\Евгения\Desktop\Projects_web\TeddysTale_with-BackEnd\venv\Lib\site-packages\django\db\backends\utils.py", line 100, in _execute
    with self.db.wrap_database_errors:
         ^^^^^^^^^^^^^^^^^^^^^^^^^^^^
  File "C:\Users\Евгения\Desktop\Projects_web\TeddysTale_with-BackEnd\venv\Lib\site-packages\django\db\utils.py", line 91, in __exit__
    raise dj_exc_value.with_traceback(traceback) from exc_value
  File "C:\Users\Евгения\Desktop\Projects_web\TeddysTale_with-BackEnd\venv\Lib\site-packages\django\db\backends\utils.py", line 105, in _execute
    return self.cursor.execute(sql, params)
           ~~~~~~~~~~~~~~~~~~~^^^^^^^^^^^^^
django.db.utils.ProgrammingError: relation "django_session" does not exist
LINE 1: ...ession_data", "django_session"."expire_date" FROM "django_se...
                                                             ^

ERROR 2025-12-12 08:56:25,399 log 21268 21772 Internal Server Error: /
Traceback (most recent call last):
  File "C:\Users\Евгения\Desktop\Projects_web\TeddysTale_with-BackEnd\venv\Lib\site-packages\django\contrib\sessions\backends\base.py", line 244, in _get_session
    return self._session_cache
           ^^^^^^^^^^^^^^^^^^^
AttributeError: 'SessionStore' object has no attribute '_session_cache'

During handling of the above exception, another exception occurred:

Traceback (most recent call last):
  File "C:\Users\Евгения\Desktop\Projects_web\TeddysTale_with-BackEnd\venv\Lib\site-packages\django\db\backends\utils.py", line 105, in _execute
    return self.cursor.execute(sql, params)
           ~~~~~~~~~~~~~~~~~~~^^^^^^^^^^^^^
psycopg2.errors.UndefinedTable: relation "django_session" does not exist
LINE 1: ...ession_data", "django_session"."expire_date" FROM "django_se...
                                                             ^


The above exception was the direct cause of the following exception:

Traceback (most recent call last):
  File "C:\Users\Евгения\Desktop\Projects_web\TeddysTale_with-BackEnd\venv\Lib\site-packages\django\core\handlers\exception.py", line 55, in inner
    response = get_response(request)
  File "C:\Users\Евгения\Desktop\Projects_web\TeddysTale_with-BackEnd\venv\Lib\site-packages\django\utils\deprecation.py", line 122, in __call__
    response = self.process_response(request, response)
  File "C:\Users\Евгения\Desktop\Projects_web\TeddysTale_with-BackEnd\venv\Lib\site-packages\django\contrib\sessions\middleware.py", line 48, in process_response
    if request.session.get_expire_at_browser_close():
       ~~~~~~~~~~~~~~~~~~~~~~~~~~~~~~~~~~~~~~~~~~~^^
  File "C:\Users\Евгения\Desktop\Projects_web\TeddysTale_with-BackEnd\venv\Lib\site-packages\django\contrib\sessions\backends\base.py", line 403, in get_expire_at_browser_close
    if (expiry := self.get("_session_expiry")) is None:
                  ~~~~~~~~^^^^^^^^^^^^^^^^^^^
  File "C:\Users\Евгения\Desktop\Projects_web\TeddysTale_with-BackEnd\venv\Lib\site-packages\django\contrib\sessions\backends\base.py", line 74, in get
    return self._session.get(key, default)
           ^^^^^^^^^^^^^
  File "C:\Users\Евгения\Desktop\Projects_web\TeddysTale_with-BackEnd\venv\Lib\site-packages\django\contrib\sessions\backends\base.py", line 249, in _get_session
    self._session_cache = self.load()
                          ~~~~~~~~~^^
  File "C:\Users\Евгения\Desktop\Projects_web\TeddysTale_with-BackEnd\venv\Lib\site-packages\django\contrib\sessions\backends\db.py", line 55, in load
    s = self._get_session_from_db()
  File "C:\Users\Евгения\Desktop\Projects_web\TeddysTale_with-BackEnd\venv\Lib\site-packages\django\contrib\sessions\backends\db.py", line 34, in _get_session_from_db
    return self.model.objects.get(
           ~~~~~~~~~~~~~~~~~~~~~~^
        session_key=self.session_key, expire_date__gt=timezone.now()
        ^^^^^^^^^^^^^^^^^^^^^^^^^^^^^^^^^^^^^^^^^^^^^^^^^^^^^^^^^^^^
    )
    ^
  File "C:\Users\Евгения\Desktop\Projects_web\TeddysTale_with-BackEnd\venv\Lib\site-packages\django\db\models\manager.py", line 87, in manager_method
    return getattr(self.get_queryset(), name)(*args, **kwargs)
           ~~~~~~~~~~~~~~~~~~~~~~~~~~~~~~~~~~^^^^^^^^^^^^^^^^^
  File "C:\Users\Евгения\Desktop\Projects_web\TeddysTale_with-BackEnd\venv\Lib\site-packages\django\db\models\query.py", line 631, in get
    num = len(clone)
  File "C:\Users\Евгения\Desktop\Projects_web\TeddysTale_with-BackEnd\venv\Lib\site-packages\django\db\models\query.py", line 368, in __len__
    self._fetch_all()
    ~~~~~~~~~~~~~~~^^
  File "C:\Users\Евгения\Desktop\Projects_web\TeddysTale_with-BackEnd\venv\Lib\site-packages\django\db\models\query.py", line 1954, in _fetch_all
    self._result_cache = list(self._iterable_class(self))
                         ~~~~^^^^^^^^^^^^^^^^^^^^^^^^^^^^
  File "C:\Users\Евгения\Desktop\Projects_web\TeddysTale_with-BackEnd\venv\Lib\site-packages\django\db\models\query.py", line 93, in __iter__
    results = compiler.execute_sql(
        chunked_fetch=self.chunked_fetch, chunk_size=self.chunk_size
    )
  File "C:\Users\Евгения\Desktop\Projects_web\TeddysTale_with-BackEnd\venv\Lib\site-packages\django\db\models\sql\compiler.py", line 1623, in execute_sql
    cursor.execute(sql, params)
    ~~~~~~~~~~~~~~^^^^^^^^^^^^^
  File "C:\Users\Евгения\Desktop\Projects_web\TeddysTale_with-BackEnd\venv\Lib\site-packages\django\db\backends\utils.py", line 122, in execute
    return super().execute(sql, params)
           ~~~~~~~~~~~~~~~^^^^^^^^^^^^^
  File "C:\Users\Евгения\Desktop\Projects_web\TeddysTale_with-BackEnd\venv\Lib\site-packages\django\db\backends\utils.py", line 79, in execute
    return self._execute_with_wrappers(
           ~~~~~~~~~~~~~~~~~~~~~~~~~~~^
        sql, params, many=False, executor=self._execute
        ^^^^^^^^^^^^^^^^^^^^^^^^^^^^^^^^^^^^^^^^^^^^^^^
    )
    ^
  File "C:\Users\Евгения\Desktop\Projects_web\TeddysTale_with-BackEnd\venv\Lib\site-packages\django\db\backends\utils.py", line 92, in _execute_with_wrappers
    return executor(sql, params, many, context)
  File "C:\Users\Евгения\Desktop\Projects_web\TeddysTale_with-BackEnd\venv\Lib\site-packages\django\db\backends\utils.py", line 100, in _execute
    with self.db.wrap_database_errors:
         ^^^^^^^^^^^^^^^^^^^^^^^^^^^^
  File "C:\Users\Евгения\Desktop\Projects_web\TeddysTale_with-BackEnd\venv\Lib\site-packages\django\db\utils.py", line 91, in __exit__
    raise dj_exc_value.with_traceback(traceback) from exc_value
  File "C:\Users\Евгения\Desktop\Projects_web\TeddysTale_with-BackEnd\venv\Lib\site-packages\django\db\backends\utils.py", line 105, in _execute
    return self.cursor.execute(sql, params)
           ~~~~~~~~~~~~~~~~~~~^^^^^^^^^^^^^
django.db.utils.ProgrammingError: relation "django_session" does not exist
LINE 1: ...ession_data", "django_session"."expire_date" FROM "django_se...
                                                             ^

ERROR 2025-12-12 08:56:25,411 basehttp 21268 21772 "GET / HTTP/1.1" 500 167563
ERROR 2025-12-12 08:56:26,826 log 21268 18620 Internal Server Error: /favicon.ico
Traceback (most recent call last):
  File "C:\Users\Евгения\Desktop\Projects_web\TeddysTale_with-BackEnd\venv\Lib\site-packages\django\contrib\sessions\backends\base.py", line 244, in _get_session
    return self._session_cache
           ^^^^^^^^^^^^^^^^^^^
AttributeError: 'SessionStore' object has no attribute '_session_cache'

During handling of the above exception, another exception occurred:

Traceback (most recent call last):
  File "C:\Users\Евгения\Desktop\Projects_web\TeddysTale_with-BackEnd\venv\Lib\site-packages\django\db\backends\utils.py", line 105, in _execute
    return self.cursor.execute(sql, params)
           ~~~~~~~~~~~~~~~~~~~^^^^^^^^^^^^^
psycopg2.errors.UndefinedTable: relation "django_session" does not exist
LINE 1: ...ession_data", "django_session"."expire_date" FROM "django_se...
                                                             ^


The above exception was the direct cause of the following exception:

Traceback (most recent call last):
  File "C:\Users\Евгения\Desktop\Projects_web\TeddysTale_with-BackEnd\venv\Lib\site-packages\django\core\handlers\exception.py", line 55, in inner
    response = get_response(request)
  File "C:\Users\Евгения\Desktop\Projects_web\TeddysTale_with-BackEnd\venv\Lib\site-packages\django\utils\deprecation.py", line 119, in __call__
    response = self.process_request(request)
  File "C:\Users\Евгения\Desktop\Projects_web\TeddysTale_with-BackEnd\venv\Lib\site-packages\django\middleware\csrf.py", line 403, in process_request
    csrf_secret = self._get_secret(request)
  File "C:\Users\Евгения\Desktop\Projects_web\TeddysTale_with-BackEnd\venv\Lib\site-packages\django\middleware\csrf.py", line 231, in _get_secret
    csrf_secret = request.session.get(CSRF_SESSION_KEY)
  File "C:\Users\Евгения\Desktop\Projects_web\TeddysTale_with-BackEnd\venv\Lib\site-packages\django\contrib\sessions\backends\base.py", line 74, in get
    return self._session.get(key, default)
           ^^^^^^^^^^^^^
  File "C:\Users\Евгения\Desktop\Projects_web\TeddysTale_with-BackEnd\venv\Lib\site-packages\django\contrib\sessions\backends\base.py", line 249, in _get_session
    self._session_cache = self.load()
                          ~~~~~~~~~^^
  File "C:\Users\Евгения\Desktop\Projects_web\TeddysTale_with-BackEnd\venv\Lib\site-packages\django\contrib\sessions\backends\db.py", line 55, in load
    s = self._get_session_from_db()
  File "C:\Users\Евгения\Desktop\Projects_web\TeddysTale_with-BackEnd\venv\Lib\site-packages\django\contrib\sessions\backends\db.py", line 34, in _get_session_from_db
    return self.model.objects.get(
           ~~~~~~~~~~~~~~~~~~~~~~^
        session_key=self.session_key, expire_date__gt=timezone.now()
        ^^^^^^^^^^^^^^^^^^^^^^^^^^^^^^^^^^^^^^^^^^^^^^^^^^^^^^^^^^^^
    )
    ^
  File "C:\Users\Евгения\Desktop\Projects_web\TeddysTale_with-BackEnd\venv\Lib\site-packages\django\db\models\manager.py", line 87, in manager_method
    return getattr(self.get_queryset(), name)(*args, **kwargs)
           ~~~~~~~~~~~~~~~~~~~~~~~~~~~~~~~~~~^^^^^^^^^^^^^^^^^
  File "C:\Users\Евгения\Desktop\Projects_web\TeddysTale_with-BackEnd\venv\Lib\site-packages\django\db\models\query.py", line 631, in get
    num = len(clone)
  File "C:\Users\Евгения\Desktop\Projects_web\TeddysTale_with-BackEnd\venv\Lib\site-packages\django\db\models\query.py", line 368, in __len__
    self._fetch_all()
    ~~~~~~~~~~~~~~~^^
  File "C:\Users\Евгения\Desktop\Projects_web\TeddysTale_with-BackEnd\venv\Lib\site-packages\django\db\models\query.py", line 1954, in _fetch_all
    self._result_cache = list(self._iterable_class(self))
                         ~~~~^^^^^^^^^^^^^^^^^^^^^^^^^^^^
  File "C:\Users\Евгения\Desktop\Projects_web\TeddysTale_with-BackEnd\venv\Lib\site-packages\django\db\models\query.py", line 93, in __iter__
    results = compiler.execute_sql(
        chunked_fetch=self.chunked_fetch, chunk_size=self.chunk_size
    )
  File "C:\Users\Евгения\Desktop\Projects_web\TeddysTale_with-BackEnd\venv\Lib\site-packages\django\db\models\sql\compiler.py", line 1623, in execute_sql
    cursor.execute(sql, params)
    ~~~~~~~~~~~~~~^^^^^^^^^^^^^
  File "C:\Users\Евгения\Desktop\Projects_web\TeddysTale_with-BackEnd\venv\Lib\site-packages\django\db\backends\utils.py", line 122, in execute
    return super().execute(sql, params)
           ~~~~~~~~~~~~~~~^^^^^^^^^^^^^
  File "C:\Users\Евгения\Desktop\Projects_web\TeddysTale_with-BackEnd\venv\Lib\site-packages\django\db\backends\utils.py", line 79, in execute
    return self._execute_with_wrappers(
           ~~~~~~~~~~~~~~~~~~~~~~~~~~~^
        sql, params, many=False, executor=self._execute
        ^^^^^^^^^^^^^^^^^^^^^^^^^^^^^^^^^^^^^^^^^^^^^^^
    )
    ^
  File "C:\Users\Евгения\Desktop\Projects_web\TeddysTale_with-BackEnd\venv\Lib\site-packages\django\db\backends\utils.py", line 92, in _execute_with_wrappers
    return executor(sql, params, many, context)
  File "C:\Users\Евгения\Desktop\Projects_web\TeddysTale_with-BackEnd\venv\Lib\site-packages\django\db\backends\utils.py", line 100, in _execute
    with self.db.wrap_database_errors:
         ^^^^^^^^^^^^^^^^^^^^^^^^^^^^
  File "C:\Users\Евгения\Desktop\Projects_web\TeddysTale_with-BackEnd\venv\Lib\site-packages\django\db\utils.py", line 91, in __exit__
    raise dj_exc_value.with_traceback(traceback) from exc_value
  File "C:\Users\Евгения\Desktop\Projects_web\TeddysTale_with-BackEnd\venv\Lib\site-packages\django\db\backends\utils.py", line 105, in _execute
    return self.cursor.execute(sql, params)
           ~~~~~~~~~~~~~~~~~~~^^^^^^^^^^^^^
django.db.utils.ProgrammingError: relation "django_session" does not exist
LINE 1: ...ession_data", "django_session"."expire_date" FROM "django_se...
                                                             ^

ERROR 2025-12-12 08:56:27,495 log 21268 18620 Internal Server Error: /favicon.ico
Traceback (most recent call last):
  File "C:\Users\Евгения\Desktop\Projects_web\TeddysTale_with-BackEnd\venv\Lib\site-packages\django\contrib\sessions\backends\base.py", line 244, in _get_session
    return self._session_cache
           ^^^^^^^^^^^^^^^^^^^
AttributeError: 'SessionStore' object has no attribute '_session_cache'

During handling of the above exception, another exception occurred:

Traceback (most recent call last):
  File "C:\Users\Евгения\Desktop\Projects_web\TeddysTale_with-BackEnd\venv\Lib\site-packages\django\db\backends\utils.py", line 105, in _execute
    return self.cursor.execute(sql, params)
           ~~~~~~~~~~~~~~~~~~~^^^^^^^^^^^^^
psycopg2.errors.UndefinedTable: relation "django_session" does not exist
LINE 1: ...ession_data", "django_session"."expire_date" FROM "django_se...
                                                             ^


The above exception was the direct cause of the following exception:

Traceback (most recent call last):
  File "C:\Users\Евгения\Desktop\Projects_web\TeddysTale_with-BackEnd\venv\Lib\site-packages\django\core\handlers\exception.py", line 55, in inner
    response = get_response(request)
  File "C:\Users\Евгения\Desktop\Projects_web\TeddysTale_with-BackEnd\venv\Lib\site-packages\django\utils\deprecation.py", line 122, in __call__
    response = self.process_response(request, response)
  File "C:\Users\Евгения\Desktop\Projects_web\TeddysTale_with-BackEnd\venv\Lib\site-packages\django\contrib\sessions\middleware.py", line 48, in process_response
    if request.session.get_expire_at_browser_close():
       ~~~~~~~~~~~~~~~~~~~~~~~~~~~~~~~~~~~~~~~~~~~^^
  File "C:\Users\Евгения\Desktop\Projects_web\TeddysTale_with-BackEnd\venv\Lib\site-packages\django\contrib\sessions\backends\base.py", line 403, in get_expire_at_browser_close
    if (expiry := self.get("_session_expiry")) is None:
                  ~~~~~~~~^^^^^^^^^^^^^^^^^^^
  File "C:\Users\Евгения\Desktop\Projects_web\TeddysTale_with-BackEnd\venv\Lib\site-packages\django\contrib\sessions\backends\base.py", line 74, in get
    return self._session.get(key, default)
           ^^^^^^^^^^^^^
  File "C:\Users\Евгения\Desktop\Projects_web\TeddysTale_with-BackEnd\venv\Lib\site-packages\django\contrib\sessions\backends\base.py", line 249, in _get_session
    self._session_cache = self.load()
                          ~~~~~~~~~^^
  File "C:\Users\Евгения\Desktop\Projects_web\TeddysTale_with-BackEnd\venv\Lib\site-packages\django\contrib\sessions\backends\db.py", line 55, in load
    s = self._get_session_from_db()
  File "C:\Users\Евгения\Desktop\Projects_web\TeddysTale_with-BackEnd\venv\Lib\site-packages\django\contrib\sessions\backends\db.py", line 34, in _get_session_from_db
    return self.model.objects.get(
           ~~~~~~~~~~~~~~~~~~~~~~^
        session_key=self.session_key, expire_date__gt=timezone.now()
        ^^^^^^^^^^^^^^^^^^^^^^^^^^^^^^^^^^^^^^^^^^^^^^^^^^^^^^^^^^^^
    )
    ^
  File "C:\Users\Евгения\Desktop\Projects_web\TeddysTale_with-BackEnd\venv\Lib\site-packages\django\db\models\manager.py", line 87, in manager_method
    return getattr(self.get_queryset(), name)(*args, **kwargs)
           ~~~~~~~~~~~~~~~~~~~~~~~~~~~~~~~~~~^^^^^^^^^^^^^^^^^
  File "C:\Users\Евгения\Desktop\Projects_web\TeddysTale_with-BackEnd\venv\Lib\site-packages\django\db\models\query.py", line 631, in get
    num = len(clone)
  File "C:\Users\Евгения\Desktop\Projects_web\TeddysTale_with-BackEnd\venv\Lib\site-packages\django\db\models\query.py", line 368, in __len__
    self._fetch_all()
    ~~~~~~~~~~~~~~~^^
  File "C:\Users\Евгения\Desktop\Projects_web\TeddysTale_with-BackEnd\venv\Lib\site-packages\django\db\models\query.py", line 1954, in _fetch_all
    self._result_cache = list(self._iterable_class(self))
                         ~~~~^^^^^^^^^^^^^^^^^^^^^^^^^^^^
  File "C:\Users\Евгения\Desktop\Projects_web\TeddysTale_with-BackEnd\venv\Lib\site-packages\django\db\models\query.py", line 93, in __iter__
    results = compiler.execute_sql(
        chunked_fetch=self.chunked_fetch, chunk_size=self.chunk_size
    )
  File "C:\Users\Евгения\Desktop\Projects_web\TeddysTale_with-BackEnd\venv\Lib\site-packages\django\db\models\sql\compiler.py", line 1623, in execute_sql
    cursor.execute(sql, params)
    ~~~~~~~~~~~~~~^^^^^^^^^^^^^
  File "C:\Users\Евгения\Desktop\Projects_web\TeddysTale_with-BackEnd\venv\Lib\site-packages\django\db\backends\utils.py", line 122, in execute
    return super().execute(sql, params)
           ~~~~~~~~~~~~~~~^^^^^^^^^^^^^
  File "C:\Users\Евгения\Desktop\Projects_web\TeddysTale_with-BackEnd\venv\Lib\site-packages\django\db\backends\utils.py", line 79, in execute
    return self._execute_with_wrappers(
           ~~~~~~~~~~~~~~~~~~~~~~~~~~~^
        sql, params, many=False, executor=self._execute
        ^^^^^^^^^^^^^^^^^^^^^^^^^^^^^^^^^^^^^^^^^^^^^^^
    )
    ^
  File "C:\Users\Евгения\Desktop\Projects_web\TeddysTale_with-BackEnd\venv\Lib\site-packages\django\db\backends\utils.py", line 92, in _execute_with_wrappers
    return executor(sql, params, many, context)
  File "C:\Users\Евгения\Desktop\Projects_web\TeddysTale_with-BackEnd\venv\Lib\site-packages\django\db\backends\utils.py", line 100, in _execute
    with self.db.wrap_database_errors:
         ^^^^^^^^^^^^^^^^^^^^^^^^^^^^
  File "C:\Users\Евгения\Desktop\Projects_web\TeddysTale_with-BackEnd\venv\Lib\site-packages\django\db\utils.py", line 91, in __exit__
    raise dj_exc_value.with_traceback(traceback) from exc_value
  File "C:\Users\Евгения\Desktop\Projects_web\TeddysTale_with-BackEnd\venv\Lib\site-packages\django\db\backends\utils.py", line 105, in _execute
    return self.cursor.execute(sql, params)
           ~~~~~~~~~~~~~~~~~~~^^^^^^^^^^^^^
django.db.utils.ProgrammingError: relation "django_session" does not exist
LINE 1: ...ession_data", "django_session"."expire_date" FROM "django_se...
                                                             ^

ERROR 2025-12-12 08:56:27,504 basehttp 21268 18620 "GET /favicon.ico HTTP/1.1" 500 167243
ERROR 2025-12-12 08:57:14,256 log 21268 18208 Internal Server Error: /
Traceback (most recent call last):
  File "C:\Users\Евгения\Desktop\Projects_web\TeddysTale_with-BackEnd\venv\Lib\site-packages\django\contrib\sessions\backends\base.py", line 244, in _get_session
    return self._session_cache
           ^^^^^^^^^^^^^^^^^^^
AttributeError: 'SessionStore' object has no attribute '_session_cache'

During handling of the above exception, another exception occurred:

Traceback (most recent call last):
  File "C:\Users\Евгения\Desktop\Projects_web\TeddysTale_with-BackEnd\venv\Lib\site-packages\django\db\backends\utils.py", line 105, in _execute
    return self.cursor.execute(sql, params)
           ~~~~~~~~~~~~~~~~~~~^^^^^^^^^^^^^
psycopg2.errors.UndefinedTable: relation "django_session" does not exist
LINE 1: ...ession_data", "django_session"."expire_date" FROM "django_se...
                                                             ^


The above exception was the direct cause of the following exception:

Traceback (most recent call last):
  File "C:\Users\Евгения\Desktop\Projects_web\TeddysTale_with-BackEnd\venv\Lib\site-packages\django\core\handlers\exception.py", line 55, in inner
    response = get_response(request)
  File "C:\Users\Евгения\Desktop\Projects_web\TeddysTale_with-BackEnd\venv\Lib\site-packages\django\utils\deprecation.py", line 119, in __call__
    response = self.process_request(request)
  File "C:\Users\Евгения\Desktop\Projects_web\TeddysTale_with-BackEnd\venv\Lib\site-packages\django\middleware\csrf.py", line 403, in process_request
    csrf_secret = self._get_secret(request)
  File "C:\Users\Евгения\Desktop\Projects_web\TeddysTale_with-BackEnd\venv\Lib\site-packages\django\middleware\csrf.py", line 231, in _get_secret
    csrf_secret = request.session.get(CSRF_SESSION_KEY)
  File "C:\Users\Евгения\Desktop\Projects_web\TeddysTale_with-BackEnd\venv\Lib\site-packages\django\contrib\sessions\backends\base.py", line 74, in get
    return self._session.get(key, default)
           ^^^^^^^^^^^^^
  File "C:\Users\Евгения\Desktop\Projects_web\TeddysTale_with-BackEnd\venv\Lib\site-packages\django\contrib\sessions\backends\base.py", line 249, in _get_session
    self._session_cache = self.load()
                          ~~~~~~~~~^^
  File "C:\Users\Евгения\Desktop\Projects_web\TeddysTale_with-BackEnd\venv\Lib\site-packages\django\contrib\sessions\backends\db.py", line 55, in load
    s = self._get_session_from_db()
  File "C:\Users\Евгения\Desktop\Projects_web\TeddysTale_with-BackEnd\venv\Lib\site-packages\django\contrib\sessions\backends\db.py", line 34, in _get_session_from_db
    return self.model.objects.get(
           ~~~~~~~~~~~~~~~~~~~~~~^
        session_key=self.session_key, expire_date__gt=timezone.now()
        ^^^^^^^^^^^^^^^^^^^^^^^^^^^^^^^^^^^^^^^^^^^^^^^^^^^^^^^^^^^^
    )
    ^
  File "C:\Users\Евгения\Desktop\Projects_web\TeddysTale_with-BackEnd\venv\Lib\site-packages\django\db\models\manager.py", line 87, in manager_method
    return getattr(self.get_queryset(), name)(*args, **kwargs)
           ~~~~~~~~~~~~~~~~~~~~~~~~~~~~~~~~~~^^^^^^^^^^^^^^^^^
  File "C:\Users\Евгения\Desktop\Projects_web\TeddysTale_with-BackEnd\venv\Lib\site-packages\django\db\models\query.py", line 631, in get
    num = len(clone)
  File "C:\Users\Евгения\Desktop\Projects_web\TeddysTale_with-BackEnd\venv\Lib\site-packages\django\db\models\query.py", line 368, in __len__
    self._fetch_all()
    ~~~~~~~~~~~~~~~^^
  File "C:\Users\Евгения\Desktop\Projects_web\TeddysTale_with-BackEnd\venv\Lib\site-packages\django\db\models\query.py", line 1954, in _fetch_all
    self._result_cache = list(self._iterable_class(self))
                         ~~~~^^^^^^^^^^^^^^^^^^^^^^^^^^^^
  File "C:\Users\Евгения\Desktop\Projects_web\TeddysTale_with-BackEnd\venv\Lib\site-packages\django\db\models\query.py", line 93, in __iter__
    results = compiler.execute_sql(
        chunked_fetch=self.chunked_fetch, chunk_size=self.chunk_size
    )
  File "C:\Users\Евгения\Desktop\Projects_web\TeddysTale_with-BackEnd\venv\Lib\site-packages\django\db\models\sql\compiler.py", line 1623, in execute_sql
    cursor.execute(sql, params)
    ~~~~~~~~~~~~~~^^^^^^^^^^^^^
  File "C:\Users\Евгения\Desktop\Projects_web\TeddysTale_with-BackEnd\venv\Lib\site-packages\django\db\backends\utils.py", line 122, in execute
    return super().execute(sql, params)
           ~~~~~~~~~~~~~~~^^^^^^^^^^^^^
  File "C:\Users\Евгения\Desktop\Projects_web\TeddysTale_with-BackEnd\venv\Lib\site-packages\django\db\backends\utils.py", line 79, in execute
    return self._execute_with_wrappers(
           ~~~~~~~~~~~~~~~~~~~~~~~~~~~^
        sql, params, many=False, executor=self._execute
        ^^^^^^^^^^^^^^^^^^^^^^^^^^^^^^^^^^^^^^^^^^^^^^^
    )
    ^
  File "C:\Users\Евгения\Desktop\Projects_web\TeddysTale_with-BackEnd\venv\Lib\site-packages\django\db\backends\utils.py", line 92, in _execute_with_wrappers
    return executor(sql, params, many, context)
  File "C:\Users\Евгения\Desktop\Projects_web\TeddysTale_with-BackEnd\venv\Lib\site-packages\django\db\backends\utils.py", line 100, in _execute
    with self.db.wrap_database_errors:
         ^^^^^^^^^^^^^^^^^^^^^^^^^^^^
  File "C:\Users\Евгения\Desktop\Projects_web\TeddysTale_with-BackEnd\venv\Lib\site-packages\django\db\utils.py", line 91, in __exit__
    raise dj_exc_value.with_traceback(traceback) from exc_value
  File "C:\Users\Евгения\Desktop\Projects_web\TeddysTale_with-BackEnd\venv\Lib\site-packages\django\db\backends\utils.py", line 105, in _execute
    return self.cursor.execute(sql, params)
           ~~~~~~~~~~~~~~~~~~~^^^^^^^^^^^^^
django.db.utils.ProgrammingError: relation "django_session" does not exist
LINE 1: ...ession_data", "django_session"."expire_date" FROM "django_se...
                                                             ^

ERROR 2025-12-12 08:57:14,873 log 21268 18208 Internal Server Error: /
Traceback (most recent call last):
  File "C:\Users\Евгения\Desktop\Projects_web\TeddysTale_with-BackEnd\venv\Lib\site-packages\django\contrib\sessions\backends\base.py", line 244, in _get_session
    return self._session_cache
           ^^^^^^^^^^^^^^^^^^^
AttributeError: 'SessionStore' object has no attribute '_session_cache'

During handling of the above exception, another exception occurred:

Traceback (most recent call last):
  File "C:\Users\Евгения\Desktop\Projects_web\TeddysTale_with-BackEnd\venv\Lib\site-packages\django\db\backends\utils.py", line 105, in _execute
    return self.cursor.execute(sql, params)
           ~~~~~~~~~~~~~~~~~~~^^^^^^^^^^^^^
psycopg2.errors.UndefinedTable: relation "django_session" does not exist
LINE 1: ...ession_data", "django_session"."expire_date" FROM "django_se...
                                                             ^


The above exception was the direct cause of the following exception:

Traceback (most recent call last):
  File "C:\Users\Евгения\Desktop\Projects_web\TeddysTale_with-BackEnd\venv\Lib\site-packages\django\core\handlers\exception.py", line 55, in inner
    response = get_response(request)
  File "C:\Users\Евгения\Desktop\Projects_web\TeddysTale_with-BackEnd\venv\Lib\site-packages\django\utils\deprecation.py", line 122, in __call__
    response = self.process_response(request, response)
  File "C:\Users\Евгения\Desktop\Projects_web\TeddysTale_with-BackEnd\venv\Lib\site-packages\django\contrib\sessions\middleware.py", line 48, in process_response
    if request.session.get_expire_at_browser_close():
       ~~~~~~~~~~~~~~~~~~~~~~~~~~~~~~~~~~~~~~~~~~~^^
  File "C:\Users\Евгения\Desktop\Projects_web\TeddysTale_with-BackEnd\venv\Lib\site-packages\django\contrib\sessions\backends\base.py", line 403, in get_expire_at_browser_close
    if (expiry := self.get("_session_expiry")) is None:
                  ~~~~~~~~^^^^^^^^^^^^^^^^^^^
  File "C:\Users\Евгения\Desktop\Projects_web\TeddysTale_with-BackEnd\venv\Lib\site-packages\django\contrib\sessions\backends\base.py", line 74, in get
    return self._session.get(key, default)
           ^^^^^^^^^^^^^
  File "C:\Users\Евгения\Desktop\Projects_web\TeddysTale_with-BackEnd\venv\Lib\site-packages\django\contrib\sessions\backends\base.py", line 249, in _get_session
    self._session_cache = self.load()
                          ~~~~~~~~~^^
  File "C:\Users\Евгения\Desktop\Projects_web\TeddysTale_with-BackEnd\venv\Lib\site-packages\django\contrib\sessions\backends\db.py", line 55, in load
    s = self._get_session_from_db()
  File "C:\Users\Евгения\Desktop\Projects_web\TeddysTale_with-BackEnd\venv\Lib\site-packages\django\contrib\sessions\backends\db.py", line 34, in _get_session_from_db
    return self.model.objects.get(
           ~~~~~~~~~~~~~~~~~~~~~~^
        session_key=self.session_key, expire_date__gt=timezone.now()
        ^^^^^^^^^^^^^^^^^^^^^^^^^^^^^^^^^^^^^^^^^^^^^^^^^^^^^^^^^^^^
    )
    ^
  File "C:\Users\Евгения\Desktop\Projects_web\TeddysTale_with-BackEnd\venv\Lib\site-packages\django\db\models\manager.py", line 87, in manager_method
    return getattr(self.get_queryset(), name)(*args, **kwargs)
           ~~~~~~~~~~~~~~~~~~~~~~~~~~~~~~~~~~^^^^^^^^^^^^^^^^^
  File "C:\Users\Евгения\Desktop\Projects_web\TeddysTale_with-BackEnd\venv\Lib\site-packages\django\db\models\query.py", line 631, in get
    num = len(clone)
  File "C:\Users\Евгения\Desktop\Projects_web\TeddysTale_with-BackEnd\venv\Lib\site-packages\django\db\models\query.py", line 368, in __len__
    self._fetch_all()
    ~~~~~~~~~~~~~~~^^
  File "C:\Users\Евгения\Desktop\Projects_web\TeddysTale_with-BackEnd\venv\Lib\site-packages\django\db\models\query.py", line 1954, in _fetch_all
    self._result_cache = list(self._iterable_class(self))
                         ~~~~^^^^^^^^^^^^^^^^^^^^^^^^^^^^
  File "C:\Users\Евгения\Desktop\Projects_web\TeddysTale_with-BackEnd\venv\Lib\site-packages\django\db\models\query.py", line 93, in __iter__
    results = compiler.execute_sql(
        chunked_fetch=self.chunked_fetch, chunk_size=self.chunk_size
    )
  File "C:\Users\Евгения\Desktop\Projects_web\TeddysTale_with-BackEnd\venv\Lib\site-packages\django\db\models\sql\compiler.py", line 1623, in execute_sql
    cursor.execute(sql, params)
    ~~~~~~~~~~~~~~^^^^^^^^^^^^^
  File "C:\Users\Евгения\Desktop\Projects_web\TeddysTale_with-BackEnd\venv\Lib\site-packages\django\db\backends\utils.py", line 122, in execute
    return super().execute(sql, params)
           ~~~~~~~~~~~~~~~^^^^^^^^^^^^^
  File "C:\Users\Евгения\Desktop\Projects_web\TeddysTale_with-BackEnd\venv\Lib\site-packages\django\db\backends\utils.py", line 79, in execute
    return self._execute_with_wrappers(
           ~~~~~~~~~~~~~~~~~~~~~~~~~~~^
        sql, params, many=False, executor=self._execute
        ^^^^^^^^^^^^^^^^^^^^^^^^^^^^^^^^^^^^^^^^^^^^^^^
    )
    ^
  File "C:\Users\Евгения\Desktop\Projects_web\TeddysTale_with-BackEnd\venv\Lib\site-packages\django\db\backends\utils.py", line 92, in _execute_with_wrappers
    return executor(sql, params, many, context)
  File "C:\Users\Евгения\Desktop\Projects_web\TeddysTale_with-BackEnd\venv\Lib\site-packages\django\db\backends\utils.py", line 100, in _execute
    with self.db.wrap_database_errors:
         ^^^^^^^^^^^^^^^^^^^^^^^^^^^^
  File "C:\Users\Евгения\Desktop\Projects_web\TeddysTale_with-BackEnd\venv\Lib\site-packages\django\db\utils.py", line 91, in __exit__
    raise dj_exc_value.with_traceback(traceback) from exc_value
  File "C:\Users\Евгения\Desktop\Projects_web\TeddysTale_with-BackEnd\venv\Lib\site-packages\django\db\backends\utils.py", line 105, in _execute
    return self.cursor.execute(sql, params)
           ~~~~~~~~~~~~~~~~~~~^^^^^^^^^^^^^
django.db.utils.ProgrammingError: relation "django_session" does not exist
LINE 1: ...ession_data", "django_session"."expire_date" FROM "django_se...
                                                             ^

ERROR 2025-12-12 08:57:14,884 basehttp 21268 18208 "GET / HTTP/1.1" 500 167563
ERROR 2025-12-12 08:57:16,990 log 21268 22280 Internal Server Error: /favicon.ico
Traceback (most recent call last):
  File "C:\Users\Евгения\Desktop\Projects_web\TeddysTale_with-BackEnd\venv\Lib\site-packages\django\contrib\sessions\backends\base.py", line 244, in _get_session
    return self._session_cache
           ^^^^^^^^^^^^^^^^^^^
AttributeError: 'SessionStore' object has no attribute '_session_cache'

During handling of the above exception, another exception occurred:

Traceback (most recent call last):
  File "C:\Users\Евгения\Desktop\Projects_web\TeddysTale_with-BackEnd\venv\Lib\site-packages\django\db\backends\utils.py", line 105, in _execute
    return self.cursor.execute(sql, params)
           ~~~~~~~~~~~~~~~~~~~^^^^^^^^^^^^^
psycopg2.errors.UndefinedTable: relation "django_session" does not exist
LINE 1: ...ession_data", "django_session"."expire_date" FROM "django_se...
                                                             ^


The above exception was the direct cause of the following exception:

Traceback (most recent call last):
  File "C:\Users\Евгения\Desktop\Projects_web\TeddysTale_with-BackEnd\venv\Lib\site-packages\django\core\handlers\exception.py", line 55, in inner
    response = get_response(request)
  File "C:\Users\Евгения\Desktop\Projects_web\TeddysTale_with-BackEnd\venv\Lib\site-packages\django\utils\deprecation.py", line 119, in __call__
    response = self.process_request(request)
  File "C:\Users\Евгения\Desktop\Projects_web\TeddysTale_with-BackEnd\venv\Lib\site-packages\django\middleware\csrf.py", line 403, in process_request
    csrf_secret = self._get_secret(request)
  File "C:\Users\Евгения\Desktop\Projects_web\TeddysTale_with-BackEnd\venv\Lib\site-packages\django\middleware\csrf.py", line 231, in _get_secret
    csrf_secret = request.session.get(CSRF_SESSION_KEY)
  File "C:\Users\Евгения\Desktop\Projects_web\TeddysTale_with-BackEnd\venv\Lib\site-packages\django\contrib\sessions\backends\base.py", line 74, in get
    return self._session.get(key, default)
           ^^^^^^^^^^^^^
  File "C:\Users\Евгения\Desktop\Projects_web\TeddysTale_with-BackEnd\venv\Lib\site-packages\django\contrib\sessions\backends\base.py", line 249, in _get_session
    self._session_cache = self.load()
                          ~~~~~~~~~^^
  File "C:\Users\Евгения\Desktop\Projects_web\TeddysTale_with-BackEnd\venv\Lib\site-packages\django\contrib\sessions\backends\db.py", line 55, in load
    s = self._get_session_from_db()
  File "C:\Users\Евгения\Desktop\Projects_web\TeddysTale_with-BackEnd\venv\Lib\site-packages\django\contrib\sessions\backends\db.py", line 34, in _get_session_from_db
    return self.model.objects.get(
           ~~~~~~~~~~~~~~~~~~~~~~^
        session_key=self.session_key, expire_date__gt=timezone.now()
        ^^^^^^^^^^^^^^^^^^^^^^^^^^^^^^^^^^^^^^^^^^^^^^^^^^^^^^^^^^^^
    )
    ^
  File "C:\Users\Евгения\Desktop\Projects_web\TeddysTale_with-BackEnd\venv\Lib\site-packages\django\db\models\manager.py", line 87, in manager_method
    return getattr(self.get_queryset(), name)(*args, **kwargs)
           ~~~~~~~~~~~~~~~~~~~~~~~~~~~~~~~~~~^^^^^^^^^^^^^^^^^
  File "C:\Users\Евгения\Desktop\Projects_web\TeddysTale_with-BackEnd\venv\Lib\site-packages\django\db\models\query.py", line 631, in get
    num = len(clone)
  File "C:\Users\Евгения\Desktop\Projects_web\TeddysTale_with-BackEnd\venv\Lib\site-packages\django\db\models\query.py", line 368, in __len__
    self._fetch_all()
    ~~~~~~~~~~~~~~~^^
  File "C:\Users\Евгения\Desktop\Projects_web\TeddysTale_with-BackEnd\venv\Lib\site-packages\django\db\models\query.py", line 1954, in _fetch_all
    self._result_cache = list(self._iterable_class(self))
                         ~~~~^^^^^^^^^^^^^^^^^^^^^^^^^^^^
  File "C:\Users\Евгения\Desktop\Projects_web\TeddysTale_with-BackEnd\venv\Lib\site-packages\django\db\models\query.py", line 93, in __iter__
    results = compiler.execute_sql(
        chunked_fetch=self.chunked_fetch, chunk_size=self.chunk_size
    )
  File "C:\Users\Евгения\Desktop\Projects_web\TeddysTale_with-BackEnd\venv\Lib\site-packages\django\db\models\sql\compiler.py", line 1623, in execute_sql
    cursor.execute(sql, params)
    ~~~~~~~~~~~~~~^^^^^^^^^^^^^
  File "C:\Users\Евгения\Desktop\Projects_web\TeddysTale_with-BackEnd\venv\Lib\site-packages\django\db\backends\utils.py", line 122, in execute
    return super().execute(sql, params)
           ~~~~~~~~~~~~~~~^^^^^^^^^^^^^
  File "C:\Users\Евгения\Desktop\Projects_web\TeddysTale_with-BackEnd\venv\Lib\site-packages\django\db\backends\utils.py", line 79, in execute
    return self._execute_with_wrappers(
           ~~~~~~~~~~~~~~~~~~~~~~~~~~~^
        sql, params, many=False, executor=self._execute
        ^^^^^^^^^^^^^^^^^^^^^^^^^^^^^^^^^^^^^^^^^^^^^^^
    )
    ^
  File "C:\Users\Евгения\Desktop\Projects_web\TeddysTale_with-BackEnd\venv\Lib\site-packages\django\db\backends\utils.py", line 92, in _execute_with_wrappers
    return executor(sql, params, many, context)
  File "C:\Users\Евгения\Desktop\Projects_web\TeddysTale_with-BackEnd\venv\Lib\site-packages\django\db\backends\utils.py", line 100, in _execute
    with self.db.wrap_database_errors:
         ^^^^^^^^^^^^^^^^^^^^^^^^^^^^
  File "C:\Users\Евгения\Desktop\Projects_web\TeddysTale_with-BackEnd\venv\Lib\site-packages\django\db\utils.py", line 91, in __exit__
    raise dj_exc_value.with_traceback(traceback) from exc_value
  File "C:\Users\Евгения\Desktop\Projects_web\TeddysTale_with-BackEnd\venv\Lib\site-packages\django\db\backends\utils.py", line 105, in _execute
    return self.cursor.execute(sql, params)
           ~~~~~~~~~~~~~~~~~~~^^^^^^^^^^^^^
django.db.utils.ProgrammingError: relation "django_session" does not exist
LINE 1: ...ession_data", "django_session"."expire_date" FROM "django_se...
                                                             ^

ERROR 2025-12-12 08:57:17,642 log 21268 22280 Internal Server Error: /favicon.ico
Traceback (most recent call last):
  File "C:\Users\Евгения\Desktop\Projects_web\TeddysTale_with-BackEnd\venv\Lib\site-packages\django\contrib\sessions\backends\base.py", line 244, in _get_session
    return self._session_cache
           ^^^^^^^^^^^^^^^^^^^
AttributeError: 'SessionStore' object has no attribute '_session_cache'

During handling of the above exception, another exception occurred:

Traceback (most recent call last):
  File "C:\Users\Евгения\Desktop\Projects_web\TeddysTale_with-BackEnd\venv\Lib\site-packages\django\db\backends\utils.py", line 105, in _execute
    return self.cursor.execute(sql, params)
           ~~~~~~~~~~~~~~~~~~~^^^^^^^^^^^^^
psycopg2.errors.UndefinedTable: relation "django_session" does not exist
LINE 1: ...ession_data", "django_session"."expire_date" FROM "django_se...
                                                             ^


The above exception was the direct cause of the following exception:

Traceback (most recent call last):
  File "C:\Users\Евгения\Desktop\Projects_web\TeddysTale_with-BackEnd\venv\Lib\site-packages\django\core\handlers\exception.py", line 55, in inner
    response = get_response(request)
  File "C:\Users\Евгения\Desktop\Projects_web\TeddysTale_with-BackEnd\venv\Lib\site-packages\django\utils\deprecation.py", line 122, in __call__
    response = self.process_response(request, response)
  File "C:\Users\Евгения\Desktop\Projects_web\TeddysTale_with-BackEnd\venv\Lib\site-packages\django\contrib\sessions\middleware.py", line 48, in process_response
    if request.session.get_expire_at_browser_close():
       ~~~~~~~~~~~~~~~~~~~~~~~~~~~~~~~~~~~~~~~~~~~^^
  File "C:\Users\Евгения\Desktop\Projects_web\TeddysTale_with-BackEnd\venv\Lib\site-packages\django\contrib\sessions\backends\base.py", line 403, in get_expire_at_browser_close
    if (expiry := self.get("_session_expiry")) is None:
                  ~~~~~~~~^^^^^^^^^^^^^^^^^^^
  File "C:\Users\Евгения\Desktop\Projects_web\TeddysTale_with-BackEnd\venv\Lib\site-packages\django\contrib\sessions\backends\base.py", line 74, in get
    return self._session.get(key, default)
           ^^^^^^^^^^^^^
  File "C:\Users\Евгения\Desktop\Projects_web\TeddysTale_with-BackEnd\venv\Lib\site-packages\django\contrib\sessions\backends\base.py", line 249, in _get_session
    self._session_cache = self.load()
                          ~~~~~~~~~^^
  File "C:\Users\Евгения\Desktop\Projects_web\TeddysTale_with-BackEnd\venv\Lib\site-packages\django\contrib\sessions\backends\db.py", line 55, in load
    s = self._get_session_from_db()
  File "C:\Users\Евгения\Desktop\Projects_web\TeddysTale_with-BackEnd\venv\Lib\site-packages\django\contrib\sessions\backends\db.py", line 34, in _get_session_from_db
    return self.model.objects.get(
           ~~~~~~~~~~~~~~~~~~~~~~^
        session_key=self.session_key, expire_date__gt=timezone.now()
        ^^^^^^^^^^^^^^^^^^^^^^^^^^^^^^^^^^^^^^^^^^^^^^^^^^^^^^^^^^^^
    )
    ^
  File "C:\Users\Евгения\Desktop\Projects_web\TeddysTale_with-BackEnd\venv\Lib\site-packages\django\db\models\manager.py", line 87, in manager_method
    return getattr(self.get_queryset(), name)(*args, **kwargs)
           ~~~~~~~~~~~~~~~~~~~~~~~~~~~~~~~~~~^^^^^^^^^^^^^^^^^
  File "C:\Users\Евгения\Desktop\Projects_web\TeddysTale_with-BackEnd\venv\Lib\site-packages\django\db\models\query.py", line 631, in get
    num = len(clone)
  File "C:\Users\Евгения\Desktop\Projects_web\TeddysTale_with-BackEnd\venv\Lib\site-packages\django\db\models\query.py", line 368, in __len__
    self._fetch_all()
    ~~~~~~~~~~~~~~~^^
  File "C:\Users\Евгения\Desktop\Projects_web\TeddysTale_with-BackEnd\venv\Lib\site-packages\django\db\models\query.py", line 1954, in _fetch_all
    self._result_cache = list(self._iterable_class(self))
                         ~~~~^^^^^^^^^^^^^^^^^^^^^^^^^^^^
  File "C:\Users\Евгения\Desktop\Projects_web\TeddysTale_with-BackEnd\venv\Lib\site-packages\django\db\models\query.py", line 93, in __iter__
    results = compiler.execute_sql(
        chunked_fetch=self.chunked_fetch, chunk_size=self.chunk_size
    )
  File "C:\Users\Евгения\Desktop\Projects_web\TeddysTale_with-BackEnd\venv\Lib\site-packages\django\db\models\sql\compiler.py", line 1623, in execute_sql
    cursor.execute(sql, params)
    ~~~~~~~~~~~~~~^^^^^^^^^^^^^
  File "C:\Users\Евгения\Desktop\Projects_web\TeddysTale_with-BackEnd\venv\Lib\site-packages\django\db\backends\utils.py", line 122, in execute
    return super().execute(sql, params)
           ~~~~~~~~~~~~~~~^^^^^^^^^^^^^
  File "C:\Users\Евгения\Desktop\Projects_web\TeddysTale_with-BackEnd\venv\Lib\site-packages\django\db\backends\utils.py", line 79, in execute
    return self._execute_with_wrappers(
           ~~~~~~~~~~~~~~~~~~~~~~~~~~~^
        sql, params, many=False, executor=self._execute
        ^^^^^^^^^^^^^^^^^^^^^^^^^^^^^^^^^^^^^^^^^^^^^^^
    )
    ^
  File "C:\Users\Евгения\Desktop\Projects_web\TeddysTale_with-BackEnd\venv\Lib\site-packages\django\db\backends\utils.py", line 92, in _execute_with_wrappers
    return executor(sql, params, many, context)
  File "C:\Users\Евгения\Desktop\Projects_web\TeddysTale_with-BackEnd\venv\Lib\site-packages\django\db\backends\utils.py", line 100, in _execute
    with self.db.wrap_database_errors:
         ^^^^^^^^^^^^^^^^^^^^^^^^^^^^
  File "C:\Users\Евгения\Desktop\Projects_web\TeddysTale_with-BackEnd\venv\Lib\site-packages\django\db\utils.py", line 91, in __exit__
    raise dj_exc_value.with_traceback(traceback) from exc_value
  File "C:\Users\Евгения\Desktop\Projects_web\TeddysTale_with-BackEnd\venv\Lib\site-packages\django\db\backends\utils.py", line 105, in _execute
    return self.cursor.execute(sql, params)
           ~~~~~~~~~~~~~~~~~~~^^^^^^^^^^^^^
django.db.utils.ProgrammingError: relation "django_session" does not exist
LINE 1: ...ession_data", "django_session"."expire_date" FROM "django_se...
                                                             ^

ERROR 2025-12-12 08:57:17,667 basehttp 21268 22280 "GET /favicon.ico HTTP/1.1" 500 167243
ERROR 2025-12-12 08:59:54,499 log 7536 21056 Internal Server Error: /
Traceback (most recent call last):
  File "C:\Users\Евгения\Desktop\Projects_web\TeddysTale_with-BackEnd\venv\Lib\site-packages\django\contrib\sessions\backends\base.py", line 244, in _get_session
    return self._session_cache
           ^^^^^^^^^^^^^^^^^^^
AttributeError: 'SessionStore' object has no attribute '_session_cache'

During handling of the above exception, another exception occurred:

Traceback (most recent call last):
  File "C:\Users\Евгения\Desktop\Projects_web\TeddysTale_with-BackEnd\venv\Lib\site-packages\django\db\backends\utils.py", line 105, in _execute
    return self.cursor.execute(sql, params)
           ~~~~~~~~~~~~~~~~~~~^^^^^^^^^^^^^
psycopg2.errors.UndefinedTable: relation "django_session" does not exist
LINE 1: ...ession_data", "django_session"."expire_date" FROM "django_se...
                                                             ^


The above exception was the direct cause of the following exception:

Traceback (most recent call last):
  File "C:\Users\Евгения\Desktop\Projects_web\TeddysTale_with-BackEnd\venv\Lib\site-packages\django\core\handlers\exception.py", line 55, in inner
    response = get_response(request)
  File "C:\Users\Евгения\Desktop\Projects_web\TeddysTale_with-BackEnd\venv\Lib\site-packages\django\utils\deprecation.py", line 119, in __call__
    response = self.process_request(request)
  File "C:\Users\Евгения\Desktop\Projects_web\TeddysTale_with-BackEnd\venv\Lib\site-packages\django\middleware\csrf.py", line 403, in process_request
    csrf_secret = self._get_secret(request)
  File "C:\Users\Евгения\Desktop\Projects_web\TeddysTale_with-BackEnd\venv\Lib\site-packages\django\middleware\csrf.py", line 231, in _get_secret
    csrf_secret = request.session.get(CSRF_SESSION_KEY)
  File "C:\Users\Евгения\Desktop\Projects_web\TeddysTale_with-BackEnd\venv\Lib\site-packages\django\contrib\sessions\backends\base.py", line 74, in get
    return self._session.get(key, default)
           ^^^^^^^^^^^^^
  File "C:\Users\Евгения\Desktop\Projects_web\TeddysTale_with-BackEnd\venv\Lib\site-packages\django\contrib\sessions\backends\base.py", line 249, in _get_session
    self._session_cache = self.load()
                          ~~~~~~~~~^^
  File "C:\Users\Евгения\Desktop\Projects_web\TeddysTale_with-BackEnd\venv\Lib\site-packages\django\contrib\sessions\backends\db.py", line 55, in load
    s = self._get_session_from_db()
  File "C:\Users\Евгения\Desktop\Projects_web\TeddysTale_with-BackEnd\venv\Lib\site-packages\django\contrib\sessions\backends\db.py", line 34, in _get_session_from_db
    return self.model.objects.get(
           ~~~~~~~~~~~~~~~~~~~~~~^
        session_key=self.session_key, expire_date__gt=timezone.now()
        ^^^^^^^^^^^^^^^^^^^^^^^^^^^^^^^^^^^^^^^^^^^^^^^^^^^^^^^^^^^^
    )
    ^
  File "C:\Users\Евгения\Desktop\Projects_web\TeddysTale_with-BackEnd\venv\Lib\site-packages\django\db\models\manager.py", line 87, in manager_method
    return getattr(self.get_queryset(), name)(*args, **kwargs)
           ~~~~~~~~~~~~~~~~~~~~~~~~~~~~~~~~~~^^^^^^^^^^^^^^^^^
  File "C:\Users\Евгения\Desktop\Projects_web\TeddysTale_with-BackEnd\venv\Lib\site-packages\django\db\models\query.py", line 631, in get
    num = len(clone)
  File "C:\Users\Евгения\Desktop\Projects_web\TeddysTale_with-BackEnd\venv\Lib\site-packages\django\db\models\query.py", line 368, in __len__
    self._fetch_all()
    ~~~~~~~~~~~~~~~^^
  File "C:\Users\Евгения\Desktop\Projects_web\TeddysTale_with-BackEnd\venv\Lib\site-packages\django\db\models\query.py", line 1954, in _fetch_all
    self._result_cache = list(self._iterable_class(self))
                         ~~~~^^^^^^^^^^^^^^^^^^^^^^^^^^^^
  File "C:\Users\Евгения\Desktop\Projects_web\TeddysTale_with-BackEnd\venv\Lib\site-packages\django\db\models\query.py", line 93, in __iter__
    results = compiler.execute_sql(
        chunked_fetch=self.chunked_fetch, chunk_size=self.chunk_size
    )
  File "C:\Users\Евгения\Desktop\Projects_web\TeddysTale_with-BackEnd\venv\Lib\site-packages\django\db\models\sql\compiler.py", line 1623, in execute_sql
    cursor.execute(sql, params)
    ~~~~~~~~~~~~~~^^^^^^^^^^^^^
  File "C:\Users\Евгения\Desktop\Projects_web\TeddysTale_with-BackEnd\venv\Lib\site-packages\django\db\backends\utils.py", line 122, in execute
    return super().execute(sql, params)
           ~~~~~~~~~~~~~~~^^^^^^^^^^^^^
  File "C:\Users\Евгения\Desktop\Projects_web\TeddysTale_with-BackEnd\venv\Lib\site-packages\django\db\backends\utils.py", line 79, in execute
    return self._execute_with_wrappers(
           ~~~~~~~~~~~~~~~~~~~~~~~~~~~^
        sql, params, many=False, executor=self._execute
        ^^^^^^^^^^^^^^^^^^^^^^^^^^^^^^^^^^^^^^^^^^^^^^^
    )
    ^
  File "C:\Users\Евгения\Desktop\Projects_web\TeddysTale_with-BackEnd\venv\Lib\site-packages\django\db\backends\utils.py", line 92, in _execute_with_wrappers
    return executor(sql, params, many, context)
  File "C:\Users\Евгения\Desktop\Projects_web\TeddysTale_with-BackEnd\venv\Lib\site-packages\django\db\backends\utils.py", line 100, in _execute
    with self.db.wrap_database_errors:
         ^^^^^^^^^^^^^^^^^^^^^^^^^^^^
  File "C:\Users\Евгения\Desktop\Projects_web\TeddysTale_with-BackEnd\venv\Lib\site-packages\django\db\utils.py", line 91, in __exit__
    raise dj_exc_value.with_traceback(traceback) from exc_value
  File "C:\Users\Евгения\Desktop\Projects_web\TeddysTale_with-BackEnd\venv\Lib\site-packages\django\db\backends\utils.py", line 105, in _execute
    return self.cursor.execute(sql, params)
           ~~~~~~~~~~~~~~~~~~~^^^^^^^^^^^^^
django.db.utils.ProgrammingError: relation "django_session" does not exist
LINE 1: ...ession_data", "django_session"."expire_date" FROM "django_se...
                                                             ^

ERROR 2025-12-12 08:59:55,272 log 7536 21056 Internal Server Error: /
Traceback (most recent call last):
  File "C:\Users\Евгения\Desktop\Projects_web\TeddysTale_with-BackEnd\venv\Lib\site-packages\django\contrib\sessions\backends\base.py", line 244, in _get_session
    return self._session_cache
           ^^^^^^^^^^^^^^^^^^^
AttributeError: 'SessionStore' object has no attribute '_session_cache'

During handling of the above exception, another exception occurred:

Traceback (most recent call last):
  File "C:\Users\Евгения\Desktop\Projects_web\TeddysTale_with-BackEnd\venv\Lib\site-packages\django\db\backends\utils.py", line 105, in _execute
    return self.cursor.execute(sql, params)
           ~~~~~~~~~~~~~~~~~~~^^^^^^^^^^^^^
psycopg2.errors.UndefinedTable: relation "django_session" does not exist
LINE 1: ...ession_data", "django_session"."expire_date" FROM "django_se...
                                                             ^


The above exception was the direct cause of the following exception:

Traceback (most recent call last):
  File "C:\Users\Евгения\Desktop\Projects_web\TeddysTale_with-BackEnd\venv\Lib\site-packages\django\core\handlers\exception.py", line 55, in inner
    response = get_response(request)
  File "C:\Users\Евгения\Desktop\Projects_web\TeddysTale_with-BackEnd\venv\Lib\site-packages\django\utils\deprecation.py", line 122, in __call__
    response = self.process_response(request, response)
  File "C:\Users\Евгения\Desktop\Projects_web\TeddysTale_with-BackEnd\venv\Lib\site-packages\django\contrib\sessions\middleware.py", line 48, in process_response
    if request.session.get_expire_at_browser_close():
       ~~~~~~~~~~~~~~~~~~~~~~~~~~~~~~~~~~~~~~~~~~~^^
  File "C:\Users\Евгения\Desktop\Projects_web\TeddysTale_with-BackEnd\venv\Lib\site-packages\django\contrib\sessions\backends\base.py", line 403, in get_expire_at_browser_close
    if (expiry := self.get("_session_expiry")) is None:
                  ~~~~~~~~^^^^^^^^^^^^^^^^^^^
  File "C:\Users\Евгения\Desktop\Projects_web\TeddysTale_with-BackEnd\venv\Lib\site-packages\django\contrib\sessions\backends\base.py", line 74, in get
    return self._session.get(key, default)
           ^^^^^^^^^^^^^
  File "C:\Users\Евгения\Desktop\Projects_web\TeddysTale_with-BackEnd\venv\Lib\site-packages\django\contrib\sessions\backends\base.py", line 249, in _get_session
    self._session_cache = self.load()
                          ~~~~~~~~~^^
  File "C:\Users\Евгения\Desktop\Projects_web\TeddysTale_with-BackEnd\venv\Lib\site-packages\django\contrib\sessions\backends\db.py", line 55, in load
    s = self._get_session_from_db()
  File "C:\Users\Евгения\Desktop\Projects_web\TeddysTale_with-BackEnd\venv\Lib\site-packages\django\contrib\sessions\backends\db.py", line 34, in _get_session_from_db
    return self.model.objects.get(
           ~~~~~~~~~~~~~~~~~~~~~~^
        session_key=self.session_key, expire_date__gt=timezone.now()
        ^^^^^^^^^^^^^^^^^^^^^^^^^^^^^^^^^^^^^^^^^^^^^^^^^^^^^^^^^^^^
    )
    ^
  File "C:\Users\Евгения\Desktop\Projects_web\TeddysTale_with-BackEnd\venv\Lib\site-packages\django\db\models\manager.py", line 87, in manager_method
    return getattr(self.get_queryset(), name)(*args, **kwargs)
           ~~~~~~~~~~~~~~~~~~~~~~~~~~~~~~~~~~^^^^^^^^^^^^^^^^^
  File "C:\Users\Евгения\Desktop\Projects_web\TeddysTale_with-BackEnd\venv\Lib\site-packages\django\db\models\query.py", line 631, in get
    num = len(clone)
  File "C:\Users\Евгения\Desktop\Projects_web\TeddysTale_with-BackEnd\venv\Lib\site-packages\django\db\models\query.py", line 368, in __len__
    self._fetch_all()
    ~~~~~~~~~~~~~~~^^
  File "C:\Users\Евгения\Desktop\Projects_web\TeddysTale_with-BackEnd\venv\Lib\site-packages\django\db\models\query.py", line 1954, in _fetch_all
    self._result_cache = list(self._iterable_class(self))
                         ~~~~^^^^^^^^^^^^^^^^^^^^^^^^^^^^
  File "C:\Users\Евгения\Desktop\Projects_web\TeddysTale_with-BackEnd\venv\Lib\site-packages\django\db\models\query.py", line 93, in __iter__
    results = compiler.execute_sql(
        chunked_fetch=self.chunked_fetch, chunk_size=self.chunk_size
    )
  File "C:\Users\Евгения\Desktop\Projects_web\TeddysTale_with-BackEnd\venv\Lib\site-packages\django\db\models\sql\compiler.py", line 1623, in execute_sql
    cursor.execute(sql, params)
    ~~~~~~~~~~~~~~^^^^^^^^^^^^^
  File "C:\Users\Евгения\Desktop\Projects_web\TeddysTale_with-BackEnd\venv\Lib\site-packages\django\db\backends\utils.py", line 122, in execute
    return super().execute(sql, params)
           ~~~~~~~~~~~~~~~^^^^^^^^^^^^^
  File "C:\Users\Евгения\Desktop\Projects_web\TeddysTale_with-BackEnd\venv\Lib\site-packages\django\db\backends\utils.py", line 79, in execute
    return self._execute_with_wrappers(
           ~~~~~~~~~~~~~~~~~~~~~~~~~~~^
        sql, params, many=False, executor=self._execute
        ^^^^^^^^^^^^^^^^^^^^^^^^^^^^^^^^^^^^^^^^^^^^^^^
    )
    ^
  File "C:\Users\Евгения\Desktop\Projects_web\TeddysTale_with-BackEnd\venv\Lib\site-packages\django\db\backends\utils.py", line 92, in _execute_with_wrappers
    return executor(sql, params, many, context)
  File "C:\Users\Евгения\Desktop\Projects_web\TeddysTale_with-BackEnd\venv\Lib\site-packages\django\db\backends\utils.py", line 100, in _execute
    with self.db.wrap_database_errors:
         ^^^^^^^^^^^^^^^^^^^^^^^^^^^^
  File "C:\Users\Евгения\Desktop\Projects_web\TeddysTale_with-BackEnd\venv\Lib\site-packages\django\db\utils.py", line 91, in __exit__
    raise dj_exc_value.with_traceback(traceback) from exc_value
  File "C:\Users\Евгения\Desktop\Projects_web\TeddysTale_with-BackEnd\venv\Lib\site-packages\django\db\backends\utils.py", line 105, in _execute
    return self.cursor.execute(sql, params)
           ~~~~~~~~~~~~~~~~~~~^^^^^^^^^^^^^
django.db.utils.ProgrammingError: relation "django_session" does not exist
LINE 1: ...ession_data", "django_session"."expire_date" FROM "django_se...
                                                             ^

ERROR 2025-12-12 08:59:55,286 basehttp 7536 21056 "GET / HTTP/1.1" 500 167500
ERROR 2025-12-12 08:59:57,099 log 7536 21756 Internal Server Error: /favicon.ico
Traceback (most recent call last):
  File "C:\Users\Евгения\Desktop\Projects_web\TeddysTale_with-BackEnd\venv\Lib\site-packages\django\contrib\sessions\backends\base.py", line 244, in _get_session
    return self._session_cache
           ^^^^^^^^^^^^^^^^^^^
AttributeError: 'SessionStore' object has no attribute '_session_cache'

During handling of the above exception, another exception occurred:

Traceback (most recent call last):
  File "C:\Users\Евгения\Desktop\Projects_web\TeddysTale_with-BackEnd\venv\Lib\site-packages\django\db\backends\utils.py", line 105, in _execute
    return self.cursor.execute(sql, params)
           ~~~~~~~~~~~~~~~~~~~^^^^^^^^^^^^^
psycopg2.errors.UndefinedTable: relation "django_session" does not exist
LINE 1: ...ession_data", "django_session"."expire_date" FROM "django_se...
                                                             ^


The above exception was the direct cause of the following exception:

Traceback (most recent call last):
  File "C:\Users\Евгения\Desktop\Projects_web\TeddysTale_with-BackEnd\venv\Lib\site-packages\django\core\handlers\exception.py", line 55, in inner
    response = get_response(request)
  File "C:\Users\Евгения\Desktop\Projects_web\TeddysTale_with-BackEnd\venv\Lib\site-packages\django\utils\deprecation.py", line 119, in __call__
    response = self.process_request(request)
  File "C:\Users\Евгения\Desktop\Projects_web\TeddysTale_with-BackEnd\venv\Lib\site-packages\django\middleware\csrf.py", line 403, in process_request
    csrf_secret = self._get_secret(request)
  File "C:\Users\Евгения\Desktop\Projects_web\TeddysTale_with-BackEnd\venv\Lib\site-packages\django\middleware\csrf.py", line 231, in _get_secret
    csrf_secret = request.session.get(CSRF_SESSION_KEY)
  File "C:\Users\Евгения\Desktop\Projects_web\TeddysTale_with-BackEnd\venv\Lib\site-packages\django\contrib\sessions\backends\base.py", line 74, in get
    return self._session.get(key, default)
           ^^^^^^^^^^^^^
  File "C:\Users\Евгения\Desktop\Projects_web\TeddysTale_with-BackEnd\venv\Lib\site-packages\django\contrib\sessions\backends\base.py", line 249, in _get_session
    self._session_cache = self.load()
                          ~~~~~~~~~^^
  File "C:\Users\Евгения\Desktop\Projects_web\TeddysTale_with-BackEnd\venv\Lib\site-packages\django\contrib\sessions\backends\db.py", line 55, in load
    s = self._get_session_from_db()
  File "C:\Users\Евгения\Desktop\Projects_web\TeddysTale_with-BackEnd\venv\Lib\site-packages\django\contrib\sessions\backends\db.py", line 34, in _get_session_from_db
    return self.model.objects.get(
           ~~~~~~~~~~~~~~~~~~~~~~^
        session_key=self.session_key, expire_date__gt=timezone.now()
        ^^^^^^^^^^^^^^^^^^^^^^^^^^^^^^^^^^^^^^^^^^^^^^^^^^^^^^^^^^^^
    )
    ^
  File "C:\Users\Евгения\Desktop\Projects_web\TeddysTale_with-BackEnd\venv\Lib\site-packages\django\db\models\manager.py", line 87, in manager_method
    return getattr(self.get_queryset(), name)(*args, **kwargs)
           ~~~~~~~~~~~~~~~~~~~~~~~~~~~~~~~~~~^^^^^^^^^^^^^^^^^
  File "C:\Users\Евгения\Desktop\Projects_web\TeddysTale_with-BackEnd\venv\Lib\site-packages\django\db\models\query.py", line 631, in get
    num = len(clone)
  File "C:\Users\Евгения\Desktop\Projects_web\TeddysTale_with-BackEnd\venv\Lib\site-packages\django\db\models\query.py", line 368, in __len__
    self._fetch_all()
    ~~~~~~~~~~~~~~~^^
  File "C:\Users\Евгения\Desktop\Projects_web\TeddysTale_with-BackEnd\venv\Lib\site-packages\django\db\models\query.py", line 1954, in _fetch_all
    self._result_cache = list(self._iterable_class(self))
                         ~~~~^^^^^^^^^^^^^^^^^^^^^^^^^^^^
  File "C:\Users\Евгения\Desktop\Projects_web\TeddysTale_with-BackEnd\venv\Lib\site-packages\django\db\models\query.py", line 93, in __iter__
    results = compiler.execute_sql(
        chunked_fetch=self.chunked_fetch, chunk_size=self.chunk_size
    )
  File "C:\Users\Евгения\Desktop\Projects_web\TeddysTale_with-BackEnd\venv\Lib\site-packages\django\db\models\sql\compiler.py", line 1623, in execute_sql
    cursor.execute(sql, params)
    ~~~~~~~~~~~~~~^^^^^^^^^^^^^
  File "C:\Users\Евгения\Desktop\Projects_web\TeddysTale_with-BackEnd\venv\Lib\site-packages\django\db\backends\utils.py", line 122, in execute
    return super().execute(sql, params)
           ~~~~~~~~~~~~~~~^^^^^^^^^^^^^
  File "C:\Users\Евгения\Desktop\Projects_web\TeddysTale_with-BackEnd\venv\Lib\site-packages\django\db\backends\utils.py", line 79, in execute
    return self._execute_with_wrappers(
           ~~~~~~~~~~~~~~~~~~~~~~~~~~~^
        sql, params, many=False, executor=self._execute
        ^^^^^^^^^^^^^^^^^^^^^^^^^^^^^^^^^^^^^^^^^^^^^^^
    )
    ^
  File "C:\Users\Евгения\Desktop\Projects_web\TeddysTale_with-BackEnd\venv\Lib\site-packages\django\db\backends\utils.py", line 92, in _execute_with_wrappers
    return executor(sql, params, many, context)
  File "C:\Users\Евгения\Desktop\Projects_web\TeddysTale_with-BackEnd\venv\Lib\site-packages\django\db\backends\utils.py", line 100, in _execute
    with self.db.wrap_database_errors:
         ^^^^^^^^^^^^^^^^^^^^^^^^^^^^
  File "C:\Users\Евгения\Desktop\Projects_web\TeddysTale_with-BackEnd\venv\Lib\site-packages\django\db\utils.py", line 91, in __exit__
    raise dj_exc_value.with_traceback(traceback) from exc_value
  File "C:\Users\Евгения\Desktop\Projects_web\TeddysTale_with-BackEnd\venv\Lib\site-packages\django\db\backends\utils.py", line 105, in _execute
    return self.cursor.execute(sql, params)
           ~~~~~~~~~~~~~~~~~~~^^^^^^^^^^^^^
django.db.utils.ProgrammingError: relation "django_session" does not exist
LINE 1: ...ession_data", "django_session"."expire_date" FROM "django_se...
                                                             ^

ERROR 2025-12-12 08:59:57,881 log 7536 21756 Internal Server Error: /favicon.ico
Traceback (most recent call last):
  File "C:\Users\Евгения\Desktop\Projects_web\TeddysTale_with-BackEnd\venv\Lib\site-packages\django\contrib\sessions\backends\base.py", line 244, in _get_session
    return self._session_cache
           ^^^^^^^^^^^^^^^^^^^
AttributeError: 'SessionStore' object has no attribute '_session_cache'

During handling of the above exception, another exception occurred:

Traceback (most recent call last):
  File "C:\Users\Евгения\Desktop\Projects_web\TeddysTale_with-BackEnd\venv\Lib\site-packages\django\db\backends\utils.py", line 105, in _execute
    return self.cursor.execute(sql, params)
           ~~~~~~~~~~~~~~~~~~~^^^^^^^^^^^^^
psycopg2.errors.UndefinedTable: relation "django_session" does not exist
LINE 1: ...ession_data", "django_session"."expire_date" FROM "django_se...
                                                             ^


The above exception was the direct cause of the following exception:

Traceback (most recent call last):
  File "C:\Users\Евгения\Desktop\Projects_web\TeddysTale_with-BackEnd\venv\Lib\site-packages\django\core\handlers\exception.py", line 55, in inner
    response = get_response(request)
  File "C:\Users\Евгения\Desktop\Projects_web\TeddysTale_with-BackEnd\venv\Lib\site-packages\django\utils\deprecation.py", line 122, in __call__
    response = self.process_response(request, response)
  File "C:\Users\Евгения\Desktop\Projects_web\TeddysTale_with-BackEnd\venv\Lib\site-packages\django\contrib\sessions\middleware.py", line 48, in process_response
    if request.session.get_expire_at_browser_close():
       ~~~~~~~~~~~~~~~~~~~~~~~~~~~~~~~~~~~~~~~~~~~^^
  File "C:\Users\Евгения\Desktop\Projects_web\TeddysTale_with-BackEnd\venv\Lib\site-packages\django\contrib\sessions\backends\base.py", line 403, in get_expire_at_browser_close
    if (expiry := self.get("_session_expiry")) is None:
                  ~~~~~~~~^^^^^^^^^^^^^^^^^^^
  File "C:\Users\Евгения\Desktop\Projects_web\TeddysTale_with-BackEnd\venv\Lib\site-packages\django\contrib\sessions\backends\base.py", line 74, in get
    return self._session.get(key, default)
           ^^^^^^^^^^^^^
  File "C:\Users\Евгения\Desktop\Projects_web\TeddysTale_with-BackEnd\venv\Lib\site-packages\django\contrib\sessions\backends\base.py", line 249, in _get_session
    self._session_cache = self.load()
                          ~~~~~~~~~^^
  File "C:\Users\Евгения\Desktop\Projects_web\TeddysTale_with-BackEnd\venv\Lib\site-packages\django\contrib\sessions\backends\db.py", line 55, in load
    s = self._get_session_from_db()
  File "C:\Users\Евгения\Desktop\Projects_web\TeddysTale_with-BackEnd\venv\Lib\site-packages\django\contrib\sessions\backends\db.py", line 34, in _get_session_from_db
    return self.model.objects.get(
           ~~~~~~~~~~~~~~~~~~~~~~^
        session_key=self.session_key, expire_date__gt=timezone.now()
        ^^^^^^^^^^^^^^^^^^^^^^^^^^^^^^^^^^^^^^^^^^^^^^^^^^^^^^^^^^^^
    )
    ^
  File "C:\Users\Евгения\Desktop\Projects_web\TeddysTale_with-BackEnd\venv\Lib\site-packages\django\db\models\manager.py", line 87, in manager_method
    return getattr(self.get_queryset(), name)(*args, **kwargs)
           ~~~~~~~~~~~~~~~~~~~~~~~~~~~~~~~~~~^^^^^^^^^^^^^^^^^
  File "C:\Users\Евгения\Desktop\Projects_web\TeddysTale_with-BackEnd\venv\Lib\site-packages\django\db\models\query.py", line 631, in get
    num = len(clone)
  File "C:\Users\Евгения\Desktop\Projects_web\TeddysTale_with-BackEnd\venv\Lib\site-packages\django\db\models\query.py", line 368, in __len__
    self._fetch_all()
    ~~~~~~~~~~~~~~~^^
  File "C:\Users\Евгения\Desktop\Projects_web\TeddysTale_with-BackEnd\venv\Lib\site-packages\django\db\models\query.py", line 1954, in _fetch_all
    self._result_cache = list(self._iterable_class(self))
                         ~~~~^^^^^^^^^^^^^^^^^^^^^^^^^^^^
  File "C:\Users\Евгения\Desktop\Projects_web\TeddysTale_with-BackEnd\venv\Lib\site-packages\django\db\models\query.py", line 93, in __iter__
    results = compiler.execute_sql(
        chunked_fetch=self.chunked_fetch, chunk_size=self.chunk_size
    )
  File "C:\Users\Евгения\Desktop\Projects_web\TeddysTale_with-BackEnd\venv\Lib\site-packages\django\db\models\sql\compiler.py", line 1623, in execute_sql
    cursor.execute(sql, params)
    ~~~~~~~~~~~~~~^^^^^^^^^^^^^
  File "C:\Users\Евгения\Desktop\Projects_web\TeddysTale_with-BackEnd\venv\Lib\site-packages\django\db\backends\utils.py", line 122, in execute
    return super().execute(sql, params)
           ~~~~~~~~~~~~~~~^^^^^^^^^^^^^
  File "C:\Users\Евгения\Desktop\Projects_web\TeddysTale_with-BackEnd\venv\Lib\site-packages\django\db\backends\utils.py", line 79, in execute
    return self._execute_with_wrappers(
           ~~~~~~~~~~~~~~~~~~~~~~~~~~~^
        sql, params, many=False, executor=self._execute
        ^^^^^^^^^^^^^^^^^^^^^^^^^^^^^^^^^^^^^^^^^^^^^^^
    )
    ^
  File "C:\Users\Евгения\Desktop\Projects_web\TeddysTale_with-BackEnd\venv\Lib\site-packages\django\db\backends\utils.py", line 92, in _execute_with_wrappers
    return executor(sql, params, many, context)
  File "C:\Users\Евгения\Desktop\Projects_web\TeddysTale_with-BackEnd\venv\Lib\site-packages\django\db\backends\utils.py", line 100, in _execute
    with self.db.wrap_database_errors:
         ^^^^^^^^^^^^^^^^^^^^^^^^^^^^
  File "C:\Users\Евгения\Desktop\Projects_web\TeddysTale_with-BackEnd\venv\Lib\site-packages\django\db\utils.py", line 91, in __exit__
    raise dj_exc_value.with_traceback(traceback) from exc_value
  File "C:\Users\Евгения\Desktop\Projects_web\TeddysTale_with-BackEnd\venv\Lib\site-packages\django\db\backends\utils.py", line 105, in _execute
    return self.cursor.execute(sql, params)
           ~~~~~~~~~~~~~~~~~~~^^^^^^^^^^^^^
django.db.utils.ProgrammingError: relation "django_session" does not exist
LINE 1: ...ession_data", "django_session"."expire_date" FROM "django_se...
                                                             ^

ERROR 2025-12-12 08:59:57,895 basehttp 7536 21756 "GET /favicon.ico HTTP/1.1" 500 167317
ERROR 2025-12-12 09:16:22,512 basehttp 15752 20264 "GET / HTTP/1.1" 500 59
ERROR 2025-12-12 09:16:23,293 basehttp 15752 20264 "GET /favicon.ico HTTP/1.1" 500 59
ERROR 2025-12-12 09:19:25,410 log 20732 19572 Internal Server Error: /
Traceback (most recent call last):
  File "C:\Users\Евгения\Desktop\Projects_web\TeddysTale_with-BackEnd\venv\Lib\site-packages\django\contrib\sessions\backends\base.py", line 244, in _get_session
    return self._session_cache
           ^^^^^^^^^^^^^^^^^^^
AttributeError: 'SessionStore' object has no attribute '_session_cache'

During handling of the above exception, another exception occurred:

Traceback (most recent call last):
  File "C:\Users\Евгения\Desktop\Projects_web\TeddysTale_with-BackEnd\venv\Lib\site-packages\django\db\backends\utils.py", line 105, in _execute
    return self.cursor.execute(sql, params)
           ~~~~~~~~~~~~~~~~~~~^^^^^^^^^^^^^
psycopg2.errors.UndefinedTable: relation "django_session" does not exist
LINE 1: ...ession_data", "django_session"."expire_date" FROM "django_se...
                                                             ^


The above exception was the direct cause of the following exception:

Traceback (most recent call last):
  File "C:\Users\Евгения\Desktop\Projects_web\TeddysTale_with-BackEnd\venv\Lib\site-packages\django\core\handlers\exception.py", line 55, in inner
    response = get_response(request)
  File "C:\Users\Евгения\Desktop\Projects_web\TeddysTale_with-BackEnd\venv\Lib\site-packages\django\utils\deprecation.py", line 119, in __call__
    response = self.process_request(request)
  File "C:\Users\Евгения\Desktop\Projects_web\TeddysTale_with-BackEnd\venv\Lib\site-packages\django\middleware\csrf.py", line 403, in process_request
    csrf_secret = self._get_secret(request)
  File "C:\Users\Евгения\Desktop\Projects_web\TeddysTale_with-BackEnd\venv\Lib\site-packages\django\middleware\csrf.py", line 231, in _get_secret
    csrf_secret = request.session.get(CSRF_SESSION_KEY)
  File "C:\Users\Евгения\Desktop\Projects_web\TeddysTale_with-BackEnd\venv\Lib\site-packages\django\contrib\sessions\backends\base.py", line 74, in get
    return self._session.get(key, default)
           ^^^^^^^^^^^^^
  File "C:\Users\Евгения\Desktop\Projects_web\TeddysTale_with-BackEnd\venv\Lib\site-packages\django\contrib\sessions\backends\base.py", line 249, in _get_session
    self._session_cache = self.load()
                          ~~~~~~~~~^^
  File "C:\Users\Евгения\Desktop\Projects_web\TeddysTale_with-BackEnd\venv\Lib\site-packages\django\contrib\sessions\backends\db.py", line 55, in load
    s = self._get_session_from_db()
  File "C:\Users\Евгения\Desktop\Projects_web\TeddysTale_with-BackEnd\venv\Lib\site-packages\django\contrib\sessions\backends\db.py", line 34, in _get_session_from_db
    return self.model.objects.get(
           ~~~~~~~~~~~~~~~~~~~~~~^
        session_key=self.session_key, expire_date__gt=timezone.now()
        ^^^^^^^^^^^^^^^^^^^^^^^^^^^^^^^^^^^^^^^^^^^^^^^^^^^^^^^^^^^^
    )
    ^
  File "C:\Users\Евгения\Desktop\Projects_web\TeddysTale_with-BackEnd\venv\Lib\site-packages\django\db\models\manager.py", line 87, in manager_method
    return getattr(self.get_queryset(), name)(*args, **kwargs)
           ~~~~~~~~~~~~~~~~~~~~~~~~~~~~~~~~~~^^^^^^^^^^^^^^^^^
  File "C:\Users\Евгения\Desktop\Projects_web\TeddysTale_with-BackEnd\venv\Lib\site-packages\django\db\models\query.py", line 631, in get
    num = len(clone)
  File "C:\Users\Евгения\Desktop\Projects_web\TeddysTale_with-BackEnd\venv\Lib\site-packages\django\db\models\query.py", line 368, in __len__
    self._fetch_all()
    ~~~~~~~~~~~~~~~^^
  File "C:\Users\Евгения\Desktop\Projects_web\TeddysTale_with-BackEnd\venv\Lib\site-packages\django\db\models\query.py", line 1954, in _fetch_all
    self._result_cache = list(self._iterable_class(self))
                         ~~~~^^^^^^^^^^^^^^^^^^^^^^^^^^^^
  File "C:\Users\Евгения\Desktop\Projects_web\TeddysTale_with-BackEnd\venv\Lib\site-packages\django\db\models\query.py", line 93, in __iter__
    results = compiler.execute_sql(
        chunked_fetch=self.chunked_fetch, chunk_size=self.chunk_size
    )
  File "C:\Users\Евгения\Desktop\Projects_web\TeddysTale_with-BackEnd\venv\Lib\site-packages\django\db\models\sql\compiler.py", line 1623, in execute_sql
    cursor.execute(sql, params)
    ~~~~~~~~~~~~~~^^^^^^^^^^^^^
  File "C:\Users\Евгения\Desktop\Projects_web\TeddysTale_with-BackEnd\venv\Lib\site-packages\django\db\backends\utils.py", line 122, in execute
    return super().execute(sql, params)
           ~~~~~~~~~~~~~~~^^^^^^^^^^^^^
  File "C:\Users\Евгения\Desktop\Projects_web\TeddysTale_with-BackEnd\venv\Lib\site-packages\django\db\backends\utils.py", line 79, in execute
    return self._execute_with_wrappers(
           ~~~~~~~~~~~~~~~~~~~~~~~~~~~^
        sql, params, many=False, executor=self._execute
        ^^^^^^^^^^^^^^^^^^^^^^^^^^^^^^^^^^^^^^^^^^^^^^^
    )
    ^
  File "C:\Users\Евгения\Desktop\Projects_web\TeddysTale_with-BackEnd\venv\Lib\site-packages\django\db\backends\utils.py", line 92, in _execute_with_wrappers
    return executor(sql, params, many, context)
  File "C:\Users\Евгения\Desktop\Projects_web\TeddysTale_with-BackEnd\venv\Lib\site-packages\django\db\backends\utils.py", line 100, in _execute
    with self.db.wrap_database_errors:
         ^^^^^^^^^^^^^^^^^^^^^^^^^^^^
  File "C:\Users\Евгения\Desktop\Projects_web\TeddysTale_with-BackEnd\venv\Lib\site-packages\django\db\utils.py", line 91, in __exit__
    raise dj_exc_value.with_traceback(traceback) from exc_value
  File "C:\Users\Евгения\Desktop\Projects_web\TeddysTale_with-BackEnd\venv\Lib\site-packages\django\db\backends\utils.py", line 105, in _execute
    return self.cursor.execute(sql, params)
           ~~~~~~~~~~~~~~~~~~~^^^^^^^^^^^^^
django.db.utils.ProgrammingError: relation "django_session" does not exist
LINE 1: ...ession_data", "django_session"."expire_date" FROM "django_se...
                                                             ^

ERROR 2025-12-12 09:19:26,319 log 20732 19572 Internal Server Error: /
Traceback (most recent call last):
  File "C:\Users\Евгения\Desktop\Projects_web\TeddysTale_with-BackEnd\venv\Lib\site-packages\django\contrib\sessions\backends\base.py", line 244, in _get_session
    return self._session_cache
           ^^^^^^^^^^^^^^^^^^^
AttributeError: 'SessionStore' object has no attribute '_session_cache'

During handling of the above exception, another exception occurred:

Traceback (most recent call last):
  File "C:\Users\Евгения\Desktop\Projects_web\TeddysTale_with-BackEnd\venv\Lib\site-packages\django\db\backends\utils.py", line 105, in _execute
    return self.cursor.execute(sql, params)
           ~~~~~~~~~~~~~~~~~~~^^^^^^^^^^^^^
psycopg2.errors.UndefinedTable: relation "django_session" does not exist
LINE 1: ...ession_data", "django_session"."expire_date" FROM "django_se...
                                                             ^


The above exception was the direct cause of the following exception:

Traceback (most recent call last):
  File "C:\Users\Евгения\Desktop\Projects_web\TeddysTale_with-BackEnd\venv\Lib\site-packages\django\core\handlers\exception.py", line 55, in inner
    response = get_response(request)
  File "C:\Users\Евгения\Desktop\Projects_web\TeddysTale_with-BackEnd\venv\Lib\site-packages\django\utils\deprecation.py", line 122, in __call__
    response = self.process_response(request, response)
  File "C:\Users\Евгения\Desktop\Projects_web\TeddysTale_with-BackEnd\venv\Lib\site-packages\django\contrib\sessions\middleware.py", line 48, in process_response
    if request.session.get_expire_at_browser_close():
       ~~~~~~~~~~~~~~~~~~~~~~~~~~~~~~~~~~~~~~~~~~~^^
  File "C:\Users\Евгения\Desktop\Projects_web\TeddysTale_with-BackEnd\venv\Lib\site-packages\django\contrib\sessions\backends\base.py", line 403, in get_expire_at_browser_close
    if (expiry := self.get("_session_expiry")) is None:
                  ~~~~~~~~^^^^^^^^^^^^^^^^^^^
  File "C:\Users\Евгения\Desktop\Projects_web\TeddysTale_with-BackEnd\venv\Lib\site-packages\django\contrib\sessions\backends\base.py", line 74, in get
    return self._session.get(key, default)
           ^^^^^^^^^^^^^
  File "C:\Users\Евгения\Desktop\Projects_web\TeddysTale_with-BackEnd\venv\Lib\site-packages\django\contrib\sessions\backends\base.py", line 249, in _get_session
    self._session_cache = self.load()
                          ~~~~~~~~~^^
  File "C:\Users\Евгения\Desktop\Projects_web\TeddysTale_with-BackEnd\venv\Lib\site-packages\django\contrib\sessions\backends\db.py", line 55, in load
    s = self._get_session_from_db()
  File "C:\Users\Евгения\Desktop\Projects_web\TeddysTale_with-BackEnd\venv\Lib\site-packages\django\contrib\sessions\backends\db.py", line 34, in _get_session_from_db
    return self.model.objects.get(
           ~~~~~~~~~~~~~~~~~~~~~~^
        session_key=self.session_key, expire_date__gt=timezone.now()
        ^^^^^^^^^^^^^^^^^^^^^^^^^^^^^^^^^^^^^^^^^^^^^^^^^^^^^^^^^^^^
    )
    ^
  File "C:\Users\Евгения\Desktop\Projects_web\TeddysTale_with-BackEnd\venv\Lib\site-packages\django\db\models\manager.py", line 87, in manager_method
    return getattr(self.get_queryset(), name)(*args, **kwargs)
           ~~~~~~~~~~~~~~~~~~~~~~~~~~~~~~~~~~^^^^^^^^^^^^^^^^^
  File "C:\Users\Евгения\Desktop\Projects_web\TeddysTale_with-BackEnd\venv\Lib\site-packages\django\db\models\query.py", line 631, in get
    num = len(clone)
  File "C:\Users\Евгения\Desktop\Projects_web\TeddysTale_with-BackEnd\venv\Lib\site-packages\django\db\models\query.py", line 368, in __len__
    self._fetch_all()
    ~~~~~~~~~~~~~~~^^
  File "C:\Users\Евгения\Desktop\Projects_web\TeddysTale_with-BackEnd\venv\Lib\site-packages\django\db\models\query.py", line 1954, in _fetch_all
    self._result_cache = list(self._iterable_class(self))
                         ~~~~^^^^^^^^^^^^^^^^^^^^^^^^^^^^
  File "C:\Users\Евгения\Desktop\Projects_web\TeddysTale_with-BackEnd\venv\Lib\site-packages\django\db\models\query.py", line 93, in __iter__
    results = compiler.execute_sql(
        chunked_fetch=self.chunked_fetch, chunk_size=self.chunk_size
    )
  File "C:\Users\Евгения\Desktop\Projects_web\TeddysTale_with-BackEnd\venv\Lib\site-packages\django\db\models\sql\compiler.py", line 1623, in execute_sql
    cursor.execute(sql, params)
    ~~~~~~~~~~~~~~^^^^^^^^^^^^^
  File "C:\Users\Евгения\Desktop\Projects_web\TeddysTale_with-BackEnd\venv\Lib\site-packages\django\db\backends\utils.py", line 122, in execute
    return super().execute(sql, params)
           ~~~~~~~~~~~~~~~^^^^^^^^^^^^^
  File "C:\Users\Евгения\Desktop\Projects_web\TeddysTale_with-BackEnd\venv\Lib\site-packages\django\db\backends\utils.py", line 79, in execute
    return self._execute_with_wrappers(
           ~~~~~~~~~~~~~~~~~~~~~~~~~~~^
        sql, params, many=False, executor=self._execute
        ^^^^^^^^^^^^^^^^^^^^^^^^^^^^^^^^^^^^^^^^^^^^^^^
    )
    ^
  File "C:\Users\Евгения\Desktop\Projects_web\TeddysTale_with-BackEnd\venv\Lib\site-packages\django\db\backends\utils.py", line 92, in _execute_with_wrappers
    return executor(sql, params, many, context)
  File "C:\Users\Евгения\Desktop\Projects_web\TeddysTale_with-BackEnd\venv\Lib\site-packages\django\db\backends\utils.py", line 100, in _execute
    with self.db.wrap_database_errors:
         ^^^^^^^^^^^^^^^^^^^^^^^^^^^^
  File "C:\Users\Евгения\Desktop\Projects_web\TeddysTale_with-BackEnd\venv\Lib\site-packages\django\db\utils.py", line 91, in __exit__
    raise dj_exc_value.with_traceback(traceback) from exc_value
  File "C:\Users\Евгения\Desktop\Projects_web\TeddysTale_with-BackEnd\venv\Lib\site-packages\django\db\backends\utils.py", line 105, in _execute
    return self.cursor.execute(sql, params)
           ~~~~~~~~~~~~~~~~~~~^^^^^^^^^^^^^
django.db.utils.ProgrammingError: relation "django_session" does not exist
LINE 1: ...ession_data", "django_session"."expire_date" FROM "django_se...
                                                             ^

ERROR 2025-12-12 09:19:26,337 basehttp 20732 19572 "GET / HTTP/1.1" 500 167772
ERROR 2025-12-12 09:19:28,301 log 20732 19492 Internal Server Error: /favicon.ico
Traceback (most recent call last):
  File "C:\Users\Евгения\Desktop\Projects_web\TeddysTale_with-BackEnd\venv\Lib\site-packages\django\contrib\sessions\backends\base.py", line 244, in _get_session
    return self._session_cache
           ^^^^^^^^^^^^^^^^^^^
AttributeError: 'SessionStore' object has no attribute '_session_cache'

During handling of the above exception, another exception occurred:

Traceback (most recent call last):
  File "C:\Users\Евгения\Desktop\Projects_web\TeddysTale_with-BackEnd\venv\Lib\site-packages\django\db\backends\utils.py", line 105, in _execute
    return self.cursor.execute(sql, params)
           ~~~~~~~~~~~~~~~~~~~^^^^^^^^^^^^^
psycopg2.errors.UndefinedTable: relation "django_session" does not exist
LINE 1: ...ession_data", "django_session"."expire_date" FROM "django_se...
                                                             ^


The above exception was the direct cause of the following exception:

Traceback (most recent call last):
  File "C:\Users\Евгения\Desktop\Projects_web\TeddysTale_with-BackEnd\venv\Lib\site-packages\django\core\handlers\exception.py", line 55, in inner
    response = get_response(request)
  File "C:\Users\Евгения\Desktop\Projects_web\TeddysTale_with-BackEnd\venv\Lib\site-packages\django\utils\deprecation.py", line 119, in __call__
    response = self.process_request(request)
  File "C:\Users\Евгения\Desktop\Projects_web\TeddysTale_with-BackEnd\venv\Lib\site-packages\django\middleware\csrf.py", line 403, in process_request
    csrf_secret = self._get_secret(request)
  File "C:\Users\Евгения\Desktop\Projects_web\TeddysTale_with-BackEnd\venv\Lib\site-packages\django\middleware\csrf.py", line 231, in _get_secret
    csrf_secret = request.session.get(CSRF_SESSION_KEY)
  File "C:\Users\Евгения\Desktop\Projects_web\TeddysTale_with-BackEnd\venv\Lib\site-packages\django\contrib\sessions\backends\base.py", line 74, in get
    return self._session.get(key, default)
           ^^^^^^^^^^^^^
  File "C:\Users\Евгения\Desktop\Projects_web\TeddysTale_with-BackEnd\venv\Lib\site-packages\django\contrib\sessions\backends\base.py", line 249, in _get_session
    self._session_cache = self.load()
                          ~~~~~~~~~^^
  File "C:\Users\Евгения\Desktop\Projects_web\TeddysTale_with-BackEnd\venv\Lib\site-packages\django\contrib\sessions\backends\db.py", line 55, in load
    s = self._get_session_from_db()
  File "C:\Users\Евгения\Desktop\Projects_web\TeddysTale_with-BackEnd\venv\Lib\site-packages\django\contrib\sessions\backends\db.py", line 34, in _get_session_from_db
    return self.model.objects.get(
           ~~~~~~~~~~~~~~~~~~~~~~^
        session_key=self.session_key, expire_date__gt=timezone.now()
        ^^^^^^^^^^^^^^^^^^^^^^^^^^^^^^^^^^^^^^^^^^^^^^^^^^^^^^^^^^^^
    )
    ^
  File "C:\Users\Евгения\Desktop\Projects_web\TeddysTale_with-BackEnd\venv\Lib\site-packages\django\db\models\manager.py", line 87, in manager_method
    return getattr(self.get_queryset(), name)(*args, **kwargs)
           ~~~~~~~~~~~~~~~~~~~~~~~~~~~~~~~~~~^^^^^^^^^^^^^^^^^
  File "C:\Users\Евгения\Desktop\Projects_web\TeddysTale_with-BackEnd\venv\Lib\site-packages\django\db\models\query.py", line 631, in get
    num = len(clone)
  File "C:\Users\Евгения\Desktop\Projects_web\TeddysTale_with-BackEnd\venv\Lib\site-packages\django\db\models\query.py", line 368, in __len__
    self._fetch_all()
    ~~~~~~~~~~~~~~~^^
  File "C:\Users\Евгения\Desktop\Projects_web\TeddysTale_with-BackEnd\venv\Lib\site-packages\django\db\models\query.py", line 1954, in _fetch_all
    self._result_cache = list(self._iterable_class(self))
                         ~~~~^^^^^^^^^^^^^^^^^^^^^^^^^^^^
  File "C:\Users\Евгения\Desktop\Projects_web\TeddysTale_with-BackEnd\venv\Lib\site-packages\django\db\models\query.py", line 93, in __iter__
    results = compiler.execute_sql(
        chunked_fetch=self.chunked_fetch, chunk_size=self.chunk_size
    )
  File "C:\Users\Евгения\Desktop\Projects_web\TeddysTale_with-BackEnd\venv\Lib\site-packages\django\db\models\sql\compiler.py", line 1623, in execute_sql
    cursor.execute(sql, params)
    ~~~~~~~~~~~~~~^^^^^^^^^^^^^
  File "C:\Users\Евгения\Desktop\Projects_web\TeddysTale_with-BackEnd\venv\Lib\site-packages\django\db\backends\utils.py", line 122, in execute
    return super().execute(sql, params)
           ~~~~~~~~~~~~~~~^^^^^^^^^^^^^
  File "C:\Users\Евгения\Desktop\Projects_web\TeddysTale_with-BackEnd\venv\Lib\site-packages\django\db\backends\utils.py", line 79, in execute
    return self._execute_with_wrappers(
           ~~~~~~~~~~~~~~~~~~~~~~~~~~~^
        sql, params, many=False, executor=self._execute
        ^^^^^^^^^^^^^^^^^^^^^^^^^^^^^^^^^^^^^^^^^^^^^^^
    )
    ^
  File "C:\Users\Евгения\Desktop\Projects_web\TeddysTale_with-BackEnd\venv\Lib\site-packages\django\db\backends\utils.py", line 92, in _execute_with_wrappers
    return executor(sql, params, many, context)
  File "C:\Users\Евгения\Desktop\Projects_web\TeddysTale_with-BackEnd\venv\Lib\site-packages\django\db\backends\utils.py", line 100, in _execute
    with self.db.wrap_database_errors:
         ^^^^^^^^^^^^^^^^^^^^^^^^^^^^
  File "C:\Users\Евгения\Desktop\Projects_web\TeddysTale_with-BackEnd\venv\Lib\site-packages\django\db\utils.py", line 91, in __exit__
    raise dj_exc_value.with_traceback(traceback) from exc_value
  File "C:\Users\Евгения\Desktop\Projects_web\TeddysTale_with-BackEnd\venv\Lib\site-packages\django\db\backends\utils.py", line 105, in _execute
    return self.cursor.execute(sql, params)
           ~~~~~~~~~~~~~~~~~~~^^^^^^^^^^^^^
django.db.utils.ProgrammingError: relation "django_session" does not exist
LINE 1: ...ession_data", "django_session"."expire_date" FROM "django_se...
                                                             ^

ERROR 2025-12-12 09:19:29,080 log 20732 19492 Internal Server Error: /favicon.ico
Traceback (most recent call last):
  File "C:\Users\Евгения\Desktop\Projects_web\TeddysTale_with-BackEnd\venv\Lib\site-packages\django\contrib\sessions\backends\base.py", line 244, in _get_session
    return self._session_cache
           ^^^^^^^^^^^^^^^^^^^
AttributeError: 'SessionStore' object has no attribute '_session_cache'

During handling of the above exception, another exception occurred:

Traceback (most recent call last):
  File "C:\Users\Евгения\Desktop\Projects_web\TeddysTale_with-BackEnd\venv\Lib\site-packages\django\db\backends\utils.py", line 105, in _execute
    return self.cursor.execute(sql, params)
           ~~~~~~~~~~~~~~~~~~~^^^^^^^^^^^^^
psycopg2.errors.UndefinedTable: relation "django_session" does not exist
LINE 1: ...ession_data", "django_session"."expire_date" FROM "django_se...
                                                             ^


The above exception was the direct cause of the following exception:

Traceback (most recent call last):
  File "C:\Users\Евгения\Desktop\Projects_web\TeddysTale_with-BackEnd\venv\Lib\site-packages\django\core\handlers\exception.py", line 55, in inner
    response = get_response(request)
  File "C:\Users\Евгения\Desktop\Projects_web\TeddysTale_with-BackEnd\venv\Lib\site-packages\django\utils\deprecation.py", line 122, in __call__
    response = self.process_response(request, response)
  File "C:\Users\Евгения\Desktop\Projects_web\TeddysTale_with-BackEnd\venv\Lib\site-packages\django\contrib\sessions\middleware.py", line 48, in process_response
    if request.session.get_expire_at_browser_close():
       ~~~~~~~~~~~~~~~~~~~~~~~~~~~~~~~~~~~~~~~~~~~^^
  File "C:\Users\Евгения\Desktop\Projects_web\TeddysTale_with-BackEnd\venv\Lib\site-packages\django\contrib\sessions\backends\base.py", line 403, in get_expire_at_browser_close
    if (expiry := self.get("_session_expiry")) is None:
                  ~~~~~~~~^^^^^^^^^^^^^^^^^^^
  File "C:\Users\Евгения\Desktop\Projects_web\TeddysTale_with-BackEnd\venv\Lib\site-packages\django\contrib\sessions\backends\base.py", line 74, in get
    return self._session.get(key, default)
           ^^^^^^^^^^^^^
  File "C:\Users\Евгения\Desktop\Projects_web\TeddysTale_with-BackEnd\venv\Lib\site-packages\django\contrib\sessions\backends\base.py", line 249, in _get_session
    self._session_cache = self.load()
                          ~~~~~~~~~^^
  File "C:\Users\Евгения\Desktop\Projects_web\TeddysTale_with-BackEnd\venv\Lib\site-packages\django\contrib\sessions\backends\db.py", line 55, in load
    s = self._get_session_from_db()
  File "C:\Users\Евгения\Desktop\Projects_web\TeddysTale_with-BackEnd\venv\Lib\site-packages\django\contrib\sessions\backends\db.py", line 34, in _get_session_from_db
    return self.model.objects.get(
           ~~~~~~~~~~~~~~~~~~~~~~^
        session_key=self.session_key, expire_date__gt=timezone.now()
        ^^^^^^^^^^^^^^^^^^^^^^^^^^^^^^^^^^^^^^^^^^^^^^^^^^^^^^^^^^^^
    )
    ^
  File "C:\Users\Евгения\Desktop\Projects_web\TeddysTale_with-BackEnd\venv\Lib\site-packages\django\db\models\manager.py", line 87, in manager_method
    return getattr(self.get_queryset(), name)(*args, **kwargs)
           ~~~~~~~~~~~~~~~~~~~~~~~~~~~~~~~~~~^^^^^^^^^^^^^^^^^
  File "C:\Users\Евгения\Desktop\Projects_web\TeddysTale_with-BackEnd\venv\Lib\site-packages\django\db\models\query.py", line 631, in get
    num = len(clone)
  File "C:\Users\Евгения\Desktop\Projects_web\TeddysTale_with-BackEnd\venv\Lib\site-packages\django\db\models\query.py", line 368, in __len__
    self._fetch_all()
    ~~~~~~~~~~~~~~~^^
  File "C:\Users\Евгения\Desktop\Projects_web\TeddysTale_with-BackEnd\venv\Lib\site-packages\django\db\models\query.py", line 1954, in _fetch_all
    self._result_cache = list(self._iterable_class(self))
                         ~~~~^^^^^^^^^^^^^^^^^^^^^^^^^^^^
  File "C:\Users\Евгения\Desktop\Projects_web\TeddysTale_with-BackEnd\venv\Lib\site-packages\django\db\models\query.py", line 93, in __iter__
    results = compiler.execute_sql(
        chunked_fetch=self.chunked_fetch, chunk_size=self.chunk_size
    )
  File "C:\Users\Евгения\Desktop\Projects_web\TeddysTale_with-BackEnd\venv\Lib\site-packages\django\db\models\sql\compiler.py", line 1623, in execute_sql
    cursor.execute(sql, params)
    ~~~~~~~~~~~~~~^^^^^^^^^^^^^
  File "C:\Users\Евгения\Desktop\Projects_web\TeddysTale_with-BackEnd\venv\Lib\site-packages\django\db\backends\utils.py", line 122, in execute
    return super().execute(sql, params)
           ~~~~~~~~~~~~~~~^^^^^^^^^^^^^
  File "C:\Users\Евгения\Desktop\Projects_web\TeddysTale_with-BackEnd\venv\Lib\site-packages\django\db\backends\utils.py", line 79, in execute
    return self._execute_with_wrappers(
           ~~~~~~~~~~~~~~~~~~~~~~~~~~~^
        sql, params, many=False, executor=self._execute
        ^^^^^^^^^^^^^^^^^^^^^^^^^^^^^^^^^^^^^^^^^^^^^^^
    )
    ^
  File "C:\Users\Евгения\Desktop\Projects_web\TeddysTale_with-BackEnd\venv\Lib\site-packages\django\db\backends\utils.py", line 92, in _execute_with_wrappers
    return executor(sql, params, many, context)
  File "C:\Users\Евгения\Desktop\Projects_web\TeddysTale_with-BackEnd\venv\Lib\site-packages\django\db\backends\utils.py", line 100, in _execute
    with self.db.wrap_database_errors:
         ^^^^^^^^^^^^^^^^^^^^^^^^^^^^
  File "C:\Users\Евгения\Desktop\Projects_web\TeddysTale_with-BackEnd\venv\Lib\site-packages\django\db\utils.py", line 91, in __exit__
    raise dj_exc_value.with_traceback(traceback) from exc_value
  File "C:\Users\Евгения\Desktop\Projects_web\TeddysTale_with-BackEnd\venv\Lib\site-packages\django\db\backends\utils.py", line 105, in _execute
    return self.cursor.execute(sql, params)
           ~~~~~~~~~~~~~~~~~~~^^^^^^^^^^^^^
django.db.utils.ProgrammingError: relation "django_session" does not exist
LINE 1: ...ession_data", "django_session"."expire_date" FROM "django_se...
                                                             ^

ERROR 2025-12-12 09:19:29,097 basehttp 20732 19492 "GET /favicon.ico HTTP/1.1" 500 167452
WARNING 2025-12-12 09:21:41,608 basehttp 9824 19700 "GET /static/fonts/Montserrat/Montserrat-VariableFont_wght.woff2 HTTP/1.1" 404 1967
WARNING 2025-12-12 09:21:41,656 basehttp 9824 11900 "GET /static/fonts/Montserrat/Montserrat-VariableFont_wght.woff HTTP/1.1" 404 1964
WARNING 2025-12-12 09:21:41,809 basehttp 9824 21080 "GET /static/fonts/Lora/Lora.woff HTTP/1.1" 404 1874
WARNING 2025-12-12 09:21:41,935 basehttp 9824 18536 "GET /static/fonts/Lora/Lora.woff2 HTTP/1.1" 404 1877
WARNING 2025-12-12 09:21:50,199 log 9824 21120 Not Found: /TeddysTale/assets/fonts/Montserrat/Montserrat-VariableFont_wght.woff2
WARNING 2025-12-12 09:21:50,253 log 9824 20108 Not Found: /TeddysTale/assets/fonts/Lora/Lora.woff2
WARNING 2025-12-12 09:21:50,262 basehttp 9824 20108 "GET /TeddysTale/assets/fonts/Lora/Lora.woff2 HTTP/1.1" 404 3285
WARNING 2025-12-12 09:21:50,300 basehttp 9824 21120 "GET /TeddysTale/assets/fonts/Montserrat/Montserrat-VariableFont_wght.woff2 HTTP/1.1" 404 3375
WARNING 2025-12-12 09:21:50,346 log 9824 4460 Not Found: /TeddysTale/assets/fonts/Lora/Lora-Italic.woff2
WARNING 2025-12-12 09:21:50,370 basehttp 9824 4460 "GET /TeddysTale/assets/fonts/Lora/Lora-Italic.woff2 HTTP/1.1" 404 3306
WARNING 2025-12-12 09:21:50,538 log 9824 20108 Not Found: /TeddysTale/assets/fonts/Lora/Lora.woff
WARNING 2025-12-12 09:21:50,591 log 9824 21120 Not Found: /TeddysTale/assets/fonts/Montserrat/Montserrat-VariableFont_wght.woff
WARNING 2025-12-12 09:21:50,621 basehttp 9824 20108 "GET /TeddysTale/assets/fonts/Lora/Lora.woff HTTP/1.1" 404 3282
WARNING 2025-12-12 09:21:50,622 basehttp 9824 21120 "GET /TeddysTale/assets/fonts/Montserrat/Montserrat-VariableFont_wght.woff HTTP/1.1" 404 3372
WARNING 2025-12-12 09:21:50,674 log 9824 4460 Not Found: /TeddysTale/assets/fonts/Lora/Lora-Italic.woff
WARNING 2025-12-12 09:21:50,694 basehttp 9824 4460 "GET /TeddysTale/assets/fonts/Lora/Lora-Italic.woff HTTP/1.1" 404 3303
WARNING 2025-12-12 09:21:52,119 basehttp 9824 18308 "GET /static/fonts/Lora/Lora.woff HTTP/1.1" 404 1874
WARNING 2025-12-12 09:21:52,123 basehttp 9824 20108 "GET /static/fonts/Montserrat/Montserrat-VariableFont_wght.woff HTTP/1.1" 404 1964
WARNING 2025-12-12 09:21:52,143 basehttp 9824 4460 "GET /static/fonts/Montserrat/Montserrat-VariableFont_wght.woff2 HTTP/1.1" 404 1967
WARNING 2025-12-12 09:21:52,216 basehttp 9824 21120 "GET /static/fonts/Lora/Lora.woff2 HTTP/1.1" 404 1877
WARNING 2025-12-12 09:23:25,431 basehttp 9824 19940 "GET /static/fonts/Montserrat/Montserrat-VariableFont_wght.woff2 HTTP/1.1" 404 1967
WARNING 2025-12-12 09:23:25,444 basehttp 9824 16180 "GET /static/fonts/Montserrat/Montserrat-VariableFont_wght.woff HTTP/1.1" 404 1964
WARNING 2025-12-12 09:23:25,569 basehttp 9824 1484 "GET /static/fonts/Lora/Lora.woff2 HTTP/1.1" 404 1877
WARNING 2025-12-12 09:23:25,618 basehttp 9824 5076 "GET /static/fonts/Lora/Lora.woff HTTP/1.1" 404 1874
WARNING 2025-12-12 09:36:44,197 log 9824 15520 Not Found: /TeddysTale/assets/fonts/Lora/Lora-Italic.woff2
WARNING 2025-12-12 09:36:44,261 basehttp 9824 15520 "GET /TeddysTale/assets/fonts/Lora/Lora-Italic.woff2 HTTP/1.1" 404 3306
WARNING 2025-12-12 09:36:44,276 log 9824 9952 Not Found: /TeddysTale/assets/fonts/Lora/Lora.woff2
WARNING 2025-12-12 09:36:44,283 basehttp 9824 9952 "GET /TeddysTale/assets/fonts/Lora/Lora.woff2 HTTP/1.1" 404 3285
WARNING 2025-12-12 09:36:44,327 log 9824 12632 Not Found: /TeddysTale/assets/fonts/Montserrat/Montserrat-VariableFont_wght.woff2
WARNING 2025-12-12 09:36:44,392 log 9824 15520 Not Found: /TeddysTale/assets/fonts/Lora/Lora-Italic.woff
WARNING 2025-12-12 09:36:44,410 basehttp 9824 12632 "GET /TeddysTale/assets/fonts/Montserrat/Montserrat-VariableFont_wght.woff2 HTTP/1.1" 404 3375
WARNING 2025-12-12 09:36:44,461 basehttp 9824 15520 "GET /TeddysTale/assets/fonts/Lora/Lora-Italic.woff HTTP/1.1" 404 3303
WARNING 2025-12-12 09:36:44,507 log 9824 9952 Not Found: /TeddysTale/assets/fonts/Lora/Lora.woff
WARNING 2025-12-12 09:36:44,510 basehttp 9824 9952 "GET /TeddysTale/assets/fonts/Lora/Lora.woff HTTP/1.1" 404 3282
WARNING 2025-12-12 09:36:45,082 log 9824 12632 Not Found: /TeddysTale/assets/fonts/Montserrat/Montserrat-VariableFont_wght.woff
WARNING 2025-12-12 09:36:45,092 basehttp 9824 12632 "GET /TeddysTale/assets/fonts/Montserrat/Montserrat-VariableFont_wght.woff HTTP/1.1" 404 3372
WARNING 2025-12-12 09:36:52,501 basehttp 9824 5484 "GET /static/fonts/Montserrat/Montserrat-VariableFont_wght.woff2 HTTP/1.1" 404 1967
WARNING 2025-12-12 09:36:52,501 basehttp 9824 21976 "GET /static/fonts/Montserrat/Montserrat-VariableFont_wght.woff HTTP/1.1" 404 1964
WARNING 2025-12-12 09:36:52,585 basehttp 9824 18604 "GET /static/fonts/Lora/Lora.woff2 HTTP/1.1" 404 1877
WARNING 2025-12-12 09:36:52,639 basehttp 9824 20264 "GET /static/fonts/Lora/Lora.woff HTTP/1.1" 404 1874
WARNING 2025-12-12 09:39:27,920 basehttp 9824 20608 "GET /static/fonts/Montserrat/Montserrat-VariableFont_wght.woff2 HTTP/1.1" 404 1967
WARNING 2025-12-12 09:39:27,938 basehttp 9824 19676 "GET /static/fonts/Montserrat/Montserrat-VariableFont_wght.woff HTTP/1.1" 404 1964
WARNING 2025-12-12 09:39:27,982 basehttp 9824 17076 "GET /static/fonts/Lora/Lora.woff2 HTTP/1.1" 404 1877
WARNING 2025-12-12 09:39:28,022 basehttp 9824 20668 "GET /static/fonts/Lora/Lora.woff HTTP/1.1" 404 1874
WARNING 2025-12-12 09:41:36,546 basehttp 9824 12276 "GET /static/fonts/Montserrat/Montserrat-VariableFont_wght.woff2 HTTP/1.1" 404 1967
WARNING 2025-12-12 09:41:36,628 basehttp 9824 21404 "GET /static/fonts/Montserrat/Montserrat-VariableFont_wght.woff HTTP/1.1" 404 1964
WARNING 2025-12-12 09:41:36,740 basehttp 9824 15308 "GET /static/fonts/Lora/Lora.woff2 HTTP/1.1" 404 1877
WARNING 2025-12-12 09:41:36,785 basehttp 9824 14852 "GET /static/fonts/Lora/Lora.woff HTTP/1.1" 404 1874
WARNING 2025-12-12 09:45:01,165 basehttp 9824 21796 "GET /static/fonts/Montserrat/Montserrat-VariableFont_wght.woff2 HTTP/1.1" 404 1967
WARNING 2025-12-12 09:45:01,177 basehttp 9824 5672 "GET /static/fonts/Montserrat/Montserrat-VariableFont_wght.woff HTTP/1.1" 404 1964
WARNING 2025-12-12 09:45:01,244 basehttp 9824 3512 "GET /static/fonts/Lora/Lora.woff2 HTTP/1.1" 404 1877
WARNING 2025-12-12 09:45:01,317 basehttp 9824 21984 "GET /static/fonts/Lora/Lora.woff HTTP/1.1" 404 1874
WARNING 2025-12-12 09:45:26,254 log 9824 8372 Not Found: /TeddysTale/assets/fonts/Lora/Lora-Italic.woff2
WARNING 2025-12-12 09:45:26,261 basehttp 9824 8372 "GET /TeddysTale/assets/fonts/Lora/Lora-Italic.woff2 HTTP/1.1" 404 3306
WARNING 2025-12-12 09:45:26,278 log 9824 21372 Not Found: /TeddysTale/assets/fonts/Montserrat/Montserrat-VariableFont_wght.woff2
WARNING 2025-12-12 09:45:26,291 basehttp 9824 21372 "GET /TeddysTale/assets/fonts/Montserrat/Montserrat-VariableFont_wght.woff2 HTTP/1.1" 404 3375
WARNING 2025-12-12 09:45:26,388 log 9824 5500 Not Found: /TeddysTale/assets/fonts/Lora/Lora.woff2
WARNING 2025-12-12 09:45:26,610 log 9824 21372 Not Found: /TeddysTale/assets/fonts/Montserrat/Montserrat-VariableFont_wght.woff
WARNING 2025-12-12 09:45:26,760 basehttp 9824 5500 "GET /TeddysTale/assets/fonts/Lora/Lora.woff2 HTTP/1.1" 404 3285
WARNING 2025-12-12 09:45:26,878 basehttp 9824 21372 "GET /TeddysTale/assets/fonts/Montserrat/Montserrat-VariableFont_wght.woff HTTP/1.1" 404 3372
WARNING 2025-12-12 09:45:26,929 log 9824 8372 Not Found: /TeddysTale/assets/fonts/Lora/Lora-Italic.woff
WARNING 2025-12-12 09:45:26,991 basehttp 9824 8372 "GET /TeddysTale/assets/fonts/Lora/Lora-Italic.woff HTTP/1.1" 404 3303
WARNING 2025-12-12 09:45:27,110 log 9824 21372 Not Found: /TeddysTale/assets/fonts/Lora/Lora.woff
WARNING 2025-12-12 09:45:27,112 basehttp 9824 21372 "GET /TeddysTale/assets/fonts/Lora/Lora.woff HTTP/1.1" 404 3282
WARNING 2025-12-12 09:46:13,559 log 9824 4620 Not Found: /TeddysTale/assets/fonts/Lora/Lora-Italic.woff2
WARNING 2025-12-12 09:46:13,589 basehttp 9824 4620 "GET /TeddysTale/assets/fonts/Lora/Lora-Italic.woff2 HTTP/1.1" 404 3306
WARNING 2025-12-12 09:46:13,608 log 9824 15300 Not Found: /TeddysTale/assets/fonts/Lora/Lora.woff2
WARNING 2025-12-12 09:46:13,687 basehttp 9824 15300 "GET /TeddysTale/assets/fonts/Lora/Lora.woff2 HTTP/1.1" 404 3285
WARNING 2025-12-12 09:46:13,780 log 9824 17012 Not Found: /TeddysTale/assets/fonts/Montserrat/Montserrat-VariableFont_wght.woff2
WARNING 2025-12-12 09:46:13,795 basehttp 9824 17012 "GET /TeddysTale/assets/fonts/Montserrat/Montserrat-VariableFont_wght.woff2 HTTP/1.1" 404 3375
WARNING 2025-12-12 09:46:13,796 log 9824 4620 Not Found: /TeddysTale/assets/fonts/Lora/Lora-Italic.woff
WARNING 2025-12-12 09:46:13,820 basehttp 9824 4620 "GET /TeddysTale/assets/fonts/Lora/Lora-Italic.woff HTTP/1.1" 404 3303
WARNING 2025-12-12 09:46:14,002 log 9824 15300 Not Found: /TeddysTale/assets/fonts/Lora/Lora.woff
WARNING 2025-12-12 09:46:14,004 basehttp 9824 15300 "GET /TeddysTale/assets/fonts/Lora/Lora.woff HTTP/1.1" 404 3282
WARNING 2025-12-12 09:46:14,090 log 9824 17012 Not Found: /TeddysTale/assets/fonts/Montserrat/Montserrat-VariableFont_wght.woff
WARNING 2025-12-12 09:46:14,096 basehttp 9824 17012 "GET /TeddysTale/assets/fonts/Montserrat/Montserrat-VariableFont_wght.woff HTTP/1.1" 404 3372
WARNING 2025-12-12 09:50:39,799 basehttp 9824 19540 "GET /static/fonts/Montserrat/Montserrat-VariableFont_wght.woff2 HTTP/1.1" 404 1967
WARNING 2025-12-12 09:50:39,814 basehttp 9824 1256 "GET /static/fonts/Montserrat/Montserrat-VariableFont_wght.woff HTTP/1.1" 404 1964
WARNING 2025-12-12 09:50:39,994 basehttp 9824 9896 "GET /static/fonts/Lora/Lora.woff2 HTTP/1.1" 404 1877
WARNING 2025-12-12 09:50:40,096 basehttp 9824 5764 "GET /static/fonts/Lora/Lora.woff HTTP/1.1" 404 1874
WARNING 2025-12-12 09:50:46,869 basehttp 9824 17268 "GET /static/fonts/Montserrat/Montserrat-VariableFont_wght.woff2 HTTP/1.1" 404 1967
WARNING 2025-12-12 09:50:46,882 basehttp 9824 21948 "GET /static/fonts/Montserrat/Montserrat-VariableFont_wght.woff HTTP/1.1" 404 1964
WARNING 2025-12-12 09:50:46,986 basehttp 9824 20024 "GET /static/fonts/Lora/Lora.woff2 HTTP/1.1" 404 1877
WARNING 2025-12-12 09:50:47,040 basehttp 9824 22068 "GET /static/fonts/Lora/Lora.woff HTTP/1.1" 404 1874
WARNING 2025-12-12 09:50:49,049 basehttp 9824 12952 "GET /static/fonts/Montserrat/Montserrat-VariableFont_wght.woff2 HTTP/1.1" 404 1967
WARNING 2025-12-12 09:50:49,116 basehttp 9824 22344 "GET /static/fonts/Lora/Lora.woff2 HTTP/1.1" 404 1877
WARNING 2025-12-12 09:50:49,177 basehttp 9824 19464 "GET /static/fonts/Montserrat/Montserrat-VariableFont_wght.woff HTTP/1.1" 404 1964
WARNING 2025-12-12 09:50:49,230 basehttp 9824 20852 "GET /static/fonts/Lora/Lora.woff HTTP/1.1" 404 1874
WARNING 2025-12-12 10:48:15,760 basehttp 10392 19284 "GET /static/fonts/Montserrat/Montserrat-VariableFont_wght.woff2 HTTP/1.1" 404 1967
WARNING 2025-12-12 10:48:15,799 basehttp 10392 18488 "GET /static/fonts/Montserrat/Montserrat-VariableFont_wght.woff HTTP/1.1" 404 1964
WARNING 2025-12-12 10:48:15,854 log 10392 6156 Not Found: /uploaded_images/046d5ada90ee44dc89000692c81ee4ba.webp
WARNING 2025-12-12 10:48:15,861 basehttp 10392 6156 "GET /uploaded_images/046d5ada90ee44dc89000692c81ee4ba.webp HTTP/1.1" 404 3327
WARNING 2025-12-12 10:48:15,918 basehttp 10392 15796 "GET /static/fonts/Lora/Lora.woff2 HTTP/1.1" 404 1877
WARNING 2025-12-12 10:48:15,986 basehttp 10392 18676 "GET /static/fonts/Lora/Lora.woff HTTP/1.1" 404 1874
WARNING 2025-12-12 10:48:38,143 log 10392 22248 Not Found: /TeddysTale/assets/fonts/Montserrat/Montserrat-VariableFont_wght.woff2
WARNING 2025-12-12 10:48:38,175 basehttp 10392 22248 "GET /TeddysTale/assets/fonts/Montserrat/Montserrat-VariableFont_wght.woff2 HTTP/1.1" 404 3375
WARNING 2025-12-12 10:48:38,185 log 10392 21716 Not Found: /TeddysTale/assets/fonts/Lora/Lora-Italic.woff2
WARNING 2025-12-12 10:48:38,186 basehttp 10392 21716 "GET /TeddysTale/assets/fonts/Lora/Lora-Italic.woff2 HTTP/1.1" 404 3306
WARNING 2025-12-12 10:48:38,242 log 10392 4728 Not Found: /TeddysTale/assets/fonts/Lora/Lora.woff2
WARNING 2025-12-12 10:48:38,243 basehttp 10392 4728 "GET /TeddysTale/assets/fonts/Lora/Lora.woff2 HTTP/1.1" 404 3285
WARNING 2025-12-12 10:48:38,360 log 10392 21716 Not Found: /TeddysTale/assets/fonts/Montserrat/Montserrat-VariableFont_wght.woff
WARNING 2025-12-12 10:48:38,361 basehttp 10392 21716 "GET /TeddysTale/assets/fonts/Montserrat/Montserrat-VariableFont_wght.woff HTTP/1.1" 404 3372
WARNING 2025-12-12 10:48:38,386 log 10392 4728 Not Found: /TeddysTale/assets/fonts/Lora/Lora.woff
WARNING 2025-12-12 10:48:38,388 basehttp 10392 4728 "GET /TeddysTale/assets/fonts/Lora/Lora.woff HTTP/1.1" 404 3282
WARNING 2025-12-12 10:48:38,408 log 10392 22248 Not Found: /TeddysTale/assets/fonts/Lora/Lora-Italic.woff
WARNING 2025-12-12 10:48:38,409 basehttp 10392 22248 "GET /TeddysTale/assets/fonts/Lora/Lora-Italic.woff HTTP/1.1" 404 3303
WARNING 2025-12-12 10:48:43,065 log 10392 4728 Not Found: /TeddysTale/assets/fonts/Montserrat/Montserrat-VariableFont_wght.woff2
WARNING 2025-12-12 10:48:43,072 basehttp 10392 4728 "GET /TeddysTale/assets/fonts/Montserrat/Montserrat-VariableFont_wght.woff2 HTTP/1.1" 404 3375
WARNING 2025-12-12 10:48:43,117 log 10392 13144 Not Found: /TeddysTale/assets/fonts/Lora/Lora.woff2
WARNING 2025-12-12 10:48:43,156 basehttp 10392 13144 "GET /TeddysTale/assets/fonts/Lora/Lora.woff2 HTTP/1.1" 404 3285
WARNING 2025-12-12 10:48:43,229 log 10392 21716 Not Found: /TeddysTale/assets/fonts/Lora/Lora-Italic.woff2
WARNING 2025-12-12 10:48:43,232 basehttp 10392 21716 "GET /TeddysTale/assets/fonts/Lora/Lora-Italic.woff2 HTTP/1.1" 404 3306
WARNING 2025-12-12 10:48:43,335 log 10392 4728 Not Found: /TeddysTale/assets/fonts/Montserrat/Montserrat-VariableFont_wght.woff
WARNING 2025-12-12 10:48:43,343 log 10392 21716 Not Found: /TeddysTale/assets/fonts/Lora/Lora-Italic.woff
WARNING 2025-12-12 10:48:43,361 basehttp 10392 4728 "GET /TeddysTale/assets/fonts/Montserrat/Montserrat-VariableFont_wght.woff HTTP/1.1" 404 3372
WARNING 2025-12-12 10:48:43,404 basehttp 10392 21716 "GET /TeddysTale/assets/fonts/Lora/Lora-Italic.woff HTTP/1.1" 404 3303
WARNING 2025-12-12 10:48:43,612 log 10392 13144 Not Found: /TeddysTale/assets/fonts/Lora/Lora.woff
WARNING 2025-12-12 10:48:43,638 basehttp 10392 13144 "GET /TeddysTale/assets/fonts/Lora/Lora.woff HTTP/1.1" 404 3282
WARNING 2025-12-12 10:52:37,224 basehttp 10392 13396 "GET /static/fonts/Montserrat/Montserrat-VariableFont_wght.woff2 HTTP/1.1" 404 1967
WARNING 2025-12-12 10:52:37,225 basehttp 10392 10108 "GET /static/fonts/Montserrat/Montserrat-VariableFont_wght.woff HTTP/1.1" 404 1964
WARNING 2025-12-12 10:52:37,243 basehttp 10392 14404 "GET /static/fonts/Lora/Lora.woff HTTP/1.1" 404 1874
WARNING 2025-12-12 10:52:37,268 basehttp 10392 18156 "GET /static/fonts/Lora/Lora.woff2 HTTP/1.1" 404 1877
WARNING 2025-12-12 10:52:37,316 log 10392 13504 Not Found: /uploaded_images/046d5ada90ee44dc89000692c81ee4ba.webp
WARNING 2025-12-12 10:52:37,322 basehttp 10392 13504 "GET /uploaded_images/046d5ada90ee44dc89000692c81ee4ba.webp HTTP/1.1" 404 3327
WARNING 2025-12-12 10:52:40,191 log 10392 13504 Not Found: /.well-known/appspecific/com.chrome.devtools.json
WARNING 2025-12-12 10:52:40,197 basehttp 10392 13504 "GET /.well-known/appspecific/com.chrome.devtools.json HTTP/1.1" 404 3312
WARNING 2025-12-12 11:07:42,334 basehttp 10392 1576 "GET /static/fonts/Montserrat/Montserrat-VariableFont_wght.woff2 HTTP/1.1" 404 1967
WARNING 2025-12-12 11:07:42,348 basehttp 10392 19776 "GET /static/fonts/Montserrat/Montserrat-VariableFont_wght.woff HTTP/1.1" 404 1964
WARNING 2025-12-12 11:07:42,525 basehttp 10392 236 "GET /static/fonts/Lora/Lora.woff2 HTTP/1.1" 404 1877
WARNING 2025-12-12 11:07:42,581 basehttp 10392 12604 "GET /static/fonts/Lora/Lora.woff HTTP/1.1" 404 1874
WARNING 2025-12-12 11:08:23,318 basehttp 10392 15712 "GET /static/fonts/Montserrat/Montserrat-VariableFont_wght.woff2 HTTP/1.1" 404 1967
WARNING 2025-12-12 11:08:23,319 basehttp 10392 18484 "GET /static/fonts/Montserrat/Montserrat-VariableFont_wght.woff HTTP/1.1" 404 1964
WARNING 2025-12-12 11:08:23,335 basehttp 10392 20680 "GET /static/fonts/Lora/Lora.woff HTTP/1.1" 404 1874
WARNING 2025-12-12 11:08:23,360 basehttp 10392 7132 "GET /static/fonts/Lora/Lora.woff2 HTTP/1.1" 404 1877
WARNING 2025-12-12 11:12:39,415 log 10392 20688 Not Found: /TeddysTale/assets/fonts/Montserrat/Montserrat-VariableFont_wght.woff2
WARNING 2025-12-12 11:12:39,416 basehttp 10392 20688 "GET /TeddysTale/assets/fonts/Montserrat/Montserrat-VariableFont_wght.woff2 HTTP/1.1" 404 3375
WARNING 2025-12-12 11:12:39,431 log 10392 14160 Not Found: /TeddysTale/assets/fonts/Lora/Lora-Italic.woff2
WARNING 2025-12-12 11:12:39,433 basehttp 10392 14160 "GET /TeddysTale/assets/fonts/Lora/Lora-Italic.woff2 HTTP/1.1" 404 3306
WARNING 2025-12-12 11:12:39,564 log 10392 20688 Not Found: /TeddysTale/assets/fonts/Montserrat/Montserrat-VariableFont_wght.woff
WARNING 2025-12-12 11:12:39,565 basehttp 10392 20688 "GET /TeddysTale/assets/fonts/Montserrat/Montserrat-VariableFont_wght.woff HTTP/1.1" 404 3372
WARNING 2025-12-12 11:12:39,583 log 10392 19016 Not Found: /TeddysTale/assets/fonts/Lora/Lora-Italic.woff
WARNING 2025-12-12 11:12:39,584 basehttp 10392 19016 "GET /TeddysTale/assets/fonts/Lora/Lora-Italic.woff HTTP/1.1" 404 3303
WARNING 2025-12-12 11:12:39,599 log 10392 14160 Not Found: /TeddysTale/assets/fonts/Lora/Lora.woff2
WARNING 2025-12-12 11:12:39,600 basehttp 10392 14160 "GET /TeddysTale/assets/fonts/Lora/Lora.woff2 HTTP/1.1" 404 3285
WARNING 2025-12-12 11:12:39,644 log 10392 14160 Not Found: /TeddysTale/assets/fonts/Lora/Lora.woff
WARNING 2025-12-12 11:12:39,645 basehttp 10392 14160 "GET /TeddysTale/assets/fonts/Lora/Lora.woff HTTP/1.1" 404 3282
WARNING 2025-12-12 11:12:42,995 log 10392 14160 Not Found: /TeddysTale/assets/fonts/Montserrat/Montserrat-VariableFont_wght.woff2
WARNING 2025-12-12 11:12:43,026 basehttp 10392 14160 "GET /TeddysTale/assets/fonts/Montserrat/Montserrat-VariableFont_wght.woff2 HTTP/1.1" 404 3375
WARNING 2025-12-12 11:12:43,145 log 10392 6800 Not Found: /TeddysTale/assets/fonts/Lora/Lora.woff2
WARNING 2025-12-12 11:12:43,156 basehttp 10392 6800 "GET /TeddysTale/assets/fonts/Lora/Lora.woff2 HTTP/1.1" 404 3285
WARNING 2025-12-12 11:12:43,178 log 10392 19392 Not Found: /TeddysTale/assets/fonts/Montserrat/Montserrat-VariableFont_wght.woff
WARNING 2025-12-12 11:12:43,180 basehttp 10392 19392 "GET /TeddysTale/assets/fonts/Montserrat/Montserrat-VariableFont_wght.woff HTTP/1.1" 404 3372
WARNING 2025-12-12 11:12:43,261 log 10392 6800 Not Found: /TeddysTale/assets/fonts/Lora/Lora.woff
WARNING 2025-12-12 11:12:43,262 basehttp 10392 6800 "GET /TeddysTale/assets/fonts/Lora/Lora.woff HTTP/1.1" 404 3282
WARNING 2025-12-12 11:12:43,360 log 10392 16420 Not Found: /TeddysTale/assets/fonts/Lora/Lora-Italic.woff2
WARNING 2025-12-12 11:12:43,361 basehttp 10392 16420 "GET /TeddysTale/assets/fonts/Lora/Lora-Italic.woff2 HTTP/1.1" 404 3306
WARNING 2025-12-12 11:12:43,409 log 10392 16420 Not Found: /TeddysTale/assets/fonts/Lora/Lora-Italic.woff
WARNING 2025-12-12 11:12:43,410 basehttp 10392 16420 "GET /TeddysTale/assets/fonts/Lora/Lora-Italic.woff HTTP/1.1" 404 3303
WARNING 2025-12-12 11:13:47,960 basehttp 10392 14160 "GET /static/fonts/Lora/Lora.woff HTTP/1.1" 404 1874
WARNING 2025-12-12 11:13:47,960 basehttp 10392 19480 "GET /static/fonts/Lora/Lora.woff2 HTTP/1.1" 404 1877
WARNING 2025-12-12 11:13:47,972 basehttp 10392 16420 "GET /static/fonts/Montserrat/Montserrat-VariableFont_wght.woff2 HTTP/1.1" 404 1967
WARNING 2025-12-12 11:13:47,960 basehttp 10392 15068 "GET /static/fonts/Montserrat/Montserrat-VariableFont_wght.woff HTTP/1.1" 404 1964
WARNING 2025-12-12 11:30:01,597 basehttp 9716 19616 "GET /static/fonts/Montserrat/Montserrat-VariableFont_wght.woff2 HTTP/1.1" 404 1967
WARNING 2025-12-12 11:30:01,611 basehttp 9716 2492 "GET /static/fonts/Montserrat/Montserrat-VariableFont_wght.woff HTTP/1.1" 404 1964
WARNING 2025-12-12 11:30:01,672 basehttp 9716 12412 "GET /static/fonts/Lora/Lora.woff HTTP/1.1" 404 1874
WARNING 2025-12-12 11:30:01,673 basehttp 9716 19932 "GET /static/fonts/Lora/Lora.woff2 HTTP/1.1" 404 1877
WARNING 2025-12-12 11:30:04,470 log 9716 19200 Not Found: /TeddysTale/assets/fonts/Montserrat/Montserrat-VariableFont_wght.woff2
WARNING 2025-12-12 11:30:04,482 log 9716 13396 Not Found: /TeddysTale/assets/fonts/Lora/Lora.woff2
WARNING 2025-12-12 11:30:04,486 basehttp 9716 19200 "GET /TeddysTale/assets/fonts/Montserrat/Montserrat-VariableFont_wght.woff2 HTTP/1.1" 404 3375
WARNING 2025-12-12 11:30:04,503 basehttp 9716 13396 "GET /TeddysTale/assets/fonts/Lora/Lora.woff2 HTTP/1.1" 404 3285
WARNING 2025-12-12 11:30:04,524 log 9716 8696 Not Found: /TeddysTale/assets/fonts/Lora/Lora-Italic.woff2
WARNING 2025-12-12 11:30:04,540 basehttp 9716 8696 "GET /TeddysTale/assets/fonts/Lora/Lora-Italic.woff2 HTTP/1.1" 404 3306
WARNING 2025-12-12 11:30:04,709 log 9716 19200 Not Found: /TeddysTale/assets/fonts/Montserrat/Montserrat-VariableFont_wght.woff
WARNING 2025-12-12 11:30:04,724 basehttp 9716 19200 "GET /TeddysTale/assets/fonts/Montserrat/Montserrat-VariableFont_wght.woff HTTP/1.1" 404 3372
WARNING 2025-12-12 11:30:04,741 log 9716 13396 Not Found: /TeddysTale/assets/fonts/Lora/Lora-Italic.woff
WARNING 2025-12-12 11:30:04,745 basehttp 9716 13396 "GET /TeddysTale/assets/fonts/Lora/Lora-Italic.woff HTTP/1.1" 404 3303
WARNING 2025-12-12 11:30:04,778 log 9716 8696 Not Found: /TeddysTale/assets/fonts/Lora/Lora.woff
WARNING 2025-12-12 11:30:04,793 basehttp 9716 8696 "GET /TeddysTale/assets/fonts/Lora/Lora.woff HTTP/1.1" 404 3282
ERROR 2025-12-12 11:30:10,581 log 9716 8696 Internal Server Error: /admin-custom/ajax/upload-image/
Traceback (most recent call last):
  File "C:\Users\Евгения\Desktop\Projects_web\TeddysTale_with-BackEnd\TeddyTale\teddy_admin\views_custom.py", line 379, in upload_image_ajax
    logger = logging.getLogger(__name__)
             ^^^^^^^
NameError: name 'logging' is not defined. Did you mean: 'login'? Or did you forget to import 'logging'?

During handling of the above exception, another exception occurred:

Traceback (most recent call last):
  File "C:\Users\Евгения\Desktop\Projects_web\TeddysTale_with-BackEnd\venv\Lib\site-packages\django\core\handlers\exception.py", line 55, in inner
    response = get_response(request)
  File "C:\Users\Евгения\Desktop\Projects_web\TeddysTale_with-BackEnd\venv\Lib\site-packages\django\core\handlers\base.py", line 197, in _get_response
    response = wrapped_callback(request, *callback_args, **callback_kwargs)
  File "C:\Users\Евгения\Desktop\Projects_web\TeddysTale_with-BackEnd\venv\Lib\site-packages\django\views\decorators\http.py", line 64, in inner
    return func(request, *args, **kwargs)
  File "C:\Users\Евгения\Desktop\Projects_web\TeddysTale_with-BackEnd\venv\Lib\site-packages\django\contrib\auth\decorators.py", line 59, in _view_wrapper
    return view_func(request, *args, **kwargs)
  File "C:\Users\Евгения\Desktop\Projects_web\TeddysTale_with-BackEnd\venv\Lib\site-packages\django\utils\decorators.py", line 192, in _view_wrapper
    result = _process_exception(request, e)
  File "C:\Users\Евгения\Desktop\Projects_web\TeddysTale_with-BackEnd\venv\Lib\site-packages\django\utils\decorators.py", line 190, in _view_wrapper
    response = view_func(request, *args, **kwargs)
  File "C:\Users\Евгения\Desktop\Projects_web\TeddysTale_with-BackEnd\TeddyTale\teddy_admin\views_custom.py", line 452, in upload_image_ajax
    logger = logging.getLogger(__name__)
             ^^^^^^^
NameError: name 'logging' is not defined. Did you mean: 'login'? Or did you forget to import 'logging'?
ERROR 2025-12-12 11:30:10,593 basehttp 9716 8696 "POST /admin-custom/ajax/upload-image/ HTTP/1.1" 500 119940
ERROR 2025-12-12 11:30:19,201 log 9716 8696 Internal Server Error: /admin-custom/ajax/upload-image/
Traceback (most recent call last):
  File "C:\Users\Евгения\Desktop\Projects_web\TeddysTale_with-BackEnd\TeddyTale\teddy_admin\views_custom.py", line 379, in upload_image_ajax
    logger = logging.getLogger(__name__)
             ^^^^^^^
NameError: name 'logging' is not defined. Did you mean: 'login'? Or did you forget to import 'logging'?

During handling of the above exception, another exception occurred:

Traceback (most recent call last):
  File "C:\Users\Евгения\Desktop\Projects_web\TeddysTale_with-BackEnd\venv\Lib\site-packages\django\core\handlers\exception.py", line 55, in inner
    response = get_response(request)
  File "C:\Users\Евгения\Desktop\Projects_web\TeddysTale_with-BackEnd\venv\Lib\site-packages\django\core\handlers\base.py", line 197, in _get_response
    response = wrapped_callback(request, *callback_args, **callback_kwargs)
  File "C:\Users\Евгения\Desktop\Projects_web\TeddysTale_with-BackEnd\venv\Lib\site-packages\django\views\decorators\http.py", line 64, in inner
    return func(request, *args, **kwargs)
  File "C:\Users\Евгения\Desktop\Projects_web\TeddysTale_with-BackEnd\venv\Lib\site-packages\django\contrib\auth\decorators.py", line 59, in _view_wrapper
    return view_func(request, *args, **kwargs)
  File "C:\Users\Евгения\Desktop\Projects_web\TeddysTale_with-BackEnd\venv\Lib\site-packages\django\utils\decorators.py", line 192, in _view_wrapper
    result = _process_exception(request, e)
  File "C:\Users\Евгения\Desktop\Projects_web\TeddysTale_with-BackEnd\venv\Lib\site-packages\django\utils\decorators.py", line 190, in _view_wrapper
    response = view_func(request, *args, **kwargs)
  File "C:\Users\Евгения\Desktop\Projects_web\TeddysTale_with-BackEnd\TeddyTale\teddy_admin\views_custom.py", line 452, in upload_image_ajax
    logger = logging.getLogger(__name__)
             ^^^^^^^
NameError: name 'logging' is not defined. Did you mean: 'login'? Or did you forget to import 'logging'?
ERROR 2025-12-12 11:30:19,205 basehttp 9716 8696 "POST /admin-custom/ajax/upload-image/ HTTP/1.1" 500 119913
WARNING 2025-12-12 11:30:22,326 log 9716 8696 Not Found: /.well-known/appspecific/com.chrome.devtools.json
WARNING 2025-12-12 11:30:22,333 basehttp 9716 8696 "GET /.well-known/appspecific/com.chrome.devtools.json HTTP/1.1" 404 3312
ERROR 2025-12-12 11:37:09,146 log 9716 22388 Internal Server Error: /admin-custom/ajax/upload-image/
Traceback (most recent call last):
  File "C:\Users\Евгения\Desktop\Projects_web\TeddysTale_with-BackEnd\TeddyTale\teddy_admin\views_custom.py", line 379, in upload_image_ajax
    logger = logging.getLogger(__name__)
             ^^^^^^^
NameError: name 'logging' is not defined. Did you mean: 'login'? Or did you forget to import 'logging'?

During handling of the above exception, another exception occurred:

Traceback (most recent call last):
  File "C:\Users\Евгения\Desktop\Projects_web\TeddysTale_with-BackEnd\venv\Lib\site-packages\django\core\handlers\exception.py", line 55, in inner
    response = get_response(request)
  File "C:\Users\Евгения\Desktop\Projects_web\TeddysTale_with-BackEnd\venv\Lib\site-packages\django\core\handlers\base.py", line 197, in _get_response
    response = wrapped_callback(request, *callback_args, **callback_kwargs)
  File "C:\Users\Евгения\Desktop\Projects_web\TeddysTale_with-BackEnd\venv\Lib\site-packages\django\views\decorators\http.py", line 64, in inner
    return func(request, *args, **kwargs)
  File "C:\Users\Евгения\Desktop\Projects_web\TeddysTale_with-BackEnd\venv\Lib\site-packages\django\contrib\auth\decorators.py", line 59, in _view_wrapper
    return view_func(request, *args, **kwargs)
  File "C:\Users\Евгения\Desktop\Projects_web\TeddysTale_with-BackEnd\venv\Lib\site-packages\django\utils\decorators.py", line 192, in _view_wrapper
    result = _process_exception(request, e)
  File "C:\Users\Евгения\Desktop\Projects_web\TeddysTale_with-BackEnd\venv\Lib\site-packages\django\utils\decorators.py", line 190, in _view_wrapper
    response = view_func(request, *args, **kwargs)
  File "C:\Users\Евгения\Desktop\Projects_web\TeddysTale_with-BackEnd\TeddyTale\teddy_admin\views_custom.py", line 452, in upload_image_ajax
    logger = logging.getLogger(__name__)
             ^^^^^^^
NameError: name 'logging' is not defined. Did you mean: 'login'? Or did you forget to import 'logging'?
ERROR 2025-12-12 11:37:09,151 basehttp 9716 22388 "POST /admin-custom/ajax/upload-image/ HTTP/1.1" 500 119623
WARNING 2025-12-12 11:40:46,482 log 1560 10388 Not Found: /TeddysTale/assets/fonts/Montserrat/Montserrat-VariableFont_wght.woff2
WARNING 2025-12-12 11:40:46,489 log 1560 18924 Not Found: /TeddysTale/assets/fonts/Lora/Lora-Italic.woff2
WARNING 2025-12-12 11:40:46,518 log 1560 4724 Not Found: /TeddysTale/assets/fonts/Lora/Lora.woff2
WARNING 2025-12-12 11:40:46,521 basehttp 1560 18924 "GET /TeddysTale/assets/fonts/Lora/Lora-Italic.woff2 HTTP/1.1" 404 3306
WARNING 2025-12-12 11:40:46,524 basehttp 1560 4724 "GET /TeddysTale/assets/fonts/Lora/Lora.woff2 HTTP/1.1" 404 3285
WARNING 2025-12-12 11:40:46,521 basehttp 1560 10388 "GET /TeddysTale/assets/fonts/Montserrat/Montserrat-VariableFont_wght.woff2 HTTP/1.1" 404 3375
WARNING 2025-12-12 11:40:46,709 log 1560 18664 Not Found: /.well-known/appspecific/com.chrome.devtools.json
WARNING 2025-12-12 11:40:46,756 basehttp 1560 18664 "GET /.well-known/appspecific/com.chrome.devtools.json HTTP/1.1" 404 3312
WARNING 2025-12-12 11:40:46,777 log 1560 18924 Not Found: /TeddysTale/assets/fonts/Montserrat/Montserrat-VariableFont_wght.woff
WARNING 2025-12-12 11:40:46,821 basehttp 1560 18924 "GET /TeddysTale/assets/fonts/Montserrat/Montserrat-VariableFont_wght.woff HTTP/1.1" 404 3372
WARNING 2025-12-12 11:40:46,842 log 1560 10388 Not Found: /TeddysTale/assets/fonts/Lora/Lora.woff
WARNING 2025-12-12 11:40:46,848 basehttp 1560 10388 "GET /TeddysTale/assets/fonts/Lora/Lora.woff HTTP/1.1" 404 3282
WARNING 2025-12-12 11:40:47,004 log 1560 17100 Not Found: /TeddysTale/assets/fonts/Lora/Lora-Italic.woff
WARNING 2025-12-12 11:40:47,006 basehttp 1560 17100 "GET /TeddysTale/assets/fonts/Lora/Lora-Italic.woff HTTP/1.1" 404 3303
WARNING 2025-12-12 11:41:11,003 log 1560 18664 Not Found: /.well-known/appspecific/com.chrome.devtools.json
WARNING 2025-12-12 11:41:11,015 basehttp 1560 18664 "GET /.well-known/appspecific/com.chrome.devtools.json HTTP/1.1" 404 3312
WARNING 2025-12-12 11:41:11,052 log 1560 17100 Not Found: /TeddysTale/assets/fonts/Montserrat/Montserrat-VariableFont_wght.woff2
WARNING 2025-12-12 11:41:11,053 basehttp 1560 17100 "GET /TeddysTale/assets/fonts/Montserrat/Montserrat-VariableFont_wght.woff2 HTTP/1.1" 404 3375
WARNING 2025-12-12 11:41:11,150 log 1560 10388 Not Found: /media/uploaded_images/11b45d5769f94a92bb4068ea3498f1d0.webp
WARNING 2025-12-12 11:41:11,200 basehttp 1560 10388 "GET /media/uploaded_images/11b45d5769f94a92bb4068ea3498f1d0.webp HTTP/1.1" 404 3656
WARNING 2025-12-12 11:41:11,203 log 1560 4724 Not Found: /TeddysTale/assets/fonts/Lora/Lora.woff2
WARNING 2025-12-12 11:41:11,308 log 1560 18924 Not Found: /TeddysTale/assets/fonts/Lora/Lora-Italic.woff2
WARNING 2025-12-12 11:41:11,309 basehttp 1560 4724 "GET /TeddysTale/assets/fonts/Lora/Lora.woff2 HTTP/1.1" 404 3285
WARNING 2025-12-12 11:41:11,330 basehttp 1560 18924 "GET /TeddysTale/assets/fonts/Lora/Lora-Italic.woff2 HTTP/1.1" 404 3306
WARNING 2025-12-12 11:41:11,484 log 1560 17100 Not Found: /TeddysTale/assets/fonts/Montserrat/Montserrat-VariableFont_wght.woff
WARNING 2025-12-12 11:41:11,496 basehttp 1560 17100 "GET /TeddysTale/assets/fonts/Montserrat/Montserrat-VariableFont_wght.woff HTTP/1.1" 404 3372
WARNING 2025-12-12 11:41:11,611 log 1560 18924 Not Found: /TeddysTale/assets/fonts/Lora/Lora.woff
WARNING 2025-12-12 11:41:11,619 basehttp 1560 18924 "GET /TeddysTale/assets/fonts/Lora/Lora.woff HTTP/1.1" 404 3282
WARNING 2025-12-12 11:41:11,628 log 1560 16140 Not Found: /TeddysTale/assets/fonts/Lora/Lora-Italic.woff
WARNING 2025-12-12 11:41:11,634 basehttp 1560 16140 "GET /TeddysTale/assets/fonts/Lora/Lora-Italic.woff HTTP/1.1" 404 3303
WARNING 2025-12-12 11:41:51,203 basehttp 1560 17100 "GET /static/fonts/Montserrat/Montserrat-VariableFont_wght.woff2 HTTP/1.1" 404 1967
WARNING 2025-12-12 11:41:51,238 basehttp 1560 16140 "GET /static/fonts/Lora/Lora.woff2 HTTP/1.1" 404 1877
WARNING 2025-12-12 11:41:51,254 basehttp 1560 18924 "GET /static/fonts/Lora/Lora.woff HTTP/1.1" 404 1874
WARNING 2025-12-12 11:41:51,237 basehttp 1560 10388 "GET /static/fonts/Montserrat/Montserrat-VariableFont_wght.woff HTTP/1.1" 404 1964
WARNING 2025-12-12 11:44:47,892 basehttp 1560 20104 "GET /static/fonts/Montserrat/Montserrat-VariableFont_wght.woff HTTP/1.1" 404 1964
WARNING 2025-12-12 11:44:47,893 basehttp 1560 22356 "GET /static/fonts/Montserrat/Montserrat-VariableFont_wght.woff2 HTTP/1.1" 404 1967
WARNING 2025-12-12 11:44:47,925 basehttp 1560 21216 "GET /static/fonts/Lora/Lora.woff HTTP/1.1" 404 1874
WARNING 2025-12-12 11:44:47,925 basehttp 1560 21852 "GET /static/fonts/Lora/Lora.woff2 HTTP/1.1" 404 1877
WARNING 2025-12-12 11:45:09,544 basehttp 1560 13952 "GET /static/fonts/Montserrat/Montserrat-VariableFont_wght.woff2 HTTP/1.1" 404 1967
WARNING 2025-12-12 11:45:09,563 basehttp 1560 15192 "GET /static/fonts/Montserrat/Montserrat-VariableFont_wght.woff HTTP/1.1" 404 1964
WARNING 2025-12-12 11:45:09,698 basehttp 1560 19632 "GET /static/fonts/Lora/Lora.woff2 HTTP/1.1" 404 1877
WARNING 2025-12-12 11:45:09,732 basehttp 1560 15964 "GET /static/fonts/Lora/Lora.woff HTTP/1.1" 404 1874
WARNING 2025-12-12 11:45:46,015 basehttp 1560 21944 "GET /static/fonts/Montserrat/Montserrat-VariableFont_wght.woff2 HTTP/1.1" 404 1967
WARNING 2025-12-12 11:45:46,016 basehttp 1560 8912 "GET /static/fonts/Montserrat/Montserrat-VariableFont_wght.woff HTTP/1.1" 404 1964
WARNING 2025-12-12 11:45:46,045 basehttp 1560 21748 "GET /static/fonts/Lora/Lora.woff2 HTTP/1.1" 404 1877
WARNING 2025-12-12 11:45:46,046 basehttp 1560 16204 "GET /static/fonts/Lora/Lora.woff HTTP/1.1" 404 1874
WARNING 2025-12-12 11:47:24,621 basehttp 1560 1160 "GET /static/fonts/Montserrat/Montserrat-VariableFont_wght.woff2 HTTP/1.1" 404 1967
WARNING 2025-12-12 11:47:24,622 basehttp 1560 8448 "GET /static/fonts/Montserrat/Montserrat-VariableFont_wght.woff HTTP/1.1" 404 1964
WARNING 2025-12-12 11:47:24,651 basehttp 1560 16320 "GET /static/fonts/Lora/Lora.woff2 HTTP/1.1" 404 1877
WARNING 2025-12-12 11:47:24,686 basehttp 1560 20724 "GET /static/fonts/Lora/Lora.woff HTTP/1.1" 404 1874
WARNING 2025-12-12 11:48:03,618 basehttp 1560 13156 "GET /static/fonts/Montserrat/Montserrat-VariableFont_wght.woff HTTP/1.1" 404 1964
WARNING 2025-12-12 11:48:03,619 basehttp 1560 17240 "GET /static/fonts/Montserrat/Montserrat-VariableFont_wght.woff2 HTTP/1.1" 404 1967
WARNING 2025-12-12 11:48:03,633 basehttp 1560 5608 "GET /static/fonts/Lora/Lora.woff2 HTTP/1.1" 404 1877
WARNING 2025-12-12 11:48:03,649 basehttp 1560 21248 "GET /static/fonts/Lora/Lora.woff HTTP/1.1" 404 1874
WARNING 2025-12-12 11:48:13,171 basehttp 1560 15816 "GET /static/fonts/Montserrat/Montserrat-VariableFont_wght.woff2 HTTP/1.1" 404 1967
WARNING 2025-12-12 11:48:13,189 basehttp 1560 18144 "GET /static/fonts/Montserrat/Montserrat-VariableFont_wght.woff HTTP/1.1" 404 1964
WARNING 2025-12-12 11:48:13,201 basehttp 1560 21776 "GET /static/fonts/Lora/Lora.woff2 HTTP/1.1" 404 1877
WARNING 2025-12-12 11:48:13,217 basehttp 1560 17380 "GET /static/fonts/Lora/Lora.woff HTTP/1.1" 404 1874
WARNING 2025-12-12 11:48:25,315 basehttp 1560 20692 "GET /static/fonts/Montserrat/Montserrat-VariableFont_wght.woff2 HTTP/1.1" 404 1967
WARNING 2025-12-12 11:48:25,352 basehttp 1560 19508 "GET /static/fonts/Montserrat/Montserrat-VariableFont_wght.woff HTTP/1.1" 404 1964
WARNING 2025-12-12 11:48:25,353 basehttp 1560 17212 "GET /static/fonts/Lora/Lora.woff2 HTTP/1.1" 404 1877
WARNING 2025-12-12 11:48:25,366 basehttp 1560 22180 "GET /static/fonts/Lora/Lora.woff HTTP/1.1" 404 1874
WARNING 2026-01-02 11:44:38,652 basehttp 16236 9456 "GET /static/fonts/Montserrat/Montserrat-VariableFont_wght.woff2 HTTP/1.1" 404 1967
WARNING 2026-01-02 11:44:38,670 basehttp 16236 11072 "GET /static/fonts/Montserrat/Montserrat-VariableFont_wght.woff HTTP/1.1" 404 1964
WARNING 2026-01-02 11:44:38,769 basehttp 16236 17496 "GET /static/fonts/Lora/Lora.woff2 HTTP/1.1" 404 1877
WARNING 2026-01-02 11:44:38,787 basehttp 16236 12952 "GET /static/fonts/Lora/Lora.woff HTTP/1.1" 404 1874
WARNING 2026-01-02 11:45:15,261 basehttp 16236 3960 "GET /static/fonts/Montserrat/Montserrat-VariableFont_wght.woff2 HTTP/1.1" 404 1967
WARNING 2026-01-02 11:45:15,261 basehttp 16236 18484 "GET /static/fonts/Montserrat/Montserrat-VariableFont_wght.woff HTTP/1.1" 404 1964
WARNING 2026-01-02 11:45:15,282 basehttp 16236 14876 "GET /static/fonts/Lora/Lora.woff2 HTTP/1.1" 404 1877
WARNING 2026-01-02 11:45:15,294 basehttp 16236 1820 "GET /static/fonts/Lora/Lora.woff HTTP/1.1" 404 1874
WARNING 2026-01-02 11:49:53,965 basehttp 16236 10628 "GET /static/fonts/Montserrat/Montserrat-VariableFont_wght.woff2 HTTP/1.1" 404 1967
WARNING 2026-01-02 11:49:53,972 basehttp 16236 17640 "GET /static/fonts/Lora/Lora.woff2 HTTP/1.1" 404 1877
WARNING 2026-01-02 11:49:53,994 basehttp 16236 16716 "GET /static/fonts/Montserrat/Montserrat-VariableFont_wght.woff HTTP/1.1" 404 1964
WARNING 2026-01-02 11:49:54,014 basehttp 16236 6232 "GET /static/fonts/Lora/Lora.woff HTTP/1.1" 404 1874
WARNING 2026-01-02 11:50:43,118 log 16236 12416 Not Found: /.well-known/appspecific/com.chrome.devtools.json
WARNING 2026-01-02 11:50:43,121 basehttp 16236 12416 "GET /.well-known/appspecific/com.chrome.devtools.json HTTP/1.1" 404 3312
WARNING 2026-01-02 11:51:22,906 basehttp 16236 13080 "GET /static/fonts/Montserrat/Montserrat-VariableFont_wght.woff2 HTTP/1.1" 404 1967
WARNING 2026-01-02 11:51:23,049 basehttp 16236 12032 "GET /static/fonts/Lora/Lora.woff2 HTTP/1.1" 404 1877
WARNING 2026-01-02 11:51:23,134 log 16236 18852 Not Found: /.well-known/appspecific/com.chrome.devtools.json
WARNING 2026-01-02 11:51:23,129 basehttp 16236 19476 "GET /static/fonts/Montserrat/Montserrat-VariableFont_wght.woff HTTP/1.1" 404 1964
WARNING 2026-01-02 11:51:23,129 basehttp 16236 8024 "GET /static/fonts/Lora/Lora.woff HTTP/1.1" 404 1874
WARNING 2026-01-02 11:51:23,135 basehttp 16236 18852 "GET /.well-known/appspecific/com.chrome.devtools.json HTTP/1.1" 404 3312
WARNING 2026-01-02 11:52:13,078 basehttp 16236 7432 "GET /static/fonts/Montserrat/Montserrat-VariableFont_wght.woff2 HTTP/1.1" 404 1967
WARNING 2026-01-02 11:52:13,164 basehttp 16236 5332 "GET /static/fonts/Lora/Lora.woff2 HTTP/1.1" 404 1877
WARNING 2026-01-02 11:52:13,183 basehttp 16236 20008 "GET /static/fonts/Montserrat/Montserrat-VariableFont_wght.woff HTTP/1.1" 404 1964
WARNING 2026-01-02 11:52:13,217 basehttp 16236 8984 "GET /static/fonts/Lora/Lora.woff HTTP/1.1" 404 1874
WARNING 2026-01-02 11:52:13,842 log 16236 15720 Not Found: /.well-known/appspecific/com.chrome.devtools.json
WARNING 2026-01-02 11:52:13,935 basehttp 16236 15720 "GET /.well-known/appspecific/com.chrome.devtools.json HTTP/1.1" 404 3312
WARNING 2026-01-02 11:52:53,608 basehttp 16236 15632 "GET /static/fonts/Montserrat/Montserrat-VariableFont_wght.woff HTTP/1.1" 404 1964
WARNING 2026-01-02 11:52:53,623 basehttp 16236 20316 "GET /static/fonts/Montserrat/Montserrat-VariableFont_wght.woff2 HTTP/1.1" 404 1967
WARNING 2026-01-02 11:52:53,665 basehttp 16236 16100 "GET /static/fonts/Lora/Lora.woff2 HTTP/1.1" 404 1877
WARNING 2026-01-02 11:52:53,679 basehttp 16236 14820 "GET /static/fonts/Lora/Lora.woff HTTP/1.1" 404 1874
WARNING 2026-01-02 12:14:46,191 basehttp 16236 6140 "GET /static/fonts/Montserrat/Montserrat-VariableFont_wght.woff2 HTTP/1.1" 404 1967
WARNING 2026-01-02 12:14:46,219 basehttp 16236 19896 "GET /static/fonts/Montserrat/Montserrat-VariableFont_wght.woff HTTP/1.1" 404 1964
WARNING 2026-01-02 12:14:46,232 basehttp 16236 18632 "GET /static/fonts/Lora/Lora.woff2 HTTP/1.1" 404 1877
WARNING 2026-01-02 12:14:46,250 basehttp 16236 3356 "GET /static/fonts/Lora/Lora.woff HTTP/1.1" 404 1874
WARNING 2026-01-02 12:15:01,455 basehttp 16236 13088 "GET /static/fonts/Montserrat/Montserrat-VariableFont_wght.woff2 HTTP/1.1" 404 1967
WARNING 2026-01-02 12:15:01,474 basehttp 16236 19952 "GET /static/fonts/Montserrat/Montserrat-VariableFont_wght.woff HTTP/1.1" 404 1964
WARNING 2026-01-02 12:15:01,502 basehttp 16236 19712 "GET /static/fonts/Lora/Lora.woff HTTP/1.1" 404 1874
WARNING 2026-01-02 12:15:01,490 basehttp 16236 11640 "GET /static/fonts/Lora/Lora.woff2 HTTP/1.1" 404 1877
WARNING 2026-01-02 12:15:08,150 basehttp 16236 17152 "GET /static/fonts/Montserrat/Montserrat-VariableFont_wght.woff2 HTTP/1.1" 404 1967
WARNING 2026-01-02 12:15:08,222 basehttp 16236 7856 "GET /static/fonts/Montserrat/Montserrat-VariableFont_wght.woff HTTP/1.1" 404 1964
WARNING 2026-01-02 12:15:08,224 basehttp 16236 12560 "GET /static/fonts/Lora/Lora.woff2 HTTP/1.1" 404 1877
WARNING 2026-01-02 12:15:08,236 basehttp 16236 19524 "GET /static/fonts/Lora/Lora.woff HTTP/1.1" 404 1874
WARNING 2026-01-02 12:15:27,842 basehttp 16236 9924 "GET /static/fonts/Montserrat/Montserrat-VariableFont_wght.woff2 HTTP/1.1" 404 1967
WARNING 2026-01-02 12:15:27,857 basehttp 16236 14412 "GET /static/fonts/Montserrat/Montserrat-VariableFont_wght.woff HTTP/1.1" 404 1964
WARNING 2026-01-02 12:15:27,877 basehttp 16236 2500 "GET /static/fonts/Lora/Lora.woff2 HTTP/1.1" 404 1877
WARNING 2026-01-02 12:15:27,893 basehttp 16236 17748 "GET /static/fonts/Lora/Lora.woff HTTP/1.1" 404 1874
WARNING 2026-01-02 12:15:34,979 basehttp 16236 17844 "GET /static/fonts/Montserrat/Montserrat-VariableFont_wght.woff2 HTTP/1.1" 404 1967
WARNING 2026-01-02 12:15:34,999 basehttp 16236 8488 "GET /static/fonts/Montserrat/Montserrat-VariableFont_wght.woff HTTP/1.1" 404 1964
WARNING 2026-01-02 12:15:35,045 basehttp 16236 17344 "GET /static/fonts/Lora/Lora.woff2 HTTP/1.1" 404 1877
WARNING 2026-01-02 12:15:35,062 basehttp 16236 6764 "GET /static/fonts/Lora/Lora.woff HTTP/1.1" 404 1874
WARNING 2026-01-02 12:15:43,629 log 16236 7328 Not Found: /.well-known/appspecific/com.chrome.devtools.json
WARNING 2026-01-02 12:15:43,634 basehttp 16236 7328 "GET /.well-known/appspecific/com.chrome.devtools.json HTTP/1.1" 404 3312
WARNING 2026-01-02 12:16:14,308 basehttp 16236 14480 "GET /static/fonts/Montserrat/Montserrat-VariableFont_wght.woff2 HTTP/1.1" 404 1967
WARNING 2026-01-02 12:16:14,403 basehttp 16236 17404 "GET /static/fonts/Montserrat/Montserrat-VariableFont_wght.woff HTTP/1.1" 404 1964
WARNING 2026-01-02 12:16:14,473 basehttp 16236 3052 "GET /static/fonts/Lora/Lora.woff2 HTTP/1.1" 404 1877
WARNING 2026-01-02 12:16:14,538 basehttp 16236 7088 "GET /static/fonts/Lora/Lora.woff HTTP/1.1" 404 1874
WARNING 2026-01-02 12:16:15,364 log 16236 13108 Not Found: /.well-known/appspecific/com.chrome.devtools.json
WARNING 2026-01-02 12:16:15,408 basehttp 16236 13108 "GET /.well-known/appspecific/com.chrome.devtools.json HTTP/1.1" 404 3312
WARNING 2026-01-02 12:17:41,990 basehttp 16236 12612 "GET /static/fonts/Montserrat/Montserrat-VariableFont_wght.woff2 HTTP/1.1" 404 1967
WARNING 2026-01-02 12:17:42,076 log 16236 17652 Not Found: /.well-known/appspecific/com.chrome.devtools.json
WARNING 2026-01-02 12:17:42,050 basehttp 16236 1088 "GET /static/fonts/Montserrat/Montserrat-VariableFont_wght.woff HTTP/1.1" 404 1964
WARNING 2026-01-02 12:17:42,072 basehttp 16236 20164 "GET /static/fonts/Lora/Lora.woff2 HTTP/1.1" 404 1877
WARNING 2026-01-02 12:17:42,137 basehttp 16236 17652 "GET /.well-known/appspecific/com.chrome.devtools.json HTTP/1.1" 404 3312
WARNING 2026-01-02 12:17:42,128 basehttp 16236 15428 "GET /static/fonts/Lora/Lora.woff HTTP/1.1" 404 1874
WARNING 2026-01-02 12:18:24,074 basehttp 16236 20364 "GET /static/fonts/Montserrat/Montserrat-VariableFont_wght.woff2 HTTP/1.1" 404 1967
WARNING 2026-01-02 12:18:24,085 basehttp 16236 17180 "GET /static/fonts/Montserrat/Montserrat-VariableFont_wght.woff HTTP/1.1" 404 1964
WARNING 2026-01-02 12:18:24,115 basehttp 16236 17788 "GET /static/fonts/Lora/Lora.woff2 HTTP/1.1" 404 1877
WARNING 2026-01-02 12:18:24,145 basehttp 16236 18480 "GET /static/fonts/Lora/Lora.woff HTTP/1.1" 404 1874
WARNING 2026-01-02 12:18:30,014 log 16236 18488 Not Found: /TeddysTale/assets/fonts/Lora/Lora.woff2
WARNING 2026-01-02 12:18:30,015 basehttp 16236 18488 "GET /TeddysTale/assets/fonts/Lora/Lora.woff2 HTTP/1.1" 404 3285
WARNING 2026-01-02 12:18:30,066 log 16236 18572 Not Found: /TeddysTale/assets/fonts/Lora/Lora-Italic.woff2
WARNING 2026-01-02 12:18:30,068 basehttp 16236 18572 "GET /TeddysTale/assets/fonts/Lora/Lora-Italic.woff2 HTTP/1.1" 404 3306
WARNING 2026-01-02 12:18:30,122 log 16236 16856 Not Found: /TeddysTale/assets/fonts/Montserrat/Montserrat-VariableFont_wght.woff2
WARNING 2026-01-02 12:18:30,124 basehttp 16236 16856 "GET /TeddysTale/assets/fonts/Montserrat/Montserrat-VariableFont_wght.woff2 HTTP/1.1" 404 3375
WARNING 2026-01-02 12:18:31,141 log 16236 18488 Not Found: /TeddysTale/assets/fonts/Lora/Lora.woff
WARNING 2026-01-02 12:18:31,142 basehttp 16236 18488 "GET /TeddysTale/assets/fonts/Lora/Lora.woff HTTP/1.1" 404 3282
WARNING 2026-01-02 12:18:31,205 log 16236 18572 Not Found: /TeddysTale/assets/fonts/Lora/Lora-Italic.woff
WARNING 2026-01-02 12:18:31,210 basehttp 16236 18572 "GET /TeddysTale/assets/fonts/Lora/Lora-Italic.woff HTTP/1.1" 404 3303
WARNING 2026-01-02 12:18:31,259 log 16236 16856 Not Found: /TeddysTale/assets/fonts/Montserrat/Montserrat-VariableFont_wght.woff
WARNING 2026-01-02 12:18:31,261 basehttp 16236 16856 "GET /TeddysTale/assets/fonts/Montserrat/Montserrat-VariableFont_wght.woff HTTP/1.1" 404 3372
WARNING 2026-01-02 12:18:36,657 log 16236 18572 Not Found: /TeddysTale/assets/fonts/Lora/Lora-Italic.woff2
WARNING 2026-01-02 12:18:36,659 basehttp 16236 18572 "GET /TeddysTale/assets/fonts/Lora/Lora-Italic.woff2 HTTP/1.1" 404 3306
WARNING 2026-01-02 12:18:36,711 log 16236 18488 Not Found: /TeddysTale/assets/fonts/Lora/Lora.woff2
WARNING 2026-01-02 12:18:36,712 basehttp 16236 18488 "GET /TeddysTale/assets/fonts/Lora/Lora.woff2 HTTP/1.1" 404 3285
WARNING 2026-01-02 12:18:36,767 log 16236 16856 Not Found: /TeddysTale/assets/fonts/Montserrat/Montserrat-VariableFont_wght.woff2
WARNING 2026-01-02 12:18:36,768 basehttp 16236 16856 "GET /TeddysTale/assets/fonts/Montserrat/Montserrat-VariableFont_wght.woff2 HTTP/1.1" 404 3375
WARNING 2026-01-02 12:18:37,016 log 16236 18572 Not Found: /TeddysTale/assets/fonts/Lora/Lora-Italic.woff
WARNING 2026-01-02 12:18:37,017 basehttp 16236 18572 "GET /TeddysTale/assets/fonts/Lora/Lora-Italic.woff HTTP/1.1" 404 3303
WARNING 2026-01-02 12:18:37,066 log 16236 18488 Not Found: /TeddysTale/assets/fonts/Lora/Lora.woff
WARNING 2026-01-02 12:18:37,067 basehttp 16236 18488 "GET /TeddysTale/assets/fonts/Lora/Lora.woff HTTP/1.1" 404 3282
WARNING 2026-01-02 12:18:37,121 log 16236 16856 Not Found: /TeddysTale/assets/fonts/Montserrat/Montserrat-VariableFont_wght.woff
WARNING 2026-01-02 12:18:37,123 basehttp 16236 16856 "GET /TeddysTale/assets/fonts/Montserrat/Montserrat-VariableFont_wght.woff HTTP/1.1" 404 3372
WARNING 2026-01-02 12:18:53,753 log 16236 16856 Not Found: /TeddysTale/assets/fonts/Lora/Lora-Italic.woff2
WARNING 2026-01-02 12:18:53,755 basehttp 16236 16856 "GET /TeddysTale/assets/fonts/Lora/Lora-Italic.woff2 HTTP/1.1" 404 3306
WARNING 2026-01-02 12:18:53,804 log 16236 18572 Not Found: /TeddysTale/assets/fonts/Lora/Lora.woff2
WARNING 2026-01-02 12:18:53,806 basehttp 16236 18572 "GET /TeddysTale/assets/fonts/Lora/Lora.woff2 HTTP/1.1" 404 3285
WARNING 2026-01-02 12:18:53,859 log 16236 18488 Not Found: /TeddysTale/assets/fonts/Montserrat/Montserrat-VariableFont_wght.woff2
WARNING 2026-01-02 12:18:53,860 basehttp 16236 18488 "GET /TeddysTale/assets/fonts/Montserrat/Montserrat-VariableFont_wght.woff2 HTTP/1.1" 404 3375
WARNING 2026-01-02 12:18:54,065 log 16236 16856 Not Found: /TeddysTale/assets/fonts/Lora/Lora-Italic.woff
WARNING 2026-01-02 12:18:54,066 basehttp 16236 16856 "GET /TeddysTale/assets/fonts/Lora/Lora-Italic.woff HTTP/1.1" 404 3303
WARNING 2026-01-02 12:18:54,114 log 16236 18572 Not Found: /TeddysTale/assets/fonts/Lora/Lora.woff
WARNING 2026-01-02 12:18:54,116 basehttp 16236 18572 "GET /TeddysTale/assets/fonts/Lora/Lora.woff HTTP/1.1" 404 3282
WARNING 2026-01-02 12:18:54,205 log 16236 18488 Not Found: /TeddysTale/assets/fonts/Montserrat/Montserrat-VariableFont_wght.woff
WARNING 2026-01-02 12:18:54,206 basehttp 16236 18488 "GET /TeddysTale/assets/fonts/Montserrat/Montserrat-VariableFont_wght.woff HTTP/1.1" 404 3372
WARNING 2026-01-02 12:20:12,891 log 16236 18488 Not Found: /admin-custom/ajax/update-section/contacts/
WARNING 2026-01-02 12:20:12,893 basehttp 16236 18488 "POST /admin-custom/ajax/update-section/contacts/ HTTP/1.1" 404 135
WARNING 2026-01-02 12:20:51,551 log 16236 18488 Not Found: /TeddysTale/assets/fonts/Lora/Lora-Italic.woff2
WARNING 2026-01-02 12:20:51,552 basehttp 16236 18488 "GET /TeddysTale/assets/fonts/Lora/Lora-Italic.woff2 HTTP/1.1" 404 3306
WARNING 2026-01-02 12:20:51,664 log 16236 16856 Not Found: /TeddysTale/assets/fonts/Lora/Lora.woff2
WARNING 2026-01-02 12:20:51,678 basehttp 16236 16856 "GET /TeddysTale/assets/fonts/Lora/Lora.woff2 HTTP/1.1" 404 3285
WARNING 2026-01-02 12:20:51,910 log 16236 17532 Not Found: /TeddysTale/assets/fonts/Montserrat/Montserrat-VariableFont_wght.woff2
WARNING 2026-01-02 12:20:51,919 basehttp 16236 17532 "GET /TeddysTale/assets/fonts/Montserrat/Montserrat-VariableFont_wght.woff2 HTTP/1.1" 404 3375
WARNING 2026-01-02 12:20:52,083 log 16236 9696 Not Found: /TeddysTale/assets/fonts/Lora/Lora-Italic.woff
WARNING 2026-01-02 12:20:52,084 basehttp 16236 9696 "GET /TeddysTale/assets/fonts/Lora/Lora-Italic.woff HTTP/1.1" 404 3303
WARNING 2026-01-02 12:20:52,197 log 16236 18572 Not Found: /TeddysTale/assets/fonts/Lora/Lora.woff
WARNING 2026-01-02 12:20:52,198 basehttp 16236 18572 "GET /TeddysTale/assets/fonts/Lora/Lora.woff HTTP/1.1" 404 3282
WARNING 2026-01-02 12:20:52,311 log 16236 18488 Not Found: /TeddysTale/assets/fonts/Montserrat/Montserrat-VariableFont_wght.woff
WARNING 2026-01-02 12:20:52,312 basehttp 16236 18488 "GET /TeddysTale/assets/fonts/Montserrat/Montserrat-VariableFont_wght.woff HTTP/1.1" 404 3372
ERROR 2026-01-02 12:28:37,304 log 5716 20112 Internal Server Error: /admin-custom/panel/
Traceback (most recent call last):
  File "C:\Users\Евгения\Desktop\Projects_web\TeddysTale_with-BackEnd\venv\Lib\site-packages\django\db\backends\utils.py", line 105, in _execute
    return self.cursor.execute(sql, params)
           ~~~~~~~~~~~~~~~~~~~^^^^^^^^^^^^^
psycopg2.OperationalError: server closed the connection unexpectedly
	This probably means the server terminated abnormally
	before or while processing the request.
server closed the connection unexpectedly
	This probably means the server terminated abnormally
	before or while processing the request.


The above exception was the direct cause of the following exception:

Traceback (most recent call last):
  File "C:\Users\Евгения\Desktop\Projects_web\TeddysTale_with-BackEnd\venv\Lib\site-packages\django\core\handlers\exception.py", line 55, in inner
    response = get_response(request)
  File "C:\Users\Евгения\Desktop\Projects_web\TeddysTale_with-BackEnd\venv\Lib\site-packages\django\core\handlers\base.py", line 197, in _get_response
    response = wrapped_callback(request, *callback_args, **callback_kwargs)
  File "C:\Users\Евгения\Desktop\Projects_web\TeddysTale_with-BackEnd\venv\Lib\site-packages\django\contrib\auth\decorators.py", line 59, in _view_wrapper
    return view_func(request, *args, **kwargs)
  File "C:\Users\Евгения\Desktop\Projects_web\TeddysTale_with-BackEnd\TeddyTale\teddy_admin\views_custom.py", line 160, in custom_admin_panel
    return render(request, 'admin-panel.html', context)
  File "C:\Users\Евгения\Desktop\Projects_web\TeddysTale_with-BackEnd\venv\Lib\site-packages\django\shortcuts.py", line 25, in render
    content = loader.render_to_string(template_name, context, request, using=using)
  File "C:\Users\Евгения\Desktop\Projects_web\TeddysTale_with-BackEnd\venv\Lib\site-packages\django\template\loader.py", line 62, in render_to_string
    return template.render(context, request)
           ~~~~~~~~~~~~~~~^^^^^^^^^^^^^^^^^^
  File "C:\Users\Евгения\Desktop\Projects_web\TeddysTale_with-BackEnd\venv\Lib\site-packages\django\template\backends\django.py", line 107, in render
    return self.template.render(context)
           ~~~~~~~~~~~~~~~~~~~~^^^^^^^^^
  File "C:\Users\Евгения\Desktop\Projects_web\TeddysTale_with-BackEnd\venv\Lib\site-packages\django\template\base.py", line 171, in render
    return self._render(context)
           ~~~~~~~~~~~~^^^^^^^^^
  File "C:\Users\Евгения\Desktop\Projects_web\TeddysTale_with-BackEnd\venv\Lib\site-packages\django\template\base.py", line 163, in _render
    return self.nodelist.render(context)
           ~~~~~~~~~~~~~~~~~~~~^^^^^^^^^
  File "C:\Users\Евгения\Desktop\Projects_web\TeddysTale_with-BackEnd\venv\Lib\site-packages\django\template\base.py", line 1016, in render
    return SafeString("".join([node.render_annotated(context) for node in self]))
                               ~~~~~~~~~~~~~~~~~~~~~^^^^^^^^^
  File "C:\Users\Евгения\Desktop\Projects_web\TeddysTale_with-BackEnd\venv\Lib\site-packages\django\template\base.py", line 977, in render_annotated
    return self.render(context)
           ~~~~~~~~~~~^^^^^^^^^
  File "C:\Users\Евгения\Desktop\Projects_web\TeddysTale_with-BackEnd\venv\Lib\site-packages\django\template\loader_tags.py", line 159, in render
    return compiled_parent._render(context)
           ~~~~~~~~~~~~~~~~~~~~~~~^^^^^^^^^
  File "C:\Users\Евгения\Desktop\Projects_web\TeddysTale_with-BackEnd\venv\Lib\site-packages\django\template\base.py", line 163, in _render
    return self.nodelist.render(context)
           ~~~~~~~~~~~~~~~~~~~~^^^^^^^^^
  File "C:\Users\Евгения\Desktop\Projects_web\TeddysTale_with-BackEnd\venv\Lib\site-packages\django\template\base.py", line 1016, in render
    return SafeString("".join([node.render_annotated(context) for node in self]))
                               ~~~~~~~~~~~~~~~~~~~~~^^^^^^^^^
  File "C:\Users\Евгения\Desktop\Projects_web\TeddysTale_with-BackEnd\venv\Lib\site-packages\django\template\base.py", line 977, in render_annotated
    return self.render(context)
           ~~~~~~~~~~~^^^^^^^^^
  File "C:\Users\Евгения\Desktop\Projects_web\TeddysTale_with-BackEnd\venv\Lib\site-packages\django\template\loader_tags.py", line 65, in render
    result = block.nodelist.render(context)
  File "C:\Users\Евгения\Desktop\Projects_web\TeddysTale_with-BackEnd\venv\Lib\site-packages\django\template\base.py", line 1016, in render
    return SafeString("".join([node.render_annotated(context) for node in self]))
                               ~~~~~~~~~~~~~~~~~~~~~^^^^^^^^^
  File "C:\Users\Евгения\Desktop\Projects_web\TeddysTale_with-BackEnd\venv\Lib\site-packages\django\template\base.py", line 977, in render_annotated
    return self.render(context)
           ~~~~~~~~~~~^^^^^^^^^
  File "C:\Users\Евгения\Desktop\Projects_web\TeddysTale_with-BackEnd\venv\Lib\site-packages\django\template\defaulttags.py", line 199, in render
    len_values = len(values)
  File "C:\Users\Евгения\Desktop\Projects_web\TeddysTale_with-BackEnd\venv\Lib\site-packages\django\db\models\query.py", line 368, in __len__
    self._fetch_all()
    ~~~~~~~~~~~~~~~^^
  File "C:\Users\Евгения\Desktop\Projects_web\TeddysTale_with-BackEnd\venv\Lib\site-packages\django\db\models\query.py", line 1954, in _fetch_all
    self._result_cache = list(self._iterable_class(self))
                         ~~~~^^^^^^^^^^^^^^^^^^^^^^^^^^^^
  File "C:\Users\Евгения\Desktop\Projects_web\TeddysTale_with-BackEnd\venv\Lib\site-packages\django\db\models\query.py", line 93, in __iter__
    results = compiler.execute_sql(
        chunked_fetch=self.chunked_fetch, chunk_size=self.chunk_size
    )
  File "C:\Users\Евгения\Desktop\Projects_web\TeddysTale_with-BackEnd\venv\Lib\site-packages\django\db\models\sql\compiler.py", line 1623, in execute_sql
    cursor.execute(sql, params)
    ~~~~~~~~~~~~~~^^^^^^^^^^^^^
  File "C:\Users\Евгения\Desktop\Projects_web\TeddysTale_with-BackEnd\venv\Lib\site-packages\django\db\backends\utils.py", line 122, in execute
    return super().execute(sql, params)
           ~~~~~~~~~~~~~~~^^^^^^^^^^^^^
  File "C:\Users\Евгения\Desktop\Projects_web\TeddysTale_with-BackEnd\venv\Lib\site-packages\django\db\backends\utils.py", line 79, in execute
    return self._execute_with_wrappers(
           ~~~~~~~~~~~~~~~~~~~~~~~~~~~^
        sql, params, many=False, executor=self._execute
        ^^^^^^^^^^^^^^^^^^^^^^^^^^^^^^^^^^^^^^^^^^^^^^^
    )
    ^
  File "C:\Users\Евгения\Desktop\Projects_web\TeddysTale_with-BackEnd\venv\Lib\site-packages\django\db\backends\utils.py", line 92, in _execute_with_wrappers
    return executor(sql, params, many, context)
  File "C:\Users\Евгения\Desktop\Projects_web\TeddysTale_with-BackEnd\venv\Lib\site-packages\django\db\backends\utils.py", line 100, in _execute
    with self.db.wrap_database_errors:
         ^^^^^^^^^^^^^^^^^^^^^^^^^^^^
  File "C:\Users\Евгения\Desktop\Projects_web\TeddysTale_with-BackEnd\venv\Lib\site-packages\django\db\utils.py", line 91, in __exit__
    raise dj_exc_value.with_traceback(traceback) from exc_value
  File "C:\Users\Евгения\Desktop\Projects_web\TeddysTale_with-BackEnd\venv\Lib\site-packages\django\db\backends\utils.py", line 105, in _execute
    return self.cursor.execute(sql, params)
           ~~~~~~~~~~~~~~~~~~~^^^^^^^^^^^^^
django.db.utils.OperationalError: server closed the connection unexpectedly
	This probably means the server terminated abnormally
	before or while processing the request.
server closed the connection unexpectedly
	This probably means the server terminated abnormally
	before or while processing the request.

ERROR 2026-01-02 12:28:37,320 basehttp 5716 20112 "GET /admin-custom/panel/ HTTP/1.1" 500 239707
WARNING 2026-01-02 12:28:38,588 log 5716 14356 Not Found: /favicon.ico
WARNING 2026-01-02 12:28:38,593 basehttp 5716 14356 "GET /favicon.ico HTTP/1.1" 404 3201
ERROR 2026-01-02 12:29:22,743 log 15136 1048 Internal Server Error: /
Traceback (most recent call last):
  File "C:\Users\Евгения\Desktop\Projects_web\TeddysTale_with-BackEnd\venv\Lib\site-packages\django\db\backends\postgresql\base.py", line 474, in _set_autocommit
    self.connection.autocommit = autocommit
    ^^^^^^^^^^^^^^^^^^^^^^^^^^
psycopg2.InterfaceError: connection already closed

The above exception was the direct cause of the following exception:

Traceback (most recent call last):
  File "C:\Users\Евгения\Desktop\Projects_web\TeddysTale_with-BackEnd\venv\Lib\site-packages\django\core\handlers\exception.py", line 55, in inner
    response = get_response(request)
  File "C:\Users\Евгения\Desktop\Projects_web\TeddysTale_with-BackEnd\venv\Lib\site-packages\django\utils\deprecation.py", line 122, in __call__
    response = self.process_response(request, response)
  File "C:\Users\Евгения\Desktop\Projects_web\TeddysTale_with-BackEnd\venv\Lib\site-packages\django\contrib\sessions\middleware.py", line 59, in process_response
    request.session.save()
    ~~~~~~~~~~~~~~~~~~~~^^
  File "C:\Users\Евгения\Desktop\Projects_web\TeddysTale_with-BackEnd\venv\Lib\site-packages\django\contrib\sessions\backends\db.py", line 126, in save
    with transaction.atomic(using=using):
         ~~~~~~~~~~~~~~~~~~^^^^^^^^^^^^^
  File "C:\Users\Евгения\Desktop\Projects_web\TeddysTale_with-BackEnd\venv\Lib\site-packages\django\db\transaction.py", line 216, in __enter__
    connection.set_autocommit(
    ~~~~~~~~~~~~~~~~~~~~~~~~~^
        False, force_begin_transaction_with_broken_autocommit=True
        ^^^^^^^^^^^^^^^^^^^^^^^^^^^^^^^^^^^^^^^^^^^^^^^^^^^^^^^^^^
    )
    ^
  File "C:\Users\Евгения\Desktop\Projects_web\TeddysTale_with-BackEnd\venv\Lib\site-packages\django\db\backends\base\base.py", line 487, in set_autocommit
    self._set_autocommit(autocommit)
    ~~~~~~~~~~~~~~~~~~~~^^^^^^^^^^^^
  File "C:\Users\Евгения\Desktop\Projects_web\TeddysTale_with-BackEnd\venv\Lib\site-packages\django\db\backends\postgresql\base.py", line 473, in _set_autocommit
    with self.wrap_database_errors:
         ^^^^^^^^^^^^^^^^^^^^^^^^^
  File "C:\Users\Евгения\Desktop\Projects_web\TeddysTale_with-BackEnd\venv\Lib\site-packages\django\db\utils.py", line 91, in __exit__
    raise dj_exc_value.with_traceback(traceback) from exc_value
  File "C:\Users\Евгения\Desktop\Projects_web\TeddysTale_with-BackEnd\venv\Lib\site-packages\django\db\backends\postgresql\base.py", line 474, in _set_autocommit
    self.connection.autocommit = autocommit
    ^^^^^^^^^^^^^^^^^^^^^^^^^^
django.db.utils.InterfaceError: connection already closed
ERROR 2026-01-02 12:29:22,750 basehttp 15136 1048 "GET / HTTP/1.1" 500 109322
WARNING 2026-01-02 12:29:35,996 basehttp 15136 5012 "GET /static/fonts/Montserrat/Montserrat-VariableFont_wght.woff2 HTTP/1.1" 404 1967
WARNING 2026-01-02 12:29:36,021 basehttp 15136 19428 "GET /static/fonts/Montserrat/Montserrat-VariableFont_wght.woff HTTP/1.1" 404 1964
WARNING 2026-01-02 12:29:36,036 basehttp 15136 7224 "GET /static/fonts/Lora/Lora.woff2 HTTP/1.1" 404 1877
WARNING 2026-01-02 12:29:36,071 basehttp 15136 12908 "GET /static/fonts/Lora/Lora.woff HTTP/1.1" 404 1874
WARNING 2026-01-02 12:29:43,910 log 15136 10072 Not Found: /TeddysTale/assets/fonts/Montserrat/Montserrat-VariableFont_wght.woff2
WARNING 2026-01-02 12:29:43,912 basehttp 15136 10072 "GET /TeddysTale/assets/fonts/Montserrat/Montserrat-VariableFont_wght.woff2 HTTP/1.1" 404 3375
WARNING 2026-01-02 12:29:44,194 log 15136 17636 Not Found: /TeddysTale/assets/fonts/Lora/Lora-Italic.woff2
WARNING 2026-01-02 12:29:44,196 basehttp 15136 17636 "GET /TeddysTale/assets/fonts/Lora/Lora-Italic.woff2 HTTP/1.1" 404 3306
WARNING 2026-01-02 12:29:44,252 log 15136 10072 Not Found: /TeddysTale/assets/fonts/Montserrat/Montserrat-VariableFont_wght.woff
WARNING 2026-01-02 12:29:44,253 basehttp 15136 10072 "GET /TeddysTale/assets/fonts/Montserrat/Montserrat-VariableFont_wght.woff HTTP/1.1" 404 3372
WARNING 2026-01-02 12:29:44,307 log 15136 19720 Not Found: /TeddysTale/assets/fonts/Lora/Lora.woff2
WARNING 2026-01-02 12:29:44,308 basehttp 15136 19720 "GET /TeddysTale/assets/fonts/Lora/Lora.woff2 HTTP/1.1" 404 3285
WARNING 2026-01-02 12:29:44,497 log 15136 17636 Not Found: /TeddysTale/assets/fonts/Lora/Lora-Italic.woff
WARNING 2026-01-02 12:29:44,498 basehttp 15136 17636 "GET /TeddysTale/assets/fonts/Lora/Lora-Italic.woff HTTP/1.1" 404 3303
WARNING 2026-01-02 12:29:44,649 log 15136 19720 Not Found: /TeddysTale/assets/fonts/Lora/Lora.woff
WARNING 2026-01-02 12:29:44,650 basehttp 15136 19720 "GET /TeddysTale/assets/fonts/Lora/Lora.woff HTTP/1.1" 404 3282
WARNING 2026-01-02 12:29:52,947 log 15136 2504 Not Found: /TeddysTale/assets/fonts/Lora/Lora-Italic.woff2
WARNING 2026-01-02 12:29:52,949 basehttp 15136 2504 "GET /TeddysTale/assets/fonts/Lora/Lora-Italic.woff2 HTTP/1.1" 404 3306
WARNING 2026-01-02 12:29:53,268 log 15136 8812 Not Found: /TeddysTale/assets/fonts/Montserrat/Montserrat-VariableFont_wght.woff2
WARNING 2026-01-02 12:29:53,270 basehttp 15136 8812 "GET /TeddysTale/assets/fonts/Montserrat/Montserrat-VariableFont_wght.woff2 HTTP/1.1" 404 3375
WARNING 2026-01-02 12:29:53,317 log 15136 4356 Not Found: /TeddysTale/assets/fonts/Lora/Lora.woff2
WARNING 2026-01-02 12:29:53,318 basehttp 15136 4356 "GET /TeddysTale/assets/fonts/Lora/Lora.woff2 HTTP/1.1" 404 3285
WARNING 2026-01-02 12:29:53,520 log 15136 2504 Not Found: /TeddysTale/assets/fonts/Lora/Lora-Italic.woff
WARNING 2026-01-02 12:29:53,522 basehttp 15136 2504 "GET /TeddysTale/assets/fonts/Lora/Lora-Italic.woff HTTP/1.1" 404 3303
WARNING 2026-01-02 12:29:53,625 log 15136 4356 Not Found: /TeddysTale/assets/fonts/Montserrat/Montserrat-VariableFont_wght.woff
WARNING 2026-01-02 12:29:53,626 basehttp 15136 4356 "GET /TeddysTale/assets/fonts/Montserrat/Montserrat-VariableFont_wght.woff HTTP/1.1" 404 3372
WARNING 2026-01-02 12:29:53,675 log 15136 18604 Not Found: /TeddysTale/assets/fonts/Lora/Lora.woff
WARNING 2026-01-02 12:29:53,676 basehttp 15136 18604 "GET /TeddysTale/assets/fonts/Lora/Lora.woff HTTP/1.1" 404 3282
ERROR 2026-01-02 12:33:49,347 log 18420 14232 Internal Server Error: /admin-custom/panel/
Traceback (most recent call last):
  File "C:\Users\Евгения\Desktop\Projects_web\TeddysTale_with-BackEnd\venv\Lib\site-packages\django\db\backends\utils.py", line 105, in _execute
    return self.cursor.execute(sql, params)
           ~~~~~~~~~~~~~~~~~~~^^^^^^^^^^^^^
psycopg2.OperationalError: server closed the connection unexpectedly
	This probably means the server terminated abnormally
	before or while processing the request.
server closed the connection unexpectedly
	This probably means the server terminated abnormally
	before or while processing the request.


The above exception was the direct cause of the following exception:

Traceback (most recent call last):
  File "C:\Users\Евгения\Desktop\Projects_web\TeddysTale_with-BackEnd\venv\Lib\site-packages\django\core\handlers\exception.py", line 55, in inner
    response = get_response(request)
  File "C:\Users\Евгения\Desktop\Projects_web\TeddysTale_with-BackEnd\venv\Lib\site-packages\django\core\handlers\base.py", line 197, in _get_response
    response = wrapped_callback(request, *callback_args, **callback_kwargs)
  File "C:\Users\Евгения\Desktop\Projects_web\TeddysTale_with-BackEnd\venv\Lib\site-packages\django\contrib\auth\decorators.py", line 59, in _view_wrapper
    return view_func(request, *args, **kwargs)
  File "C:\Users\Евгения\Desktop\Projects_web\TeddysTale_with-BackEnd\TeddyTale\teddy_admin\views_custom.py", line 160, in custom_admin_panel
    return render(request, 'admin-panel.html', context)
  File "C:\Users\Евгения\Desktop\Projects_web\TeddysTale_with-BackEnd\venv\Lib\site-packages\django\shortcuts.py", line 25, in render
    content = loader.render_to_string(template_name, context, request, using=using)
  File "C:\Users\Евгения\Desktop\Projects_web\TeddysTale_with-BackEnd\venv\Lib\site-packages\django\template\loader.py", line 62, in render_to_string
    return template.render(context, request)
           ~~~~~~~~~~~~~~~^^^^^^^^^^^^^^^^^^
  File "C:\Users\Евгения\Desktop\Projects_web\TeddysTale_with-BackEnd\venv\Lib\site-packages\django\template\backends\django.py", line 107, in render
    return self.template.render(context)
           ~~~~~~~~~~~~~~~~~~~~^^^^^^^^^
  File "C:\Users\Евгения\Desktop\Projects_web\TeddysTale_with-BackEnd\venv\Lib\site-packages\django\template\base.py", line 171, in render
    return self._render(context)
           ~~~~~~~~~~~~^^^^^^^^^
  File "C:\Users\Евгения\Desktop\Projects_web\TeddysTale_with-BackEnd\venv\Lib\site-packages\django\template\base.py", line 163, in _render
    return self.nodelist.render(context)
           ~~~~~~~~~~~~~~~~~~~~^^^^^^^^^
  File "C:\Users\Евгения\Desktop\Projects_web\TeddysTale_with-BackEnd\venv\Lib\site-packages\django\template\base.py", line 1016, in render
    return SafeString("".join([node.render_annotated(context) for node in self]))
                               ~~~~~~~~~~~~~~~~~~~~~^^^^^^^^^
  File "C:\Users\Евгения\Desktop\Projects_web\TeddysTale_with-BackEnd\venv\Lib\site-packages\django\template\base.py", line 977, in render_annotated
    return self.render(context)
           ~~~~~~~~~~~^^^^^^^^^
  File "C:\Users\Евгения\Desktop\Projects_web\TeddysTale_with-BackEnd\venv\Lib\site-packages\django\template\loader_tags.py", line 159, in render
    return compiled_parent._render(context)
           ~~~~~~~~~~~~~~~~~~~~~~~^^^^^^^^^
  File "C:\Users\Евгения\Desktop\Projects_web\TeddysTale_with-BackEnd\venv\Lib\site-packages\django\template\base.py", line 163, in _render
    return self.nodelist.render(context)
           ~~~~~~~~~~~~~~~~~~~~^^^^^^^^^
  File "C:\Users\Евгения\Desktop\Projects_web\TeddysTale_with-BackEnd\venv\Lib\site-packages\django\template\base.py", line 1016, in render
    return SafeString("".join([node.render_annotated(context) for node in self]))
                               ~~~~~~~~~~~~~~~~~~~~~^^^^^^^^^
  File "C:\Users\Евгения\Desktop\Projects_web\TeddysTale_with-BackEnd\venv\Lib\site-packages\django\template\base.py", line 977, in render_annotated
    return self.render(context)
           ~~~~~~~~~~~^^^^^^^^^
  File "C:\Users\Евгения\Desktop\Projects_web\TeddysTale_with-BackEnd\venv\Lib\site-packages\django\template\loader_tags.py", line 65, in render
    result = block.nodelist.render(context)
  File "C:\Users\Евгения\Desktop\Projects_web\TeddysTale_with-BackEnd\venv\Lib\site-packages\django\template\base.py", line 1016, in render
    return SafeString("".join([node.render_annotated(context) for node in self]))
                               ~~~~~~~~~~~~~~~~~~~~~^^^^^^^^^
  File "C:\Users\Евгения\Desktop\Projects_web\TeddysTale_with-BackEnd\venv\Lib\site-packages\django\template\base.py", line 977, in render_annotated
    return self.render(context)
           ~~~~~~~~~~~^^^^^^^^^
  File "C:\Users\Евгения\Desktop\Projects_web\TeddysTale_with-BackEnd\venv\Lib\site-packages\django\template\defaulttags.py", line 199, in render
    len_values = len(values)
  File "C:\Users\Евгения\Desktop\Projects_web\TeddysTale_with-BackEnd\venv\Lib\site-packages\django\db\models\query.py", line 368, in __len__
    self._fetch_all()
    ~~~~~~~~~~~~~~~^^
  File "C:\Users\Евгения\Desktop\Projects_web\TeddysTale_with-BackEnd\venv\Lib\site-packages\django\db\models\query.py", line 1954, in _fetch_all
    self._result_cache = list(self._iterable_class(self))
                         ~~~~^^^^^^^^^^^^^^^^^^^^^^^^^^^^
  File "C:\Users\Евгения\Desktop\Projects_web\TeddysTale_with-BackEnd\venv\Lib\site-packages\django\db\models\query.py", line 93, in __iter__
    results = compiler.execute_sql(
        chunked_fetch=self.chunked_fetch, chunk_size=self.chunk_size
    )
  File "C:\Users\Евгения\Desktop\Projects_web\TeddysTale_with-BackEnd\venv\Lib\site-packages\django\db\models\sql\compiler.py", line 1623, in execute_sql
    cursor.execute(sql, params)
    ~~~~~~~~~~~~~~^^^^^^^^^^^^^
  File "C:\Users\Евгения\Desktop\Projects_web\TeddysTale_with-BackEnd\venv\Lib\site-packages\django\db\backends\utils.py", line 122, in execute
    return super().execute(sql, params)
           ~~~~~~~~~~~~~~~^^^^^^^^^^^^^
  File "C:\Users\Евгения\Desktop\Projects_web\TeddysTale_with-BackEnd\venv\Lib\site-packages\django\db\backends\utils.py", line 79, in execute
    return self._execute_with_wrappers(
           ~~~~~~~~~~~~~~~~~~~~~~~~~~~^
        sql, params, many=False, executor=self._execute
        ^^^^^^^^^^^^^^^^^^^^^^^^^^^^^^^^^^^^^^^^^^^^^^^
    )
    ^
  File "C:\Users\Евгения\Desktop\Projects_web\TeddysTale_with-BackEnd\venv\Lib\site-packages\django\db\backends\utils.py", line 92, in _execute_with_wrappers
    return executor(sql, params, many, context)
  File "C:\Users\Евгения\Desktop\Projects_web\TeddysTale_with-BackEnd\venv\Lib\site-packages\django\db\backends\utils.py", line 100, in _execute
    with self.db.wrap_database_errors:
         ^^^^^^^^^^^^^^^^^^^^^^^^^^^^
  File "C:\Users\Евгения\Desktop\Projects_web\TeddysTale_with-BackEnd\venv\Lib\site-packages\django\db\utils.py", line 91, in __exit__
    raise dj_exc_value.with_traceback(traceback) from exc_value
  File "C:\Users\Евгения\Desktop\Projects_web\TeddysTale_with-BackEnd\venv\Lib\site-packages\django\db\backends\utils.py", line 105, in _execute
    return self.cursor.execute(sql, params)
           ~~~~~~~~~~~~~~~~~~~^^^^^^^^^^^^^
django.db.utils.OperationalError: server closed the connection unexpectedly
	This probably means the server terminated abnormally
	before or while processing the request.
server closed the connection unexpectedly
	This probably means the server terminated abnormally
	before or while processing the request.

ERROR 2026-01-02 12:33:49,357 basehttp 18420 14232 "GET /admin-custom/panel/ HTTP/1.1" 500 239688
WARNING 2026-01-02 12:33:51,422 log 18420 14232 Not Found: /favicon.ico
WARNING 2026-01-02 12:33:51,425 basehttp 18420 14232 "GET /favicon.ico HTTP/1.1" 404 3201
WARNING 2026-01-02 12:35:05,027 basehttp 17288 2320 "GET /static/fonts/Montserrat/Montserrat-VariableFont_wght.woff2 HTTP/1.1" 404 1967
WARNING 2026-01-02 12:35:05,067 basehttp 17288 18020 "GET /static/fonts/Montserrat/Montserrat-VariableFont_wght.woff HTTP/1.1" 404 1964
WARNING 2026-01-02 12:35:05,086 basehttp 17288 17856 "GET /static/fonts/Lora/Lora.woff2 HTTP/1.1" 404 1877
WARNING 2026-01-02 12:35:05,103 basehttp 17288 6972 "GET /static/fonts/Lora/Lora.woff HTTP/1.1" 404 1874
WARNING 2026-01-02 12:35:37,419 log 17288 11540 The request's session was deleted before the request completed. The user may have logged out in a concurrent request, for example.: /admin-custom/enter/
Traceback (most recent call last):
  File "C:\Users\Евгения\Desktop\Projects_web\TeddysTale_with-BackEnd\venv\Lib\site-packages\django\db\backends\base\base.py", line 303, in _commit
    return self.connection.commit()
           ~~~~~~~~~~~~~~~~~~~~~~^^
psycopg2.OperationalError: server closed the connection unexpectedly
	This probably means the server terminated abnormally
	before or while processing the request.
server closed the connection unexpectedly
	This probably means the server terminated abnormally
	before or while processing the request.


The above exception was the direct cause of the following exception:

Traceback (most recent call last):
  File "C:\Users\Евгения\Desktop\Projects_web\TeddysTale_with-BackEnd\venv\Lib\site-packages\django\contrib\sessions\backends\db.py", line 126, in save
    with transaction.atomic(using=using):
         ~~~~~~~~~~~~~~~~~~^^^^^^^^^^^^^
  File "C:\Users\Евгения\Desktop\Projects_web\TeddysTale_with-BackEnd\venv\Lib\site-packages\django\db\transaction.py", line 263, in __exit__
    connection.commit()
    ~~~~~~~~~~~~~~~~~^^
  File "C:\Users\Евгения\Desktop\Projects_web\TeddysTale_with-BackEnd\venv\Lib\site-packages\django\utils\asyncio.py", line 26, in inner
    return func(*args, **kwargs)
  File "C:\Users\Евгения\Desktop\Projects_web\TeddysTale_with-BackEnd\venv\Lib\site-packages\django\db\backends\base\base.py", line 327, in commit
    self._commit()
    ~~~~~~~~~~~~^^
  File "C:\Users\Евгения\Desktop\Projects_web\TeddysTale_with-BackEnd\venv\Lib\site-packages\django\db\backends\base\base.py", line 302, in _commit
    with debug_transaction(self, "COMMIT"), self.wrap_database_errors:
                                            ^^^^^^^^^^^^^^^^^^^^^^^^^
  File "C:\Users\Евгения\Desktop\Projects_web\TeddysTale_with-BackEnd\venv\Lib\site-packages\django\db\utils.py", line 91, in __exit__
    raise dj_exc_value.with_traceback(traceback) from exc_value
  File "C:\Users\Евгения\Desktop\Projects_web\TeddysTale_with-BackEnd\venv\Lib\site-packages\django\db\backends\base\base.py", line 303, in _commit
    return self.connection.commit()
           ~~~~~~~~~~~~~~~~~~~~~~^^
django.db.utils.OperationalError: server closed the connection unexpectedly
	This probably means the server terminated abnormally
	before or while processing the request.
server closed the connection unexpectedly
	This probably means the server terminated abnormally
	before or while processing the request.


During handling of the above exception, another exception occurred:

Traceback (most recent call last):
  File "C:\Users\Евгения\Desktop\Projects_web\TeddysTale_with-BackEnd\venv\Lib\site-packages\django\contrib\sessions\middleware.py", line 59, in process_response
    request.session.save()
    ~~~~~~~~~~~~~~~~~~~~^^
  File "C:\Users\Евгения\Desktop\Projects_web\TeddysTale_with-BackEnd\venv\Lib\site-packages\django\contrib\sessions\backends\db.py", line 136, in save
    raise UpdateError
django.contrib.sessions.backends.base.UpdateError

During handling of the above exception, another exception occurred:

Traceback (most recent call last):
  File "C:\Users\Евгения\Desktop\Projects_web\TeddysTale_with-BackEnd\venv\Lib\site-packages\django\core\handlers\exception.py", line 55, in inner
    response = get_response(request)
  File "C:\Users\Евгения\Desktop\Projects_web\TeddysTale_with-BackEnd\venv\Lib\site-packages\django\utils\deprecation.py", line 122, in __call__
    response = self.process_response(request, response)
  File "C:\Users\Евгения\Desktop\Projects_web\TeddysTale_with-BackEnd\venv\Lib\site-packages\django\contrib\sessions\middleware.py", line 61, in process_response
    raise SessionInterrupted(
    ...<3 lines>...
    )
django.contrib.sessions.exceptions.SessionInterrupted: The request's session was deleted before the request completed. The user may have logged out in a concurrent request, for example.
WARNING 2026-01-02 12:35:37,426 basehttp 17288 11540 "GET /admin-custom/enter/ HTTP/1.1" 400 126734
WARNING 2026-01-02 12:36:01,417 log 17288 18576 The request's session was deleted before the request completed. The user may have logged out in a concurrent request, for example.: /admin-custom/enter/
Traceback (most recent call last):
  File "C:\Users\Евгения\Desktop\Projects_web\TeddysTale_with-BackEnd\venv\Lib\site-packages\django\db\backends\base\base.py", line 303, in _commit
    return self.connection.commit()
           ~~~~~~~~~~~~~~~~~~~~~~^^
psycopg2.OperationalError: server closed the connection unexpectedly
	This probably means the server terminated abnormally
	before or while processing the request.
server closed the connection unexpectedly
	This probably means the server terminated abnormally
	before or while processing the request.


The above exception was the direct cause of the following exception:

Traceback (most recent call last):
  File "C:\Users\Евгения\Desktop\Projects_web\TeddysTale_with-BackEnd\venv\Lib\site-packages\django\contrib\sessions\backends\db.py", line 126, in save
    with transaction.atomic(using=using):
         ~~~~~~~~~~~~~~~~~~^^^^^^^^^^^^^
  File "C:\Users\Евгения\Desktop\Projects_web\TeddysTale_with-BackEnd\venv\Lib\site-packages\django\db\transaction.py", line 263, in __exit__
    connection.commit()
    ~~~~~~~~~~~~~~~~~^^
  File "C:\Users\Евгения\Desktop\Projects_web\TeddysTale_with-BackEnd\venv\Lib\site-packages\django\utils\asyncio.py", line 26, in inner
    return func(*args, **kwargs)
  File "C:\Users\Евгения\Desktop\Projects_web\TeddysTale_with-BackEnd\venv\Lib\site-packages\django\db\backends\base\base.py", line 327, in commit
    self._commit()
    ~~~~~~~~~~~~^^
  File "C:\Users\Евгения\Desktop\Projects_web\TeddysTale_with-BackEnd\venv\Lib\site-packages\django\db\backends\base\base.py", line 302, in _commit
    with debug_transaction(self, "COMMIT"), self.wrap_database_errors:
                                            ^^^^^^^^^^^^^^^^^^^^^^^^^
  File "C:\Users\Евгения\Desktop\Projects_web\TeddysTale_with-BackEnd\venv\Lib\site-packages\django\db\utils.py", line 91, in __exit__
    raise dj_exc_value.with_traceback(traceback) from exc_value
  File "C:\Users\Евгения\Desktop\Projects_web\TeddysTale_with-BackEnd\venv\Lib\site-packages\django\db\backends\base\base.py", line 303, in _commit
    return self.connection.commit()
           ~~~~~~~~~~~~~~~~~~~~~~^^
django.db.utils.OperationalError: server closed the connection unexpectedly
	This probably means the server terminated abnormally
	before or while processing the request.
server closed the connection unexpectedly
	This probably means the server terminated abnormally
	before or while processing the request.


During handling of the above exception, another exception occurred:

Traceback (most recent call last):
  File "C:\Users\Евгения\Desktop\Projects_web\TeddysTale_with-BackEnd\venv\Lib\site-packages\django\contrib\sessions\middleware.py", line 59, in process_response
    request.session.save()
    ~~~~~~~~~~~~~~~~~~~~^^
  File "C:\Users\Евгения\Desktop\Projects_web\TeddysTale_with-BackEnd\venv\Lib\site-packages\django\contrib\sessions\backends\db.py", line 136, in save
    raise UpdateError
django.contrib.sessions.backends.base.UpdateError

During handling of the above exception, another exception occurred:

Traceback (most recent call last):
  File "C:\Users\Евгения\Desktop\Projects_web\TeddysTale_with-BackEnd\venv\Lib\site-packages\django\core\handlers\exception.py", line 55, in inner
    response = get_response(request)
  File "C:\Users\Евгения\Desktop\Projects_web\TeddysTale_with-BackEnd\venv\Lib\site-packages\django\utils\deprecation.py", line 122, in __call__
    response = self.process_response(request, response)
  File "C:\Users\Евгения\Desktop\Projects_web\TeddysTale_with-BackEnd\venv\Lib\site-packages\django\contrib\sessions\middleware.py", line 61, in process_response
    raise SessionInterrupted(
    ...<3 lines>...
    )
django.contrib.sessions.exceptions.SessionInterrupted: The request's session was deleted before the request completed. The user may have logged out in a concurrent request, for example.
WARNING 2026-01-02 12:36:01,424 basehttp 17288 18576 "GET /admin-custom/enter/ HTTP/1.1" 400 126869
ERROR 2026-01-02 12:39:48,594 log 19768 10072 Internal Server Error: /
Traceback (most recent call last):
  File "C:\Users\Евгения\Desktop\Projects_web\TeddysTale_with-BackEnd\venv\Lib\site-packages\django\db\backends\postgresql\base.py", line 474, in _set_autocommit
    self.connection.autocommit = autocommit
    ^^^^^^^^^^^^^^^^^^^^^^^^^^
psycopg2.InterfaceError: connection already closed

The above exception was the direct cause of the following exception:

Traceback (most recent call last):
  File "C:\Users\Евгения\Desktop\Projects_web\TeddysTale_with-BackEnd\venv\Lib\site-packages\django\core\handlers\exception.py", line 55, in inner
    response = get_response(request)
  File "C:\Users\Евгения\Desktop\Projects_web\TeddysTale_with-BackEnd\venv\Lib\site-packages\django\utils\deprecation.py", line 122, in __call__
    response = self.process_response(request, response)
  File "C:\Users\Евгения\Desktop\Projects_web\TeddysTale_with-BackEnd\venv\Lib\site-packages\django\contrib\sessions\middleware.py", line 59, in process_response
    request.session.save()
    ~~~~~~~~~~~~~~~~~~~~^^
  File "C:\Users\Евгения\Desktop\Projects_web\TeddysTale_with-BackEnd\venv\Lib\site-packages\django\contrib\sessions\backends\db.py", line 126, in save
    with transaction.atomic(using=using):
         ~~~~~~~~~~~~~~~~~~^^^^^^^^^^^^^
  File "C:\Users\Евгения\Desktop\Projects_web\TeddysTale_with-BackEnd\venv\Lib\site-packages\django\db\transaction.py", line 216, in __enter__
    connection.set_autocommit(
    ~~~~~~~~~~~~~~~~~~~~~~~~~^
        False, force_begin_transaction_with_broken_autocommit=True
        ^^^^^^^^^^^^^^^^^^^^^^^^^^^^^^^^^^^^^^^^^^^^^^^^^^^^^^^^^^
    )
    ^
  File "C:\Users\Евгения\Desktop\Projects_web\TeddysTale_with-BackEnd\venv\Lib\site-packages\django\db\backends\base\base.py", line 487, in set_autocommit
    self._set_autocommit(autocommit)
    ~~~~~~~~~~~~~~~~~~~~^^^^^^^^^^^^
  File "C:\Users\Евгения\Desktop\Projects_web\TeddysTale_with-BackEnd\venv\Lib\site-packages\django\db\backends\postgresql\base.py", line 473, in _set_autocommit
    with self.wrap_database_errors:
         ^^^^^^^^^^^^^^^^^^^^^^^^^
  File "C:\Users\Евгения\Desktop\Projects_web\TeddysTale_with-BackEnd\venv\Lib\site-packages\django\db\utils.py", line 91, in __exit__
    raise dj_exc_value.with_traceback(traceback) from exc_value
  File "C:\Users\Евгения\Desktop\Projects_web\TeddysTale_with-BackEnd\venv\Lib\site-packages\django\db\backends\postgresql\base.py", line 474, in _set_autocommit
    self.connection.autocommit = autocommit
    ^^^^^^^^^^^^^^^^^^^^^^^^^^
django.db.utils.InterfaceError: connection already closed
ERROR 2026-01-02 12:39:48,601 basehttp 19768 10072 "GET / HTTP/1.1" 500 109322
ERROR 2026-01-02 12:39:52,873 log 19768 19076 Internal Server Error: /
Traceback (most recent call last):
  File "C:\Users\Евгения\Desktop\Projects_web\TeddysTale_with-BackEnd\venv\Lib\site-packages\django\db\backends\postgresql\base.py", line 474, in _set_autocommit
    self.connection.autocommit = autocommit
    ^^^^^^^^^^^^^^^^^^^^^^^^^^
psycopg2.InterfaceError: connection already closed

The above exception was the direct cause of the following exception:

Traceback (most recent call last):
  File "C:\Users\Евгения\Desktop\Projects_web\TeddysTale_with-BackEnd\venv\Lib\site-packages\django\core\handlers\exception.py", line 55, in inner
    response = get_response(request)
  File "C:\Users\Евгения\Desktop\Projects_web\TeddysTale_with-BackEnd\venv\Lib\site-packages\django\utils\deprecation.py", line 122, in __call__
    response = self.process_response(request, response)
  File "C:\Users\Евгения\Desktop\Projects_web\TeddysTale_with-BackEnd\venv\Lib\site-packages\django\contrib\sessions\middleware.py", line 59, in process_response
    request.session.save()
    ~~~~~~~~~~~~~~~~~~~~^^
  File "C:\Users\Евгения\Desktop\Projects_web\TeddysTale_with-BackEnd\venv\Lib\site-packages\django\contrib\sessions\backends\db.py", line 126, in save
    with transaction.atomic(using=using):
         ~~~~~~~~~~~~~~~~~~^^^^^^^^^^^^^
  File "C:\Users\Евгения\Desktop\Projects_web\TeddysTale_with-BackEnd\venv\Lib\site-packages\django\db\transaction.py", line 216, in __enter__
    connection.set_autocommit(
    ~~~~~~~~~~~~~~~~~~~~~~~~~^
        False, force_begin_transaction_with_broken_autocommit=True
        ^^^^^^^^^^^^^^^^^^^^^^^^^^^^^^^^^^^^^^^^^^^^^^^^^^^^^^^^^^
    )
    ^
  File "C:\Users\Евгения\Desktop\Projects_web\TeddysTale_with-BackEnd\venv\Lib\site-packages\django\db\backends\base\base.py", line 487, in set_autocommit
    self._set_autocommit(autocommit)
    ~~~~~~~~~~~~~~~~~~~~^^^^^^^^^^^^
  File "C:\Users\Евгения\Desktop\Projects_web\TeddysTale_with-BackEnd\venv\Lib\site-packages\django\db\backends\postgresql\base.py", line 473, in _set_autocommit
    with self.wrap_database_errors:
         ^^^^^^^^^^^^^^^^^^^^^^^^^
  File "C:\Users\Евгения\Desktop\Projects_web\TeddysTale_with-BackEnd\venv\Lib\site-packages\django\db\utils.py", line 91, in __exit__
    raise dj_exc_value.with_traceback(traceback) from exc_value
  File "C:\Users\Евгения\Desktop\Projects_web\TeddysTale_with-BackEnd\venv\Lib\site-packages\django\db\backends\postgresql\base.py", line 474, in _set_autocommit
    self.connection.autocommit = autocommit
    ^^^^^^^^^^^^^^^^^^^^^^^^^^
django.db.utils.InterfaceError: connection already closed
ERROR 2026-01-02 12:39:52,879 basehttp 19768 19076 "GET / HTTP/1.1" 500 109322
WARNING 2026-01-02 12:45:01,895 basehttp 18980 9148 "GET /static/fonts/Montserrat/Montserrat-VariableFont_wght.woff2 HTTP/1.1" 404 1967
WARNING 2026-01-02 12:45:01,934 basehttp 18980 13748 "GET /static/fonts/Lora/Lora.woff2 HTTP/1.1" 404 1877
WARNING 2026-01-02 12:45:01,947 basehttp 18980 17216 "GET /static/fonts/Montserrat/Montserrat-VariableFont_wght.woff HTTP/1.1" 404 1964
WARNING 2026-01-02 12:45:01,948 basehttp 18980 14256 "GET /static/fonts/Lora/Lora.woff HTTP/1.1" 404 1874
ERROR 2026-01-02 12:45:13,518 log 18980 14116 Internal Server Error: /admin-custom/panel/
Traceback (most recent call last):
  File "C:\Users\Евгения\Desktop\Projects_web\TeddysTale_with-BackEnd\venv\Lib\site-packages\django\core\handlers\exception.py", line 55, in inner
    response = get_response(request)
  File "C:\Users\Евгения\Desktop\Projects_web\TeddysTale_with-BackEnd\venv\Lib\site-packages\django\core\handlers\base.py", line 197, in _get_response
    response = wrapped_callback(request, *callback_args, **callback_kwargs)
  File "C:\Users\Евгения\Desktop\Projects_web\TeddysTale_with-BackEnd\venv\Lib\site-packages\django\contrib\auth\decorators.py", line 59, in _view_wrapper
    return view_func(request, *args, **kwargs)
  File "C:\Users\Евгения\Desktop\Projects_web\TeddysTale_with-BackEnd\TeddyTale\teddy_admin\views_custom.py", line 121, in custom_admin_panel
    'page_sections': page_sections,
                     ^^^^^^^^^^^^^
NameError: name 'page_sections' is not defined. Did you mean: 'PageSection'?
ERROR 2026-01-02 12:45:13,521 basehttp 18980 14116 "GET /admin-custom/panel/ HTTP/1.1" 500 83667
ERROR 2026-01-02 12:48:42,223 log 19084 15072 Internal Server Error: /admin-custom/panel/
Traceback (most recent call last):
  File "C:\Users\Евгения\Desktop\Projects_web\TeddysTale_with-BackEnd\venv\Lib\site-packages\django\db\backends\utils.py", line 105, in _execute
    return self.cursor.execute(sql, params)
           ~~~~~~~~~~~~~~~~~~~^^^^^^^^^^^^^
psycopg2.OperationalError: server closed the connection unexpectedly
	This probably means the server terminated abnormally
	before or while processing the request.
server closed the connection unexpectedly
	This probably means the server terminated abnormally
	before or while processing the request.


The above exception was the direct cause of the following exception:

Traceback (most recent call last):
  File "C:\Users\Евгения\Desktop\Projects_web\TeddysTale_with-BackEnd\venv\Lib\site-packages\django\core\handlers\exception.py", line 55, in inner
    response = get_response(request)
  File "C:\Users\Евгения\Desktop\Projects_web\TeddysTale_with-BackEnd\venv\Lib\site-packages\django\core\handlers\base.py", line 197, in _get_response
    response = wrapped_callback(request, *callback_args, **callback_kwargs)
  File "C:\Users\Евгения\Desktop\Projects_web\TeddysTale_with-BackEnd\venv\Lib\site-packages\django\contrib\auth\decorators.py", line 59, in _view_wrapper
    return view_func(request, *args, **kwargs)
  File "C:\Users\Евгения\Desktop\Projects_web\TeddysTale_with-BackEnd\TeddyTale\teddy_admin\views_custom.py", line 183, in custom_admin_panel
    return render(request, 'admin-panel.html', context)
  File "C:\Users\Евгения\Desktop\Projects_web\TeddysTale_with-BackEnd\venv\Lib\site-packages\django\shortcuts.py", line 25, in render
    content = loader.render_to_string(template_name, context, request, using=using)
  File "C:\Users\Евгения\Desktop\Projects_web\TeddysTale_with-BackEnd\venv\Lib\site-packages\django\template\loader.py", line 62, in render_to_string
    return template.render(context, request)
           ~~~~~~~~~~~~~~~^^^^^^^^^^^^^^^^^^
  File "C:\Users\Евгения\Desktop\Projects_web\TeddysTale_with-BackEnd\venv\Lib\site-packages\django\template\backends\django.py", line 107, in render
    return self.template.render(context)
           ~~~~~~~~~~~~~~~~~~~~^^^^^^^^^
  File "C:\Users\Евгения\Desktop\Projects_web\TeddysTale_with-BackEnd\venv\Lib\site-packages\django\template\base.py", line 171, in render
    return self._render(context)
           ~~~~~~~~~~~~^^^^^^^^^
  File "C:\Users\Евгения\Desktop\Projects_web\TeddysTale_with-BackEnd\venv\Lib\site-packages\django\template\base.py", line 163, in _render
    return self.nodelist.render(context)
           ~~~~~~~~~~~~~~~~~~~~^^^^^^^^^
  File "C:\Users\Евгения\Desktop\Projects_web\TeddysTale_with-BackEnd\venv\Lib\site-packages\django\template\base.py", line 1016, in render
    return SafeString("".join([node.render_annotated(context) for node in self]))
                               ~~~~~~~~~~~~~~~~~~~~~^^^^^^^^^
  File "C:\Users\Евгения\Desktop\Projects_web\TeddysTale_with-BackEnd\venv\Lib\site-packages\django\template\base.py", line 977, in render_annotated
    return self.render(context)
           ~~~~~~~~~~~^^^^^^^^^
  File "C:\Users\Евгения\Desktop\Projects_web\TeddysTale_with-BackEnd\venv\Lib\site-packages\django\template\loader_tags.py", line 159, in render
    return compiled_parent._render(context)
           ~~~~~~~~~~~~~~~~~~~~~~~^^^^^^^^^
  File "C:\Users\Евгения\Desktop\Projects_web\TeddysTale_with-BackEnd\venv\Lib\site-packages\django\template\base.py", line 163, in _render
    return self.nodelist.render(context)
           ~~~~~~~~~~~~~~~~~~~~^^^^^^^^^
  File "C:\Users\Евгения\Desktop\Projects_web\TeddysTale_with-BackEnd\venv\Lib\site-packages\django\template\base.py", line 1016, in render
    return SafeString("".join([node.render_annotated(context) for node in self]))
                               ~~~~~~~~~~~~~~~~~~~~~^^^^^^^^^
  File "C:\Users\Евгения\Desktop\Projects_web\TeddysTale_with-BackEnd\venv\Lib\site-packages\django\template\base.py", line 977, in render_annotated
    return self.render(context)
           ~~~~~~~~~~~^^^^^^^^^
  File "C:\Users\Евгения\Desktop\Projects_web\TeddysTale_with-BackEnd\venv\Lib\site-packages\django\template\loader_tags.py", line 65, in render
    result = block.nodelist.render(context)
  File "C:\Users\Евгения\Desktop\Projects_web\TeddysTale_with-BackEnd\venv\Lib\site-packages\django\template\base.py", line 1016, in render
    return SafeString("".join([node.render_annotated(context) for node in self]))
                               ~~~~~~~~~~~~~~~~~~~~~^^^^^^^^^
  File "C:\Users\Евгения\Desktop\Projects_web\TeddysTale_with-BackEnd\venv\Lib\site-packages\django\template\base.py", line 977, in render_annotated
    return self.render(context)
           ~~~~~~~~~~~^^^^^^^^^
  File "C:\Users\Евгения\Desktop\Projects_web\TeddysTale_with-BackEnd\venv\Lib\site-packages\django\template\defaulttags.py", line 199, in render
    len_values = len(values)
  File "C:\Users\Евгения\Desktop\Projects_web\TeddysTale_with-BackEnd\venv\Lib\site-packages\django\db\models\query.py", line 368, in __len__
    self._fetch_all()
    ~~~~~~~~~~~~~~~^^
  File "C:\Users\Евгения\Desktop\Projects_web\TeddysTale_with-BackEnd\venv\Lib\site-packages\django\db\models\query.py", line 1954, in _fetch_all
    self._result_cache = list(self._iterable_class(self))
                         ~~~~^^^^^^^^^^^^^^^^^^^^^^^^^^^^
  File "C:\Users\Евгения\Desktop\Projects_web\TeddysTale_with-BackEnd\venv\Lib\site-packages\django\db\models\query.py", line 93, in __iter__
    results = compiler.execute_sql(
        chunked_fetch=self.chunked_fetch, chunk_size=self.chunk_size
    )
  File "C:\Users\Евгения\Desktop\Projects_web\TeddysTale_with-BackEnd\venv\Lib\site-packages\django\db\models\sql\compiler.py", line 1623, in execute_sql
    cursor.execute(sql, params)
    ~~~~~~~~~~~~~~^^^^^^^^^^^^^
  File "C:\Users\Евгения\Desktop\Projects_web\TeddysTale_with-BackEnd\venv\Lib\site-packages\django\db\backends\utils.py", line 122, in execute
    return super().execute(sql, params)
           ~~~~~~~~~~~~~~~^^^^^^^^^^^^^
  File "C:\Users\Евгения\Desktop\Projects_web\TeddysTale_with-BackEnd\venv\Lib\site-packages\django\db\backends\utils.py", line 79, in execute
    return self._execute_with_wrappers(
           ~~~~~~~~~~~~~~~~~~~~~~~~~~~^
        sql, params, many=False, executor=self._execute
        ^^^^^^^^^^^^^^^^^^^^^^^^^^^^^^^^^^^^^^^^^^^^^^^
    )
    ^
  File "C:\Users\Евгения\Desktop\Projects_web\TeddysTale_with-BackEnd\venv\Lib\site-packages\django\db\backends\utils.py", line 92, in _execute_with_wrappers
    return executor(sql, params, many, context)
  File "C:\Users\Евгения\Desktop\Projects_web\TeddysTale_with-BackEnd\venv\Lib\site-packages\django\db\backends\utils.py", line 100, in _execute
    with self.db.wrap_database_errors:
         ^^^^^^^^^^^^^^^^^^^^^^^^^^^^
  File "C:\Users\Евгения\Desktop\Projects_web\TeddysTale_with-BackEnd\venv\Lib\site-packages\django\db\utils.py", line 91, in __exit__
    raise dj_exc_value.with_traceback(traceback) from exc_value
  File "C:\Users\Евгения\Desktop\Projects_web\TeddysTale_with-BackEnd\venv\Lib\site-packages\django\db\backends\utils.py", line 105, in _execute
    return self.cursor.execute(sql, params)
           ~~~~~~~~~~~~~~~~~~~^^^^^^^^^^^^^
django.db.utils.OperationalError: server closed the connection unexpectedly
	This probably means the server terminated abnormally
	before or while processing the request.
server closed the connection unexpectedly
	This probably means the server terminated abnormally
	before or while processing the request.

ERROR 2026-01-02 12:48:42,236 basehttp 19084 15072 "GET /admin-custom/panel/ HTTP/1.1" 500 239688
ERROR 2026-01-02 12:49:07,650 log 19084 14148 Internal Server Error: /
Traceback (most recent call last):
  File "C:\Users\Евгения\Desktop\Projects_web\TeddysTale_with-BackEnd\venv\Lib\site-packages\django\db\backends\postgresql\base.py", line 474, in _set_autocommit
    self.connection.autocommit = autocommit
    ^^^^^^^^^^^^^^^^^^^^^^^^^^
psycopg2.InterfaceError: connection already closed

The above exception was the direct cause of the following exception:

Traceback (most recent call last):
  File "C:\Users\Евгения\Desktop\Projects_web\TeddysTale_with-BackEnd\venv\Lib\site-packages\django\core\handlers\exception.py", line 55, in inner
    response = get_response(request)
  File "C:\Users\Евгения\Desktop\Projects_web\TeddysTale_with-BackEnd\venv\Lib\site-packages\django\utils\deprecation.py", line 122, in __call__
    response = self.process_response(request, response)
  File "C:\Users\Евгения\Desktop\Projects_web\TeddysTale_with-BackEnd\venv\Lib\site-packages\django\contrib\sessions\middleware.py", line 59, in process_response
    request.session.save()
    ~~~~~~~~~~~~~~~~~~~~^^
  File "C:\Users\Евгения\Desktop\Projects_web\TeddysTale_with-BackEnd\venv\Lib\site-packages\django\contrib\sessions\backends\db.py", line 126, in save
    with transaction.atomic(using=using):
         ~~~~~~~~~~~~~~~~~~^^^^^^^^^^^^^
  File "C:\Users\Евгения\Desktop\Projects_web\TeddysTale_with-BackEnd\venv\Lib\site-packages\django\db\transaction.py", line 216, in __enter__
    connection.set_autocommit(
    ~~~~~~~~~~~~~~~~~~~~~~~~~^
        False, force_begin_transaction_with_broken_autocommit=True
        ^^^^^^^^^^^^^^^^^^^^^^^^^^^^^^^^^^^^^^^^^^^^^^^^^^^^^^^^^^
    )
    ^
  File "C:\Users\Евгения\Desktop\Projects_web\TeddysTale_with-BackEnd\venv\Lib\site-packages\django\db\backends\base\base.py", line 487, in set_autocommit
    self._set_autocommit(autocommit)
    ~~~~~~~~~~~~~~~~~~~~^^^^^^^^^^^^
  File "C:\Users\Евгения\Desktop\Projects_web\TeddysTale_with-BackEnd\venv\Lib\site-packages\django\db\backends\postgresql\base.py", line 473, in _set_autocommit
    with self.wrap_database_errors:
         ^^^^^^^^^^^^^^^^^^^^^^^^^
  File "C:\Users\Евгения\Desktop\Projects_web\TeddysTale_with-BackEnd\venv\Lib\site-packages\django\db\utils.py", line 91, in __exit__
    raise dj_exc_value.with_traceback(traceback) from exc_value
  File "C:\Users\Евгения\Desktop\Projects_web\TeddysTale_with-BackEnd\venv\Lib\site-packages\django\db\backends\postgresql\base.py", line 474, in _set_autocommit
    self.connection.autocommit = autocommit
    ^^^^^^^^^^^^^^^^^^^^^^^^^^
django.db.utils.InterfaceError: connection already closed
ERROR 2026-01-02 12:49:07,657 basehttp 19084 14148 "GET / HTTP/1.1" 500 109322
ERROR 2026-01-02 12:49:32,755 log 19084 14292 Internal Server Error: /
Traceback (most recent call last):
  File "C:\Users\Евгения\Desktop\Projects_web\TeddysTale_with-BackEnd\venv\Lib\site-packages\django\db\backends\postgresql\base.py", line 474, in _set_autocommit
    self.connection.autocommit = autocommit
    ^^^^^^^^^^^^^^^^^^^^^^^^^^
psycopg2.InterfaceError: connection already closed

The above exception was the direct cause of the following exception:

Traceback (most recent call last):
  File "C:\Users\Евгения\Desktop\Projects_web\TeddysTale_with-BackEnd\venv\Lib\site-packages\django\core\handlers\exception.py", line 55, in inner
    response = get_response(request)
  File "C:\Users\Евгения\Desktop\Projects_web\TeddysTale_with-BackEnd\venv\Lib\site-packages\django\utils\deprecation.py", line 122, in __call__
    response = self.process_response(request, response)
  File "C:\Users\Евгения\Desktop\Projects_web\TeddysTale_with-BackEnd\venv\Lib\site-packages\django\contrib\sessions\middleware.py", line 59, in process_response
    request.session.save()
    ~~~~~~~~~~~~~~~~~~~~^^
  File "C:\Users\Евгения\Desktop\Projects_web\TeddysTale_with-BackEnd\venv\Lib\site-packages\django\contrib\sessions\backends\db.py", line 126, in save
    with transaction.atomic(using=using):
         ~~~~~~~~~~~~~~~~~~^^^^^^^^^^^^^
  File "C:\Users\Евгения\Desktop\Projects_web\TeddysTale_with-BackEnd\venv\Lib\site-packages\django\db\transaction.py", line 216, in __enter__
    connection.set_autocommit(
    ~~~~~~~~~~~~~~~~~~~~~~~~~^
        False, force_begin_transaction_with_broken_autocommit=True
        ^^^^^^^^^^^^^^^^^^^^^^^^^^^^^^^^^^^^^^^^^^^^^^^^^^^^^^^^^^
    )
    ^
  File "C:\Users\Евгения\Desktop\Projects_web\TeddysTale_with-BackEnd\venv\Lib\site-packages\django\db\backends\base\base.py", line 487, in set_autocommit
    self._set_autocommit(autocommit)
    ~~~~~~~~~~~~~~~~~~~~^^^^^^^^^^^^
  File "C:\Users\Евгения\Desktop\Projects_web\TeddysTale_with-BackEnd\venv\Lib\site-packages\django\db\backends\postgresql\base.py", line 473, in _set_autocommit
    with self.wrap_database_errors:
         ^^^^^^^^^^^^^^^^^^^^^^^^^
  File "C:\Users\Евгения\Desktop\Projects_web\TeddysTale_with-BackEnd\venv\Lib\site-packages\django\db\utils.py", line 91, in __exit__
    raise dj_exc_value.with_traceback(traceback) from exc_value
  File "C:\Users\Евгения\Desktop\Projects_web\TeddysTale_with-BackEnd\venv\Lib\site-packages\django\db\backends\postgresql\base.py", line 474, in _set_autocommit
    self.connection.autocommit = autocommit
    ^^^^^^^^^^^^^^^^^^^^^^^^^^
django.db.utils.InterfaceError: connection already closed
ERROR 2026-01-02 12:49:32,760 basehttp 19084 14292 "GET / HTTP/1.1" 500 109587
WARNING 2026-01-02 12:49:33,576 log 19084 4600 Not Found: /favicon.ico
WARNING 2026-01-02 12:49:33,582 basehttp 19084 4600 "GET /favicon.ico HTTP/1.1" 404 3201
WARNING 2026-01-02 12:51:38,204 basehttp 8636 17804 "GET /static/fonts/Montserrat/Montserrat-VariableFont_wght.woff2 HTTP/1.1" 404 1967
WARNING 2026-01-02 12:51:38,223 basehttp 8636 17276 "GET /static/fonts/Montserrat/Montserrat-VariableFont_wght.woff HTTP/1.1" 404 1964
WARNING 2026-01-02 12:51:38,244 basehttp 8636 19392 "GET /static/fonts/Lora/Lora.woff2 HTTP/1.1" 404 1877
WARNING 2026-01-02 12:51:38,265 basehttp 8636 7296 "GET /static/fonts/Lora/Lora.woff HTTP/1.1" 404 1874
WARNING 2026-01-02 12:51:45,728 log 8636 18540 Not Found: /TeddysTale/assets/fonts/Montserrat/Montserrat-VariableFont_wght.woff2
WARNING 2026-01-02 12:51:45,730 basehttp 8636 18540 "GET /TeddysTale/assets/fonts/Montserrat/Montserrat-VariableFont_wght.woff2 HTTP/1.1" 404 3375
WARNING 2026-01-02 12:51:46,043 log 8636 14944 Not Found: /TeddysTale/assets/fonts/Lora/Lora-Italic.woff2
WARNING 2026-01-02 12:51:46,045 basehttp 8636 14944 "GET /TeddysTale/assets/fonts/Lora/Lora-Italic.woff2 HTTP/1.1" 404 3306
WARNING 2026-01-02 12:51:46,096 log 8636 18540 Not Found: /TeddysTale/assets/fonts/Montserrat/Montserrat-VariableFont_wght.woff
WARNING 2026-01-02 12:51:46,097 basehttp 8636 18540 "GET /TeddysTale/assets/fonts/Montserrat/Montserrat-VariableFont_wght.woff HTTP/1.1" 404 3372
WARNING 2026-01-02 12:51:46,151 log 8636 9524 Not Found: /TeddysTale/assets/fonts/Lora/Lora.woff2
WARNING 2026-01-02 12:51:46,152 basehttp 8636 9524 "GET /TeddysTale/assets/fonts/Lora/Lora.woff2 HTTP/1.1" 404 3285
WARNING 2026-01-02 12:51:46,484 log 8636 14944 Not Found: /TeddysTale/assets/fonts/Lora/Lora-Italic.woff
WARNING 2026-01-02 12:51:46,486 basehttp 8636 14944 "GET /TeddysTale/assets/fonts/Lora/Lora-Italic.woff HTTP/1.1" 404 3303
WARNING 2026-01-02 12:51:46,611 log 8636 9524 Not Found: /TeddysTale/assets/fonts/Lora/Lora.woff
WARNING 2026-01-02 12:51:46,612 basehttp 8636 9524 "GET /TeddysTale/assets/fonts/Lora/Lora.woff HTTP/1.1" 404 3282
WARNING 2026-01-02 12:51:58,448 basehttp 8636 5548 "GET /static/fonts/Montserrat/Montserrat-VariableFont_wght.woff2 HTTP/1.1" 404 1967
WARNING 2026-01-02 12:51:58,470 basehttp 8636 14780 "GET /static/fonts/Montserrat/Montserrat-VariableFont_wght.woff HTTP/1.1" 404 1964
WARNING 2026-01-02 12:51:58,509 basehttp 8636 20004 "GET /static/fonts/Lora/Lora.woff HTTP/1.1" 404 1874
WARNING 2026-01-02 12:51:58,512 basehttp 8636 8420 "GET /static/fonts/Lora/Lora.woff2 HTTP/1.1" 404 1877
WARNING 2026-01-02 12:52:08,763 log 8636 11928 Not Found: /TeddysTale/assets/fonts/Montserrat/Montserrat-VariableFont_wght.woff2
WARNING 2026-01-02 12:52:08,765 basehttp 8636 11928 "GET /TeddysTale/assets/fonts/Montserrat/Montserrat-VariableFont_wght.woff2 HTTP/1.1" 404 3375
WARNING 2026-01-02 12:52:09,094 log 8636 4984 Not Found: /TeddysTale/assets/fonts/Lora/Lora.woff2
WARNING 2026-01-02 12:52:09,098 basehttp 8636 4984 "GET /TeddysTale/assets/fonts/Lora/Lora.woff2 HTTP/1.1" 404 3285
WARNING 2026-01-02 12:52:09,148 log 8636 15164 Not Found: /TeddysTale/assets/fonts/Lora/Lora-Italic.woff2
WARNING 2026-01-02 12:52:09,150 basehttp 8636 15164 "GET /TeddysTale/assets/fonts/Lora/Lora-Italic.woff2 HTTP/1.1" 404 3306
WARNING 2026-01-02 12:52:09,199 log 8636 11928 Not Found: /TeddysTale/assets/fonts/Montserrat/Montserrat-VariableFont_wght.woff
WARNING 2026-01-02 12:52:09,200 basehttp 8636 11928 "GET /TeddysTale/assets/fonts/Montserrat/Montserrat-VariableFont_wght.woff HTTP/1.1" 404 3372
WARNING 2026-01-02 12:52:09,441 log 8636 4984 Not Found: /TeddysTale/assets/fonts/Lora/Lora.woff
WARNING 2026-01-02 12:52:09,443 basehttp 8636 4984 "GET /TeddysTale/assets/fonts/Lora/Lora.woff HTTP/1.1" 404 3282
WARNING 2026-01-02 12:52:09,493 log 8636 15164 Not Found: /TeddysTale/assets/fonts/Lora/Lora-Italic.woff
WARNING 2026-01-02 12:52:09,494 basehttp 8636 15164 "GET /TeddysTale/assets/fonts/Lora/Lora-Italic.woff HTTP/1.1" 404 3303
WARNING 2026-01-02 12:52:16,027 log 8636 15164 Not Found: /TeddysTale/assets/fonts/Montserrat/Montserrat-VariableFont_wght.woff2
WARNING 2026-01-02 12:52:16,028 basehttp 8636 15164 "GET /TeddysTale/assets/fonts/Montserrat/Montserrat-VariableFont_wght.woff2 HTTP/1.1" 404 3375
WARNING 2026-01-02 12:52:16,308 log 8636 8988 Not Found: /TeddysTale/assets/fonts/Lora/Lora.woff2
WARNING 2026-01-02 12:52:16,312 basehttp 8636 8988 "GET /TeddysTale/assets/fonts/Lora/Lora.woff2 HTTP/1.1" 404 3285
WARNING 2026-01-02 12:52:16,382 log 8636 15164 Not Found: /TeddysTale/assets/fonts/Montserrat/Montserrat-VariableFont_wght.woff
WARNING 2026-01-02 12:52:16,382 basehttp 8636 15164 "GET /TeddysTale/assets/fonts/Montserrat/Montserrat-VariableFont_wght.woff HTTP/1.1" 404 3372
WARNING 2026-01-02 12:52:16,436 log 8636 13716 Not Found: /TeddysTale/assets/fonts/Lora/Lora-Italic.woff2
WARNING 2026-01-02 12:52:16,437 basehttp 8636 13716 "GET /TeddysTale/assets/fonts/Lora/Lora-Italic.woff2 HTTP/1.1" 404 3306
WARNING 2026-01-02 12:52:16,676 log 8636 8988 Not Found: /TeddysTale/assets/fonts/Lora/Lora.woff
WARNING 2026-01-02 12:52:16,677 basehttp 8636 8988 "GET /TeddysTale/assets/fonts/Lora/Lora.woff HTTP/1.1" 404 3282
WARNING 2026-01-02 12:52:16,766 log 8636 13716 Not Found: /TeddysTale/assets/fonts/Lora/Lora-Italic.woff
WARNING 2026-01-02 12:52:16,768 basehttp 8636 13716 "GET /TeddysTale/assets/fonts/Lora/Lora-Italic.woff HTTP/1.1" 404 3303
WARNING 2026-01-02 12:52:25,428 basehttp 8636 14556 "GET /static/fonts/Montserrat/Montserrat-VariableFont_wght.woff2 HTTP/1.1" 404 1967
WARNING 2026-01-02 12:52:25,454 basehttp 8636 10560 "GET /static/fonts/Montserrat/Montserrat-VariableFont_wght.woff HTTP/1.1" 404 1964
WARNING 2026-01-02 12:52:25,469 basehttp 8636 18772 "GET /static/fonts/Lora/Lora.woff2 HTTP/1.1" 404 1877
WARNING 2026-01-02 12:52:25,487 basehttp 8636 19956 "GET /static/fonts/Lora/Lora.woff HTTP/1.1" 404 1874
WARNING 2026-01-02 13:02:52,743 basehttp 15596 16100 "GET /static/fonts/Montserrat/Montserrat-VariableFont_wght.woff2 HTTP/1.1" 404 1967
WARNING 2026-01-02 13:02:52,797 basehttp 15596 7132 "GET /static/fonts/Montserrat/Montserrat-VariableFont_wght.woff HTTP/1.1" 404 1964
WARNING 2026-01-02 13:02:52,803 basehttp 15596 8080 "GET /static/fonts/Lora/Lora.woff2 HTTP/1.1" 404 1877
WARNING 2026-01-02 13:02:52,823 basehttp 15596 16380 "GET /static/fonts/Lora/Lora.woff HTTP/1.1" 404 1874
WARNING 2026-01-02 13:03:19,381 basehttp 15596 16720 "GET /static/fonts/Montserrat/Montserrat-VariableFont_wght.woff2 HTTP/1.1" 404 1967
WARNING 2026-01-02 13:03:19,419 basehttp 15596 8652 "GET /static/fonts/Lora/Lora.woff HTTP/1.1" 404 1874
WARNING 2026-01-02 13:03:19,450 basehttp 15596 14584 "GET /static/fonts/Montserrat/Montserrat-VariableFont_wght.woff HTTP/1.1" 404 1964
WARNING 2026-01-02 13:03:19,455 basehttp 15596 2840 "GET /static/fonts/Lora/Lora.woff2 HTTP/1.1" 404 1877
WARNING 2026-01-02 13:16:17,574 basehttp 4496 1924 "GET /static/fonts/Montserrat/Montserrat-VariableFont_wght.woff2 HTTP/1.1" 404 1967
WARNING 2026-01-02 13:16:17,619 basehttp 4496 16380 "GET /static/fonts/Montserrat/Montserrat-VariableFont_wght.woff HTTP/1.1" 404 1964
WARNING 2026-01-02 13:16:17,683 basehttp 4496 13524 "GET /static/fonts/Lora/Lora.woff2 HTTP/1.1" 404 1877
WARNING 2026-01-02 13:16:17,685 basehttp 4496 16100 "GET /static/fonts/Lora/Lora.woff HTTP/1.1" 404 1874
ERROR 2026-01-02 13:16:53,551 log 4496 12324 Internal Server Error: /admin-custom/enter/
Traceback (most recent call last):
  File "C:\Users\Евгения\Desktop\Projects_web\TeddysTale_with-BackEnd\venv\Lib\site-packages\django\db\backends\base\base.py", line 303, in _commit
    return self.connection.commit()
           ~~~~~~~~~~~~~~~~~~~~~~^^
psycopg2.OperationalError: server closed the connection unexpectedly
	This probably means the server terminated abnormally
	before or while processing the request.
server closed the connection unexpectedly
	This probably means the server terminated abnormally
	before or while processing the request.


The above exception was the direct cause of the following exception:

Traceback (most recent call last):
  File "C:\Users\Евгения\Desktop\Projects_web\TeddysTale_with-BackEnd\venv\Lib\site-packages\django\core\handlers\exception.py", line 55, in inner
    response = get_response(request)
  File "C:\Users\Евгения\Desktop\Projects_web\TeddysTale_with-BackEnd\venv\Lib\site-packages\django\utils\deprecation.py", line 122, in __call__
    response = self.process_response(request, response)
  File "C:\Users\Евгения\Desktop\Projects_web\TeddysTale_with-BackEnd\venv\Lib\site-packages\django\contrib\sessions\middleware.py", line 59, in process_response
    request.session.save()
    ~~~~~~~~~~~~~~~~~~~~^^
  File "C:\Users\Евгения\Desktop\Projects_web\TeddysTale_with-BackEnd\venv\Lib\site-packages\django\contrib\sessions\backends\db.py", line 121, in save
    return self.create()
           ~~~~~~~~~~~^^
  File "C:\Users\Евгения\Desktop\Projects_web\TeddysTale_with-BackEnd\venv\Lib\site-packages\django\contrib\sessions\backends\db.py", line 74, in create
    self.save(must_create=True)
    ~~~~~~~~~^^^^^^^^^^^^^^^^^^
  File "C:\Users\Евгения\Desktop\Projects_web\TeddysTale_with-BackEnd\venv\Lib\site-packages\django\contrib\sessions\backends\db.py", line 126, in save
    with transaction.atomic(using=using):
         ~~~~~~~~~~~~~~~~~~^^^^^^^^^^^^^
  File "C:\Users\Евгения\Desktop\Projects_web\TeddysTale_with-BackEnd\venv\Lib\site-packages\django\db\transaction.py", line 263, in __exit__
    connection.commit()
    ~~~~~~~~~~~~~~~~~^^
  File "C:\Users\Евгения\Desktop\Projects_web\TeddysTale_with-BackEnd\venv\Lib\site-packages\django\utils\asyncio.py", line 26, in inner
    return func(*args, **kwargs)
  File "C:\Users\Евгения\Desktop\Projects_web\TeddysTale_with-BackEnd\venv\Lib\site-packages\django\db\backends\base\base.py", line 327, in commit
    self._commit()
    ~~~~~~~~~~~~^^
  File "C:\Users\Евгения\Desktop\Projects_web\TeddysTale_with-BackEnd\venv\Lib\site-packages\django\db\backends\base\base.py", line 302, in _commit
    with debug_transaction(self, "COMMIT"), self.wrap_database_errors:
                                            ^^^^^^^^^^^^^^^^^^^^^^^^^
  File "C:\Users\Евгения\Desktop\Projects_web\TeddysTale_with-BackEnd\venv\Lib\site-packages\django\db\utils.py", line 91, in __exit__
    raise dj_exc_value.with_traceback(traceback) from exc_value
  File "C:\Users\Евгения\Desktop\Projects_web\TeddysTale_with-BackEnd\venv\Lib\site-packages\django\db\backends\base\base.py", line 303, in _commit
    return self.connection.commit()
           ~~~~~~~~~~~~~~~~~~~~~~^^
django.db.utils.OperationalError: server closed the connection unexpectedly
	This probably means the server terminated abnormally
	before or while processing the request.
server closed the connection unexpectedly
	This probably means the server terminated abnormally
	before or while processing the request.

ERROR 2026-01-02 13:16:53,558 basehttp 4496 12324 "GET /admin-custom/enter/ HTTP/1.1" 500 123478
WARNING 2026-01-02 13:17:45,855 basehttp 4496 19572 "GET /static/fonts/Montserrat/Montserrat-VariableFont_wght.woff2 HTTP/1.1" 404 1967
WARNING 2026-01-02 13:17:45,867 basehttp 4496 3112 "GET /static/fonts/Montserrat/Montserrat-VariableFont_wght.woff HTTP/1.1" 404 1964
WARNING 2026-01-02 13:17:45,919 basehttp 4496 13460 "GET /static/fonts/Lora/Lora.woff HTTP/1.1" 404 1874
WARNING 2026-01-02 13:17:45,894 basehttp 4496 13164 "GET /static/fonts/Lora/Lora.woff2 HTTP/1.1" 404 1877
ERROR 2026-01-02 13:19:22,702 log 4496 1404 Internal Server Error: /panel/teddy_admin/shopitem/
Traceback (most recent call last):
  File "C:\Users\Евгения\Desktop\Projects_web\TeddysTale_with-BackEnd\venv\Lib\site-packages\django\db\backends\utils.py", line 105, in _execute
    return self.cursor.execute(sql, params)
           ~~~~~~~~~~~~~~~~~~~^^^^^^^^^^^^^
psycopg2.OperationalError: server closed the connection unexpectedly
	This probably means the server terminated abnormally
	before or while processing the request.
server closed the connection unexpectedly
	This probably means the server terminated abnormally
	before or while processing the request.


The above exception was the direct cause of the following exception:

Traceback (most recent call last):
  File "C:\Users\Евгения\Desktop\Projects_web\TeddysTale_with-BackEnd\venv\Lib\site-packages\django\core\handlers\exception.py", line 55, in inner
    response = get_response(request)
  File "C:\Users\Евгения\Desktop\Projects_web\TeddysTale_with-BackEnd\venv\Lib\site-packages\django\core\handlers\base.py", line 197, in _get_response
    response = wrapped_callback(request, *callback_args, **callback_kwargs)
  File "C:\Users\Евгения\Desktop\Projects_web\TeddysTale_with-BackEnd\venv\Lib\site-packages\django\contrib\admin\options.py", line 719, in wrapper
    return self.admin_site.admin_view(view)(*args, **kwargs)
           ~~~~~~~~~~~~~~~~~~~~~~~~~~~~~~~~^^^^^^^^^^^^^^^^^
  File "C:\Users\Евгения\Desktop\Projects_web\TeddysTale_with-BackEnd\venv\Lib\site-packages\django\utils\decorators.py", line 192, in _view_wrapper
    result = _process_exception(request, e)
  File "C:\Users\Евгения\Desktop\Projects_web\TeddysTale_with-BackEnd\venv\Lib\site-packages\django\utils\decorators.py", line 190, in _view_wrapper
    response = view_func(request, *args, **kwargs)
  File "C:\Users\Евгения\Desktop\Projects_web\TeddysTale_with-BackEnd\venv\Lib\site-packages\django\views\decorators\cache.py", line 80, in _view_wrapper
    response = view_func(request, *args, **kwargs)
  File "C:\Users\Евгения\Desktop\Projects_web\TeddysTale_with-BackEnd\venv\Lib\site-packages\django\contrib\admin\sites.py", line 246, in inner
    return view(request, *args, **kwargs)
  File "C:\Users\Евгения\Desktop\Projects_web\TeddysTale_with-BackEnd\venv\Lib\site-packages\django\utils\decorators.py", line 48, in _wrapper
    return bound_method(*args, **kwargs)
  File "C:\Users\Евгения\Desktop\Projects_web\TeddysTale_with-BackEnd\venv\Lib\site-packages\django\utils\decorators.py", line 192, in _view_wrapper
    result = _process_exception(request, e)
  File "C:\Users\Евгения\Desktop\Projects_web\TeddysTale_with-BackEnd\venv\Lib\site-packages\django\utils\decorators.py", line 190, in _view_wrapper
    response = view_func(request, *args, **kwargs)
  File "C:\Users\Евгения\Desktop\Projects_web\TeddysTale_with-BackEnd\venv\Lib\site-packages\django\contrib\admin\options.py", line 2057, in changelist_view
    response = self.response_action(
        request, queryset=cl.get_queryset(request)
    )
  File "C:\Users\Евгения\Desktop\Projects_web\TeddysTale_with-BackEnd\venv\Lib\site-packages\django\contrib\admin\options.py", line 1686, in response_action
    response = func(self, request, queryset)
  File "C:\Users\Евгения\Desktop\Projects_web\TeddysTale_with-BackEnd\venv\Lib\site-packages\django\contrib\admin\actions.py", line 39, in delete_selected
    ) = modeladmin.get_deleted_objects(queryset, request)
        ~~~~~~~~~~~~~~~~~~~~~~~~~~~~~~^^^^^^^^^^^^^^^^^^^
  File "C:\Users\Евгения\Desktop\Projects_web\TeddysTale_with-BackEnd\venv\Lib\site-packages\django\contrib\admin\options.py", line 2199, in get_deleted_objects
    return get_deleted_objects(objs, request, self.admin_site)
  File "C:\Users\Евгения\Desktop\Projects_web\TeddysTale_with-BackEnd\venv\Lib\site-packages\django\contrib\admin\utils.py", line 132, in get_deleted_objects
    obj = objs[0]
          ~~~~^^^
  File "C:\Users\Евгения\Desktop\Projects_web\TeddysTale_with-BackEnd\venv\Lib\site-packages\django\db\models\query.py", line 437, in __getitem__
    qs._fetch_all()
    ~~~~~~~~~~~~~^^
  File "C:\Users\Евгения\Desktop\Projects_web\TeddysTale_with-BackEnd\venv\Lib\site-packages\django\db\models\query.py", line 1954, in _fetch_all
    self._result_cache = list(self._iterable_class(self))
                         ~~~~^^^^^^^^^^^^^^^^^^^^^^^^^^^^
  File "C:\Users\Евгения\Desktop\Projects_web\TeddysTale_with-BackEnd\venv\Lib\site-packages\django\db\models\query.py", line 93, in __iter__
    results = compiler.execute_sql(
        chunked_fetch=self.chunked_fetch, chunk_size=self.chunk_size
    )
  File "C:\Users\Евгения\Desktop\Projects_web\TeddysTale_with-BackEnd\venv\Lib\site-packages\django\db\models\sql\compiler.py", line 1623, in execute_sql
    cursor.execute(sql, params)
    ~~~~~~~~~~~~~~^^^^^^^^^^^^^
  File "C:\Users\Евгения\Desktop\Projects_web\TeddysTale_with-BackEnd\venv\Lib\site-packages\django\db\backends\utils.py", line 122, in execute
    return super().execute(sql, params)
           ~~~~~~~~~~~~~~~^^^^^^^^^^^^^
  File "C:\Users\Евгения\Desktop\Projects_web\TeddysTale_with-BackEnd\venv\Lib\site-packages\django\db\backends\utils.py", line 79, in execute
    return self._execute_with_wrappers(
           ~~~~~~~~~~~~~~~~~~~~~~~~~~~^
        sql, params, many=False, executor=self._execute
        ^^^^^^^^^^^^^^^^^^^^^^^^^^^^^^^^^^^^^^^^^^^^^^^
    )
    ^
  File "C:\Users\Евгения\Desktop\Projects_web\TeddysTale_with-BackEnd\venv\Lib\site-packages\django\db\backends\utils.py", line 92, in _execute_with_wrappers
    return executor(sql, params, many, context)
  File "C:\Users\Евгения\Desktop\Projects_web\TeddysTale_with-BackEnd\venv\Lib\site-packages\django\db\backends\utils.py", line 100, in _execute
    with self.db.wrap_database_errors:
         ^^^^^^^^^^^^^^^^^^^^^^^^^^^^
  File "C:\Users\Евгения\Desktop\Projects_web\TeddysTale_with-BackEnd\venv\Lib\site-packages\django\db\utils.py", line 91, in __exit__
    raise dj_exc_value.with_traceback(traceback) from exc_value
  File "C:\Users\Евгения\Desktop\Projects_web\TeddysTale_with-BackEnd\venv\Lib\site-packages\django\db\backends\utils.py", line 105, in _execute
    return self.cursor.execute(sql, params)
           ~~~~~~~~~~~~~~~~~~~^^^^^^^^^^^^^
django.db.utils.OperationalError: server closed the connection unexpectedly
	This probably means the server terminated abnormally
	before or while processing the request.
server closed the connection unexpectedly
	This probably means the server terminated abnormally
	before or while processing the request.

ERROR 2026-01-02 13:19:22,774 basehttp 4496 1404 "POST /panel/teddy_admin/shopitem/ HTTP/1.1" 500 207817
ERROR 2026-01-02 13:20:32,323 log 4496 13144 Internal Server Error: /panel/teddy_admin/shopitem/
Traceback (most recent call last):
  File "C:\Users\Евгения\Desktop\Projects_web\TeddysTale_with-BackEnd\venv\Lib\site-packages\django\db\backends\utils.py", line 105, in _execute
    return self.cursor.execute(sql, params)
           ~~~~~~~~~~~~~~~~~~~^^^^^^^^^^^^^
psycopg2.OperationalError: server closed the connection unexpectedly
	This probably means the server terminated abnormally
	before or while processing the request.
server closed the connection unexpectedly
	This probably means the server terminated abnormally
	before or while processing the request.


The above exception was the direct cause of the following exception:

Traceback (most recent call last):
  File "C:\Users\Евгения\Desktop\Projects_web\TeddysTale_with-BackEnd\venv\Lib\site-packages\django\core\handlers\exception.py", line 55, in inner
    response = get_response(request)
  File "C:\Users\Евгения\Desktop\Projects_web\TeddysTale_with-BackEnd\venv\Lib\site-packages\django\core\handlers\base.py", line 197, in _get_response
    response = wrapped_callback(request, *callback_args, **callback_kwargs)
  File "C:\Users\Евгения\Desktop\Projects_web\TeddysTale_with-BackEnd\venv\Lib\site-packages\django\contrib\admin\options.py", line 719, in wrapper
    return self.admin_site.admin_view(view)(*args, **kwargs)
           ~~~~~~~~~~~~~~~~~~~~~~~~~~~~~~~~^^^^^^^^^^^^^^^^^
  File "C:\Users\Евгения\Desktop\Projects_web\TeddysTale_with-BackEnd\venv\Lib\site-packages\django\utils\decorators.py", line 192, in _view_wrapper
    result = _process_exception(request, e)
  File "C:\Users\Евгения\Desktop\Projects_web\TeddysTale_with-BackEnd\venv\Lib\site-packages\django\utils\decorators.py", line 190, in _view_wrapper
    response = view_func(request, *args, **kwargs)
  File "C:\Users\Евгения\Desktop\Projects_web\TeddysTale_with-BackEnd\venv\Lib\site-packages\django\views\decorators\cache.py", line 80, in _view_wrapper
    response = view_func(request, *args, **kwargs)
  File "C:\Users\Евгения\Desktop\Projects_web\TeddysTale_with-BackEnd\venv\Lib\site-packages\django\contrib\admin\sites.py", line 246, in inner
    return view(request, *args, **kwargs)
  File "C:\Users\Евгения\Desktop\Projects_web\TeddysTale_with-BackEnd\venv\Lib\site-packages\django\utils\decorators.py", line 48, in _wrapper
    return bound_method(*args, **kwargs)
  File "C:\Users\Евгения\Desktop\Projects_web\TeddysTale_with-BackEnd\venv\Lib\site-packages\django\utils\decorators.py", line 192, in _view_wrapper
    result = _process_exception(request, e)
  File "C:\Users\Евгения\Desktop\Projects_web\TeddysTale_with-BackEnd\venv\Lib\site-packages\django\utils\decorators.py", line 190, in _view_wrapper
    response = view_func(request, *args, **kwargs)
  File "C:\Users\Евгения\Desktop\Projects_web\TeddysTale_with-BackEnd\venv\Lib\site-packages\django\contrib\admin\options.py", line 2057, in changelist_view
    response = self.response_action(
        request, queryset=cl.get_queryset(request)
    )
  File "C:\Users\Евгения\Desktop\Projects_web\TeddysTale_with-BackEnd\venv\Lib\site-packages\django\contrib\admin\options.py", line 1686, in response_action
    response = func(self, request, queryset)
  File "C:\Users\Евгения\Desktop\Projects_web\TeddysTale_with-BackEnd\venv\Lib\site-packages\django\contrib\admin\actions.py", line 39, in delete_selected
    ) = modeladmin.get_deleted_objects(queryset, request)
        ~~~~~~~~~~~~~~~~~~~~~~~~~~~~~~^^^^^^^^^^^^^^^^^^^
  File "C:\Users\Евгения\Desktop\Projects_web\TeddysTale_with-BackEnd\venv\Lib\site-packages\django\contrib\admin\options.py", line 2199, in get_deleted_objects
    return get_deleted_objects(objs, request, self.admin_site)
  File "C:\Users\Евгения\Desktop\Projects_web\TeddysTale_with-BackEnd\venv\Lib\site-packages\django\contrib\admin\utils.py", line 132, in get_deleted_objects
    obj = objs[0]
          ~~~~^^^
  File "C:\Users\Евгения\Desktop\Projects_web\TeddysTale_with-BackEnd\venv\Lib\site-packages\django\db\models\query.py", line 437, in __getitem__
    qs._fetch_all()
    ~~~~~~~~~~~~~^^
  File "C:\Users\Евгения\Desktop\Projects_web\TeddysTale_with-BackEnd\venv\Lib\site-packages\django\db\models\query.py", line 1954, in _fetch_all
    self._result_cache = list(self._iterable_class(self))
                         ~~~~^^^^^^^^^^^^^^^^^^^^^^^^^^^^
  File "C:\Users\Евгения\Desktop\Projects_web\TeddysTale_with-BackEnd\venv\Lib\site-packages\django\db\models\query.py", line 93, in __iter__
    results = compiler.execute_sql(
        chunked_fetch=self.chunked_fetch, chunk_size=self.chunk_size
    )
  File "C:\Users\Евгения\Desktop\Projects_web\TeddysTale_with-BackEnd\venv\Lib\site-packages\django\db\models\sql\compiler.py", line 1623, in execute_sql
    cursor.execute(sql, params)
    ~~~~~~~~~~~~~~^^^^^^^^^^^^^
  File "C:\Users\Евгения\Desktop\Projects_web\TeddysTale_with-BackEnd\venv\Lib\site-packages\django\db\backends\utils.py", line 122, in execute
    return super().execute(sql, params)
           ~~~~~~~~~~~~~~~^^^^^^^^^^^^^
  File "C:\Users\Евгения\Desktop\Projects_web\TeddysTale_with-BackEnd\venv\Lib\site-packages\django\db\backends\utils.py", line 79, in execute
    return self._execute_with_wrappers(
           ~~~~~~~~~~~~~~~~~~~~~~~~~~~^
        sql, params, many=False, executor=self._execute
        ^^^^^^^^^^^^^^^^^^^^^^^^^^^^^^^^^^^^^^^^^^^^^^^
    )
    ^
  File "C:\Users\Евгения\Desktop\Projects_web\TeddysTale_with-BackEnd\venv\Lib\site-packages\django\db\backends\utils.py", line 92, in _execute_with_wrappers
    return executor(sql, params, many, context)
  File "C:\Users\Евгения\Desktop\Projects_web\TeddysTale_with-BackEnd\venv\Lib\site-packages\django\db\backends\utils.py", line 100, in _execute
    with self.db.wrap_database_errors:
         ^^^^^^^^^^^^^^^^^^^^^^^^^^^^
  File "C:\Users\Евгения\Desktop\Projects_web\TeddysTale_with-BackEnd\venv\Lib\site-packages\django\db\utils.py", line 91, in __exit__
    raise dj_exc_value.with_traceback(traceback) from exc_value
  File "C:\Users\Евгения\Desktop\Projects_web\TeddysTale_with-BackEnd\venv\Lib\site-packages\django\db\backends\utils.py", line 105, in _execute
    return self.cursor.execute(sql, params)
           ~~~~~~~~~~~~~~~~~~~^^^^^^^^^^^^^
django.db.utils.OperationalError: server closed the connection unexpectedly
	This probably means the server terminated abnormally
	before or while processing the request.
server closed the connection unexpectedly
	This probably means the server terminated abnormally
	before or while processing the request.

ERROR 2026-01-02 13:20:32,332 basehttp 4496 13144 "POST /panel/teddy_admin/shopitem/ HTTP/1.1" 500 207817
ERROR 2026-01-02 13:22:27,211 log 4496 15780 Internal Server Error: /
Traceback (most recent call last):
  File "C:\Users\Евгения\Desktop\Projects_web\TeddysTale_with-BackEnd\venv\Lib\site-packages\django\db\backends\postgresql\base.py", line 474, in _set_autocommit
    self.connection.autocommit = autocommit
    ^^^^^^^^^^^^^^^^^^^^^^^^^^
psycopg2.InterfaceError: connection already closed

The above exception was the direct cause of the following exception:

Traceback (most recent call last):
  File "C:\Users\Евгения\Desktop\Projects_web\TeddysTale_with-BackEnd\venv\Lib\site-packages\django\core\handlers\exception.py", line 55, in inner
    response = get_response(request)
  File "C:\Users\Евгения\Desktop\Projects_web\TeddysTale_with-BackEnd\venv\Lib\site-packages\django\utils\deprecation.py", line 122, in __call__
    response = self.process_response(request, response)
  File "C:\Users\Евгения\Desktop\Projects_web\TeddysTale_with-BackEnd\venv\Lib\site-packages\django\contrib\sessions\middleware.py", line 59, in process_response
    request.session.save()
    ~~~~~~~~~~~~~~~~~~~~^^
  File "C:\Users\Евгения\Desktop\Projects_web\TeddysTale_with-BackEnd\venv\Lib\site-packages\django\contrib\sessions\backends\db.py", line 126, in save
    with transaction.atomic(using=using):
         ~~~~~~~~~~~~~~~~~~^^^^^^^^^^^^^
  File "C:\Users\Евгения\Desktop\Projects_web\TeddysTale_with-BackEnd\venv\Lib\site-packages\django\db\transaction.py", line 216, in __enter__
    connection.set_autocommit(
    ~~~~~~~~~~~~~~~~~~~~~~~~~^
        False, force_begin_transaction_with_broken_autocommit=True
        ^^^^^^^^^^^^^^^^^^^^^^^^^^^^^^^^^^^^^^^^^^^^^^^^^^^^^^^^^^
    )
    ^
  File "C:\Users\Евгения\Desktop\Projects_web\TeddysTale_with-BackEnd\venv\Lib\site-packages\django\db\backends\base\base.py", line 487, in set_autocommit
    self._set_autocommit(autocommit)
    ~~~~~~~~~~~~~~~~~~~~^^^^^^^^^^^^
  File "C:\Users\Евгения\Desktop\Projects_web\TeddysTale_with-BackEnd\venv\Lib\site-packages\django\db\backends\postgresql\base.py", line 473, in _set_autocommit
    with self.wrap_database_errors:
         ^^^^^^^^^^^^^^^^^^^^^^^^^
  File "C:\Users\Евгения\Desktop\Projects_web\TeddysTale_with-BackEnd\venv\Lib\site-packages\django\db\utils.py", line 91, in __exit__
    raise dj_exc_value.with_traceback(traceback) from exc_value
  File "C:\Users\Евгения\Desktop\Projects_web\TeddysTale_with-BackEnd\venv\Lib\site-packages\django\db\backends\postgresql\base.py", line 474, in _set_autocommit
    self.connection.autocommit = autocommit
    ^^^^^^^^^^^^^^^^^^^^^^^^^^
django.db.utils.InterfaceError: connection already closed
ERROR 2026-01-02 13:22:27,217 basehttp 4496 15780 "GET / HTTP/1.1" 500 109321
ERROR 2026-01-02 13:23:00,424 log 4496 14260 Internal Server Error: /
Traceback (most recent call last):
  File "C:\Users\Евгения\Desktop\Projects_web\TeddysTale_with-BackEnd\venv\Lib\site-packages\django\db\backends\postgresql\base.py", line 474, in _set_autocommit
    self.connection.autocommit = autocommit
    ^^^^^^^^^^^^^^^^^^^^^^^^^^
psycopg2.InterfaceError: connection already closed

The above exception was the direct cause of the following exception:

Traceback (most recent call last):
  File "C:\Users\Евгения\Desktop\Projects_web\TeddysTale_with-BackEnd\venv\Lib\site-packages\django\core\handlers\exception.py", line 55, in inner
    response = get_response(request)
  File "C:\Users\Евгения\Desktop\Projects_web\TeddysTale_with-BackEnd\venv\Lib\site-packages\django\utils\deprecation.py", line 122, in __call__
    response = self.process_response(request, response)
  File "C:\Users\Евгения\Desktop\Projects_web\TeddysTale_with-BackEnd\venv\Lib\site-packages\django\contrib\sessions\middleware.py", line 59, in process_response
    request.session.save()
    ~~~~~~~~~~~~~~~~~~~~^^
  File "C:\Users\Евгения\Desktop\Projects_web\TeddysTale_with-BackEnd\venv\Lib\site-packages\django\contrib\sessions\backends\db.py", line 126, in save
    with transaction.atomic(using=using):
         ~~~~~~~~~~~~~~~~~~^^^^^^^^^^^^^
  File "C:\Users\Евгения\Desktop\Projects_web\TeddysTale_with-BackEnd\venv\Lib\site-packages\django\db\transaction.py", line 216, in __enter__
    connection.set_autocommit(
    ~~~~~~~~~~~~~~~~~~~~~~~~~^
        False, force_begin_transaction_with_broken_autocommit=True
        ^^^^^^^^^^^^^^^^^^^^^^^^^^^^^^^^^^^^^^^^^^^^^^^^^^^^^^^^^^
    )
    ^
  File "C:\Users\Евгения\Desktop\Projects_web\TeddysTale_with-BackEnd\venv\Lib\site-packages\django\db\backends\base\base.py", line 487, in set_autocommit
    self._set_autocommit(autocommit)
    ~~~~~~~~~~~~~~~~~~~~^^^^^^^^^^^^
  File "C:\Users\Евгения\Desktop\Projects_web\TeddysTale_with-BackEnd\venv\Lib\site-packages\django\db\backends\postgresql\base.py", line 473, in _set_autocommit
    with self.wrap_database_errors:
         ^^^^^^^^^^^^^^^^^^^^^^^^^
  File "C:\Users\Евгения\Desktop\Projects_web\TeddysTale_with-BackEnd\venv\Lib\site-packages\django\db\utils.py", line 91, in __exit__
    raise dj_exc_value.with_traceback(traceback) from exc_value
  File "C:\Users\Евгения\Desktop\Projects_web\TeddysTale_with-BackEnd\venv\Lib\site-packages\django\db\backends\postgresql\base.py", line 474, in _set_autocommit
    self.connection.autocommit = autocommit
    ^^^^^^^^^^^^^^^^^^^^^^^^^^
django.db.utils.InterfaceError: connection already closed
ERROR 2026-01-02 13:23:00,430 basehttp 4496 14260 "GET / HTTP/1.1" 500 109322
ERROR 2026-01-02 13:26:44,900 log 20220 7496 Internal Server Error: /
Traceback (most recent call last):
  File "C:\Users\Евгения\Desktop\Projects_web\TeddysTale_with-BackEnd\venv\Lib\site-packages\django\db\backends\postgresql\base.py", line 474, in _set_autocommit
    self.connection.autocommit = autocommit
    ^^^^^^^^^^^^^^^^^^^^^^^^^^
psycopg2.InterfaceError: connection already closed

The above exception was the direct cause of the following exception:

Traceback (most recent call last):
  File "C:\Users\Евгения\Desktop\Projects_web\TeddysTale_with-BackEnd\venv\Lib\site-packages\django\core\handlers\exception.py", line 55, in inner
    response = get_response(request)
  File "C:\Users\Евгения\Desktop\Projects_web\TeddysTale_with-BackEnd\venv\Lib\site-packages\django\utils\deprecation.py", line 122, in __call__
    response = self.process_response(request, response)
  File "C:\Users\Евгения\Desktop\Projects_web\TeddysTale_with-BackEnd\venv\Lib\site-packages\django\contrib\sessions\middleware.py", line 59, in process_response
    request.session.save()
    ~~~~~~~~~~~~~~~~~~~~^^
  File "C:\Users\Евгения\Desktop\Projects_web\TeddysTale_with-BackEnd\venv\Lib\site-packages\django\contrib\sessions\backends\db.py", line 126, in save
    with transaction.atomic(using=using):
         ~~~~~~~~~~~~~~~~~~^^^^^^^^^^^^^
  File "C:\Users\Евгения\Desktop\Projects_web\TeddysTale_with-BackEnd\venv\Lib\site-packages\django\db\transaction.py", line 216, in __enter__
    connection.set_autocommit(
    ~~~~~~~~~~~~~~~~~~~~~~~~~^
        False, force_begin_transaction_with_broken_autocommit=True
        ^^^^^^^^^^^^^^^^^^^^^^^^^^^^^^^^^^^^^^^^^^^^^^^^^^^^^^^^^^
    )
    ^
  File "C:\Users\Евгения\Desktop\Projects_web\TeddysTale_with-BackEnd\venv\Lib\site-packages\django\db\backends\base\base.py", line 487, in set_autocommit
    self._set_autocommit(autocommit)
    ~~~~~~~~~~~~~~~~~~~~^^^^^^^^^^^^
  File "C:\Users\Евгения\Desktop\Projects_web\TeddysTale_with-BackEnd\venv\Lib\site-packages\django\db\backends\postgresql\base.py", line 473, in _set_autocommit
    with self.wrap_database_errors:
         ^^^^^^^^^^^^^^^^^^^^^^^^^
  File "C:\Users\Евгения\Desktop\Projects_web\TeddysTale_with-BackEnd\venv\Lib\site-packages\django\db\utils.py", line 91, in __exit__
    raise dj_exc_value.with_traceback(traceback) from exc_value
  File "C:\Users\Евгения\Desktop\Projects_web\TeddysTale_with-BackEnd\venv\Lib\site-packages\django\db\backends\postgresql\base.py", line 474, in _set_autocommit
    self.connection.autocommit = autocommit
    ^^^^^^^^^^^^^^^^^^^^^^^^^^
django.db.utils.InterfaceError: connection already closed
ERROR 2026-01-02 13:26:44,908 basehttp 20220 7496 "GET / HTTP/1.1" 500 109459
ERROR 2026-01-02 13:28:51,668 log 20220 17896 Internal Server Error: /
Traceback (most recent call last):
  File "C:\Users\Евгения\Desktop\Projects_web\TeddysTale_with-BackEnd\venv\Lib\site-packages\django\db\backends\postgresql\base.py", line 474, in _set_autocommit
    self.connection.autocommit = autocommit
    ^^^^^^^^^^^^^^^^^^^^^^^^^^
psycopg2.InterfaceError: connection already closed

The above exception was the direct cause of the following exception:

Traceback (most recent call last):
  File "C:\Users\Евгения\Desktop\Projects_web\TeddysTale_with-BackEnd\venv\Lib\site-packages\django\core\handlers\exception.py", line 55, in inner
    response = get_response(request)
  File "C:\Users\Евгения\Desktop\Projects_web\TeddysTale_with-BackEnd\venv\Lib\site-packages\django\utils\deprecation.py", line 122, in __call__
    response = self.process_response(request, response)
  File "C:\Users\Евгения\Desktop\Projects_web\TeddysTale_with-BackEnd\venv\Lib\site-packages\django\contrib\sessions\middleware.py", line 59, in process_response
    request.session.save()
    ~~~~~~~~~~~~~~~~~~~~^^
  File "C:\Users\Евгения\Desktop\Projects_web\TeddysTale_with-BackEnd\venv\Lib\site-packages\django\contrib\sessions\backends\db.py", line 126, in save
    with transaction.atomic(using=using):
         ~~~~~~~~~~~~~~~~~~^^^^^^^^^^^^^
  File "C:\Users\Евгения\Desktop\Projects_web\TeddysTale_with-BackEnd\venv\Lib\site-packages\django\db\transaction.py", line 216, in __enter__
    connection.set_autocommit(
    ~~~~~~~~~~~~~~~~~~~~~~~~~^
        False, force_begin_transaction_with_broken_autocommit=True
        ^^^^^^^^^^^^^^^^^^^^^^^^^^^^^^^^^^^^^^^^^^^^^^^^^^^^^^^^^^
    )
    ^
  File "C:\Users\Евгения\Desktop\Projects_web\TeddysTale_with-BackEnd\venv\Lib\site-packages\django\db\backends\base\base.py", line 487, in set_autocommit
    self._set_autocommit(autocommit)
    ~~~~~~~~~~~~~~~~~~~~^^^^^^^^^^^^
  File "C:\Users\Евгения\Desktop\Projects_web\TeddysTale_with-BackEnd\venv\Lib\site-packages\django\db\backends\postgresql\base.py", line 473, in _set_autocommit
    with self.wrap_database_errors:
         ^^^^^^^^^^^^^^^^^^^^^^^^^
  File "C:\Users\Евгения\Desktop\Projects_web\TeddysTale_with-BackEnd\venv\Lib\site-packages\django\db\utils.py", line 91, in __exit__
    raise dj_exc_value.with_traceback(traceback) from exc_value
  File "C:\Users\Евгения\Desktop\Projects_web\TeddysTale_with-BackEnd\venv\Lib\site-packages\django\db\backends\postgresql\base.py", line 474, in _set_autocommit
    self.connection.autocommit = autocommit
    ^^^^^^^^^^^^^^^^^^^^^^^^^^
django.db.utils.InterfaceError: connection already closed
ERROR 2026-01-02 13:28:51,675 basehttp 20220 17896 "GET / HTTP/1.1" 500 109459
WARNING 2026-01-02 13:56:31,105 basehttp 19248 13060 "GET /static/fonts/Lora/Lora.woff HTTP/1.1" 404 1874
WARNING 2026-01-02 13:56:31,134 basehttp 19248 2332 "GET /static/fonts/Montserrat/Montserrat-VariableFont_wght.woff HTTP/1.1" 404 1964
WARNING 2026-01-02 13:56:31,174 basehttp 19248 5432 "GET /static/fonts/Montserrat/Montserrat-VariableFont_wght.woff2 HTTP/1.1" 404 1967
WARNING 2026-01-02 13:56:31,155 basehttp 19248 15280 "GET /static/fonts/Lora/Lora.woff2 HTTP/1.1" 404 1877
WARNING 2026-01-02 13:56:37,671 log 19248 19736 Not Found: /TeddysTale/assets/fonts/Lora/Lora.woff2
WARNING 2026-01-02 13:56:37,672 basehttp 19248 19736 "GET /TeddysTale/assets/fonts/Lora/Lora.woff2 HTTP/1.1" 404 3285
WARNING 2026-01-02 13:56:37,716 log 19248 10212 Not Found: /TeddysTale/assets/fonts/Montserrat/Montserrat-VariableFont_wght.woff2
WARNING 2026-01-02 13:56:37,717 basehttp 19248 10212 "GET /TeddysTale/assets/fonts/Montserrat/Montserrat-VariableFont_wght.woff2 HTTP/1.1" 404 3375
WARNING 2026-01-02 13:56:37,773 log 19248 3636 Not Found: /TeddysTale/assets/fonts/Lora/Lora-Italic.woff2
WARNING 2026-01-02 13:56:37,774 basehttp 19248 3636 "GET /TeddysTale/assets/fonts/Lora/Lora-Italic.woff2 HTTP/1.1" 404 3306
WARNING 2026-01-02 13:56:37,975 log 19248 19736 Not Found: /TeddysTale/assets/fonts/Lora/Lora.woff
WARNING 2026-01-02 13:56:37,976 basehttp 19248 19736 "GET /TeddysTale/assets/fonts/Lora/Lora.woff HTTP/1.1" 404 3282
WARNING 2026-01-02 13:56:38,028 log 19248 10212 Not Found: /TeddysTale/assets/fonts/Montserrat/Montserrat-VariableFont_wght.woff
WARNING 2026-01-02 13:56:38,029 basehttp 19248 10212 "GET /TeddysTale/assets/fonts/Montserrat/Montserrat-VariableFont_wght.woff HTTP/1.1" 404 3372
WARNING 2026-01-02 13:56:38,078 log 19248 3636 Not Found: /TeddysTale/assets/fonts/Lora/Lora-Italic.woff
WARNING 2026-01-02 13:56:38,079 basehttp 19248 3636 "GET /TeddysTale/assets/fonts/Lora/Lora-Italic.woff HTTP/1.1" 404 3303
WARNING 2026-01-02 13:56:52,678 basehttp 19248 18580 "GET /static/fonts/Montserrat/Montserrat-VariableFont_wght.woff HTTP/1.1" 404 1964
WARNING 2026-01-02 13:56:52,688 basehttp 19248 15240 "GET /static/fonts/Montserrat/Montserrat-VariableFont_wght.woff2 HTTP/1.1" 404 1967
WARNING 2026-01-02 13:56:52,733 basehttp 19248 19356 "GET /static/fonts/Lora/Lora.woff2 HTTP/1.1" 404 1877
WARNING 2026-01-02 13:56:52,748 basehttp 19248 16784 "GET /static/fonts/Lora/Lora.woff HTTP/1.1" 404 1874
WARNING 2026-01-02 13:57:21,621 basehttp 19248 2180 "GET /static/fonts/Montserrat/Montserrat-VariableFont_wght.woff2 HTTP/1.1" 404 1967
WARNING 2026-01-02 13:57:21,621 basehttp 19248 17212 "GET /static/fonts/Montserrat/Montserrat-VariableFont_wght.woff HTTP/1.1" 404 1964
WARNING 2026-01-02 13:57:21,669 basehttp 19248 16388 "GET /static/fonts/Lora/Lora.woff2 HTTP/1.1" 404 1877
WARNING 2026-01-02 13:57:21,699 basehttp 19248 10500 "GET /static/fonts/Lora/Lora.woff HTTP/1.1" 404 1874
WARNING 2026-01-02 13:57:42,859 log 19248 13056 Not Found: /.well-known/appspecific/com.chrome.devtools.json
WARNING 2026-01-02 13:57:42,860 basehttp 19248 13056 "GET /.well-known/appspecific/com.chrome.devtools.json HTTP/1.1" 404 3312
ERROR 2026-01-02 13:59:46,128 log 19248 4012 Internal Server Error: /
Traceback (most recent call last):
  File "C:\Users\Евгения\Desktop\Projects_web\TeddysTale_with-BackEnd\venv\Lib\site-packages\django\db\backends\postgresql\base.py", line 474, in _set_autocommit
    self.connection.autocommit = autocommit
    ^^^^^^^^^^^^^^^^^^^^^^^^^^
psycopg2.InterfaceError: connection already closed

The above exception was the direct cause of the following exception:

Traceback (most recent call last):
  File "C:\Users\Евгения\Desktop\Projects_web\TeddysTale_with-BackEnd\venv\Lib\site-packages\django\core\handlers\exception.py", line 55, in inner
    response = get_response(request)
  File "C:\Users\Евгения\Desktop\Projects_web\TeddysTale_with-BackEnd\venv\Lib\site-packages\django\utils\deprecation.py", line 122, in __call__
    response = self.process_response(request, response)
  File "C:\Users\Евгения\Desktop\Projects_web\TeddysTale_with-BackEnd\venv\Lib\site-packages\django\contrib\sessions\middleware.py", line 59, in process_response
    request.session.save()
    ~~~~~~~~~~~~~~~~~~~~^^
  File "C:\Users\Евгения\Desktop\Projects_web\TeddysTale_with-BackEnd\venv\Lib\site-packages\django\contrib\sessions\backends\db.py", line 126, in save
    with transaction.atomic(using=using):
         ~~~~~~~~~~~~~~~~~~^^^^^^^^^^^^^
  File "C:\Users\Евгения\Desktop\Projects_web\TeddysTale_with-BackEnd\venv\Lib\site-packages\django\db\transaction.py", line 216, in __enter__
    connection.set_autocommit(
    ~~~~~~~~~~~~~~~~~~~~~~~~~^
        False, force_begin_transaction_with_broken_autocommit=True
        ^^^^^^^^^^^^^^^^^^^^^^^^^^^^^^^^^^^^^^^^^^^^^^^^^^^^^^^^^^
    )
    ^
  File "C:\Users\Евгения\Desktop\Projects_web\TeddysTale_with-BackEnd\venv\Lib\site-packages\django\db\backends\base\base.py", line 487, in set_autocommit
    self._set_autocommit(autocommit)
    ~~~~~~~~~~~~~~~~~~~~^^^^^^^^^^^^
  File "C:\Users\Евгения\Desktop\Projects_web\TeddysTale_with-BackEnd\venv\Lib\site-packages\django\db\backends\postgresql\base.py", line 473, in _set_autocommit
    with self.wrap_database_errors:
         ^^^^^^^^^^^^^^^^^^^^^^^^^
  File "C:\Users\Евгения\Desktop\Projects_web\TeddysTale_with-BackEnd\venv\Lib\site-packages\django\db\utils.py", line 91, in __exit__
    raise dj_exc_value.with_traceback(traceback) from exc_value
  File "C:\Users\Евгения\Desktop\Projects_web\TeddysTale_with-BackEnd\venv\Lib\site-packages\django\db\backends\postgresql\base.py", line 474, in _set_autocommit
    self.connection.autocommit = autocommit
    ^^^^^^^^^^^^^^^^^^^^^^^^^^
django.db.utils.InterfaceError: connection already closed
ERROR 2026-01-02 13:59:46,153 basehttp 19248 4012 "GET / HTTP/1.1" 500 110119
WARNING 2026-01-02 14:00:08,373 log 19248 13300 The request's session was deleted before the request completed. The user may have logged out in a concurrent request, for example.: /.well-known/appspecific/com.chrome.devtools.json
Traceback (most recent call last):
  File "C:\Users\Евгения\Desktop\Projects_web\TeddysTale_with-BackEnd\venv\Lib\site-packages\django\db\backends\base\base.py", line 303, in _commit
    return self.connection.commit()
           ~~~~~~~~~~~~~~~~~~~~~~^^
psycopg2.OperationalError: server closed the connection unexpectedly
	This probably means the server terminated abnormally
	before or while processing the request.
server closed the connection unexpectedly
	This probably means the server terminated abnormally
	before or while processing the request.


The above exception was the direct cause of the following exception:

Traceback (most recent call last):
  File "C:\Users\Евгения\Desktop\Projects_web\TeddysTale_with-BackEnd\venv\Lib\site-packages\django\contrib\sessions\backends\db.py", line 126, in save
    with transaction.atomic(using=using):
         ~~~~~~~~~~~~~~~~~~^^^^^^^^^^^^^
  File "C:\Users\Евгения\Desktop\Projects_web\TeddysTale_with-BackEnd\venv\Lib\site-packages\django\db\transaction.py", line 263, in __exit__
    connection.commit()
    ~~~~~~~~~~~~~~~~~^^
  File "C:\Users\Евгения\Desktop\Projects_web\TeddysTale_with-BackEnd\venv\Lib\site-packages\django\utils\asyncio.py", line 26, in inner
    return func(*args, **kwargs)
  File "C:\Users\Евгения\Desktop\Projects_web\TeddysTale_with-BackEnd\venv\Lib\site-packages\django\db\backends\base\base.py", line 327, in commit
    self._commit()
    ~~~~~~~~~~~~^^
  File "C:\Users\Евгения\Desktop\Projects_web\TeddysTale_with-BackEnd\venv\Lib\site-packages\django\db\backends\base\base.py", line 302, in _commit
    with debug_transaction(self, "COMMIT"), self.wrap_database_errors:
                                            ^^^^^^^^^^^^^^^^^^^^^^^^^
  File "C:\Users\Евгения\Desktop\Projects_web\TeddysTale_with-BackEnd\venv\Lib\site-packages\django\db\utils.py", line 91, in __exit__
    raise dj_exc_value.with_traceback(traceback) from exc_value
  File "C:\Users\Евгения\Desktop\Projects_web\TeddysTale_with-BackEnd\venv\Lib\site-packages\django\db\backends\base\base.py", line 303, in _commit
    return self.connection.commit()
           ~~~~~~~~~~~~~~~~~~~~~~^^
django.db.utils.OperationalError: server closed the connection unexpectedly
	This probably means the server terminated abnormally
	before or while processing the request.
server closed the connection unexpectedly
	This probably means the server terminated abnormally
	before or while processing the request.


During handling of the above exception, another exception occurred:

Traceback (most recent call last):
  File "C:\Users\Евгения\Desktop\Projects_web\TeddysTale_with-BackEnd\venv\Lib\site-packages\django\contrib\sessions\middleware.py", line 59, in process_response
    request.session.save()
    ~~~~~~~~~~~~~~~~~~~~^^
  File "C:\Users\Евгения\Desktop\Projects_web\TeddysTale_with-BackEnd\venv\Lib\site-packages\django\contrib\sessions\backends\db.py", line 136, in save
    raise UpdateError
django.contrib.sessions.backends.base.UpdateError

During handling of the above exception, another exception occurred:

Traceback (most recent call last):
  File "C:\Users\Евгения\Desktop\Projects_web\TeddysTale_with-BackEnd\venv\Lib\site-packages\django\core\handlers\exception.py", line 55, in inner
    response = get_response(request)
  File "C:\Users\Евгения\Desktop\Projects_web\TeddysTale_with-BackEnd\venv\Lib\site-packages\django\utils\deprecation.py", line 122, in __call__
    response = self.process_response(request, response)
  File "C:\Users\Евгения\Desktop\Projects_web\TeddysTale_with-BackEnd\venv\Lib\site-packages\django\contrib\sessions\middleware.py", line 61, in process_response
    raise SessionInterrupted(
    ...<3 lines>...
    )
django.contrib.sessions.exceptions.SessionInterrupted: The request's session was deleted before the request completed. The user may have logged out in a concurrent request, for example.
WARNING 2026-01-02 14:00:08,396 basehttp 19248 13300 "GET /.well-known/appspecific/com.chrome.devtools.json HTTP/1.1" 400 126346
ERROR 2026-01-02 14:00:19,010 log 19248 12936 Internal Server Error: /
Traceback (most recent call last):
  File "C:\Users\Евгения\Desktop\Projects_web\TeddysTale_with-BackEnd\venv\Lib\site-packages\django\db\backends\postgresql\base.py", line 474, in _set_autocommit
    self.connection.autocommit = autocommit
    ^^^^^^^^^^^^^^^^^^^^^^^^^^
psycopg2.InterfaceError: connection already closed

The above exception was the direct cause of the following exception:

Traceback (most recent call last):
  File "C:\Users\Евгения\Desktop\Projects_web\TeddysTale_with-BackEnd\venv\Lib\site-packages\django\core\handlers\exception.py", line 55, in inner
    response = get_response(request)
  File "C:\Users\Евгения\Desktop\Projects_web\TeddysTale_with-BackEnd\venv\Lib\site-packages\django\utils\deprecation.py", line 122, in __call__
    response = self.process_response(request, response)
  File "C:\Users\Евгения\Desktop\Projects_web\TeddysTale_with-BackEnd\venv\Lib\site-packages\django\contrib\sessions\middleware.py", line 59, in process_response
    request.session.save()
    ~~~~~~~~~~~~~~~~~~~~^^
  File "C:\Users\Евгения\Desktop\Projects_web\TeddysTale_with-BackEnd\venv\Lib\site-packages\django\contrib\sessions\backends\db.py", line 126, in save
    with transaction.atomic(using=using):
         ~~~~~~~~~~~~~~~~~~^^^^^^^^^^^^^
  File "C:\Users\Евгения\Desktop\Projects_web\TeddysTale_with-BackEnd\venv\Lib\site-packages\django\db\transaction.py", line 216, in __enter__
    connection.set_autocommit(
    ~~~~~~~~~~~~~~~~~~~~~~~~~^
        False, force_begin_transaction_with_broken_autocommit=True
        ^^^^^^^^^^^^^^^^^^^^^^^^^^^^^^^^^^^^^^^^^^^^^^^^^^^^^^^^^^
    )
    ^
  File "C:\Users\Евгения\Desktop\Projects_web\TeddysTale_with-BackEnd\venv\Lib\site-packages\django\db\backends\base\base.py", line 487, in set_autocommit
    self._set_autocommit(autocommit)
    ~~~~~~~~~~~~~~~~~~~~^^^^^^^^^^^^
  File "C:\Users\Евгения\Desktop\Projects_web\TeddysTale_with-BackEnd\venv\Lib\site-packages\django\db\backends\postgresql\base.py", line 473, in _set_autocommit
    with self.wrap_database_errors:
         ^^^^^^^^^^^^^^^^^^^^^^^^^
  File "C:\Users\Евгения\Desktop\Projects_web\TeddysTale_with-BackEnd\venv\Lib\site-packages\django\db\utils.py", line 91, in __exit__
    raise dj_exc_value.with_traceback(traceback) from exc_value
  File "C:\Users\Евгения\Desktop\Projects_web\TeddysTale_with-BackEnd\venv\Lib\site-packages\django\db\backends\postgresql\base.py", line 474, in _set_autocommit
    self.connection.autocommit = autocommit
    ^^^^^^^^^^^^^^^^^^^^^^^^^^
django.db.utils.InterfaceError: connection already closed
ERROR 2026-01-02 14:00:19,024 basehttp 19248 12936 "GET / HTTP/1.1" 500 110118
ERROR 2026-01-02 14:00:31,655 log 19248 14720 Internal Server Error: /
Traceback (most recent call last):
  File "C:\Users\Евгения\Desktop\Projects_web\TeddysTale_with-BackEnd\venv\Lib\site-packages\django\db\backends\postgresql\base.py", line 474, in _set_autocommit
    self.connection.autocommit = autocommit
    ^^^^^^^^^^^^^^^^^^^^^^^^^^
psycopg2.InterfaceError: connection already closed

The above exception was the direct cause of the following exception:

Traceback (most recent call last):
  File "C:\Users\Евгения\Desktop\Projects_web\TeddysTale_with-BackEnd\venv\Lib\site-packages\django\core\handlers\exception.py", line 55, in inner
    response = get_response(request)
  File "C:\Users\Евгения\Desktop\Projects_web\TeddysTale_with-BackEnd\venv\Lib\site-packages\django\utils\deprecation.py", line 122, in __call__
    response = self.process_response(request, response)
  File "C:\Users\Евгения\Desktop\Projects_web\TeddysTale_with-BackEnd\venv\Lib\site-packages\django\contrib\sessions\middleware.py", line 59, in process_response
    request.session.save()
    ~~~~~~~~~~~~~~~~~~~~^^
  File "C:\Users\Евгения\Desktop\Projects_web\TeddysTale_with-BackEnd\venv\Lib\site-packages\django\contrib\sessions\backends\db.py", line 126, in save
    with transaction.atomic(using=using):
         ~~~~~~~~~~~~~~~~~~^^^^^^^^^^^^^
  File "C:\Users\Евгения\Desktop\Projects_web\TeddysTale_with-BackEnd\venv\Lib\site-packages\django\db\transaction.py", line 216, in __enter__
    connection.set_autocommit(
    ~~~~~~~~~~~~~~~~~~~~~~~~~^
        False, force_begin_transaction_with_broken_autocommit=True
        ^^^^^^^^^^^^^^^^^^^^^^^^^^^^^^^^^^^^^^^^^^^^^^^^^^^^^^^^^^
    )
    ^
  File "C:\Users\Евгения\Desktop\Projects_web\TeddysTale_with-BackEnd\venv\Lib\site-packages\django\db\backends\base\base.py", line 487, in set_autocommit
    self._set_autocommit(autocommit)
    ~~~~~~~~~~~~~~~~~~~~^^^^^^^^^^^^
  File "C:\Users\Евгения\Desktop\Projects_web\TeddysTale_with-BackEnd\venv\Lib\site-packages\django\db\backends\postgresql\base.py", line 473, in _set_autocommit
    with self.wrap_database_errors:
         ^^^^^^^^^^^^^^^^^^^^^^^^^
  File "C:\Users\Евгения\Desktop\Projects_web\TeddysTale_with-BackEnd\venv\Lib\site-packages\django\db\utils.py", line 91, in __exit__
    raise dj_exc_value.with_traceback(traceback) from exc_value
  File "C:\Users\Евгения\Desktop\Projects_web\TeddysTale_with-BackEnd\venv\Lib\site-packages\django\db\backends\postgresql\base.py", line 474, in _set_autocommit
    self.connection.autocommit = autocommit
    ^^^^^^^^^^^^^^^^^^^^^^^^^^
django.db.utils.InterfaceError: connection already closed
ERROR 2026-01-02 14:00:31,661 basehttp 19248 14720 "GET / HTTP/1.1" 500 110119
ERROR 2026-01-02 14:00:40,894 log 19248 19784 Internal Server Error: /
Traceback (most recent call last):
  File "C:\Users\Евгения\Desktop\Projects_web\TeddysTale_with-BackEnd\venv\Lib\site-packages\django\db\backends\postgresql\base.py", line 474, in _set_autocommit
    self.connection.autocommit = autocommit
    ^^^^^^^^^^^^^^^^^^^^^^^^^^
psycopg2.InterfaceError: connection already closed

The above exception was the direct cause of the following exception:

Traceback (most recent call last):
  File "C:\Users\Евгения\Desktop\Projects_web\TeddysTale_with-BackEnd\venv\Lib\site-packages\django\core\handlers\exception.py", line 55, in inner
    response = get_response(request)
  File "C:\Users\Евгения\Desktop\Projects_web\TeddysTale_with-BackEnd\venv\Lib\site-packages\django\utils\deprecation.py", line 122, in __call__
    response = self.process_response(request, response)
  File "C:\Users\Евгения\Desktop\Projects_web\TeddysTale_with-BackEnd\venv\Lib\site-packages\django\contrib\sessions\middleware.py", line 59, in process_response
    request.session.save()
    ~~~~~~~~~~~~~~~~~~~~^^
  File "C:\Users\Евгения\Desktop\Projects_web\TeddysTale_with-BackEnd\venv\Lib\site-packages\django\contrib\sessions\backends\db.py", line 126, in save
    with transaction.atomic(using=using):
         ~~~~~~~~~~~~~~~~~~^^^^^^^^^^^^^
  File "C:\Users\Евгения\Desktop\Projects_web\TeddysTale_with-BackEnd\venv\Lib\site-packages\django\db\transaction.py", line 216, in __enter__
    connection.set_autocommit(
    ~~~~~~~~~~~~~~~~~~~~~~~~~^
        False, force_begin_transaction_with_broken_autocommit=True
        ^^^^^^^^^^^^^^^^^^^^^^^^^^^^^^^^^^^^^^^^^^^^^^^^^^^^^^^^^^
    )
    ^
  File "C:\Users\Евгения\Desktop\Projects_web\TeddysTale_with-BackEnd\venv\Lib\site-packages\django\db\backends\base\base.py", line 487, in set_autocommit
    self._set_autocommit(autocommit)
    ~~~~~~~~~~~~~~~~~~~~^^^^^^^^^^^^
  File "C:\Users\Евгения\Desktop\Projects_web\TeddysTale_with-BackEnd\venv\Lib\site-packages\django\db\backends\postgresql\base.py", line 473, in _set_autocommit
    with self.wrap_database_errors:
         ^^^^^^^^^^^^^^^^^^^^^^^^^
  File "C:\Users\Евгения\Desktop\Projects_web\TeddysTale_with-BackEnd\venv\Lib\site-packages\django\db\utils.py", line 91, in __exit__
    raise dj_exc_value.with_traceback(traceback) from exc_value
  File "C:\Users\Евгения\Desktop\Projects_web\TeddysTale_with-BackEnd\venv\Lib\site-packages\django\db\backends\postgresql\base.py", line 474, in _set_autocommit
    self.connection.autocommit = autocommit
    ^^^^^^^^^^^^^^^^^^^^^^^^^^
django.db.utils.InterfaceError: connection already closed
ERROR 2026-01-02 14:00:40,901 basehttp 19248 19784 "GET / HTTP/1.1" 500 109847
WARNING 2026-01-02 14:00:53,359 basehttp 19248 10008 "GET /static/fonts/Montserrat/Montserrat-VariableFont_wght.woff2 HTTP/1.1" 404 1967
WARNING 2026-01-02 14:00:53,368 basehttp 19248 14840 "GET /static/fonts/Montserrat/Montserrat-VariableFont_wght.woff HTTP/1.1" 404 1964
WARNING 2026-01-02 14:00:53,409 basehttp 19248 8552 "GET /static/fonts/Lora/Lora.woff HTTP/1.1" 404 1874
WARNING 2026-01-02 14:00:53,413 basehttp 19248 6120 "GET /static/fonts/Lora/Lora.woff2 HTTP/1.1" 404 1877
ERROR 2026-01-02 14:03:00,999 log 19248 19340 Internal Server Error: /
Traceback (most recent call last):
  File "C:\Users\Евгения\Desktop\Projects_web\TeddysTale_with-BackEnd\venv\Lib\site-packages\django\db\backends\postgresql\base.py", line 474, in _set_autocommit
    self.connection.autocommit = autocommit
    ^^^^^^^^^^^^^^^^^^^^^^^^^^
psycopg2.InterfaceError: connection already closed

The above exception was the direct cause of the following exception:

Traceback (most recent call last):
  File "C:\Users\Евгения\Desktop\Projects_web\TeddysTale_with-BackEnd\venv\Lib\site-packages\django\core\handlers\exception.py", line 55, in inner
    response = get_response(request)
  File "C:\Users\Евгения\Desktop\Projects_web\TeddysTale_with-BackEnd\venv\Lib\site-packages\django\utils\deprecation.py", line 122, in __call__
    response = self.process_response(request, response)
  File "C:\Users\Евгения\Desktop\Projects_web\TeddysTale_with-BackEnd\venv\Lib\site-packages\django\contrib\sessions\middleware.py", line 59, in process_response
    request.session.save()
    ~~~~~~~~~~~~~~~~~~~~^^
  File "C:\Users\Евгения\Desktop\Projects_web\TeddysTale_with-BackEnd\venv\Lib\site-packages\django\contrib\sessions\backends\db.py", line 126, in save
    with transaction.atomic(using=using):
         ~~~~~~~~~~~~~~~~~~^^^^^^^^^^^^^
  File "C:\Users\Евгения\Desktop\Projects_web\TeddysTale_with-BackEnd\venv\Lib\site-packages\django\db\transaction.py", line 216, in __enter__
    connection.set_autocommit(
    ~~~~~~~~~~~~~~~~~~~~~~~~~^
        False, force_begin_transaction_with_broken_autocommit=True
        ^^^^^^^^^^^^^^^^^^^^^^^^^^^^^^^^^^^^^^^^^^^^^^^^^^^^^^^^^^
    )
    ^
  File "C:\Users\Евгения\Desktop\Projects_web\TeddysTale_with-BackEnd\venv\Lib\site-packages\django\db\backends\base\base.py", line 487, in set_autocommit
    self._set_autocommit(autocommit)
    ~~~~~~~~~~~~~~~~~~~~^^^^^^^^^^^^
  File "C:\Users\Евгения\Desktop\Projects_web\TeddysTale_with-BackEnd\venv\Lib\site-packages\django\db\backends\postgresql\base.py", line 473, in _set_autocommit
    with self.wrap_database_errors:
         ^^^^^^^^^^^^^^^^^^^^^^^^^
  File "C:\Users\Евгения\Desktop\Projects_web\TeddysTale_with-BackEnd\venv\Lib\site-packages\django\db\utils.py", line 91, in __exit__
    raise dj_exc_value.with_traceback(traceback) from exc_value
  File "C:\Users\Евгения\Desktop\Projects_web\TeddysTale_with-BackEnd\venv\Lib\site-packages\django\db\backends\postgresql\base.py", line 474, in _set_autocommit
    self.connection.autocommit = autocommit
    ^^^^^^^^^^^^^^^^^^^^^^^^^^
django.db.utils.InterfaceError: connection already closed
ERROR 2026-01-02 14:03:01,006 basehttp 19248 19340 "GET / HTTP/1.1" 500 109847
ERROR 2026-01-02 14:03:05,280 log 19248 14628 Internal Server Error: /
Traceback (most recent call last):
  File "C:\Users\Евгения\Desktop\Projects_web\TeddysTale_with-BackEnd\venv\Lib\site-packages\django\db\backends\postgresql\base.py", line 474, in _set_autocommit
    self.connection.autocommit = autocommit
    ^^^^^^^^^^^^^^^^^^^^^^^^^^
psycopg2.InterfaceError: connection already closed

The above exception was the direct cause of the following exception:

Traceback (most recent call last):
  File "C:\Users\Евгения\Desktop\Projects_web\TeddysTale_with-BackEnd\venv\Lib\site-packages\django\core\handlers\exception.py", line 55, in inner
    response = get_response(request)
  File "C:\Users\Евгения\Desktop\Projects_web\TeddysTale_with-BackEnd\venv\Lib\site-packages\django\utils\deprecation.py", line 122, in __call__
    response = self.process_response(request, response)
  File "C:\Users\Евгения\Desktop\Projects_web\TeddysTale_with-BackEnd\venv\Lib\site-packages\django\contrib\sessions\middleware.py", line 59, in process_response
    request.session.save()
    ~~~~~~~~~~~~~~~~~~~~^^
  File "C:\Users\Евгения\Desktop\Projects_web\TeddysTale_with-BackEnd\venv\Lib\site-packages\django\contrib\sessions\backends\db.py", line 126, in save
    with transaction.atomic(using=using):
         ~~~~~~~~~~~~~~~~~~^^^^^^^^^^^^^
  File "C:\Users\Евгения\Desktop\Projects_web\TeddysTale_with-BackEnd\venv\Lib\site-packages\django\db\transaction.py", line 216, in __enter__
    connection.set_autocommit(
    ~~~~~~~~~~~~~~~~~~~~~~~~~^
        False, force_begin_transaction_with_broken_autocommit=True
        ^^^^^^^^^^^^^^^^^^^^^^^^^^^^^^^^^^^^^^^^^^^^^^^^^^^^^^^^^^
    )
    ^
  File "C:\Users\Евгения\Desktop\Projects_web\TeddysTale_with-BackEnd\venv\Lib\site-packages\django\db\backends\base\base.py", line 487, in set_autocommit
    self._set_autocommit(autocommit)
    ~~~~~~~~~~~~~~~~~~~~^^^^^^^^^^^^
  File "C:\Users\Евгения\Desktop\Projects_web\TeddysTale_with-BackEnd\venv\Lib\site-packages\django\db\backends\postgresql\base.py", line 473, in _set_autocommit
    with self.wrap_database_errors:
         ^^^^^^^^^^^^^^^^^^^^^^^^^
  File "C:\Users\Евгения\Desktop\Projects_web\TeddysTale_with-BackEnd\venv\Lib\site-packages\django\db\utils.py", line 91, in __exit__
    raise dj_exc_value.with_traceback(traceback) from exc_value
  File "C:\Users\Евгения\Desktop\Projects_web\TeddysTale_with-BackEnd\venv\Lib\site-packages\django\db\backends\postgresql\base.py", line 474, in _set_autocommit
    self.connection.autocommit = autocommit
    ^^^^^^^^^^^^^^^^^^^^^^^^^^
django.db.utils.InterfaceError: connection already closed
ERROR 2026-01-02 14:03:05,289 basehttp 19248 14628 "GET / HTTP/1.1" 500 110111
ERROR 2026-01-02 14:03:17,234 log 19248 14572 Internal Server Error: /
Traceback (most recent call last):
  File "C:\Users\Евгения\Desktop\Projects_web\TeddysTale_with-BackEnd\venv\Lib\site-packages\django\db\backends\postgresql\base.py", line 474, in _set_autocommit
    self.connection.autocommit = autocommit
    ^^^^^^^^^^^^^^^^^^^^^^^^^^
psycopg2.InterfaceError: connection already closed

The above exception was the direct cause of the following exception:

Traceback (most recent call last):
  File "C:\Users\Евгения\Desktop\Projects_web\TeddysTale_with-BackEnd\venv\Lib\site-packages\django\core\handlers\exception.py", line 55, in inner
    response = get_response(request)
  File "C:\Users\Евгения\Desktop\Projects_web\TeddysTale_with-BackEnd\venv\Lib\site-packages\django\utils\deprecation.py", line 122, in __call__
    response = self.process_response(request, response)
  File "C:\Users\Евгения\Desktop\Projects_web\TeddysTale_with-BackEnd\venv\Lib\site-packages\django\contrib\sessions\middleware.py", line 59, in process_response
    request.session.save()
    ~~~~~~~~~~~~~~~~~~~~^^
  File "C:\Users\Евгения\Desktop\Projects_web\TeddysTale_with-BackEnd\venv\Lib\site-packages\django\contrib\sessions\backends\db.py", line 126, in save
    with transaction.atomic(using=using):
         ~~~~~~~~~~~~~~~~~~^^^^^^^^^^^^^
  File "C:\Users\Евгения\Desktop\Projects_web\TeddysTale_with-BackEnd\venv\Lib\site-packages\django\db\transaction.py", line 216, in __enter__
    connection.set_autocommit(
    ~~~~~~~~~~~~~~~~~~~~~~~~~^
        False, force_begin_transaction_with_broken_autocommit=True
        ^^^^^^^^^^^^^^^^^^^^^^^^^^^^^^^^^^^^^^^^^^^^^^^^^^^^^^^^^^
    )
    ^
  File "C:\Users\Евгения\Desktop\Projects_web\TeddysTale_with-BackEnd\venv\Lib\site-packages\django\db\backends\base\base.py", line 487, in set_autocommit
    self._set_autocommit(autocommit)
    ~~~~~~~~~~~~~~~~~~~~^^^^^^^^^^^^
  File "C:\Users\Евгения\Desktop\Projects_web\TeddysTale_with-BackEnd\venv\Lib\site-packages\django\db\backends\postgresql\base.py", line 473, in _set_autocommit
    with self.wrap_database_errors:
         ^^^^^^^^^^^^^^^^^^^^^^^^^
  File "C:\Users\Евгения\Desktop\Projects_web\TeddysTale_with-BackEnd\venv\Lib\site-packages\django\db\utils.py", line 91, in __exit__
    raise dj_exc_value.with_traceback(traceback) from exc_value
  File "C:\Users\Евгения\Desktop\Projects_web\TeddysTale_with-BackEnd\venv\Lib\site-packages\django\db\backends\postgresql\base.py", line 474, in _set_autocommit
    self.connection.autocommit = autocommit
    ^^^^^^^^^^^^^^^^^^^^^^^^^^
django.db.utils.InterfaceError: connection already closed
ERROR 2026-01-02 14:03:17,241 basehttp 19248 14572 "GET / HTTP/1.1" 500 109991
WARNING 2026-01-02 14:03:26,289 log 19248 6128 The request's session was deleted before the request completed. The user may have logged out in a concurrent request, for example.: /favicon.ico
Traceback (most recent call last):
  File "C:\Users\Евгения\Desktop\Projects_web\TeddysTale_with-BackEnd\venv\Lib\site-packages\django\db\backends\base\base.py", line 303, in _commit
    return self.connection.commit()
           ~~~~~~~~~~~~~~~~~~~~~~^^
psycopg2.OperationalError: server closed the connection unexpectedly
	This probably means the server terminated abnormally
	before or while processing the request.
server closed the connection unexpectedly
	This probably means the server terminated abnormally
	before or while processing the request.


The above exception was the direct cause of the following exception:

Traceback (most recent call last):
  File "C:\Users\Евгения\Desktop\Projects_web\TeddysTale_with-BackEnd\venv\Lib\site-packages\django\contrib\sessions\backends\db.py", line 126, in save
    with transaction.atomic(using=using):
         ~~~~~~~~~~~~~~~~~~^^^^^^^^^^^^^
  File "C:\Users\Евгения\Desktop\Projects_web\TeddysTale_with-BackEnd\venv\Lib\site-packages\django\db\transaction.py", line 263, in __exit__
    connection.commit()
    ~~~~~~~~~~~~~~~~~^^
  File "C:\Users\Евгения\Desktop\Projects_web\TeddysTale_with-BackEnd\venv\Lib\site-packages\django\utils\asyncio.py", line 26, in inner
    return func(*args, **kwargs)
  File "C:\Users\Евгения\Desktop\Projects_web\TeddysTale_with-BackEnd\venv\Lib\site-packages\django\db\backends\base\base.py", line 327, in commit
    self._commit()
    ~~~~~~~~~~~~^^
  File "C:\Users\Евгения\Desktop\Projects_web\TeddysTale_with-BackEnd\venv\Lib\site-packages\django\db\backends\base\base.py", line 302, in _commit
    with debug_transaction(self, "COMMIT"), self.wrap_database_errors:
                                            ^^^^^^^^^^^^^^^^^^^^^^^^^
  File "C:\Users\Евгения\Desktop\Projects_web\TeddysTale_with-BackEnd\venv\Lib\site-packages\django\db\utils.py", line 91, in __exit__
    raise dj_exc_value.with_traceback(traceback) from exc_value
  File "C:\Users\Евгения\Desktop\Projects_web\TeddysTale_with-BackEnd\venv\Lib\site-packages\django\db\backends\base\base.py", line 303, in _commit
    return self.connection.commit()
           ~~~~~~~~~~~~~~~~~~~~~~^^
django.db.utils.OperationalError: server closed the connection unexpectedly
	This probably means the server terminated abnormally
	before or while processing the request.
server closed the connection unexpectedly
	This probably means the server terminated abnormally
	before or while processing the request.


During handling of the above exception, another exception occurred:

Traceback (most recent call last):
  File "C:\Users\Евгения\Desktop\Projects_web\TeddysTale_with-BackEnd\venv\Lib\site-packages\django\contrib\sessions\middleware.py", line 59, in process_response
    request.session.save()
    ~~~~~~~~~~~~~~~~~~~~^^
  File "C:\Users\Евгения\Desktop\Projects_web\TeddysTale_with-BackEnd\venv\Lib\site-packages\django\contrib\sessions\backends\db.py", line 136, in save
    raise UpdateError
django.contrib.sessions.backends.base.UpdateError

During handling of the above exception, another exception occurred:

Traceback (most recent call last):
  File "C:\Users\Евгения\Desktop\Projects_web\TeddysTale_with-BackEnd\venv\Lib\site-packages\django\core\handlers\exception.py", line 55, in inner
    response = get_response(request)
  File "C:\Users\Евгения\Desktop\Projects_web\TeddysTale_with-BackEnd\venv\Lib\site-packages\django\utils\deprecation.py", line 122, in __call__
    response = self.process_response(request, response)
  File "C:\Users\Евгения\Desktop\Projects_web\TeddysTale_with-BackEnd\venv\Lib\site-packages\django\contrib\sessions\middleware.py", line 61, in process_response
    raise SessionInterrupted(
    ...<3 lines>...
    )
django.contrib.sessions.exceptions.SessionInterrupted: The request's session was deleted before the request completed. The user may have logged out in a concurrent request, for example.
WARNING 2026-01-02 14:03:26,295 basehttp 19248 6128 "GET /favicon.ico HTTP/1.1" 400 126854
ERROR 2026-01-02 14:04:51,881 log 19248 13760 Internal Server Error: /panel/logout/
Traceback (most recent call last):
  File "C:\Users\Евгения\Desktop\Projects_web\TeddysTale_with-BackEnd\venv\Lib\site-packages\django\db\backends\utils.py", line 105, in _execute
    return self.cursor.execute(sql, params)
           ~~~~~~~~~~~~~~~~~~~^^^^^^^^^^^^^
psycopg2.OperationalError: server closed the connection unexpectedly
	This probably means the server terminated abnormally
	before or while processing the request.
server closed the connection unexpectedly
	This probably means the server terminated abnormally
	before or while processing the request.


The above exception was the direct cause of the following exception:

Traceback (most recent call last):
  File "C:\Users\Евгения\Desktop\Projects_web\TeddysTale_with-BackEnd\venv\Lib\site-packages\django\core\handlers\exception.py", line 55, in inner
    response = get_response(request)
  File "C:\Users\Евгения\Desktop\Projects_web\TeddysTale_with-BackEnd\venv\Lib\site-packages\django\core\handlers\base.py", line 197, in _get_response
    response = wrapped_callback(request, *callback_args, **callback_kwargs)
  File "C:\Users\Евгения\Desktop\Projects_web\TeddysTale_with-BackEnd\venv\Lib\site-packages\django\contrib\admin\sites.py", line 265, in wrapper
    return self.admin_view(view, cacheable)(*args, **kwargs)
           ~~~~~~~~~~~~~~~~~~~~~~~~~~~~~~~~^^^^^^^^^^^^^^^^^
  File "C:\Users\Евгения\Desktop\Projects_web\TeddysTale_with-BackEnd\venv\Lib\site-packages\django\utils\decorators.py", line 192, in _view_wrapper
    result = _process_exception(request, e)
  File "C:\Users\Евгения\Desktop\Projects_web\TeddysTale_with-BackEnd\venv\Lib\site-packages\django\utils\decorators.py", line 190, in _view_wrapper
    response = view_func(request, *args, **kwargs)
  File "C:\Users\Евгения\Desktop\Projects_web\TeddysTale_with-BackEnd\venv\Lib\site-packages\django\views\decorators\cache.py", line 80, in _view_wrapper
    response = view_func(request, *args, **kwargs)
  File "C:\Users\Евгения\Desktop\Projects_web\TeddysTale_with-BackEnd\venv\Lib\site-packages\django\contrib\admin\sites.py", line 246, in inner
    return view(request, *args, **kwargs)
  File "C:\Users\Евгения\Desktop\Projects_web\TeddysTale_with-BackEnd\venv\Lib\site-packages\django\contrib\admin\sites.py", line 410, in logout
    return LogoutView.as_view(**defaults)(request)
           ~~~~~~~~~~~~~~~~~~~~~~~~~~~~~~^^^^^^^^^
  File "C:\Users\Евгения\Desktop\Projects_web\TeddysTale_with-BackEnd\venv\Lib\site-packages\django\views\generic\base.py", line 105, in view
    return self.dispatch(request, *args, **kwargs)
           ~~~~~~~~~~~~~^^^^^^^^^^^^^^^^^^^^^^^^^^
  File "C:\Users\Евгения\Desktop\Projects_web\TeddysTale_with-BackEnd\venv\Lib\site-packages\django\utils\decorators.py", line 48, in _wrapper
    return bound_method(*args, **kwargs)
  File "C:\Users\Евгения\Desktop\Projects_web\TeddysTale_with-BackEnd\venv\Lib\site-packages\django\utils\decorators.py", line 192, in _view_wrapper
    result = _process_exception(request, e)
  File "C:\Users\Евгения\Desktop\Projects_web\TeddysTale_with-BackEnd\venv\Lib\site-packages\django\utils\decorators.py", line 190, in _view_wrapper
    response = view_func(request, *args, **kwargs)
  File "C:\Users\Евгения\Desktop\Projects_web\TeddysTale_with-BackEnd\venv\Lib\site-packages\django\utils\decorators.py", line 48, in _wrapper
    return bound_method(*args, **kwargs)
  File "C:\Users\Евгения\Desktop\Projects_web\TeddysTale_with-BackEnd\venv\Lib\site-packages\django\views\decorators\cache.py", line 80, in _view_wrapper
    response = view_func(request, *args, **kwargs)
  File "C:\Users\Евгения\Desktop\Projects_web\TeddysTale_with-BackEnd\venv\Lib\site-packages\django\contrib\auth\views.py", line 137, in dispatch
    return super().dispatch(request, *args, **kwargs)
           ~~~~~~~~~~~~~~~~^^^^^^^^^^^^^^^^^^^^^^^^^^
  File "C:\Users\Евгения\Desktop\Projects_web\TeddysTale_with-BackEnd\venv\Lib\site-packages\django\views\generic\base.py", line 144, in dispatch
    return handler(request, *args, **kwargs)
  File "C:\Users\Евгения\Desktop\Projects_web\TeddysTale_with-BackEnd\venv\Lib\site-packages\django\contrib\auth\views.py", line 141, in post
    auth_logout(request)
    ~~~~~~~~~~~^^^^^^^^^
  File "C:\Users\Евгения\Desktop\Projects_web\TeddysTale_with-BackEnd\venv\Lib\site-packages\django\contrib\auth\__init__.py", line 254, in logout
    request.session.flush()
    ~~~~~~~~~~~~~~~~~~~~~^^
  File "C:\Users\Евгения\Desktop\Projects_web\TeddysTale_with-BackEnd\venv\Lib\site-packages\django\contrib\sessions\backends\base.py", line 418, in flush
    self.delete()
    ~~~~~~~~~~~^^
  File "C:\Users\Евгения\Desktop\Projects_web\TeddysTale_with-BackEnd\venv\Lib\site-packages\django\contrib\sessions\backends\db.py", line 175, in delete
    self.model.objects.get(session_key=session_key).delete()
    ~~~~~~~~~~~~~~~~~~~~~~~~~~~~~~~~~~~~~~~~~~~~~~~~~~~~~~^^
  File "C:\Users\Евгения\Desktop\Projects_web\TeddysTale_with-BackEnd\venv\Lib\site-packages\django\db\models\base.py", line 1281, in delete
    return collector.delete()
           ~~~~~~~~~~~~~~~~^^
  File "C:\Users\Евгения\Desktop\Projects_web\TeddysTale_with-BackEnd\venv\Lib\site-packages\django\db\models\deletion.py", line 448, in delete
    count = sql.DeleteQuery(model).delete_batch(
        [instance.pk], self.using
    )
  File "C:\Users\Евгения\Desktop\Projects_web\TeddysTale_with-BackEnd\venv\Lib\site-packages\django\db\models\sql\subqueries.py", line 42, in delete_batch
    num_deleted += self.do_query(
                   ~~~~~~~~~~~~~^
        self.get_meta().db_table, self.where, using=using
        ^^^^^^^^^^^^^^^^^^^^^^^^^^^^^^^^^^^^^^^^^^^^^^^^^
    )
    ^
  File "C:\Users\Евгения\Desktop\Projects_web\TeddysTale_with-BackEnd\venv\Lib\site-packages\django\db\models\sql\subqueries.py", line 24, in do_query
    return self.get_compiler(using).execute_sql(ROW_COUNT)
           ~~~~~~~~~~~~~~~~~~~~~~~~~~~~~~~~~~~~^^^^^^^^^^^
  File "C:\Users\Евгения\Desktop\Projects_web\TeddysTale_with-BackEnd\venv\Lib\site-packages\django\db\models\sql\compiler.py", line 1623, in execute_sql
    cursor.execute(sql, params)
    ~~~~~~~~~~~~~~^^^^^^^^^^^^^
  File "C:\Users\Евгения\Desktop\Projects_web\TeddysTale_with-BackEnd\venv\Lib\site-packages\django\db\backends\utils.py", line 122, in execute
    return super().execute(sql, params)
           ~~~~~~~~~~~~~~~^^^^^^^^^^^^^
  File "C:\Users\Евгения\Desktop\Projects_web\TeddysTale_with-BackEnd\venv\Lib\site-packages\django\db\backends\utils.py", line 79, in execute
    return self._execute_with_wrappers(
           ~~~~~~~~~~~~~~~~~~~~~~~~~~~^
        sql, params, many=False, executor=self._execute
        ^^^^^^^^^^^^^^^^^^^^^^^^^^^^^^^^^^^^^^^^^^^^^^^
    )
    ^
  File "C:\Users\Евгения\Desktop\Projects_web\TeddysTale_with-BackEnd\venv\Lib\site-packages\django\db\backends\utils.py", line 92, in _execute_with_wrappers
    return executor(sql, params, many, context)
  File "C:\Users\Евгения\Desktop\Projects_web\TeddysTale_with-BackEnd\venv\Lib\site-packages\django\db\backends\utils.py", line 100, in _execute
    with self.db.wrap_database_errors:
         ^^^^^^^^^^^^^^^^^^^^^^^^^^^^
  File "C:\Users\Евгения\Desktop\Projects_web\TeddysTale_with-BackEnd\venv\Lib\site-packages\django\db\utils.py", line 91, in __exit__
    raise dj_exc_value.with_traceback(traceback) from exc_value
  File "C:\Users\Евгения\Desktop\Projects_web\TeddysTale_with-BackEnd\venv\Lib\site-packages\django\db\backends\utils.py", line 105, in _execute
    return self.cursor.execute(sql, params)
           ~~~~~~~~~~~~~~~~~~~^^^^^^^^^^^^^
django.db.utils.OperationalError: server closed the connection unexpectedly
	This probably means the server terminated abnormally
	before or while processing the request.
server closed the connection unexpectedly
	This probably means the server terminated abnormally
	before or while processing the request.

ERROR 2026-01-02 14:04:51,896 basehttp 19248 13760 "POST /panel/logout/ HTTP/1.1" 500 221386
WARNING 2026-01-02 14:38:46,363 basehttp 1728 19012 "GET /static/fonts/Montserrat/Montserrat-VariableFont_wght.woff2 HTTP/1.1" 404 1967
WARNING 2026-01-02 14:38:46,425 basehttp 1728 6872 "GET /static/fonts/Lora/Lora.woff HTTP/1.1" 404 1874
WARNING 2026-01-02 14:38:46,457 basehttp 1728 15076 "GET /static/fonts/Lora/Lora.woff2 HTTP/1.1" 404 1877
WARNING 2026-01-02 14:38:46,491 basehttp 1728 3896 "GET /static/fonts/Montserrat/Montserrat-VariableFont_wght.woff HTTP/1.1" 404 1964
WARNING 2026-01-02 14:40:45,086 log 1728 1088 Not Found: /.well-known/appspecific/com.chrome.devtools.json
WARNING 2026-01-02 14:40:45,087 basehttp 1728 1088 "GET /.well-known/appspecific/com.chrome.devtools.json HTTP/1.1" 404 3312
WARNING 2026-01-02 14:41:43,451 basehttp 1728 13768 "GET /static/fonts/Montserrat/Montserrat-VariableFont_wght.woff2 HTTP/1.1" 404 1967
WARNING 2026-01-02 14:41:43,491 basehttp 1728 14836 "GET /static/fonts/Montserrat/Montserrat-VariableFont_wght.woff HTTP/1.1" 404 1964
WARNING 2026-01-02 14:41:43,547 basehttp 1728 7108 "GET /static/fonts/Lora/Lora.woff HTTP/1.1" 404 1874
WARNING 2026-01-02 14:41:43,620 basehttp 1728 18348 "GET /static/fonts/Lora/Lora.woff2 HTTP/1.1" 404 1877
WARNING 2026-01-02 14:41:45,148 log 1728 1532 Not Found: /.well-known/appspecific/com.chrome.devtools.json
WARNING 2026-01-02 14:41:46,501 basehttp 1728 1532 "GET /.well-known/appspecific/com.chrome.devtools.json HTTP/1.1" 404 3312
WARNING 2026-01-02 14:42:45,269 basehttp 1728 2756 "GET /static/fonts/Montserrat/Montserrat-VariableFont_wght.woff HTTP/1.1" 404 1964
WARNING 2026-01-02 14:42:45,300 basehttp 1728 7648 "GET /static/fonts/Montserrat/Montserrat-VariableFont_wght.woff2 HTTP/1.1" 404 1967
WARNING 2026-01-02 14:42:45,272 basehttp 1728 7132 "GET /static/fonts/Lora/Lora.woff HTTP/1.1" 404 1874
WARNING 2026-01-02 14:42:45,361 basehttp 1728 16220 "GET /static/fonts/Lora/Lora.woff2 HTTP/1.1" 404 1877
WARNING 2026-01-02 14:43:33,336 log 1728 11504 Not Found: /.well-known/appspecific/com.chrome.devtools.json
WARNING 2026-01-02 14:43:33,337 basehttp 1728 11504 "GET /.well-known/appspecific/com.chrome.devtools.json HTTP/1.1" 404 3312
WARNING 2026-01-02 14:50:42,066 basehttp 1728 7476 "GET /static/fonts/Montserrat/Montserrat-VariableFont_wght.woff2 HTTP/1.1" 404 1967
WARNING 2026-01-02 14:50:42,215 basehttp 1728 9328 "GET /static/fonts/Lora/Lora.woff HTTP/1.1" 404 1874
WARNING 2026-01-02 14:50:42,257 basehttp 1728 4552 "GET /static/fonts/Lora/Lora.woff2 HTTP/1.1" 404 1877
WARNING 2026-01-02 14:50:42,308 basehttp 1728 19000 "GET /static/fonts/Montserrat/Montserrat-VariableFont_wght.woff HTTP/1.1" 404 1964
WARNING 2026-01-02 14:50:43,105 log 1728 9848 Not Found: /.well-known/appspecific/com.chrome.devtools.json
WARNING 2026-01-02 14:50:43,108 basehttp 1728 9848 "GET /.well-known/appspecific/com.chrome.devtools.json HTTP/1.1" 404 3312
WARNING 2026-01-02 14:59:40,756 basehttp 1728 18872 "GET /static/fonts/Montserrat/Montserrat-VariableFont_wght.woff2 HTTP/1.1" 404 1967
WARNING 2026-01-02 14:59:40,817 basehttp 1728 17708 "GET /static/fonts/Montserrat/Montserrat-VariableFont_wght.woff HTTP/1.1" 404 1964
WARNING 2026-01-02 14:59:40,837 basehttp 1728 20004 "GET /static/fonts/Lora/Lora.woff2 HTTP/1.1" 404 1877
WARNING 2026-01-02 14:59:40,898 basehttp 1728 17960 "GET /static/fonts/Lora/Lora.woff HTTP/1.1" 404 1874
WARNING 2026-01-02 14:59:55,931 log 1728 3396 Not Found: /.well-known/appspecific/com.chrome.devtools.json
WARNING 2026-01-02 14:59:55,932 basehttp 1728 3396 "GET /.well-known/appspecific/com.chrome.devtools.json HTTP/1.1" 404 3312
WARNING 2026-01-02 15:00:36,164 basehttp 1728 15756 "GET /static/fonts/Montserrat/Montserrat-VariableFont_wght.woff2 HTTP/1.1" 404 1967
WARNING 2026-01-02 15:00:36,254 basehttp 1728 8108 "GET /static/fonts/Montserrat/Montserrat-VariableFont_wght.woff HTTP/1.1" 404 1964
WARNING 2026-01-02 15:00:36,334 basehttp 1728 9776 "GET /static/fonts/Lora/Lora.woff2 HTTP/1.1" 404 1877
WARNING 2026-01-02 15:00:36,369 basehttp 1728 18404 "GET /static/fonts/Lora/Lora.woff HTTP/1.1" 404 1874
WARNING 2026-01-02 15:00:37,804 log 1728 13524 Not Found: /.well-known/appspecific/com.chrome.devtools.json
WARNING 2026-01-02 15:00:37,820 basehttp 1728 13524 "GET /.well-known/appspecific/com.chrome.devtools.json HTTP/1.1" 404 3312
WARNING 2026-01-02 15:02:44,729 basehttp 1728 4932 "GET /static/fonts/Montserrat/Montserrat-VariableFont_wght.woff2 HTTP/1.1" 404 1967
WARNING 2026-01-02 15:02:44,920 basehttp 1728 19960 "GET /static/fonts/Montserrat/Montserrat-VariableFont_wght.woff HTTP/1.1" 404 1964
WARNING 2026-01-02 15:02:45,024 basehttp 1728 12164 "GET /static/fonts/Lora/Lora.woff HTTP/1.1" 404 1874
WARNING 2026-01-02 15:02:44,996 basehttp 1728 6128 "GET /static/fonts/Lora/Lora.woff2 HTTP/1.1" 404 1877
WARNING 2026-01-02 15:02:45,778 log 1728 9592 Not Found: /.well-known/appspecific/com.chrome.devtools.json
WARNING 2026-01-02 15:02:45,818 basehttp 1728 9592 "GET /.well-known/appspecific/com.chrome.devtools.json HTTP/1.1" 404 3312
WARNING 2026-01-02 15:03:21,704 basehttp 1728 16700 "GET /static/fonts/Montserrat/Montserrat-VariableFont_wght.woff2 HTTP/1.1" 404 1967
WARNING 2026-01-02 15:03:21,790 basehttp 1728 19644 "GET /static/fonts/Lora/Lora.woff HTTP/1.1" 404 1874
WARNING 2026-01-02 15:03:21,810 basehttp 1728 14180 "GET /static/fonts/Lora/Lora.woff2 HTTP/1.1" 404 1877
WARNING 2026-01-02 15:03:21,878 basehttp 1728 9884 "GET /static/fonts/Montserrat/Montserrat-VariableFont_wght.woff HTTP/1.1" 404 1964
WARNING 2026-01-02 15:03:39,783 basehttp 1728 15092 "GET /static/fonts/Montserrat/Montserrat-VariableFont_wght.woff2 HTTP/1.1" 404 1967
WARNING 2026-01-02 15:03:39,806 basehttp 1728 9088 "GET /static/fonts/Montserrat/Montserrat-VariableFont_wght.woff HTTP/1.1" 404 1964
WARNING 2026-01-02 15:03:39,819 basehttp 1728 19528 "GET /static/fonts/Lora/Lora.woff2 HTTP/1.1" 404 1877
WARNING 2026-01-02 15:03:39,839 basehttp 1728 19364 "GET /static/fonts/Lora/Lora.woff HTTP/1.1" 404 1874
WARNING 2026-01-02 15:04:25,922 basehttp 1728 18976 "GET /static/fonts/Montserrat/Montserrat-VariableFont_wght.woff2 HTTP/1.1" 404 1967
WARNING 2026-01-02 15:04:25,927 basehttp 1728 15372 "GET /static/fonts/Montserrat/Montserrat-VariableFont_wght.woff HTTP/1.1" 404 1964
WARNING 2026-01-02 15:04:25,956 basehttp 1728 9144 "GET /static/fonts/Lora/Lora.woff2 HTTP/1.1" 404 1877
WARNING 2026-01-02 15:04:25,982 basehttp 1728 18920 "GET /static/fonts/Lora/Lora.woff HTTP/1.1" 404 1874
WARNING 2026-01-02 15:04:58,708 basehttp 1728 15944 "GET /static/fonts/Montserrat/Montserrat-VariableFont_wght.woff2 HTTP/1.1" 404 1967
WARNING 2026-01-02 15:04:58,742 basehttp 1728 11032 "GET /static/fonts/Montserrat/Montserrat-VariableFont_wght.woff HTTP/1.1" 404 1964
WARNING 2026-01-02 15:04:58,749 basehttp 1728 6936 "GET /static/fonts/Lora/Lora.woff2 HTTP/1.1" 404 1877
WARNING 2026-01-02 15:04:58,782 basehttp 1728 14556 "GET /static/fonts/Lora/Lora.woff HTTP/1.1" 404 1874
WARNING 2026-01-02 15:05:50,324 basehttp 1352 15340 "GET /static/fonts/Montserrat/Montserrat-VariableFont_wght.woff2 HTTP/1.1" 404 1967
WARNING 2026-01-02 15:05:50,359 basehttp 1352 11136 "GET /static/fonts/Montserrat/Montserrat-VariableFont_wght.woff HTTP/1.1" 404 1964
WARNING 2026-01-02 15:05:50,394 basehttp 1352 7376 "GET /static/fonts/Lora/Lora.woff2 HTTP/1.1" 404 1877
WARNING 2026-01-02 15:05:50,397 basehttp 1352 11864 "GET /static/fonts/Lora/Lora.woff HTTP/1.1" 404 1874
WARNING 2026-01-02 15:13:17,228 basehttp 1352 17976 "GET /static/fonts/Montserrat/Montserrat-VariableFont_wght.woff2 HTTP/1.1" 404 1967
WARNING 2026-01-02 15:13:17,274 basehttp 1352 14388 "GET /static/fonts/Montserrat/Montserrat-VariableFont_wght.woff HTTP/1.1" 404 1964
WARNING 2026-01-02 15:13:17,286 basehttp 1352 14380 "GET /static/fonts/Lora/Lora.woff HTTP/1.1" 404 1874
WARNING 2026-01-02 15:13:17,285 basehttp 1352 14724 "GET /static/fonts/Lora/Lora.woff2 HTTP/1.1" 404 1877
WARNING 2026-01-02 15:13:59,738 basehttp 1352 17992 "GET /static/fonts/Montserrat/Montserrat-VariableFont_wght.woff2 HTTP/1.1" 404 1967
WARNING 2026-01-02 15:13:59,763 basehttp 1352 13748 "GET /static/fonts/Lora/Lora.woff2 HTTP/1.1" 404 1877
WARNING 2026-01-02 15:13:59,786 basehttp 1352 18632 "GET /static/fonts/Montserrat/Montserrat-VariableFont_wght.woff HTTP/1.1" 404 1964
WARNING 2026-01-02 15:13:59,807 basehttp 1352 13800 "GET /static/fonts/Lora/Lora.woff HTTP/1.1" 404 1874
WARNING 2026-01-02 15:14:21,571 basehttp 1352 12416 "GET /static/fonts/Montserrat/Montserrat-VariableFont_wght.woff2 HTTP/1.1" 404 1967
WARNING 2026-01-02 15:14:21,624 basehttp 1352 19352 "GET /static/fonts/Lora/Lora.woff HTTP/1.1" 404 1874
WARNING 2026-01-02 15:14:21,641 basehttp 1352 108 "GET /static/fonts/Montserrat/Montserrat-VariableFont_wght.woff HTTP/1.1" 404 1964
WARNING 2026-01-02 15:14:21,644 basehttp 1352 8636 "GET /static/fonts/Lora/Lora.woff2 HTTP/1.1" 404 1877
WARNING 2026-01-02 15:16:06,394 basehttp 1352 4496 "GET /static/fonts/Montserrat/Montserrat-VariableFont_wght.woff2 HTTP/1.1" 404 1967
WARNING 2026-01-02 15:16:06,426 basehttp 1352 8508 "GET /static/fonts/Montserrat/Montserrat-VariableFont_wght.woff HTTP/1.1" 404 1964
WARNING 2026-01-02 15:16:06,452 basehttp 1352 14756 "GET /static/fonts/Lora/Lora.woff2 HTTP/1.1" 404 1877
WARNING 2026-01-02 15:16:06,475 basehttp 1352 9268 "GET /static/fonts/Lora/Lora.woff HTTP/1.1" 404 1874
WARNING 2026-01-02 15:16:42,046 basehttp 1352 11652 "GET /static/fonts/Montserrat/Montserrat-VariableFont_wght.woff2 HTTP/1.1" 404 1967
WARNING 2026-01-02 15:16:42,078 basehttp 1352 13900 "GET /static/fonts/Montserrat/Montserrat-VariableFont_wght.woff HTTP/1.1" 404 1964
WARNING 2026-01-02 15:16:42,132 basehttp 1352 1384 "GET /static/fonts/Lora/Lora.woff2 HTTP/1.1" 404 1877
WARNING 2026-01-02 15:16:42,132 basehttp 1352 12520 "GET /static/fonts/Lora/Lora.woff HTTP/1.1" 404 1874
WARNING 2026-01-02 15:17:31,183 basehttp 1352 15996 "GET /static/fonts/Montserrat/Montserrat-VariableFont_wght.woff2 HTTP/1.1" 404 1967
WARNING 2026-01-02 15:17:31,200 basehttp 1352 20336 "GET /static/fonts/Lora/Lora.woff2 HTTP/1.1" 404 1877
WARNING 2026-01-02 15:17:31,209 basehttp 1352 15156 "GET /static/fonts/Lora/Lora.woff HTTP/1.1" 404 1874
WARNING 2026-01-02 15:17:31,225 basehttp 1352 10492 "GET /static/fonts/Montserrat/Montserrat-VariableFont_wght.woff HTTP/1.1" 404 1964
WARNING 2026-01-02 15:18:31,999 basehttp 1352 19276 "GET /static/fonts/Montserrat/Montserrat-VariableFont_wght.woff2 HTTP/1.1" 404 1967
WARNING 2026-01-02 15:18:32,104 basehttp 1352 4260 "GET /static/fonts/Lora/Lora.woff HTTP/1.1" 404 1874
WARNING 2026-01-02 15:18:32,138 basehttp 1352 14600 "GET /static/fonts/Lora/Lora.woff2 HTTP/1.1" 404 1877
WARNING 2026-01-02 15:18:32,239 basehttp 1352 15968 "GET /static/fonts/Montserrat/Montserrat-VariableFont_wght.woff HTTP/1.1" 404 1964
WARNING 2026-01-02 15:19:06,085 basehttp 1352 14104 "GET /static/fonts/Montserrat/Montserrat-VariableFont_wght.woff HTTP/1.1" 404 1964
WARNING 2026-01-02 15:19:06,084 basehttp 1352 15708 "GET /static/fonts/Montserrat/Montserrat-VariableFont_wght.woff2 HTTP/1.1" 404 1967
WARNING 2026-01-02 15:19:06,087 basehttp 1352 19760 "GET /static/fonts/Lora/Lora.woff2 HTTP/1.1" 404 1877
WARNING 2026-01-02 15:19:06,106 basehttp 1352 20300 "GET /static/fonts/Lora/Lora.woff HTTP/1.1" 404 1874
WARNING 2026-01-02 15:19:30,118 basehttp 1352 2728 "GET /static/fonts/Montserrat/Montserrat-VariableFont_wght.woff2 HTTP/1.1" 404 1967
WARNING 2026-01-02 15:19:30,148 basehttp 1352 4604 "GET /static/fonts/Lora/Lora.woff HTTP/1.1" 404 1874
WARNING 2026-01-02 15:19:30,172 basehttp 1352 10720 "GET /static/fonts/Lora/Lora.woff2 HTTP/1.1" 404 1877
WARNING 2026-01-02 15:19:30,173 basehttp 1352 6972 "GET /static/fonts/Montserrat/Montserrat-VariableFont_wght.woff HTTP/1.1" 404 1964
WARNING 2026-01-02 15:20:10,651 basehttp 1352 15768 "GET /static/fonts/Montserrat/Montserrat-VariableFont_wght.woff2 HTTP/1.1" 404 1967
WARNING 2026-01-02 15:20:10,691 basehttp 1352 13308 "GET /static/fonts/Lora/Lora.woff2 HTTP/1.1" 404 1877
WARNING 2026-01-02 15:20:10,691 basehttp 1352 16560 "GET /static/fonts/Montserrat/Montserrat-VariableFont_wght.woff HTTP/1.1" 404 1964
WARNING 2026-01-02 15:20:10,722 basehttp 1352 12668 "GET /static/fonts/Lora/Lora.woff HTTP/1.1" 404 1874
WARNING 2026-01-02 15:20:22,890 log 1352 10492 Not Found: /.well-known/appspecific/com.chrome.devtools.json
WARNING 2026-01-02 15:20:22,891 basehttp 1352 10492 "GET /.well-known/appspecific/com.chrome.devtools.json HTTP/1.1" 404 3312
WARNING 2026-01-02 15:21:04,371 basehttp 1352 16276 "GET /static/fonts/Montserrat/Montserrat-VariableFont_wght.woff2 HTTP/1.1" 404 1967
WARNING 2026-01-02 15:21:04,464 basehttp 1352 18468 "GET /static/fonts/Montserrat/Montserrat-VariableFont_wght.woff HTTP/1.1" 404 1964
WARNING 2026-01-02 15:21:04,520 basehttp 1352 17508 "GET /static/fonts/Lora/Lora.woff2 HTTP/1.1" 404 1877
WARNING 2026-01-02 15:21:04,592 basehttp 1352 19464 "GET /static/fonts/Lora/Lora.woff HTTP/1.1" 404 1874
WARNING 2026-01-02 15:21:05,001 log 1352 18108 Not Found: /.well-known/appspecific/com.chrome.devtools.json
WARNING 2026-01-02 15:21:05,004 basehttp 1352 18108 "GET /.well-known/appspecific/com.chrome.devtools.json HTTP/1.1" 404 3312
WARNING 2026-01-02 15:22:24,686 basehttp 1352 17404 "GET /static/fonts/Montserrat/Montserrat-VariableFont_wght.woff2 HTTP/1.1" 404 1967
WARNING 2026-01-02 15:22:24,705 basehttp 1352 18400 "GET /static/fonts/Montserrat/Montserrat-VariableFont_wght.woff HTTP/1.1" 404 1964
WARNING 2026-01-02 15:22:24,749 basehttp 1352 4448 "GET /static/fonts/Lora/Lora.woff2 HTTP/1.1" 404 1877
WARNING 2026-01-02 15:22:24,753 basehttp 1352 8096 "GET /static/fonts/Lora/Lora.woff HTTP/1.1" 404 1874
WARNING 2026-01-02 15:22:50,960 basehttp 1352 18296 "GET /static/fonts/Montserrat/Montserrat-VariableFont_wght.woff2 HTTP/1.1" 404 1967
WARNING 2026-01-02 15:22:50,960 basehttp 1352 14892 "GET /static/fonts/Lora/Lora.woff2 HTTP/1.1" 404 1877
WARNING 2026-01-02 15:22:50,961 basehttp 1352 14472 "GET /static/fonts/Montserrat/Montserrat-VariableFont_wght.woff HTTP/1.1" 404 1964
WARNING 2026-01-02 15:22:51,038 basehttp 1352 16500 "GET /static/fonts/Lora/Lora.woff HTTP/1.1" 404 1874
WARNING 2026-01-02 15:28:50,007 basehttp 1352 15108 "GET /static/fonts/Montserrat/Montserrat-VariableFont_wght.woff2 HTTP/1.1" 404 1967
WARNING 2026-01-02 15:28:50,080 basehttp 1352 12416 "GET /static/fonts/Montserrat/Montserrat-VariableFont_wght.woff HTTP/1.1" 404 1964
WARNING 2026-01-02 15:28:50,081 basehttp 1352 19352 "GET /static/fonts/Lora/Lora.woff2 HTTP/1.1" 404 1877
WARNING 2026-01-02 15:28:50,096 basehttp 1352 20184 "GET /static/fonts/Lora/Lora.woff HTTP/1.1" 404 1874
WARNING 2026-01-02 15:29:46,554 basehttp 1352 17208 "GET /static/fonts/Montserrat/Montserrat-VariableFont_wght.woff2 HTTP/1.1" 404 1967
WARNING 2026-01-02 15:29:46,569 basehttp 1352 9088 "GET /static/fonts/Montserrat/Montserrat-VariableFont_wght.woff HTTP/1.1" 404 1964
WARNING 2026-01-02 15:29:46,588 basehttp 1352 18664 "GET /static/fonts/Lora/Lora.woff2 HTTP/1.1" 404 1877
WARNING 2026-01-02 15:29:46,614 basehttp 1352 16332 "GET /static/fonts/Lora/Lora.woff HTTP/1.1" 404 1874
WARNING 2026-01-02 15:30:48,987 basehttp 1352 9716 "GET /static/fonts/Montserrat/Montserrat-VariableFont_wght.woff2 HTTP/1.1" 404 1967
WARNING 2026-01-02 15:30:49,005 basehttp 1352 4600 "GET /static/fonts/Montserrat/Montserrat-VariableFont_wght.woff HTTP/1.1" 404 1964
WARNING 2026-01-02 15:30:49,022 basehttp 1352 2584 "GET /static/fonts/Lora/Lora.woff2 HTTP/1.1" 404 1877
WARNING 2026-01-02 15:30:49,037 basehttp 1352 13216 "GET /static/fonts/Lora/Lora.woff HTTP/1.1" 404 1874
WARNING 2026-01-02 15:31:15,331 basehttp 1352 18076 "GET /static/fonts/Lora/Lora.woff2 HTTP/1.1" 404 1877
WARNING 2026-01-02 15:31:15,331 basehttp 1352 9408 "GET /static/fonts/Montserrat/Montserrat-VariableFont_wght.woff HTTP/1.1" 404 1964
WARNING 2026-01-02 15:31:15,346 basehttp 1352 17152 "GET /static/fonts/Montserrat/Montserrat-VariableFont_wght.woff2 HTTP/1.1" 404 1967
WARNING 2026-01-02 15:31:15,393 basehttp 1352 8832 "GET /static/fonts/Lora/Lora.woff HTTP/1.1" 404 1874
WARNING 2026-01-02 15:31:51,440 basehttp 1352 16852 "GET /static/fonts/Lora/Lora.woff HTTP/1.1" 404 1874
WARNING 2026-01-02 15:31:51,460 basehttp 1352 5492 "GET /static/fonts/Lora/Lora.woff2 HTTP/1.1" 404 1877
WARNING 2026-01-02 15:31:51,488 basehttp 1352 16440 "GET /static/fonts/Montserrat/Montserrat-VariableFont_wght.woff HTTP/1.1" 404 1964
WARNING 2026-01-02 15:31:51,508 basehttp 1352 15164 "GET /static/fonts/Montserrat/Montserrat-VariableFont_wght.woff2 HTTP/1.1" 404 1967
WARNING 2026-01-02 15:32:22,289 middleware 1352 11032 Ошибка при проверке соединения: connection to server at "aws-1-eu-west-1.pooler.supabase.com" (18.202.64.2), port 5432 failed: FATAL:  MaxClientsInSessionMode: max clients reached - in Session mode max clients are limited to pool_size

WARNING 2026-01-02 15:32:23,087 basehttp 1352 11044 "GET /static/fonts/Montserrat/Montserrat-VariableFont_wght.woff2 HTTP/1.1" 404 1967
WARNING 2026-01-02 15:32:23,144 basehttp 1352 16180 "GET /static/fonts/Lora/Lora.woff2 HTTP/1.1" 404 1877
WARNING 2026-01-02 15:32:23,145 basehttp 1352 13108 "GET /static/fonts/Montserrat/Montserrat-VariableFont_wght.woff HTTP/1.1" 404 1964
WARNING 2026-01-02 15:32:23,161 basehttp 1352 6128 "GET /static/fonts/Lora/Lora.woff HTTP/1.1" 404 1874
WARNING 2026-01-02 15:32:51,192 middleware 1352 10988 Ошибка при проверке соединения: connection to server at "aws-1-eu-west-1.pooler.supabase.com" (54.247.26.119), port 5432 failed: FATAL:  MaxClientsInSessionMode: max clients reached - in Session mode max clients are limited to pool_size

WARNING 2026-01-02 15:32:52,118 basehttp 1352 17248 "GET /static/fonts/Montserrat/Montserrat-VariableFont_wght.woff2 HTTP/1.1" 404 1967
WARNING 2026-01-02 15:32:52,185 basehttp 1352 18780 "GET /static/fonts/Montserrat/Montserrat-VariableFont_wght.woff HTTP/1.1" 404 1964
WARNING 2026-01-02 15:32:52,186 basehttp 1352 16280 "GET /static/fonts/Lora/Lora.woff2 HTTP/1.1" 404 1877
WARNING 2026-01-02 15:32:52,211 basehttp 1352 18632 "GET /static/fonts/Lora/Lora.woff HTTP/1.1" 404 1874
WARNING 2026-01-02 15:33:29,338 middleware 1352 16428 Ошибка при проверке соединения: connection to server at "aws-1-eu-west-1.pooler.supabase.com" (54.247.26.119), port 5432 failed: FATAL:  MaxClientsInSessionMode: max clients reached - in Session mode max clients are limited to pool_size

WARNING 2026-01-02 15:33:29,369 log 1352 16428 Not Found: /.well-known/appspecific/com.chrome.devtools.json
WARNING 2026-01-02 15:33:29,370 basehttp 1352 16428 "GET /.well-known/appspecific/com.chrome.devtools.json HTTP/1.1" 404 3312
WARNING 2026-01-02 15:37:54,239 basehttp 1352 1640 "GET /static/fonts/Montserrat/Montserrat-VariableFont_wght.woff2 HTTP/1.1" 404 1967
WARNING 2026-01-02 15:37:54,306 basehttp 1352 3704 "GET /static/fonts/Montserrat/Montserrat-VariableFont_wght.woff HTTP/1.1" 404 1964
WARNING 2026-01-02 15:37:54,327 basehttp 1352 1600 "GET /static/fonts/Lora/Lora.woff2 HTTP/1.1" 404 1877
WARNING 2026-01-02 15:37:54,384 basehttp 1352 5480 "GET /static/fonts/Lora/Lora.woff HTTP/1.1" 404 1874
WARNING 2026-01-02 15:37:54,502 log 1352 9084 Not Found: /.well-known/appspecific/com.chrome.devtools.json
WARNING 2026-01-02 15:37:54,974 basehttp 1352 9084 "GET /.well-known/appspecific/com.chrome.devtools.json HTTP/1.1" 404 3312
WARNING 2026-01-02 15:37:55,411 middleware 1352 17200 Ошибка при проверке соединения: connection to server at "aws-1-eu-west-1.pooler.supabase.com" (54.247.26.119), port 5432 failed: FATAL:  Max client connections reached

WARNING 2026-01-02 15:37:55,431 middleware 1352 18368 Ошибка при проверке соединения: connection to server at "aws-1-eu-west-1.pooler.supabase.com" (54.247.26.119), port 5432 failed: FATAL:  MaxClientsInSessionMode: max clients reached - in Session mode max clients are limited to pool_size

WARNING 2026-01-02 15:37:55,456 middleware 1352 19416 Ошибка при проверке соединения: connection to server at "aws-1-eu-west-1.pooler.supabase.com" (54.247.26.119), port 5432 failed: FATAL:  MaxClientsInSessionMode: max clients reached - in Session mode max clients are limited to pool_size

WARNING 2026-01-02 15:37:55,525 middleware 1352 12092 Ошибка при проверке соединения: connection to server at "aws-1-eu-west-1.pooler.supabase.com" (54.247.26.119), port 5432 failed: FATAL:  MaxClientsInSessionMode: max clients reached - in Session mode max clients are limited to pool_size

WARNING 2026-01-02 15:45:49,238 log 1352 19388 Not Found: /.well-known/appspecific/com.chrome.devtools.json
WARNING 2026-01-02 15:45:49,239 basehttp 1352 19388 "GET /.well-known/appspecific/com.chrome.devtools.json HTTP/1.1" 404 3312
WARNING 2026-01-02 15:48:55,128 log 1352 19720 Not Found: /TeddysTale/assets/fonts/Montserrat/Montserrat-VariableFont_wght.woff2
WARNING 2026-01-02 15:48:55,129 basehttp 1352 19720 "GET /TeddysTale/assets/fonts/Montserrat/Montserrat-VariableFont_wght.woff2 HTTP/1.1" 404 3375
WARNING 2026-01-02 15:48:55,433 log 1352 13524 Not Found: /TeddysTale/assets/fonts/Lora/Lora-Italic.woff2
WARNING 2026-01-02 15:48:55,434 basehttp 1352 13524 "GET /TeddysTale/assets/fonts/Lora/Lora-Italic.woff2 HTTP/1.1" 404 3306
WARNING 2026-01-02 15:48:55,486 log 1352 18576 Not Found: /TeddysTale/assets/fonts/Lora/Lora.woff2
WARNING 2026-01-02 15:48:55,487 basehttp 1352 18576 "GET /TeddysTale/assets/fonts/Lora/Lora.woff2 HTTP/1.1" 404 3285
WARNING 2026-01-02 15:48:55,541 log 1352 19720 Not Found: /TeddysTale/assets/fonts/Montserrat/Montserrat-VariableFont_wght.woff
WARNING 2026-01-02 15:48:55,543 basehttp 1352 19720 "GET /TeddysTale/assets/fonts/Montserrat/Montserrat-VariableFont_wght.woff HTTP/1.1" 404 3372
WARNING 2026-01-02 15:48:55,766 log 1352 13524 Not Found: /TeddysTale/assets/fonts/Lora/Lora-Italic.woff
WARNING 2026-01-02 15:48:55,768 basehttp 1352 13524 "GET /TeddysTale/assets/fonts/Lora/Lora-Italic.woff HTTP/1.1" 404 3303
WARNING 2026-01-02 15:48:55,818 log 1352 18576 Not Found: /TeddysTale/assets/fonts/Lora/Lora.woff
WARNING 2026-01-02 15:48:55,819 basehttp 1352 18576 "GET /TeddysTale/assets/fonts/Lora/Lora.woff HTTP/1.1" 404 3282
WARNING 2026-01-02 15:49:01,757 log 1352 18576 Not Found: /TeddysTale/assets/fonts/Montserrat/Montserrat-VariableFont_wght.woff2
WARNING 2026-01-02 15:49:01,758 basehttp 1352 18576 "GET /TeddysTale/assets/fonts/Montserrat/Montserrat-VariableFont_wght.woff2 HTTP/1.1" 404 3375
WARNING 2026-01-02 15:49:01,814 log 1352 13524 Not Found: /TeddysTale/assets/fonts/Lora/Lora-Italic.woff2
WARNING 2026-01-02 15:49:01,815 basehttp 1352 13524 "GET /TeddysTale/assets/fonts/Lora/Lora-Italic.woff2 HTTP/1.1" 404 3306
WARNING 2026-01-02 15:49:01,879 log 1352 19720 Not Found: /TeddysTale/assets/fonts/Lora/Lora.woff2
WARNING 2026-01-02 15:49:01,880 basehttp 1352 19720 "GET /TeddysTale/assets/fonts/Lora/Lora.woff2 HTTP/1.1" 404 3285
WARNING 2026-01-02 15:49:02,156 log 1352 13524 Not Found: /TeddysTale/assets/fonts/Montserrat/Montserrat-VariableFont_wght.woff
WARNING 2026-01-02 15:49:02,158 basehttp 1352 13524 "GET /TeddysTale/assets/fonts/Montserrat/Montserrat-VariableFont_wght.woff HTTP/1.1" 404 3372
WARNING 2026-01-02 15:49:02,232 log 1352 19720 Not Found: /TeddysTale/assets/fonts/Lora/Lora-Italic.woff
WARNING 2026-01-02 15:49:02,233 basehttp 1352 19720 "GET /TeddysTale/assets/fonts/Lora/Lora-Italic.woff HTTP/1.1" 404 3303
WARNING 2026-01-02 15:49:02,298 log 1352 12700 Not Found: /TeddysTale/assets/fonts/Lora/Lora.woff
WARNING 2026-01-02 15:49:02,299 basehttp 1352 12700 "GET /TeddysTale/assets/fonts/Lora/Lora.woff HTTP/1.1" 404 3282
WARNING 2026-01-02 15:49:28,754 log 1352 16732 Not Found: /admin-custom/ajax/update-section/contacts/
WARNING 2026-01-02 15:49:28,757 basehttp 1352 16732 "POST /admin-custom/ajax/update-section/contacts/ HTTP/1.1" 404 135
WARNING 2026-01-02 15:50:31,380 log 1352 16732 Not Found: /.well-known/appspecific/com.chrome.devtools.json
WARNING 2026-01-02 15:50:31,382 basehttp 1352 16732 "GET /.well-known/appspecific/com.chrome.devtools.json HTTP/1.1" 404 3312
ERROR 2026-01-02 16:19:33,579 log 2244 16352 Internal Server Error: /
Traceback (most recent call last):
  File "C:\Users\Евгения\Desktop\Projects_web\TeddysTale_with-BackEnd\venv\Lib\site-packages\django\db\backends\postgresql\base.py", line 474, in _set_autocommit
    self.connection.autocommit = autocommit
    ^^^^^^^^^^^^^^^^^^^^^^^^^^
psycopg2.InterfaceError: connection already closed

The above exception was the direct cause of the following exception:

Traceback (most recent call last):
  File "C:\Users\Евгения\Desktop\Projects_web\TeddysTale_with-BackEnd\venv\Lib\site-packages\django\core\handlers\exception.py", line 55, in inner
    response = get_response(request)
  File "C:\Users\Евгения\Desktop\Projects_web\TeddysTale_with-BackEnd\venv\Lib\site-packages\django\utils\deprecation.py", line 122, in __call__
    response = self.process_response(request, response)
  File "C:\Users\Евгения\Desktop\Projects_web\TeddysTale_with-BackEnd\venv\Lib\site-packages\django\contrib\sessions\middleware.py", line 59, in process_response
    request.session.save()
    ~~~~~~~~~~~~~~~~~~~~^^
  File "C:\Users\Евгения\Desktop\Projects_web\TeddysTale_with-BackEnd\venv\Lib\site-packages\django\contrib\sessions\backends\db.py", line 126, in save
    with transaction.atomic(using=using):
         ~~~~~~~~~~~~~~~~~~^^^^^^^^^^^^^
  File "C:\Users\Евгения\Desktop\Projects_web\TeddysTale_with-BackEnd\venv\Lib\site-packages\django\db\transaction.py", line 216, in __enter__
    connection.set_autocommit(
    ~~~~~~~~~~~~~~~~~~~~~~~~~^
        False, force_begin_transaction_with_broken_autocommit=True
        ^^^^^^^^^^^^^^^^^^^^^^^^^^^^^^^^^^^^^^^^^^^^^^^^^^^^^^^^^^
    )
    ^
  File "C:\Users\Евгения\Desktop\Projects_web\TeddysTale_with-BackEnd\venv\Lib\site-packages\django\db\backends\base\base.py", line 487, in set_autocommit
    self._set_autocommit(autocommit)
    ~~~~~~~~~~~~~~~~~~~~^^^^^^^^^^^^
  File "C:\Users\Евгения\Desktop\Projects_web\TeddysTale_with-BackEnd\venv\Lib\site-packages\django\db\backends\postgresql\base.py", line 473, in _set_autocommit
    with self.wrap_database_errors:
         ^^^^^^^^^^^^^^^^^^^^^^^^^
  File "C:\Users\Евгения\Desktop\Projects_web\TeddysTale_with-BackEnd\venv\Lib\site-packages\django\db\utils.py", line 91, in __exit__
    raise dj_exc_value.with_traceback(traceback) from exc_value
  File "C:\Users\Евгения\Desktop\Projects_web\TeddysTale_with-BackEnd\venv\Lib\site-packages\django\db\backends\postgresql\base.py", line 474, in _set_autocommit
    self.connection.autocommit = autocommit
    ^^^^^^^^^^^^^^^^^^^^^^^^^^
django.db.utils.InterfaceError: connection already closed
ERROR 2026-01-02 16:19:33,585 basehttp 2244 16352 "GET / HTTP/1.1" 500 110269
WARNING 2026-01-02 16:19:54,503 log 2244 6216 The request's session was deleted before the request completed. The user may have logged out in a concurrent request, for example.: /favicon.ico
Traceback (most recent call last):
  File "C:\Users\Евгения\Desktop\Projects_web\TeddysTale_with-BackEnd\venv\Lib\site-packages\django\db\backends\base\base.py", line 303, in _commit
    return self.connection.commit()
           ~~~~~~~~~~~~~~~~~~~~~~^^
psycopg2.OperationalError: server closed the connection unexpectedly
	This probably means the server terminated abnormally
	before or while processing the request.
server closed the connection unexpectedly
	This probably means the server terminated abnormally
	before or while processing the request.


The above exception was the direct cause of the following exception:

Traceback (most recent call last):
  File "C:\Users\Евгения\Desktop\Projects_web\TeddysTale_with-BackEnd\venv\Lib\site-packages\django\contrib\sessions\backends\db.py", line 126, in save
    with transaction.atomic(using=using):
         ~~~~~~~~~~~~~~~~~~^^^^^^^^^^^^^
  File "C:\Users\Евгения\Desktop\Projects_web\TeddysTale_with-BackEnd\venv\Lib\site-packages\django\db\transaction.py", line 263, in __exit__
    connection.commit()
    ~~~~~~~~~~~~~~~~~^^
  File "C:\Users\Евгения\Desktop\Projects_web\TeddysTale_with-BackEnd\venv\Lib\site-packages\django\utils\asyncio.py", line 26, in inner
    return func(*args, **kwargs)
  File "C:\Users\Евгения\Desktop\Projects_web\TeddysTale_with-BackEnd\venv\Lib\site-packages\django\db\backends\base\base.py", line 327, in commit
    self._commit()
    ~~~~~~~~~~~~^^
  File "C:\Users\Евгения\Desktop\Projects_web\TeddysTale_with-BackEnd\venv\Lib\site-packages\django\db\backends\base\base.py", line 302, in _commit
    with debug_transaction(self, "COMMIT"), self.wrap_database_errors:
                                            ^^^^^^^^^^^^^^^^^^^^^^^^^
  File "C:\Users\Евгения\Desktop\Projects_web\TeddysTale_with-BackEnd\venv\Lib\site-packages\django\db\utils.py", line 91, in __exit__
    raise dj_exc_value.with_traceback(traceback) from exc_value
  File "C:\Users\Евгения\Desktop\Projects_web\TeddysTale_with-BackEnd\venv\Lib\site-packages\django\db\backends\base\base.py", line 303, in _commit
    return self.connection.commit()
           ~~~~~~~~~~~~~~~~~~~~~~^^
django.db.utils.OperationalError: server closed the connection unexpectedly
	This probably means the server terminated abnormally
	before or while processing the request.
server closed the connection unexpectedly
	This probably means the server terminated abnormally
	before or while processing the request.


During handling of the above exception, another exception occurred:

Traceback (most recent call last):
  File "C:\Users\Евгения\Desktop\Projects_web\TeddysTale_with-BackEnd\venv\Lib\site-packages\django\contrib\sessions\middleware.py", line 59, in process_response
    request.session.save()
    ~~~~~~~~~~~~~~~~~~~~^^
  File "C:\Users\Евгения\Desktop\Projects_web\TeddysTale_with-BackEnd\venv\Lib\site-packages\django\contrib\sessions\backends\db.py", line 136, in save
    raise UpdateError
django.contrib.sessions.backends.base.UpdateError

During handling of the above exception, another exception occurred:

Traceback (most recent call last):
  File "C:\Users\Евгения\Desktop\Projects_web\TeddysTale_with-BackEnd\venv\Lib\site-packages\django\core\handlers\exception.py", line 55, in inner
    response = get_response(request)
  File "C:\Users\Евгения\Desktop\Projects_web\TeddysTale_with-BackEnd\venv\Lib\site-packages\django\utils\deprecation.py", line 122, in __call__
    response = self.process_response(request, response)
  File "C:\Users\Евгения\Desktop\Projects_web\TeddysTale_with-BackEnd\venv\Lib\site-packages\django\contrib\sessions\middleware.py", line 61, in process_response
    raise SessionInterrupted(
    ...<3 lines>...
    )
django.contrib.sessions.exceptions.SessionInterrupted: The request's session was deleted before the request completed. The user may have logged out in a concurrent request, for example.
WARNING 2026-01-02 16:19:54,512 basehttp 2244 6216 "GET /favicon.ico HTTP/1.1" 400 127011
ERROR 2026-01-02 16:19:58,349 log 2244 19080 Internal Server Error: /
Traceback (most recent call last):
  File "C:\Users\Евгения\Desktop\Projects_web\TeddysTale_with-BackEnd\venv\Lib\site-packages\django\db\backends\postgresql\base.py", line 474, in _set_autocommit
    self.connection.autocommit = autocommit
    ^^^^^^^^^^^^^^^^^^^^^^^^^^
psycopg2.InterfaceError: connection already closed

The above exception was the direct cause of the following exception:

Traceback (most recent call last):
  File "C:\Users\Евгения\Desktop\Projects_web\TeddysTale_with-BackEnd\venv\Lib\site-packages\django\core\handlers\exception.py", line 55, in inner
    response = get_response(request)
  File "C:\Users\Евгения\Desktop\Projects_web\TeddysTale_with-BackEnd\venv\Lib\site-packages\django\utils\deprecation.py", line 122, in __call__
    response = self.process_response(request, response)
  File "C:\Users\Евгения\Desktop\Projects_web\TeddysTale_with-BackEnd\venv\Lib\site-packages\django\contrib\sessions\middleware.py", line 59, in process_response
    request.session.save()
    ~~~~~~~~~~~~~~~~~~~~^^
  File "C:\Users\Евгения\Desktop\Projects_web\TeddysTale_with-BackEnd\venv\Lib\site-packages\django\contrib\sessions\backends\db.py", line 126, in save
    with transaction.atomic(using=using):
         ~~~~~~~~~~~~~~~~~~^^^^^^^^^^^^^
  File "C:\Users\Евгения\Desktop\Projects_web\TeddysTale_with-BackEnd\venv\Lib\site-packages\django\db\transaction.py", line 216, in __enter__
    connection.set_autocommit(
    ~~~~~~~~~~~~~~~~~~~~~~~~~^
        False, force_begin_transaction_with_broken_autocommit=True
        ^^^^^^^^^^^^^^^^^^^^^^^^^^^^^^^^^^^^^^^^^^^^^^^^^^^^^^^^^^
    )
    ^
  File "C:\Users\Евгения\Desktop\Projects_web\TeddysTale_with-BackEnd\venv\Lib\site-packages\django\db\backends\base\base.py", line 487, in set_autocommit
    self._set_autocommit(autocommit)
    ~~~~~~~~~~~~~~~~~~~~^^^^^^^^^^^^
  File "C:\Users\Евгения\Desktop\Projects_web\TeddysTale_with-BackEnd\venv\Lib\site-packages\django\db\backends\postgresql\base.py", line 473, in _set_autocommit
    with self.wrap_database_errors:
         ^^^^^^^^^^^^^^^^^^^^^^^^^
  File "C:\Users\Евгения\Desktop\Projects_web\TeddysTale_with-BackEnd\venv\Lib\site-packages\django\db\utils.py", line 91, in __exit__
    raise dj_exc_value.with_traceback(traceback) from exc_value
  File "C:\Users\Евгения\Desktop\Projects_web\TeddysTale_with-BackEnd\venv\Lib\site-packages\django\db\backends\postgresql\base.py", line 474, in _set_autocommit
    self.connection.autocommit = autocommit
    ^^^^^^^^^^^^^^^^^^^^^^^^^^
django.db.utils.InterfaceError: connection already closed
ERROR 2026-01-02 16:19:58,357 basehttp 2244 19080 "GET / HTTP/1.1" 500 110405
WARNING 2026-01-02 16:19:59,284 log 2244 17648 Not Found: /favicon.ico
WARNING 2026-01-02 16:19:59,287 basehttp 2244 17648 "GET /favicon.ico HTTP/1.1" 404 3201
WARNING 2026-01-02 16:20:09,783 basehttp 2244 11024 "GET /static/fonts/Montserrat/Montserrat-VariableFont_wght.woff2 HTTP/1.1" 404 1967
WARNING 2026-01-02 16:20:09,802 basehttp 2244 16304 "GET /static/fonts/Montserrat/Montserrat-VariableFont_wght.woff HTTP/1.1" 404 1964
WARNING 2026-01-02 16:20:09,878 basehttp 2244 14972 "GET /static/fonts/Lora/Lora.woff2 HTTP/1.1" 404 1877
WARNING 2026-01-02 16:20:09,891 basehttp 2244 9924 "GET /static/fonts/Lora/Lora.woff HTTP/1.1" 404 1874
WARNING 2026-01-02 16:20:26,492 log 2244 19632 Not Found: /TeddysTale/assets/fonts/Lora/Lora-Italic.woff2
WARNING 2026-01-02 16:20:26,494 basehttp 2244 19632 "GET /TeddysTale/assets/fonts/Lora/Lora-Italic.woff2 HTTP/1.1" 404 3306
WARNING 2026-01-02 16:20:26,830 log 2244 11048 Not Found: /TeddysTale/assets/fonts/Lora/Lora.woff2
WARNING 2026-01-02 16:20:26,832 basehttp 2244 11048 "GET /TeddysTale/assets/fonts/Lora/Lora.woff2 HTTP/1.1" 404 3285
WARNING 2026-01-02 16:20:26,881 log 2244 19632 Not Found: /TeddysTale/assets/fonts/Lora/Lora-Italic.woff
WARNING 2026-01-02 16:20:26,882 basehttp 2244 19632 "GET /TeddysTale/assets/fonts/Lora/Lora-Italic.woff HTTP/1.1" 404 3303
WARNING 2026-01-02 16:20:26,932 log 2244 17516 Not Found: /TeddysTale/assets/fonts/Montserrat/Montserrat-VariableFont_wght.woff2
WARNING 2026-01-02 16:20:26,933 basehttp 2244 17516 "GET /TeddysTale/assets/fonts/Montserrat/Montserrat-VariableFont_wght.woff2 HTTP/1.1" 404 3375
WARNING 2026-01-02 16:20:27,160 log 2244 11048 Not Found: /TeddysTale/assets/fonts/Lora/Lora.woff
WARNING 2026-01-02 16:20:27,161 basehttp 2244 11048 "GET /TeddysTale/assets/fonts/Lora/Lora.woff HTTP/1.1" 404 3282
WARNING 2026-01-02 16:20:27,240 log 2244 17516 Not Found: /TeddysTale/assets/fonts/Montserrat/Montserrat-VariableFont_wght.woff
WARNING 2026-01-02 16:20:27,241 basehttp 2244 17516 "GET /TeddysTale/assets/fonts/Montserrat/Montserrat-VariableFont_wght.woff HTTP/1.1" 404 3372
WARNING 2026-01-02 16:20:40,817 log 2244 15332 Not Found: /admin-custom/ajax/update-section/contacts/
WARNING 2026-01-02 16:20:40,820 basehttp 2244 15332 "POST /admin-custom/ajax/update-section/contacts/ HTTP/1.1" 404 135
WARNING 2026-01-02 16:22:39,024 log 2244 20012 The request's session was deleted before the request completed. The user may have logged out in a concurrent request, for example.: /panel/jsi18n/
Traceback (most recent call last):
  File "C:\Users\Евгения\Desktop\Projects_web\TeddysTale_with-BackEnd\venv\Lib\site-packages\django\db\backends\utils.py", line 105, in _execute
    return self.cursor.execute(sql, params)
           ~~~~~~~~~~~~~~~~~~~^^^^^^^^^^^^^
psycopg2.OperationalError: server closed the connection unexpectedly
	This probably means the server terminated abnormally
	before or while processing the request.
server closed the connection unexpectedly
	This probably means the server terminated abnormally
	before or while processing the request.


The above exception was the direct cause of the following exception:

Traceback (most recent call last):
  File "C:\Users\Евгения\Desktop\Projects_web\TeddysTale_with-BackEnd\venv\Lib\site-packages\django\contrib\sessions\backends\db.py", line 127, in save
    obj.save(
    ~~~~~~~~^
        force_insert=must_create, force_update=not must_create, using=using
        ^^^^^^^^^^^^^^^^^^^^^^^^^^^^^^^^^^^^^^^^^^^^^^^^^^^^^^^^^^^^^^^^^^^
    )
    ^
  File "C:\Users\Евгения\Desktop\Projects_web\TeddysTale_with-BackEnd\venv\Lib\site-packages\django\db\models\base.py", line 902, in save
    self.save_base(
    ~~~~~~~~~~~~~~^
        using=using,
        ^^^^^^^^^^^^
    ...<2 lines>...
        update_fields=update_fields,
        ^^^^^^^^^^^^^^^^^^^^^^^^^^^^
    )
    ^
  File "C:\Users\Евгения\Desktop\Projects_web\TeddysTale_with-BackEnd\venv\Lib\site-packages\django\db\models\base.py", line 1008, in save_base
    updated = self._save_table(
        raw,
    ...<4 lines>...
        update_fields,
    )
  File "C:\Users\Евгения\Desktop\Projects_web\TeddysTale_with-BackEnd\venv\Lib\site-packages\django\db\models\base.py", line 1138, in _save_table
    updated = self._do_update(
        base_qs, using, pk_val, values, update_fields, forced_update
    )
  File "C:\Users\Евгения\Desktop\Projects_web\TeddysTale_with-BackEnd\venv\Lib\site-packages\django\db\models\base.py", line 1203, in _do_update
    return filtered._update(values) > 0
           ~~~~~~~~~~~~~~~~^^^^^^^^
  File "C:\Users\Евгения\Desktop\Projects_web\TeddysTale_with-BackEnd\venv\Lib\site-packages\django\db\models\query.py", line 1288, in _update
    return query.get_compiler(self.db).execute_sql(ROW_COUNT)
           ~~~~~~~~~~~~~~~~~~~~~~~~~~~~~~~~~~~~~~~^^^^^^^^^^^
  File "C:\Users\Евгения\Desktop\Projects_web\TeddysTale_with-BackEnd\venv\Lib\site-packages\django\db\models\sql\compiler.py", line 2060, in execute_sql
    row_count = super().execute_sql(result_type)
  File "C:\Users\Евгения\Desktop\Projects_web\TeddysTale_with-BackEnd\venv\Lib\site-packages\django\db\models\sql\compiler.py", line 1623, in execute_sql
    cursor.execute(sql, params)
    ~~~~~~~~~~~~~~^^^^^^^^^^^^^
  File "C:\Users\Евгения\Desktop\Projects_web\TeddysTale_with-BackEnd\venv\Lib\site-packages\django\db\backends\utils.py", line 122, in execute
    return super().execute(sql, params)
           ~~~~~~~~~~~~~~~^^^^^^^^^^^^^
  File "C:\Users\Евгения\Desktop\Projects_web\TeddysTale_with-BackEnd\venv\Lib\site-packages\django\db\backends\utils.py", line 79, in execute
    return self._execute_with_wrappers(
           ~~~~~~~~~~~~~~~~~~~~~~~~~~~^
        sql, params, many=False, executor=self._execute
        ^^^^^^^^^^^^^^^^^^^^^^^^^^^^^^^^^^^^^^^^^^^^^^^
    )
    ^
  File "C:\Users\Евгения\Desktop\Projects_web\TeddysTale_with-BackEnd\venv\Lib\site-packages\django\db\backends\utils.py", line 92, in _execute_with_wrappers
    return executor(sql, params, many, context)
  File "C:\Users\Евгения\Desktop\Projects_web\TeddysTale_with-BackEnd\venv\Lib\site-packages\django\db\backends\utils.py", line 100, in _execute
    with self.db.wrap_database_errors:
         ^^^^^^^^^^^^^^^^^^^^^^^^^^^^
  File "C:\Users\Евгения\Desktop\Projects_web\TeddysTale_with-BackEnd\venv\Lib\site-packages\django\db\utils.py", line 91, in __exit__
    raise dj_exc_value.with_traceback(traceback) from exc_value
  File "C:\Users\Евгения\Desktop\Projects_web\TeddysTale_with-BackEnd\venv\Lib\site-packages\django\db\backends\utils.py", line 105, in _execute
    return self.cursor.execute(sql, params)
           ~~~~~~~~~~~~~~~~~~~^^^^^^^^^^^^^
django.db.utils.OperationalError: server closed the connection unexpectedly
	This probably means the server terminated abnormally
	before or while processing the request.
server closed the connection unexpectedly
	This probably means the server terminated abnormally
	before or while processing the request.


During handling of the above exception, another exception occurred:

Traceback (most recent call last):
  File "C:\Users\Евгения\Desktop\Projects_web\TeddysTale_with-BackEnd\venv\Lib\site-packages\django\contrib\sessions\middleware.py", line 59, in process_response
    request.session.save()
    ~~~~~~~~~~~~~~~~~~~~^^
  File "C:\Users\Евгения\Desktop\Projects_web\TeddysTale_with-BackEnd\venv\Lib\site-packages\django\contrib\sessions\backends\db.py", line 136, in save
    raise UpdateError
django.contrib.sessions.backends.base.UpdateError

During handling of the above exception, another exception occurred:

Traceback (most recent call last):
  File "C:\Users\Евгения\Desktop\Projects_web\TeddysTale_with-BackEnd\venv\Lib\site-packages\django\core\handlers\exception.py", line 55, in inner
    response = get_response(request)
  File "C:\Users\Евгения\Desktop\Projects_web\TeddysTale_with-BackEnd\venv\Lib\site-packages\django\utils\deprecation.py", line 122, in __call__
    response = self.process_response(request, response)
  File "C:\Users\Евгения\Desktop\Projects_web\TeddysTale_with-BackEnd\venv\Lib\site-packages\django\contrib\sessions\middleware.py", line 61, in process_response
    raise SessionInterrupted(
    ...<3 lines>...
    )
django.contrib.sessions.exceptions.SessionInterrupted: The request's session was deleted before the request completed. The user may have logged out in a concurrent request, for example.
WARNING 2026-01-02 16:22:39,036 basehttp 2244 20012 "GET /panel/jsi18n/ HTTP/1.1" 400 172491
ERROR 2026-01-02 16:23:04,724 log 2244 20128 Internal Server Error: /panel/teddy_admin/sectioncontent/
Traceback (most recent call last):
  File "C:\Users\Евгения\Desktop\Projects_web\TeddysTale_with-BackEnd\venv\Lib\site-packages\django\db\backends\utils.py", line 105, in _execute
    return self.cursor.execute(sql, params)
           ~~~~~~~~~~~~~~~~~~~^^^^^^^^^^^^^
psycopg2.OperationalError: server closed the connection unexpectedly
	This probably means the server terminated abnormally
	before or while processing the request.
server closed the connection unexpectedly
	This probably means the server terminated abnormally
	before or while processing the request.


The above exception was the direct cause of the following exception:

Traceback (most recent call last):
  File "C:\Users\Евгения\Desktop\Projects_web\TeddysTale_with-BackEnd\venv\Lib\site-packages\django\core\handlers\exception.py", line 55, in inner
    response = get_response(request)
  File "C:\Users\Евгения\Desktop\Projects_web\TeddysTale_with-BackEnd\venv\Lib\site-packages\django\core\handlers\base.py", line 197, in _get_response
    response = wrapped_callback(request, *callback_args, **callback_kwargs)
  File "C:\Users\Евгения\Desktop\Projects_web\TeddysTale_with-BackEnd\venv\Lib\site-packages\django\contrib\admin\options.py", line 719, in wrapper
    return self.admin_site.admin_view(view)(*args, **kwargs)
           ~~~~~~~~~~~~~~~~~~~~~~~~~~~~~~~~^^^^^^^^^^^^^^^^^
  File "C:\Users\Евгения\Desktop\Projects_web\TeddysTale_with-BackEnd\venv\Lib\site-packages\django\utils\decorators.py", line 192, in _view_wrapper
    result = _process_exception(request, e)
  File "C:\Users\Евгения\Desktop\Projects_web\TeddysTale_with-BackEnd\venv\Lib\site-packages\django\utils\decorators.py", line 190, in _view_wrapper
    response = view_func(request, *args, **kwargs)
  File "C:\Users\Евгения\Desktop\Projects_web\TeddysTale_with-BackEnd\venv\Lib\site-packages\django\views\decorators\cache.py", line 80, in _view_wrapper
    response = view_func(request, *args, **kwargs)
  File "C:\Users\Евгения\Desktop\Projects_web\TeddysTale_with-BackEnd\venv\Lib\site-packages\django\contrib\admin\sites.py", line 246, in inner
    return view(request, *args, **kwargs)
  File "C:\Users\Евгения\Desktop\Projects_web\TeddysTale_with-BackEnd\venv\Lib\site-packages\django\utils\decorators.py", line 48, in _wrapper
    return bound_method(*args, **kwargs)
  File "C:\Users\Евгения\Desktop\Projects_web\TeddysTale_with-BackEnd\venv\Lib\site-packages\django\utils\decorators.py", line 192, in _view_wrapper
    result = _process_exception(request, e)
  File "C:\Users\Евгения\Desktop\Projects_web\TeddysTale_with-BackEnd\venv\Lib\site-packages\django\utils\decorators.py", line 190, in _view_wrapper
    response = view_func(request, *args, **kwargs)
  File "C:\Users\Евгения\Desktop\Projects_web\TeddysTale_with-BackEnd\venv\Lib\site-packages\django\contrib\admin\options.py", line 2024, in changelist_view
    cl = self.get_changelist_instance(request)
  File "C:\Users\Евгения\Desktop\Projects_web\TeddysTale_with-BackEnd\venv\Lib\site-packages\django\contrib\admin\options.py", line 867, in get_changelist_instance
    return ChangeList(
        request,
    ...<12 lines>...
        self.search_help_text,
    )
  File "C:\Users\Евгения\Desktop\Projects_web\TeddysTale_with-BackEnd\venv\Lib\site-packages\django\contrib\admin\views\main.py", line 146, in __init__
    self.get_results(request)
    ~~~~~~~~~~~~~~~~^^^^^^^^^
  File "C:\Users\Евгения\Desktop\Projects_web\TeddysTale_with-BackEnd\venv\Lib\site-packages\django\contrib\admin\views\main.py", line 313, in get_results
    result_count = paginator.count
                   ^^^^^^^^^^^^^^^
  File "C:\Users\Евгения\Desktop\Projects_web\TeddysTale_with-BackEnd\venv\Lib\site-packages\django\utils\functional.py", line 47, in __get__
    res = instance.__dict__[self.name] = self.func(instance)
                                         ~~~~~~~~~^^^^^^^^^^
  File "C:\Users\Евгения\Desktop\Projects_web\TeddysTale_with-BackEnd\venv\Lib\site-packages\django\core\paginator.py", line 110, in count
    return c()
  File "C:\Users\Евгения\Desktop\Projects_web\TeddysTale_with-BackEnd\venv\Lib\site-packages\django\db\models\query.py", line 606, in count
    return self.query.get_count(using=self.db)
           ~~~~~~~~~~~~~~~~~~~~^^^^^^^^^^^^^^^
  File "C:\Users\Евгения\Desktop\Projects_web\TeddysTale_with-BackEnd\venv\Lib\site-packages\django\db\models\sql\query.py", line 644, in get_count
    return obj.get_aggregation(using, {"__count": Count("*")})["__count"]
           ~~~~~~~~~~~~~~~~~~~^^^^^^^^^^^^^^^^^^^^^^^^^^^^^^^^
  File "C:\Users\Евгения\Desktop\Projects_web\TeddysTale_with-BackEnd\venv\Lib\site-packages\django\db\models\sql\query.py", line 626, in get_aggregation
    result = compiler.execute_sql(SINGLE)
  File "C:\Users\Евгения\Desktop\Projects_web\TeddysTale_with-BackEnd\venv\Lib\site-packages\django\db\models\sql\compiler.py", line 1623, in execute_sql
    cursor.execute(sql, params)
    ~~~~~~~~~~~~~~^^^^^^^^^^^^^
  File "C:\Users\Евгения\Desktop\Projects_web\TeddysTale_with-BackEnd\venv\Lib\site-packages\django\db\backends\utils.py", line 122, in execute
    return super().execute(sql, params)
           ~~~~~~~~~~~~~~~^^^^^^^^^^^^^
  File "C:\Users\Евгения\Desktop\Projects_web\TeddysTale_with-BackEnd\venv\Lib\site-packages\django\db\backends\utils.py", line 79, in execute
    return self._execute_with_wrappers(
           ~~~~~~~~~~~~~~~~~~~~~~~~~~~^
        sql, params, many=False, executor=self._execute
        ^^^^^^^^^^^^^^^^^^^^^^^^^^^^^^^^^^^^^^^^^^^^^^^
    )
    ^
  File "C:\Users\Евгения\Desktop\Projects_web\TeddysTale_with-BackEnd\venv\Lib\site-packages\django\db\backends\utils.py", line 92, in _execute_with_wrappers
    return executor(sql, params, many, context)
  File "C:\Users\Евгения\Desktop\Projects_web\TeddysTale_with-BackEnd\venv\Lib\site-packages\django\db\backends\utils.py", line 100, in _execute
    with self.db.wrap_database_errors:
         ^^^^^^^^^^^^^^^^^^^^^^^^^^^^
  File "C:\Users\Евгения\Desktop\Projects_web\TeddysTale_with-BackEnd\venv\Lib\site-packages\django\db\utils.py", line 91, in __exit__
    raise dj_exc_value.with_traceback(traceback) from exc_value
  File "C:\Users\Евгения\Desktop\Projects_web\TeddysTale_with-BackEnd\venv\Lib\site-packages\django\db\backends\utils.py", line 105, in _execute
    return self.cursor.execute(sql, params)
           ~~~~~~~~~~~~~~~~~~~^^^^^^^^^^^^^
django.db.utils.OperationalError: server closed the connection unexpectedly
	This probably means the server terminated abnormally
	before or while processing the request.
server closed the connection unexpectedly
	This probably means the server terminated abnormally
	before or while processing the request.

ERROR 2026-01-02 16:23:04,739 basehttp 2244 20128 "GET /panel/teddy_admin/sectioncontent/ HTTP/1.1" 500 203408
WARNING 2026-01-02 16:24:32,400 log 2244 16096 The request's session was deleted before the request completed. The user may have logged out in a concurrent request, for example.: /panel/teddy_admin/pagesection/
Traceback (most recent call last):
  File "C:\Users\Евгения\Desktop\Projects_web\TeddysTale_with-BackEnd\venv\Lib\site-packages\django\db\backends\utils.py", line 105, in _execute
    return self.cursor.execute(sql, params)
           ~~~~~~~~~~~~~~~~~~~^^^^^^^^^^^^^
psycopg2.errors.QueryCanceled: canceling statement due to statement timeout
CONTEXT:  while updating tuple (0,32) in relation "django_session"


The above exception was the direct cause of the following exception:

Traceback (most recent call last):
  File "C:\Users\Евгения\Desktop\Projects_web\TeddysTale_with-BackEnd\venv\Lib\site-packages\django\contrib\sessions\backends\db.py", line 127, in save
    obj.save(
    ~~~~~~~~^
        force_insert=must_create, force_update=not must_create, using=using
        ^^^^^^^^^^^^^^^^^^^^^^^^^^^^^^^^^^^^^^^^^^^^^^^^^^^^^^^^^^^^^^^^^^^
    )
    ^
  File "C:\Users\Евгения\Desktop\Projects_web\TeddysTale_with-BackEnd\venv\Lib\site-packages\django\db\models\base.py", line 902, in save
    self.save_base(
    ~~~~~~~~~~~~~~^
        using=using,
        ^^^^^^^^^^^^
    ...<2 lines>...
        update_fields=update_fields,
        ^^^^^^^^^^^^^^^^^^^^^^^^^^^^
    )
    ^
  File "C:\Users\Евгения\Desktop\Projects_web\TeddysTale_with-BackEnd\venv\Lib\site-packages\django\db\models\base.py", line 1008, in save_base
    updated = self._save_table(
        raw,
    ...<4 lines>...
        update_fields,
    )
  File "C:\Users\Евгения\Desktop\Projects_web\TeddysTale_with-BackEnd\venv\Lib\site-packages\django\db\models\base.py", line 1138, in _save_table
    updated = self._do_update(
        base_qs, using, pk_val, values, update_fields, forced_update
    )
  File "C:\Users\Евгения\Desktop\Projects_web\TeddysTale_with-BackEnd\venv\Lib\site-packages\django\db\models\base.py", line 1203, in _do_update
    return filtered._update(values) > 0
           ~~~~~~~~~~~~~~~~^^^^^^^^
  File "C:\Users\Евгения\Desktop\Projects_web\TeddysTale_with-BackEnd\venv\Lib\site-packages\django\db\models\query.py", line 1288, in _update
    return query.get_compiler(self.db).execute_sql(ROW_COUNT)
           ~~~~~~~~~~~~~~~~~~~~~~~~~~~~~~~~~~~~~~~^^^^^^^^^^^
  File "C:\Users\Евгения\Desktop\Projects_web\TeddysTale_with-BackEnd\venv\Lib\site-packages\django\db\models\sql\compiler.py", line 2060, in execute_sql
    row_count = super().execute_sql(result_type)
  File "C:\Users\Евгения\Desktop\Projects_web\TeddysTale_with-BackEnd\venv\Lib\site-packages\django\db\models\sql\compiler.py", line 1623, in execute_sql
    cursor.execute(sql, params)
    ~~~~~~~~~~~~~~^^^^^^^^^^^^^
  File "C:\Users\Евгения\Desktop\Projects_web\TeddysTale_with-BackEnd\venv\Lib\site-packages\django\db\backends\utils.py", line 122, in execute
    return super().execute(sql, params)
           ~~~~~~~~~~~~~~~^^^^^^^^^^^^^
  File "C:\Users\Евгения\Desktop\Projects_web\TeddysTale_with-BackEnd\venv\Lib\site-packages\django\db\backends\utils.py", line 79, in execute
    return self._execute_with_wrappers(
           ~~~~~~~~~~~~~~~~~~~~~~~~~~~^
        sql, params, many=False, executor=self._execute
        ^^^^^^^^^^^^^^^^^^^^^^^^^^^^^^^^^^^^^^^^^^^^^^^
    )
    ^
  File "C:\Users\Евгения\Desktop\Projects_web\TeddysTale_with-BackEnd\venv\Lib\site-packages\django\db\backends\utils.py", line 92, in _execute_with_wrappers
    return executor(sql, params, many, context)
  File "C:\Users\Евгения\Desktop\Projects_web\TeddysTale_with-BackEnd\venv\Lib\site-packages\django\db\backends\utils.py", line 100, in _execute
    with self.db.wrap_database_errors:
         ^^^^^^^^^^^^^^^^^^^^^^^^^^^^
  File "C:\Users\Евгения\Desktop\Projects_web\TeddysTale_with-BackEnd\venv\Lib\site-packages\django\db\utils.py", line 91, in __exit__
    raise dj_exc_value.with_traceback(traceback) from exc_value
  File "C:\Users\Евгения\Desktop\Projects_web\TeddysTale_with-BackEnd\venv\Lib\site-packages\django\db\backends\utils.py", line 105, in _execute
    return self.cursor.execute(sql, params)
           ~~~~~~~~~~~~~~~~~~~^^^^^^^^^^^^^
django.db.utils.OperationalError: canceling statement due to statement timeout
CONTEXT:  while updating tuple (0,32) in relation "django_session"


During handling of the above exception, another exception occurred:

Traceback (most recent call last):
  File "C:\Users\Евгения\Desktop\Projects_web\TeddysTale_with-BackEnd\venv\Lib\site-packages\django\contrib\sessions\middleware.py", line 59, in process_response
    request.session.save()
    ~~~~~~~~~~~~~~~~~~~~^^
  File "C:\Users\Евгения\Desktop\Projects_web\TeddysTale_with-BackEnd\venv\Lib\site-packages\django\contrib\sessions\backends\db.py", line 136, in save
    raise UpdateError
django.contrib.sessions.backends.base.UpdateError

During handling of the above exception, another exception occurred:

Traceback (most recent call last):
  File "C:\Users\Евгения\Desktop\Projects_web\TeddysTale_with-BackEnd\venv\Lib\site-packages\django\core\handlers\exception.py", line 55, in inner
    response = get_response(request)
  File "C:\Users\Евгения\Desktop\Projects_web\TeddysTale_with-BackEnd\venv\Lib\site-packages\django\utils\deprecation.py", line 122, in __call__
    response = self.process_response(request, response)
  File "C:\Users\Евгения\Desktop\Projects_web\TeddysTale_with-BackEnd\venv\Lib\site-packages\django\contrib\sessions\middleware.py", line 61, in process_response
    raise SessionInterrupted(
    ...<3 lines>...
    )
django.contrib.sessions.exceptions.SessionInterrupted: The request's session was deleted before the request completed. The user may have logged out in a concurrent request, for example.
WARNING 2026-01-02 16:24:32,409 basehttp 2244 16096 "GET /panel/teddy_admin/pagesection/ HTTP/1.1" 400 172117
ERROR 2026-01-02 16:24:36,553 log 2244 10464 Internal Server Error: /
Traceback (most recent call last):
  File "C:\Users\Евгения\Desktop\Projects_web\TeddysTale_with-BackEnd\venv\Lib\site-packages\django\db\backends\postgresql\base.py", line 474, in _set_autocommit
    self.connection.autocommit = autocommit
    ^^^^^^^^^^^^^^^^^^^^^^^^^^
psycopg2.InterfaceError: connection already closed

The above exception was the direct cause of the following exception:

Traceback (most recent call last):
  File "C:\Users\Евгения\Desktop\Projects_web\TeddysTale_with-BackEnd\venv\Lib\site-packages\django\core\handlers\exception.py", line 55, in inner
    response = get_response(request)
  File "C:\Users\Евгения\Desktop\Projects_web\TeddysTale_with-BackEnd\venv\Lib\site-packages\django\utils\deprecation.py", line 122, in __call__
    response = self.process_response(request, response)
  File "C:\Users\Евгения\Desktop\Projects_web\TeddysTale_with-BackEnd\venv\Lib\site-packages\django\contrib\sessions\middleware.py", line 59, in process_response
    request.session.save()
    ~~~~~~~~~~~~~~~~~~~~^^
  File "C:\Users\Евгения\Desktop\Projects_web\TeddysTale_with-BackEnd\venv\Lib\site-packages\django\contrib\sessions\backends\db.py", line 126, in save
    with transaction.atomic(using=using):
         ~~~~~~~~~~~~~~~~~~^^^^^^^^^^^^^
  File "C:\Users\Евгения\Desktop\Projects_web\TeddysTale_with-BackEnd\venv\Lib\site-packages\django\db\transaction.py", line 216, in __enter__
    connection.set_autocommit(
    ~~~~~~~~~~~~~~~~~~~~~~~~~^
        False, force_begin_transaction_with_broken_autocommit=True
        ^^^^^^^^^^^^^^^^^^^^^^^^^^^^^^^^^^^^^^^^^^^^^^^^^^^^^^^^^^
    )
    ^
  File "C:\Users\Евгения\Desktop\Projects_web\TeddysTale_with-BackEnd\venv\Lib\site-packages\django\db\backends\base\base.py", line 487, in set_autocommit
    self._set_autocommit(autocommit)
    ~~~~~~~~~~~~~~~~~~~~^^^^^^^^^^^^
  File "C:\Users\Евгения\Desktop\Projects_web\TeddysTale_with-BackEnd\venv\Lib\site-packages\django\db\backends\postgresql\base.py", line 473, in _set_autocommit
    with self.wrap_database_errors:
         ^^^^^^^^^^^^^^^^^^^^^^^^^
  File "C:\Users\Евгения\Desktop\Projects_web\TeddysTale_with-BackEnd\venv\Lib\site-packages\django\db\utils.py", line 91, in __exit__
    raise dj_exc_value.with_traceback(traceback) from exc_value
  File "C:\Users\Евгения\Desktop\Projects_web\TeddysTale_with-BackEnd\venv\Lib\site-packages\django\db\backends\postgresql\base.py", line 474, in _set_autocommit
    self.connection.autocommit = autocommit
    ^^^^^^^^^^^^^^^^^^^^^^^^^^
django.db.utils.InterfaceError: connection already closed
ERROR 2026-01-02 16:24:36,559 basehttp 2244 10464 "GET / HTTP/1.1" 500 110269
ERROR 2026-01-02 16:25:07,584 log 2244 4592 Internal Server Error: /panel/logout/
Traceback (most recent call last):
  File "C:\Users\Евгения\Desktop\Projects_web\TeddysTale_with-BackEnd\venv\Lib\site-packages\django\db\backends\utils.py", line 105, in _execute
    return self.cursor.execute(sql, params)
           ~~~~~~~~~~~~~~~~~~~^^^^^^^^^^^^^
psycopg2.OperationalError: server closed the connection unexpectedly
	This probably means the server terminated abnormally
	before or while processing the request.
server closed the connection unexpectedly
	This probably means the server terminated abnormally
	before or while processing the request.


The above exception was the direct cause of the following exception:

Traceback (most recent call last):
  File "C:\Users\Евгения\Desktop\Projects_web\TeddysTale_with-BackEnd\venv\Lib\site-packages\django\core\handlers\exception.py", line 55, in inner
    response = get_response(request)
  File "C:\Users\Евгения\Desktop\Projects_web\TeddysTale_with-BackEnd\venv\Lib\site-packages\django\core\handlers\base.py", line 197, in _get_response
    response = wrapped_callback(request, *callback_args, **callback_kwargs)
  File "C:\Users\Евгения\Desktop\Projects_web\TeddysTale_with-BackEnd\venv\Lib\site-packages\django\contrib\admin\sites.py", line 265, in wrapper
    return self.admin_view(view, cacheable)(*args, **kwargs)
           ~~~~~~~~~~~~~~~~~~~~~~~~~~~~~~~~^^^^^^^^^^^^^^^^^
  File "C:\Users\Евгения\Desktop\Projects_web\TeddysTale_with-BackEnd\venv\Lib\site-packages\django\utils\decorators.py", line 192, in _view_wrapper
    result = _process_exception(request, e)
  File "C:\Users\Евгения\Desktop\Projects_web\TeddysTale_with-BackEnd\venv\Lib\site-packages\django\utils\decorators.py", line 190, in _view_wrapper
    response = view_func(request, *args, **kwargs)
  File "C:\Users\Евгения\Desktop\Projects_web\TeddysTale_with-BackEnd\venv\Lib\site-packages\django\views\decorators\cache.py", line 80, in _view_wrapper
    response = view_func(request, *args, **kwargs)
  File "C:\Users\Евгения\Desktop\Projects_web\TeddysTale_with-BackEnd\venv\Lib\site-packages\django\contrib\admin\sites.py", line 246, in inner
    return view(request, *args, **kwargs)
  File "C:\Users\Евгения\Desktop\Projects_web\TeddysTale_with-BackEnd\venv\Lib\site-packages\django\contrib\admin\sites.py", line 410, in logout
    return LogoutView.as_view(**defaults)(request)
           ~~~~~~~~~~~~~~~~~~~~~~~~~~~~~~^^^^^^^^^
  File "C:\Users\Евгения\Desktop\Projects_web\TeddysTale_with-BackEnd\venv\Lib\site-packages\django\views\generic\base.py", line 105, in view
    return self.dispatch(request, *args, **kwargs)
           ~~~~~~~~~~~~~^^^^^^^^^^^^^^^^^^^^^^^^^^
  File "C:\Users\Евгения\Desktop\Projects_web\TeddysTale_with-BackEnd\venv\Lib\site-packages\django\utils\decorators.py", line 48, in _wrapper
    return bound_method(*args, **kwargs)
  File "C:\Users\Евгения\Desktop\Projects_web\TeddysTale_with-BackEnd\venv\Lib\site-packages\django\utils\decorators.py", line 192, in _view_wrapper
    result = _process_exception(request, e)
  File "C:\Users\Евгения\Desktop\Projects_web\TeddysTale_with-BackEnd\venv\Lib\site-packages\django\utils\decorators.py", line 190, in _view_wrapper
    response = view_func(request, *args, **kwargs)
  File "C:\Users\Евгения\Desktop\Projects_web\TeddysTale_with-BackEnd\venv\Lib\site-packages\django\utils\decorators.py", line 48, in _wrapper
    return bound_method(*args, **kwargs)
  File "C:\Users\Евгения\Desktop\Projects_web\TeddysTale_with-BackEnd\venv\Lib\site-packages\django\views\decorators\cache.py", line 80, in _view_wrapper
    response = view_func(request, *args, **kwargs)
  File "C:\Users\Евгения\Desktop\Projects_web\TeddysTale_with-BackEnd\venv\Lib\site-packages\django\contrib\auth\views.py", line 137, in dispatch
    return super().dispatch(request, *args, **kwargs)
           ~~~~~~~~~~~~~~~~^^^^^^^^^^^^^^^^^^^^^^^^^^
  File "C:\Users\Евгения\Desktop\Projects_web\TeddysTale_with-BackEnd\venv\Lib\site-packages\django\views\generic\base.py", line 144, in dispatch
    return handler(request, *args, **kwargs)
  File "C:\Users\Евгения\Desktop\Projects_web\TeddysTale_with-BackEnd\venv\Lib\site-packages\django\contrib\auth\views.py", line 141, in post
    auth_logout(request)
    ~~~~~~~~~~~^^^^^^^^^
  File "C:\Users\Евгения\Desktop\Projects_web\TeddysTale_with-BackEnd\venv\Lib\site-packages\django\contrib\auth\__init__.py", line 254, in logout
    request.session.flush()
    ~~~~~~~~~~~~~~~~~~~~~^^
  File "C:\Users\Евгения\Desktop\Projects_web\TeddysTale_with-BackEnd\venv\Lib\site-packages\django\contrib\sessions\backends\base.py", line 418, in flush
    self.delete()
    ~~~~~~~~~~~^^
  File "C:\Users\Евгения\Desktop\Projects_web\TeddysTale_with-BackEnd\venv\Lib\site-packages\django\contrib\sessions\backends\db.py", line 175, in delete
    self.model.objects.get(session_key=session_key).delete()
    ~~~~~~~~~~~~~~~~~~~~~~~~~~~~~~~~~~~~~~~~~~~~~~~~~~~~~~^^
  File "C:\Users\Евгения\Desktop\Projects_web\TeddysTale_with-BackEnd\venv\Lib\site-packages\django\db\models\base.py", line 1281, in delete
    return collector.delete()
           ~~~~~~~~~~~~~~~~^^
  File "C:\Users\Евгения\Desktop\Projects_web\TeddysTale_with-BackEnd\venv\Lib\site-packages\django\db\models\deletion.py", line 448, in delete
    count = sql.DeleteQuery(model).delete_batch(
        [instance.pk], self.using
    )
  File "C:\Users\Евгения\Desktop\Projects_web\TeddysTale_with-BackEnd\venv\Lib\site-packages\django\db\models\sql\subqueries.py", line 42, in delete_batch
    num_deleted += self.do_query(
                   ~~~~~~~~~~~~~^
        self.get_meta().db_table, self.where, using=using
        ^^^^^^^^^^^^^^^^^^^^^^^^^^^^^^^^^^^^^^^^^^^^^^^^^
    )
    ^
  File "C:\Users\Евгения\Desktop\Projects_web\TeddysTale_with-BackEnd\venv\Lib\site-packages\django\db\models\sql\subqueries.py", line 24, in do_query
    return self.get_compiler(using).execute_sql(ROW_COUNT)
           ~~~~~~~~~~~~~~~~~~~~~~~~~~~~~~~~~~~~^^^^^^^^^^^
  File "C:\Users\Евгения\Desktop\Projects_web\TeddysTale_with-BackEnd\venv\Lib\site-packages\django\db\models\sql\compiler.py", line 1623, in execute_sql
    cursor.execute(sql, params)
    ~~~~~~~~~~~~~~^^^^^^^^^^^^^
  File "C:\Users\Евгения\Desktop\Projects_web\TeddysTale_with-BackEnd\venv\Lib\site-packages\django\db\backends\utils.py", line 122, in execute
    return super().execute(sql, params)
           ~~~~~~~~~~~~~~~^^^^^^^^^^^^^
  File "C:\Users\Евгения\Desktop\Projects_web\TeddysTale_with-BackEnd\venv\Lib\site-packages\django\db\backends\utils.py", line 79, in execute
    return self._execute_with_wrappers(
           ~~~~~~~~~~~~~~~~~~~~~~~~~~~^
        sql, params, many=False, executor=self._execute
        ^^^^^^^^^^^^^^^^^^^^^^^^^^^^^^^^^^^^^^^^^^^^^^^
    )
    ^
  File "C:\Users\Евгения\Desktop\Projects_web\TeddysTale_with-BackEnd\venv\Lib\site-packages\django\db\backends\utils.py", line 92, in _execute_with_wrappers
    return executor(sql, params, many, context)
  File "C:\Users\Евгения\Desktop\Projects_web\TeddysTale_with-BackEnd\venv\Lib\site-packages\django\db\backends\utils.py", line 100, in _execute
    with self.db.wrap_database_errors:
         ^^^^^^^^^^^^^^^^^^^^^^^^^^^^
  File "C:\Users\Евгения\Desktop\Projects_web\TeddysTale_with-BackEnd\venv\Lib\site-packages\django\db\utils.py", line 91, in __exit__
    raise dj_exc_value.with_traceback(traceback) from exc_value
  File "C:\Users\Евгения\Desktop\Projects_web\TeddysTale_with-BackEnd\venv\Lib\site-packages\django\db\backends\utils.py", line 105, in _execute
    return self.cursor.execute(sql, params)
           ~~~~~~~~~~~~~~~~~~~^^^^^^^^^^^^^
django.db.utils.OperationalError: server closed the connection unexpectedly
	This probably means the server terminated abnormally
	before or while processing the request.
server closed the connection unexpectedly
	This probably means the server terminated abnormally
	before or while processing the request.

ERROR 2026-01-02 16:25:07,596 basehttp 2244 4592 "POST /panel/logout/ HTTP/1.1" 500 221681
WARNING 2026-01-02 16:28:08,781 log 2244 2840 The request's session was deleted before the request completed. The user may have logged out in a concurrent request, for example.: /
Traceback (most recent call last):
  File "C:\Users\Евгения\Desktop\Projects_web\TeddysTale_with-BackEnd\venv\Lib\site-packages\django\db\backends\utils.py", line 105, in _execute
    return self.cursor.execute(sql, params)
           ~~~~~~~~~~~~~~~~~~~^^^^^^^^^^^^^
psycopg2.errors.QueryCanceled: canceling statement due to statement timeout
CONTEXT:  while updating tuple (0,32) in relation "django_session"


The above exception was the direct cause of the following exception:

Traceback (most recent call last):
  File "C:\Users\Евгения\Desktop\Projects_web\TeddysTale_with-BackEnd\venv\Lib\site-packages\django\contrib\sessions\backends\db.py", line 127, in save
    obj.save(
    ~~~~~~~~^
        force_insert=must_create, force_update=not must_create, using=using
        ^^^^^^^^^^^^^^^^^^^^^^^^^^^^^^^^^^^^^^^^^^^^^^^^^^^^^^^^^^^^^^^^^^^
    )
    ^
  File "C:\Users\Евгения\Desktop\Projects_web\TeddysTale_with-BackEnd\venv\Lib\site-packages\django\db\models\base.py", line 902, in save
    self.save_base(
    ~~~~~~~~~~~~~~^
        using=using,
        ^^^^^^^^^^^^
    ...<2 lines>...
        update_fields=update_fields,
        ^^^^^^^^^^^^^^^^^^^^^^^^^^^^
    )
    ^
  File "C:\Users\Евгения\Desktop\Projects_web\TeddysTale_with-BackEnd\venv\Lib\site-packages\django\db\models\base.py", line 1008, in save_base
    updated = self._save_table(
        raw,
    ...<4 lines>...
        update_fields,
    )
  File "C:\Users\Евгения\Desktop\Projects_web\TeddysTale_with-BackEnd\venv\Lib\site-packages\django\db\models\base.py", line 1138, in _save_table
    updated = self._do_update(
        base_qs, using, pk_val, values, update_fields, forced_update
    )
  File "C:\Users\Евгения\Desktop\Projects_web\TeddysTale_with-BackEnd\venv\Lib\site-packages\django\db\models\base.py", line 1203, in _do_update
    return filtered._update(values) > 0
           ~~~~~~~~~~~~~~~~^^^^^^^^
  File "C:\Users\Евгения\Desktop\Projects_web\TeddysTale_with-BackEnd\venv\Lib\site-packages\django\db\models\query.py", line 1288, in _update
    return query.get_compiler(self.db).execute_sql(ROW_COUNT)
           ~~~~~~~~~~~~~~~~~~~~~~~~~~~~~~~~~~~~~~~^^^^^^^^^^^
  File "C:\Users\Евгения\Desktop\Projects_web\TeddysTale_with-BackEnd\venv\Lib\site-packages\django\db\models\sql\compiler.py", line 2060, in execute_sql
    row_count = super().execute_sql(result_type)
  File "C:\Users\Евгения\Desktop\Projects_web\TeddysTale_with-BackEnd\venv\Lib\site-packages\django\db\models\sql\compiler.py", line 1623, in execute_sql
    cursor.execute(sql, params)
    ~~~~~~~~~~~~~~^^^^^^^^^^^^^
  File "C:\Users\Евгения\Desktop\Projects_web\TeddysTale_with-BackEnd\venv\Lib\site-packages\django\db\backends\utils.py", line 122, in execute
    return super().execute(sql, params)
           ~~~~~~~~~~~~~~~^^^^^^^^^^^^^
  File "C:\Users\Евгения\Desktop\Projects_web\TeddysTale_with-BackEnd\venv\Lib\site-packages\django\db\backends\utils.py", line 79, in execute
    return self._execute_with_wrappers(
           ~~~~~~~~~~~~~~~~~~~~~~~~~~~^
        sql, params, many=False, executor=self._execute
        ^^^^^^^^^^^^^^^^^^^^^^^^^^^^^^^^^^^^^^^^^^^^^^^
    )
    ^
  File "C:\Users\Евгения\Desktop\Projects_web\TeddysTale_with-BackEnd\venv\Lib\site-packages\django\db\backends\utils.py", line 92, in _execute_with_wrappers
    return executor(sql, params, many, context)
  File "C:\Users\Евгения\Desktop\Projects_web\TeddysTale_with-BackEnd\venv\Lib\site-packages\django\db\backends\utils.py", line 100, in _execute
    with self.db.wrap_database_errors:
         ^^^^^^^^^^^^^^^^^^^^^^^^^^^^
  File "C:\Users\Евгения\Desktop\Projects_web\TeddysTale_with-BackEnd\venv\Lib\site-packages\django\db\utils.py", line 91, in __exit__
    raise dj_exc_value.with_traceback(traceback) from exc_value
  File "C:\Users\Евгения\Desktop\Projects_web\TeddysTale_with-BackEnd\venv\Lib\site-packages\django\db\backends\utils.py", line 105, in _execute
    return self.cursor.execute(sql, params)
           ~~~~~~~~~~~~~~~~~~~^^^^^^^^^^^^^
django.db.utils.OperationalError: canceling statement due to statement timeout
CONTEXT:  while updating tuple (0,32) in relation "django_session"


During handling of the above exception, another exception occurred:

Traceback (most recent call last):
  File "C:\Users\Евгения\Desktop\Projects_web\TeddysTale_with-BackEnd\venv\Lib\site-packages\django\contrib\sessions\middleware.py", line 59, in process_response
    request.session.save()
    ~~~~~~~~~~~~~~~~~~~~^^
  File "C:\Users\Евгения\Desktop\Projects_web\TeddysTale_with-BackEnd\venv\Lib\site-packages\django\contrib\sessions\backends\db.py", line 136, in save
    raise UpdateError
django.contrib.sessions.backends.base.UpdateError

During handling of the above exception, another exception occurred:

Traceback (most recent call last):
  File "C:\Users\Евгения\Desktop\Projects_web\TeddysTale_with-BackEnd\venv\Lib\site-packages\django\core\handlers\exception.py", line 55, in inner
    response = get_response(request)
  File "C:\Users\Евгения\Desktop\Projects_web\TeddysTale_with-BackEnd\venv\Lib\site-packages\django\utils\deprecation.py", line 122, in __call__
    response = self.process_response(request, response)
  File "C:\Users\Евгения\Desktop\Projects_web\TeddysTale_with-BackEnd\venv\Lib\site-packages\django\contrib\sessions\middleware.py", line 61, in process_response
    raise SessionInterrupted(
    ...<3 lines>...
    )
django.contrib.sessions.exceptions.SessionInterrupted: The request's session was deleted before the request completed. The user may have logged out in a concurrent request, for example.
WARNING 2026-01-02 16:28:08,793 basehttp 2244 2840 "GET / HTTP/1.1" 400 171693
WARNING 2026-01-10 20:59:16,355 basehttp 7612 14472 "GET /static/fonts/Montserrat/Montserrat-VariableFont_wght.woff2 HTTP/1.1" 404 1967
WARNING 2026-01-10 20:59:16,388 basehttp 7612 2492 "GET /static/fonts/Montserrat/Montserrat-VariableFont_wght.woff HTTP/1.1" 404 1964
WARNING 2026-01-10 20:59:16,389 basehttp 7612 14460 "GET /static/fonts/Lora/Lora.woff2 HTTP/1.1" 404 1877
WARNING 2026-01-10 20:59:16,470 basehttp 7612 11692 "GET /static/fonts/Lora/Lora.woff HTTP/1.1" 404 1874
ERROR 2026-01-10 21:01:40,611 log 7612 6080 Internal Server Error: /
Traceback (most recent call last):
  File "C:\Users\Евгения\Desktop\Projects_web\TeddysTale_with-BackEnd\venv\Lib\site-packages\django\db\backends\postgresql\base.py", line 474, in _set_autocommit
    self.connection.autocommit = autocommit
    ^^^^^^^^^^^^^^^^^^^^^^^^^^
psycopg2.InterfaceError: connection already closed

The above exception was the direct cause of the following exception:

Traceback (most recent call last):
  File "C:\Users\Евгения\Desktop\Projects_web\TeddysTale_with-BackEnd\venv\Lib\site-packages\django\core\handlers\exception.py", line 55, in inner
    response = get_response(request)
  File "C:\Users\Евгения\Desktop\Projects_web\TeddysTale_with-BackEnd\venv\Lib\site-packages\django\utils\deprecation.py", line 122, in __call__
    response = self.process_response(request, response)
  File "C:\Users\Евгения\Desktop\Projects_web\TeddysTale_with-BackEnd\venv\Lib\site-packages\django\contrib\sessions\middleware.py", line 59, in process_response
    request.session.save()
    ~~~~~~~~~~~~~~~~~~~~^^
  File "C:\Users\Евгения\Desktop\Projects_web\TeddysTale_with-BackEnd\venv\Lib\site-packages\django\contrib\sessions\backends\db.py", line 126, in save
    with transaction.atomic(using=using):
         ~~~~~~~~~~~~~~~~~~^^^^^^^^^^^^^
  File "C:\Users\Евгения\Desktop\Projects_web\TeddysTale_with-BackEnd\venv\Lib\site-packages\django\db\transaction.py", line 216, in __enter__
    connection.set_autocommit(
    ~~~~~~~~~~~~~~~~~~~~~~~~~^
        False, force_begin_transaction_with_broken_autocommit=True
        ^^^^^^^^^^^^^^^^^^^^^^^^^^^^^^^^^^^^^^^^^^^^^^^^^^^^^^^^^^
    )
    ^
  File "C:\Users\Евгения\Desktop\Projects_web\TeddysTale_with-BackEnd\venv\Lib\site-packages\django\db\backends\base\base.py", line 487, in set_autocommit
    self._set_autocommit(autocommit)
    ~~~~~~~~~~~~~~~~~~~~^^^^^^^^^^^^
  File "C:\Users\Евгения\Desktop\Projects_web\TeddysTale_with-BackEnd\venv\Lib\site-packages\django\db\backends\postgresql\base.py", line 473, in _set_autocommit
    with self.wrap_database_errors:
         ^^^^^^^^^^^^^^^^^^^^^^^^^
  File "C:\Users\Евгения\Desktop\Projects_web\TeddysTale_with-BackEnd\venv\Lib\site-packages\django\db\utils.py", line 91, in __exit__
    raise dj_exc_value.with_traceback(traceback) from exc_value
  File "C:\Users\Евгения\Desktop\Projects_web\TeddysTale_with-BackEnd\venv\Lib\site-packages\django\db\backends\postgresql\base.py", line 474, in _set_autocommit
    self.connection.autocommit = autocommit
    ^^^^^^^^^^^^^^^^^^^^^^^^^^
django.db.utils.InterfaceError: connection already closed
ERROR 2026-01-10 21:01:40,618 basehttp 7612 6080 "GET / HTTP/1.1" 500 111780
ERROR 2026-01-10 21:01:58,955 log 7612 244 Internal Server Error: /
Traceback (most recent call last):
  File "C:\Users\Евгения\Desktop\Projects_web\TeddysTale_with-BackEnd\venv\Lib\site-packages\django\db\backends\postgresql\base.py", line 474, in _set_autocommit
    self.connection.autocommit = autocommit
    ^^^^^^^^^^^^^^^^^^^^^^^^^^
psycopg2.InterfaceError: connection already closed

The above exception was the direct cause of the following exception:

Traceback (most recent call last):
  File "C:\Users\Евгения\Desktop\Projects_web\TeddysTale_with-BackEnd\venv\Lib\site-packages\django\core\handlers\exception.py", line 55, in inner
    response = get_response(request)
  File "C:\Users\Евгения\Desktop\Projects_web\TeddysTale_with-BackEnd\venv\Lib\site-packages\django\utils\deprecation.py", line 122, in __call__
    response = self.process_response(request, response)
  File "C:\Users\Евгения\Desktop\Projects_web\TeddysTale_with-BackEnd\venv\Lib\site-packages\django\contrib\sessions\middleware.py", line 59, in process_response
    request.session.save()
    ~~~~~~~~~~~~~~~~~~~~^^
  File "C:\Users\Евгения\Desktop\Projects_web\TeddysTale_with-BackEnd\venv\Lib\site-packages\django\contrib\sessions\backends\db.py", line 126, in save
    with transaction.atomic(using=using):
         ~~~~~~~~~~~~~~~~~~^^^^^^^^^^^^^
  File "C:\Users\Евгения\Desktop\Projects_web\TeddysTale_with-BackEnd\venv\Lib\site-packages\django\db\transaction.py", line 216, in __enter__
    connection.set_autocommit(
    ~~~~~~~~~~~~~~~~~~~~~~~~~^
        False, force_begin_transaction_with_broken_autocommit=True
        ^^^^^^^^^^^^^^^^^^^^^^^^^^^^^^^^^^^^^^^^^^^^^^^^^^^^^^^^^^
    )
    ^
  File "C:\Users\Евгения\Desktop\Projects_web\TeddysTale_with-BackEnd\venv\Lib\site-packages\django\db\backends\base\base.py", line 487, in set_autocommit
    self._set_autocommit(autocommit)
    ~~~~~~~~~~~~~~~~~~~~^^^^^^^^^^^^
  File "C:\Users\Евгения\Desktop\Projects_web\TeddysTale_with-BackEnd\venv\Lib\site-packages\django\db\backends\postgresql\base.py", line 473, in _set_autocommit
    with self.wrap_database_errors:
         ^^^^^^^^^^^^^^^^^^^^^^^^^
  File "C:\Users\Евгения\Desktop\Projects_web\TeddysTale_with-BackEnd\venv\Lib\site-packages\django\db\utils.py", line 91, in __exit__
    raise dj_exc_value.with_traceback(traceback) from exc_value
  File "C:\Users\Евгения\Desktop\Projects_web\TeddysTale_with-BackEnd\venv\Lib\site-packages\django\db\backends\postgresql\base.py", line 474, in _set_autocommit
    self.connection.autocommit = autocommit
    ^^^^^^^^^^^^^^^^^^^^^^^^^^
django.db.utils.InterfaceError: connection already closed
ERROR 2026-01-10 21:01:58,963 basehttp 7612 244 "GET / HTTP/1.1" 500 111643
ERROR 2026-01-10 21:03:16,042 log 13196 13220 Internal Server Error: /
Traceback (most recent call last):
  File "C:\Users\Евгения\Desktop\Projects_web\TeddysTale_with-BackEnd\venv\Lib\site-packages\django\db\backends\postgresql\base.py", line 474, in _set_autocommit
    self.connection.autocommit = autocommit
    ^^^^^^^^^^^^^^^^^^^^^^^^^^
psycopg2.InterfaceError: connection already closed

The above exception was the direct cause of the following exception:

Traceback (most recent call last):
  File "C:\Users\Евгения\Desktop\Projects_web\TeddysTale_with-BackEnd\venv\Lib\site-packages\django\core\handlers\exception.py", line 55, in inner
    response = get_response(request)
  File "C:\Users\Евгения\Desktop\Projects_web\TeddysTale_with-BackEnd\venv\Lib\site-packages\django\utils\deprecation.py", line 122, in __call__
    response = self.process_response(request, response)
  File "C:\Users\Евгения\Desktop\Projects_web\TeddysTale_with-BackEnd\venv\Lib\site-packages\django\contrib\sessions\middleware.py", line 59, in process_response
    request.session.save()
    ~~~~~~~~~~~~~~~~~~~~^^
  File "C:\Users\Евгения\Desktop\Projects_web\TeddysTale_with-BackEnd\venv\Lib\site-packages\django\contrib\sessions\backends\db.py", line 126, in save
    with transaction.atomic(using=using):
         ~~~~~~~~~~~~~~~~~~^^^^^^^^^^^^^
  File "C:\Users\Евгения\Desktop\Projects_web\TeddysTale_with-BackEnd\venv\Lib\site-packages\django\db\transaction.py", line 216, in __enter__
    connection.set_autocommit(
    ~~~~~~~~~~~~~~~~~~~~~~~~~^
        False, force_begin_transaction_with_broken_autocommit=True
        ^^^^^^^^^^^^^^^^^^^^^^^^^^^^^^^^^^^^^^^^^^^^^^^^^^^^^^^^^^
    )
    ^
  File "C:\Users\Евгения\Desktop\Projects_web\TeddysTale_with-BackEnd\venv\Lib\site-packages\django\db\backends\base\base.py", line 487, in set_autocommit
    self._set_autocommit(autocommit)
    ~~~~~~~~~~~~~~~~~~~~^^^^^^^^^^^^
  File "C:\Users\Евгения\Desktop\Projects_web\TeddysTale_with-BackEnd\venv\Lib\site-packages\django\db\backends\postgresql\base.py", line 473, in _set_autocommit
    with self.wrap_database_errors:
         ^^^^^^^^^^^^^^^^^^^^^^^^^
  File "C:\Users\Евгения\Desktop\Projects_web\TeddysTale_with-BackEnd\venv\Lib\site-packages\django\db\utils.py", line 91, in __exit__
    raise dj_exc_value.with_traceback(traceback) from exc_value
  File "C:\Users\Евгения\Desktop\Projects_web\TeddysTale_with-BackEnd\venv\Lib\site-packages\django\db\backends\postgresql\base.py", line 474, in _set_autocommit
    self.connection.autocommit = autocommit
    ^^^^^^^^^^^^^^^^^^^^^^^^^^
django.db.utils.InterfaceError: connection already closed
ERROR 2026-01-10 21:03:16,309 basehttp 13196 13220 "GET / HTTP/1.1" 500 111780
ERROR 2026-01-10 21:03:27,663 log 13196 11828 Internal Server Error: /
Traceback (most recent call last):
  File "C:\Users\Евгения\Desktop\Projects_web\TeddysTale_with-BackEnd\venv\Lib\site-packages\django\db\backends\postgresql\base.py", line 474, in _set_autocommit
    self.connection.autocommit = autocommit
    ^^^^^^^^^^^^^^^^^^^^^^^^^^
psycopg2.InterfaceError: connection already closed

The above exception was the direct cause of the following exception:

Traceback (most recent call last):
  File "C:\Users\Евгения\Desktop\Projects_web\TeddysTale_with-BackEnd\venv\Lib\site-packages\django\core\handlers\exception.py", line 55, in inner
    response = get_response(request)
  File "C:\Users\Евгения\Desktop\Projects_web\TeddysTale_with-BackEnd\venv\Lib\site-packages\django\utils\deprecation.py", line 122, in __call__
    response = self.process_response(request, response)
  File "C:\Users\Евгения\Desktop\Projects_web\TeddysTale_with-BackEnd\venv\Lib\site-packages\django\contrib\sessions\middleware.py", line 59, in process_response
    request.session.save()
    ~~~~~~~~~~~~~~~~~~~~^^
  File "C:\Users\Евгения\Desktop\Projects_web\TeddysTale_with-BackEnd\venv\Lib\site-packages\django\contrib\sessions\backends\db.py", line 126, in save
    with transaction.atomic(using=using):
         ~~~~~~~~~~~~~~~~~~^^^^^^^^^^^^^
  File "C:\Users\Евгения\Desktop\Projects_web\TeddysTale_with-BackEnd\venv\Lib\site-packages\django\db\transaction.py", line 216, in __enter__
    connection.set_autocommit(
    ~~~~~~~~~~~~~~~~~~~~~~~~~^
        False, force_begin_transaction_with_broken_autocommit=True
        ^^^^^^^^^^^^^^^^^^^^^^^^^^^^^^^^^^^^^^^^^^^^^^^^^^^^^^^^^^
    )
    ^
  File "C:\Users\Евгения\Desktop\Projects_web\TeddysTale_with-BackEnd\venv\Lib\site-packages\django\db\backends\base\base.py", line 487, in set_autocommit
    self._set_autocommit(autocommit)
    ~~~~~~~~~~~~~~~~~~~~^^^^^^^^^^^^
  File "C:\Users\Евгения\Desktop\Projects_web\TeddysTale_with-BackEnd\venv\Lib\site-packages\django\db\backends\postgresql\base.py", line 473, in _set_autocommit
    with self.wrap_database_errors:
         ^^^^^^^^^^^^^^^^^^^^^^^^^
  File "C:\Users\Евгения\Desktop\Projects_web\TeddysTale_with-BackEnd\venv\Lib\site-packages\django\db\utils.py", line 91, in __exit__
    raise dj_exc_value.with_traceback(traceback) from exc_value
  File "C:\Users\Евгения\Desktop\Projects_web\TeddysTale_with-BackEnd\venv\Lib\site-packages\django\db\backends\postgresql\base.py", line 474, in _set_autocommit
    self.connection.autocommit = autocommit
    ^^^^^^^^^^^^^^^^^^^^^^^^^^
django.db.utils.InterfaceError: connection already closed
ERROR 2026-01-10 21:04:14,795 log 13196 6208 Internal Server Error: /
Traceback (most recent call last):
  File "C:\Users\Евгения\Desktop\Projects_web\TeddysTale_with-BackEnd\venv\Lib\site-packages\django\db\backends\postgresql\base.py", line 474, in _set_autocommit
    self.connection.autocommit = autocommit
    ^^^^^^^^^^^^^^^^^^^^^^^^^^
psycopg2.InterfaceError: connection already closed

The above exception was the direct cause of the following exception:

Traceback (most recent call last):
  File "C:\Users\Евгения\Desktop\Projects_web\TeddysTale_with-BackEnd\venv\Lib\site-packages\django\core\handlers\exception.py", line 55, in inner
    response = get_response(request)
  File "C:\Users\Евгения\Desktop\Projects_web\TeddysTale_with-BackEnd\venv\Lib\site-packages\django\utils\deprecation.py", line 122, in __call__
    response = self.process_response(request, response)
  File "C:\Users\Евгения\Desktop\Projects_web\TeddysTale_with-BackEnd\venv\Lib\site-packages\django\contrib\sessions\middleware.py", line 59, in process_response
    request.session.save()
    ~~~~~~~~~~~~~~~~~~~~^^
  File "C:\Users\Евгения\Desktop\Projects_web\TeddysTale_with-BackEnd\venv\Lib\site-packages\django\contrib\sessions\backends\db.py", line 126, in save
    with transaction.atomic(using=using):
         ~~~~~~~~~~~~~~~~~~^^^^^^^^^^^^^
  File "C:\Users\Евгения\Desktop\Projects_web\TeddysTale_with-BackEnd\venv\Lib\site-packages\django\db\transaction.py", line 216, in __enter__
    connection.set_autocommit(
    ~~~~~~~~~~~~~~~~~~~~~~~~~^
        False, force_begin_transaction_with_broken_autocommit=True
        ^^^^^^^^^^^^^^^^^^^^^^^^^^^^^^^^^^^^^^^^^^^^^^^^^^^^^^^^^^
    )
    ^
  File "C:\Users\Евгения\Desktop\Projects_web\TeddysTale_with-BackEnd\venv\Lib\site-packages\django\db\backends\base\base.py", line 487, in set_autocommit
    self._set_autocommit(autocommit)
    ~~~~~~~~~~~~~~~~~~~~^^^^^^^^^^^^
  File "C:\Users\Евгения\Desktop\Projects_web\TeddysTale_with-BackEnd\venv\Lib\site-packages\django\db\backends\postgresql\base.py", line 473, in _set_autocommit
    with self.wrap_database_errors:
         ^^^^^^^^^^^^^^^^^^^^^^^^^
  File "C:\Users\Евгения\Desktop\Projects_web\TeddysTale_with-BackEnd\venv\Lib\site-packages\django\db\utils.py", line 91, in __exit__
    raise dj_exc_value.with_traceback(traceback) from exc_value
  File "C:\Users\Евгения\Desktop\Projects_web\TeddysTale_with-BackEnd\venv\Lib\site-packages\django\db\backends\postgresql\base.py", line 474, in _set_autocommit
    self.connection.autocommit = autocommit
    ^^^^^^^^^^^^^^^^^^^^^^^^^^
django.db.utils.InterfaceError: connection already closed
ERROR 2026-01-10 21:04:14,857 basehttp 13196 6208 "GET / HTTP/1.1" 500 111643
WARNING 2026-01-10 21:04:31,402 basehttp 13196 1988 "GET /static/fonts/Montserrat/Montserrat-VariableFont_wght.woff2 HTTP/1.1" 404 1967
WARNING 2026-01-10 21:04:31,403 basehttp 13196 3860 "GET /static/fonts/Montserrat/Montserrat-VariableFont_wght.woff HTTP/1.1" 404 1964
WARNING 2026-01-10 21:04:31,420 basehttp 13196 9600 "GET /static/fonts/Lora/Lora.woff2 HTTP/1.1" 404 1877
WARNING 2026-01-10 21:04:31,430 basehttp 13196 3964 "GET /static/fonts/Lora/Lora.woff HTTP/1.1" 404 1874
WARNING 2026-01-10 21:04:35,802 log 13196 5260 The request's session was deleted before the request completed. The user may have logged out in a concurrent request, for example.: /favicon.ico
Traceback (most recent call last):
  File "C:\Users\Евгения\Desktop\Projects_web\TeddysTale_with-BackEnd\venv\Lib\site-packages\django\db\backends\base\base.py", line 303, in _commit
    return self.connection.commit()
           ~~~~~~~~~~~~~~~~~~~~~~^^
psycopg2.OperationalError: server closed the connection unexpectedly
	This probably means the server terminated abnormally
	before or while processing the request.
server closed the connection unexpectedly
	This probably means the server terminated abnormally
	before or while processing the request.


The above exception was the direct cause of the following exception:

Traceback (most recent call last):
  File "C:\Users\Евгения\Desktop\Projects_web\TeddysTale_with-BackEnd\venv\Lib\site-packages\django\contrib\sessions\backends\db.py", line 126, in save
    with transaction.atomic(using=using):
         ~~~~~~~~~~~~~~~~~~^^^^^^^^^^^^^
  File "C:\Users\Евгения\Desktop\Projects_web\TeddysTale_with-BackEnd\venv\Lib\site-packages\django\db\transaction.py", line 263, in __exit__
    connection.commit()
    ~~~~~~~~~~~~~~~~~^^
  File "C:\Users\Евгения\Desktop\Projects_web\TeddysTale_with-BackEnd\venv\Lib\site-packages\django\utils\asyncio.py", line 26, in inner
    return func(*args, **kwargs)
  File "C:\Users\Евгения\Desktop\Projects_web\TeddysTale_with-BackEnd\venv\Lib\site-packages\django\db\backends\base\base.py", line 327, in commit
    self._commit()
    ~~~~~~~~~~~~^^
  File "C:\Users\Евгения\Desktop\Projects_web\TeddysTale_with-BackEnd\venv\Lib\site-packages\django\db\backends\base\base.py", line 302, in _commit
    with debug_transaction(self, "COMMIT"), self.wrap_database_errors:
                                            ^^^^^^^^^^^^^^^^^^^^^^^^^
  File "C:\Users\Евгения\Desktop\Projects_web\TeddysTale_with-BackEnd\venv\Lib\site-packages\django\db\utils.py", line 91, in __exit__
    raise dj_exc_value.with_traceback(traceback) from exc_value
  File "C:\Users\Евгения\Desktop\Projects_web\TeddysTale_with-BackEnd\venv\Lib\site-packages\django\db\backends\base\base.py", line 303, in _commit
    return self.connection.commit()
           ~~~~~~~~~~~~~~~~~~~~~~^^
django.db.utils.OperationalError: server closed the connection unexpectedly
	This probably means the server terminated abnormally
	before or while processing the request.
server closed the connection unexpectedly
	This probably means the server terminated abnormally
	before or while processing the request.


During handling of the above exception, another exception occurred:

Traceback (most recent call last):
  File "C:\Users\Евгения\Desktop\Projects_web\TeddysTale_with-BackEnd\venv\Lib\site-packages\django\contrib\sessions\middleware.py", line 59, in process_response
    request.session.save()
    ~~~~~~~~~~~~~~~~~~~~^^
  File "C:\Users\Евгения\Desktop\Projects_web\TeddysTale_with-BackEnd\venv\Lib\site-packages\django\contrib\sessions\backends\db.py", line 136, in save
    raise UpdateError
django.contrib.sessions.backends.base.UpdateError

During handling of the above exception, another exception occurred:

Traceback (most recent call last):
  File "C:\Users\Евгения\Desktop\Projects_web\TeddysTale_with-BackEnd\venv\Lib\site-packages\django\core\handlers\exception.py", line 55, in inner
    response = get_response(request)
  File "C:\Users\Евгения\Desktop\Projects_web\TeddysTale_with-BackEnd\venv\Lib\site-packages\django\utils\deprecation.py", line 122, in __call__
    response = self.process_response(request, response)
  File "C:\Users\Евгения\Desktop\Projects_web\TeddysTale_with-BackEnd\venv\Lib\site-packages\django\contrib\sessions\middleware.py", line 61, in process_response
    raise SessionInterrupted(
    ...<3 lines>...
    )
django.contrib.sessions.exceptions.SessionInterrupted: The request's session was deleted before the request completed. The user may have logged out in a concurrent request, for example.
WARNING 2026-01-10 21:04:35,813 basehttp 13196 5260 "GET /favicon.ico HTTP/1.1" 400 128381
WARNING 2026-01-10 21:05:26,262 basehttp 13196 14340 "GET /static/fonts/Lora/Lora.woff2 HTTP/1.1" 404 1877
WARNING 2026-01-10 21:05:26,262 basehttp 13196 9760 "GET /static/fonts/Montserrat/Montserrat-VariableFont_wght.woff HTTP/1.1" 404 1964
WARNING 2026-01-10 21:05:26,262 basehttp 13196 13052 "GET /static/fonts/Montserrat/Montserrat-VariableFont_wght.woff2 HTTP/1.1" 404 1967
WARNING 2026-01-10 21:05:26,272 basehttp 13196 9920 "GET /static/fonts/Lora/Lora.woff HTTP/1.1" 404 1874
WARNING 2026-01-10 21:05:52,330 middleware 13196 2704 Ошибка при проверке соединения: connection to server at "aws-1-eu-west-1.pooler.supabase.com" (18.202.64.2), port 5432 failed: FATAL:  MaxClientsInSessionMode: max clients reached - in Session mode max clients are limited to pool_size

WARNING 2026-01-10 21:05:53,190 basehttp 13196 2704 "GET /static/fonts/Lora/Lora.woff HTTP/1.1" 404 1874
WARNING 2026-01-10 21:05:53,195 basehttp 13196 11948 "GET /static/fonts/Montserrat/Montserrat-VariableFont_wght.woff2 HTTP/1.1" 404 1967
WARNING 2026-01-10 21:05:53,220 basehttp 13196 13292 "GET /static/fonts/Lora/Lora.woff2 HTTP/1.1" 404 1877
WARNING 2026-01-10 21:05:53,223 basehttp 13196 9192 "GET /static/fonts/Montserrat/Montserrat-VariableFont_wght.woff HTTP/1.1" 404 1964
ERROR 2026-01-10 21:06:05,975 log 13196 4476 Internal Server Error: /
Traceback (most recent call last):
  File "C:\Users\Евгения\Desktop\Projects_web\TeddysTale_with-BackEnd\venv\Lib\site-packages\django\contrib\sessions\backends\base.py", line 244, in _get_session
    return self._session_cache
           ^^^^^^^^^^^^^^^^^^^
AttributeError: 'SessionStore' object has no attribute '_session_cache'

During handling of the above exception, another exception occurred:

Traceback (most recent call last):
  File "C:\Users\Евгения\Desktop\Projects_web\TeddysTale_with-BackEnd\venv\Lib\site-packages\django\db\backends\base\base.py", line 279, in ensure_connection
    self.connect()
    ~~~~~~~~~~~~^^
  File "C:\Users\Евгения\Desktop\Projects_web\TeddysTale_with-BackEnd\venv\Lib\site-packages\django\utils\asyncio.py", line 26, in inner
    return func(*args, **kwargs)
  File "C:\Users\Евгения\Desktop\Projects_web\TeddysTale_with-BackEnd\venv\Lib\site-packages\django\db\backends\base\base.py", line 256, in connect
    self.connection = self.get_new_connection(conn_params)
                      ~~~~~~~~~~~~~~~~~~~~~~~^^^^^^^^^^^^^
  File "C:\Users\Евгения\Desktop\Projects_web\TeddysTale_with-BackEnd\venv\Lib\site-packages\django\utils\asyncio.py", line 26, in inner
    return func(*args, **kwargs)
  File "C:\Users\Евгения\Desktop\Projects_web\TeddysTale_with-BackEnd\venv\Lib\site-packages\django\db\backends\postgresql\base.py", line 332, in get_new_connection
    connection = self.Database.connect(**conn_params)
  File "C:\Users\Евгения\Desktop\Projects_web\TeddysTale_with-BackEnd\venv\Lib\site-packages\psycopg2\__init__.py", line 135, in connect
    conn = _connect(dsn, connection_factory=connection_factory, **kwasync)
psycopg2.OperationalError: connection to server at "aws-1-eu-west-1.pooler.supabase.com" (18.202.64.2), port 5432 failed: FATAL:  MaxClientsInSessionMode: max clients reached - in Session mode max clients are limited to pool_size


The above exception was the direct cause of the following exception:

Traceback (most recent call last):
  File "C:\Users\Евгения\Desktop\Projects_web\TeddysTale_with-BackEnd\venv\Lib\site-packages\django\core\handlers\exception.py", line 55, in inner
    response = get_response(request)
  File "C:\Users\Евгения\Desktop\Projects_web\TeddysTale_with-BackEnd\venv\Lib\site-packages\django\utils\deprecation.py", line 119, in __call__
    response = self.process_request(request)
  File "C:\Users\Евгения\Desktop\Projects_web\TeddysTale_with-BackEnd\venv\Lib\site-packages\django\middleware\csrf.py", line 403, in process_request
    csrf_secret = self._get_secret(request)
  File "C:\Users\Евгения\Desktop\Projects_web\TeddysTale_with-BackEnd\venv\Lib\site-packages\django\middleware\csrf.py", line 231, in _get_secret
    csrf_secret = request.session.get(CSRF_SESSION_KEY)
  File "C:\Users\Евгения\Desktop\Projects_web\TeddysTale_with-BackEnd\venv\Lib\site-packages\django\contrib\sessions\backends\base.py", line 74, in get
    return self._session.get(key, default)
           ^^^^^^^^^^^^^
  File "C:\Users\Евгения\Desktop\Projects_web\TeddysTale_with-BackEnd\venv\Lib\site-packages\django\contrib\sessions\backends\base.py", line 249, in _get_session
    self._session_cache = self.load()
                          ~~~~~~~~~^^
  File "C:\Users\Евгения\Desktop\Projects_web\TeddysTale_with-BackEnd\venv\Lib\site-packages\django\contrib\sessions\backends\db.py", line 55, in load
    s = self._get_session_from_db()
  File "C:\Users\Евгения\Desktop\Projects_web\TeddysTale_with-BackEnd\venv\Lib\site-packages\django\contrib\sessions\backends\db.py", line 34, in _get_session_from_db
    return self.model.objects.get(
           ~~~~~~~~~~~~~~~~~~~~~~^
        session_key=self.session_key, expire_date__gt=timezone.now()
        ^^^^^^^^^^^^^^^^^^^^^^^^^^^^^^^^^^^^^^^^^^^^^^^^^^^^^^^^^^^^
    )
    ^
  File "C:\Users\Евгения\Desktop\Projects_web\TeddysTale_with-BackEnd\venv\Lib\site-packages\django\db\models\manager.py", line 87, in manager_method
    return getattr(self.get_queryset(), name)(*args, **kwargs)
           ~~~~~~~~~~~~~~~~~~~~~~~~~~~~~~~~~~^^^^^^^^^^^^^^^^^
  File "C:\Users\Евгения\Desktop\Projects_web\TeddysTale_with-BackEnd\venv\Lib\site-packages\django\db\models\query.py", line 631, in get
    num = len(clone)
  File "C:\Users\Евгения\Desktop\Projects_web\TeddysTale_with-BackEnd\venv\Lib\site-packages\django\db\models\query.py", line 368, in __len__
    self._fetch_all()
    ~~~~~~~~~~~~~~~^^
  File "C:\Users\Евгения\Desktop\Projects_web\TeddysTale_with-BackEnd\venv\Lib\site-packages\django\db\models\query.py", line 1954, in _fetch_all
    self._result_cache = list(self._iterable_class(self))
                         ~~~~^^^^^^^^^^^^^^^^^^^^^^^^^^^^
  File "C:\Users\Евгения\Desktop\Projects_web\TeddysTale_with-BackEnd\venv\Lib\site-packages\django\db\models\query.py", line 93, in __iter__
    results = compiler.execute_sql(
        chunked_fetch=self.chunked_fetch, chunk_size=self.chunk_size
    )
  File "C:\Users\Евгения\Desktop\Projects_web\TeddysTale_with-BackEnd\venv\Lib\site-packages\django\db\models\sql\compiler.py", line 1621, in execute_sql
    cursor = self.connection.cursor()
  File "C:\Users\Евгения\Desktop\Projects_web\TeddysTale_with-BackEnd\venv\Lib\site-packages\django\utils\asyncio.py", line 26, in inner
    return func(*args, **kwargs)
  File "C:\Users\Евгения\Desktop\Projects_web\TeddysTale_with-BackEnd\venv\Lib\site-packages\django\db\backends\base\base.py", line 320, in cursor
    return self._cursor()
           ~~~~~~~~~~~~^^
  File "C:\Users\Евгения\Desktop\Projects_web\TeddysTale_with-BackEnd\venv\Lib\site-packages\django\db\backends\base\base.py", line 296, in _cursor
    self.ensure_connection()
    ~~~~~~~~~~~~~~~~~~~~~~^^
  File "C:\Users\Евгения\Desktop\Projects_web\TeddysTale_with-BackEnd\venv\Lib\site-packages\django\utils\asyncio.py", line 26, in inner
    return func(*args, **kwargs)
  File "C:\Users\Евгения\Desktop\Projects_web\TeddysTale_with-BackEnd\venv\Lib\site-packages\django\db\backends\base\base.py", line 278, in ensure_connection
    with self.wrap_database_errors:
         ^^^^^^^^^^^^^^^^^^^^^^^^^
  File "C:\Users\Евгения\Desktop\Projects_web\TeddysTale_with-BackEnd\venv\Lib\site-packages\django\db\utils.py", line 91, in __exit__
    raise dj_exc_value.with_traceback(traceback) from exc_value
  File "C:\Users\Евгения\Desktop\Projects_web\TeddysTale_with-BackEnd\venv\Lib\site-packages\django\db\backends\base\base.py", line 279, in ensure_connection
    self.connect()
    ~~~~~~~~~~~~^^
  File "C:\Users\Евгения\Desktop\Projects_web\TeddysTale_with-BackEnd\venv\Lib\site-packages\django\utils\asyncio.py", line 26, in inner
    return func(*args, **kwargs)
  File "C:\Users\Евгения\Desktop\Projects_web\TeddysTale_with-BackEnd\venv\Lib\site-packages\django\db\backends\base\base.py", line 256, in connect
    self.connection = self.get_new_connection(conn_params)
                      ~~~~~~~~~~~~~~~~~~~~~~~^^^^^^^^^^^^^
  File "C:\Users\Евгения\Desktop\Projects_web\TeddysTale_with-BackEnd\venv\Lib\site-packages\django\utils\asyncio.py", line 26, in inner
    return func(*args, **kwargs)
  File "C:\Users\Евгения\Desktop\Projects_web\TeddysTale_with-BackEnd\venv\Lib\site-packages\django\db\backends\postgresql\base.py", line 332, in get_new_connection
    connection = self.Database.connect(**conn_params)
  File "C:\Users\Евгения\Desktop\Projects_web\TeddysTale_with-BackEnd\venv\Lib\site-packages\psycopg2\__init__.py", line 135, in connect
    conn = _connect(dsn, connection_factory=connection_factory, **kwasync)
django.db.utils.OperationalError: connection to server at "aws-1-eu-west-1.pooler.supabase.com" (18.202.64.2), port 5432 failed: FATAL:  MaxClientsInSessionMode: max clients reached - in Session mode max clients are limited to pool_size

ERROR 2026-01-10 21:06:08,756 log 13196 4476 Internal Server Error: /
Traceback (most recent call last):
  File "C:\Users\Евгения\Desktop\Projects_web\TeddysTale_with-BackEnd\venv\Lib\site-packages\django\contrib\sessions\backends\base.py", line 244, in _get_session
    return self._session_cache
           ^^^^^^^^^^^^^^^^^^^
AttributeError: 'SessionStore' object has no attribute '_session_cache'

During handling of the above exception, another exception occurred:

Traceback (most recent call last):
  File "C:\Users\Евгения\Desktop\Projects_web\TeddysTale_with-BackEnd\venv\Lib\site-packages\django\db\backends\base\base.py", line 279, in ensure_connection
    self.connect()
    ~~~~~~~~~~~~^^
  File "C:\Users\Евгения\Desktop\Projects_web\TeddysTale_with-BackEnd\venv\Lib\site-packages\django\utils\asyncio.py", line 26, in inner
    return func(*args, **kwargs)
  File "C:\Users\Евгения\Desktop\Projects_web\TeddysTale_with-BackEnd\venv\Lib\site-packages\django\db\backends\base\base.py", line 256, in connect
    self.connection = self.get_new_connection(conn_params)
                      ~~~~~~~~~~~~~~~~~~~~~~~^^^^^^^^^^^^^
  File "C:\Users\Евгения\Desktop\Projects_web\TeddysTale_with-BackEnd\venv\Lib\site-packages\django\utils\asyncio.py", line 26, in inner
    return func(*args, **kwargs)
  File "C:\Users\Евгения\Desktop\Projects_web\TeddysTale_with-BackEnd\venv\Lib\site-packages\django\db\backends\postgresql\base.py", line 332, in get_new_connection
    connection = self.Database.connect(**conn_params)
  File "C:\Users\Евгения\Desktop\Projects_web\TeddysTale_with-BackEnd\venv\Lib\site-packages\psycopg2\__init__.py", line 135, in connect
    conn = _connect(dsn, connection_factory=connection_factory, **kwasync)
psycopg2.OperationalError: connection to server at "aws-1-eu-west-1.pooler.supabase.com" (54.247.26.119), port 5432 failed: FATAL:  MaxClientsInSessionMode: max clients reached - in Session mode max clients are limited to pool_size


The above exception was the direct cause of the following exception:

Traceback (most recent call last):
  File "C:\Users\Евгения\Desktop\Projects_web\TeddysTale_with-BackEnd\venv\Lib\site-packages\django\core\handlers\exception.py", line 55, in inner
    response = get_response(request)
  File "C:\Users\Евгения\Desktop\Projects_web\TeddysTale_with-BackEnd\venv\Lib\site-packages\django\utils\deprecation.py", line 122, in __call__
    response = self.process_response(request, response)
  File "C:\Users\Евгения\Desktop\Projects_web\TeddysTale_with-BackEnd\venv\Lib\site-packages\django\contrib\sessions\middleware.py", line 48, in process_response
    if request.session.get_expire_at_browser_close():
       ~~~~~~~~~~~~~~~~~~~~~~~~~~~~~~~~~~~~~~~~~~~^^
  File "C:\Users\Евгения\Desktop\Projects_web\TeddysTale_with-BackEnd\venv\Lib\site-packages\django\contrib\sessions\backends\base.py", line 403, in get_expire_at_browser_close
    if (expiry := self.get("_session_expiry")) is None:
                  ~~~~~~~~^^^^^^^^^^^^^^^^^^^
  File "C:\Users\Евгения\Desktop\Projects_web\TeddysTale_with-BackEnd\venv\Lib\site-packages\django\contrib\sessions\backends\base.py", line 74, in get
    return self._session.get(key, default)
           ^^^^^^^^^^^^^
  File "C:\Users\Евгения\Desktop\Projects_web\TeddysTale_with-BackEnd\venv\Lib\site-packages\django\contrib\sessions\backends\base.py", line 249, in _get_session
    self._session_cache = self.load()
                          ~~~~~~~~~^^
  File "C:\Users\Евгения\Desktop\Projects_web\TeddysTale_with-BackEnd\venv\Lib\site-packages\django\contrib\sessions\backends\db.py", line 55, in load
    s = self._get_session_from_db()
  File "C:\Users\Евгения\Desktop\Projects_web\TeddysTale_with-BackEnd\venv\Lib\site-packages\django\contrib\sessions\backends\db.py", line 34, in _get_session_from_db
    return self.model.objects.get(
           ~~~~~~~~~~~~~~~~~~~~~~^
        session_key=self.session_key, expire_date__gt=timezone.now()
        ^^^^^^^^^^^^^^^^^^^^^^^^^^^^^^^^^^^^^^^^^^^^^^^^^^^^^^^^^^^^
    )
    ^
  File "C:\Users\Евгения\Desktop\Projects_web\TeddysTale_with-BackEnd\venv\Lib\site-packages\django\db\models\manager.py", line 87, in manager_method
    return getattr(self.get_queryset(), name)(*args, **kwargs)
           ~~~~~~~~~~~~~~~~~~~~~~~~~~~~~~~~~~^^^^^^^^^^^^^^^^^
  File "C:\Users\Евгения\Desktop\Projects_web\TeddysTale_with-BackEnd\venv\Lib\site-packages\django\db\models\query.py", line 631, in get
    num = len(clone)
  File "C:\Users\Евгения\Desktop\Projects_web\TeddysTale_with-BackEnd\venv\Lib\site-packages\django\db\models\query.py", line 368, in __len__
    self._fetch_all()
    ~~~~~~~~~~~~~~~^^
  File "C:\Users\Евгения\Desktop\Projects_web\TeddysTale_with-BackEnd\venv\Lib\site-packages\django\db\models\query.py", line 1954, in _fetch_all
    self._result_cache = list(self._iterable_class(self))
                         ~~~~^^^^^^^^^^^^^^^^^^^^^^^^^^^^
  File "C:\Users\Евгения\Desktop\Projects_web\TeddysTale_with-BackEnd\venv\Lib\site-packages\django\db\models\query.py", line 93, in __iter__
    results = compiler.execute_sql(
        chunked_fetch=self.chunked_fetch, chunk_size=self.chunk_size
    )
  File "C:\Users\Евгения\Desktop\Projects_web\TeddysTale_with-BackEnd\venv\Lib\site-packages\django\db\models\sql\compiler.py", line 1621, in execute_sql
    cursor = self.connection.cursor()
  File "C:\Users\Евгения\Desktop\Projects_web\TeddysTale_with-BackEnd\venv\Lib\site-packages\django\utils\asyncio.py", line 26, in inner
    return func(*args, **kwargs)
  File "C:\Users\Евгения\Desktop\Projects_web\TeddysTale_with-BackEnd\venv\Lib\site-packages\django\db\backends\base\base.py", line 320, in cursor
    return self._cursor()
           ~~~~~~~~~~~~^^
  File "C:\Users\Евгения\Desktop\Projects_web\TeddysTale_with-BackEnd\venv\Lib\site-packages\django\db\backends\base\base.py", line 296, in _cursor
    self.ensure_connection()
    ~~~~~~~~~~~~~~~~~~~~~~^^
  File "C:\Users\Евгения\Desktop\Projects_web\TeddysTale_with-BackEnd\venv\Lib\site-packages\django\utils\asyncio.py", line 26, in inner
    return func(*args, **kwargs)
  File "C:\Users\Евгения\Desktop\Projects_web\TeddysTale_with-BackEnd\venv\Lib\site-packages\django\db\backends\base\base.py", line 278, in ensure_connection
    with self.wrap_database_errors:
         ^^^^^^^^^^^^^^^^^^^^^^^^^
  File "C:\Users\Евгения\Desktop\Projects_web\TeddysTale_with-BackEnd\venv\Lib\site-packages\django\db\utils.py", line 91, in __exit__
    raise dj_exc_value.with_traceback(traceback) from exc_value
  File "C:\Users\Евгения\Desktop\Projects_web\TeddysTale_with-BackEnd\venv\Lib\site-packages\django\db\backends\base\base.py", line 279, in ensure_connection
    self.connect()
    ~~~~~~~~~~~~^^
  File "C:\Users\Евгения\Desktop\Projects_web\TeddysTale_with-BackEnd\venv\Lib\site-packages\django\utils\asyncio.py", line 26, in inner
    return func(*args, **kwargs)
  File "C:\Users\Евгения\Desktop\Projects_web\TeddysTale_with-BackEnd\venv\Lib\site-packages\django\db\backends\base\base.py", line 256, in connect
    self.connection = self.get_new_connection(conn_params)
                      ~~~~~~~~~~~~~~~~~~~~~~~^^^^^^^^^^^^^
  File "C:\Users\Евгения\Desktop\Projects_web\TeddysTale_with-BackEnd\venv\Lib\site-packages\django\utils\asyncio.py", line 26, in inner
    return func(*args, **kwargs)
  File "C:\Users\Евгения\Desktop\Projects_web\TeddysTale_with-BackEnd\venv\Lib\site-packages\django\db\backends\postgresql\base.py", line 332, in get_new_connection
    connection = self.Database.connect(**conn_params)
  File "C:\Users\Евгения\Desktop\Projects_web\TeddysTale_with-BackEnd\venv\Lib\site-packages\psycopg2\__init__.py", line 135, in connect
    conn = _connect(dsn, connection_factory=connection_factory, **kwasync)
django.db.utils.OperationalError: connection to server at "aws-1-eu-west-1.pooler.supabase.com" (54.247.26.119), port 5432 failed: FATAL:  MaxClientsInSessionMode: max clients reached - in Session mode max clients are limited to pool_size

ERROR 2026-01-10 21:06:08,822 basehttp 13196 4476 "GET / HTTP/1.1" 500 216292
ERROR 2026-01-10 21:06:11,651 log 13196 6240 Internal Server Error: /favicon.ico
Traceback (most recent call last):
  File "C:\Users\Евгения\Desktop\Projects_web\TeddysTale_with-BackEnd\venv\Lib\site-packages\django\contrib\sessions\backends\base.py", line 244, in _get_session
    return self._session_cache
           ^^^^^^^^^^^^^^^^^^^
AttributeError: 'SessionStore' object has no attribute '_session_cache'

During handling of the above exception, another exception occurred:

Traceback (most recent call last):
  File "C:\Users\Евгения\Desktop\Projects_web\TeddysTale_with-BackEnd\venv\Lib\site-packages\django\db\backends\base\base.py", line 279, in ensure_connection
    self.connect()
    ~~~~~~~~~~~~^^
  File "C:\Users\Евгения\Desktop\Projects_web\TeddysTale_with-BackEnd\venv\Lib\site-packages\django\utils\asyncio.py", line 26, in inner
    return func(*args, **kwargs)
  File "C:\Users\Евгения\Desktop\Projects_web\TeddysTale_with-BackEnd\venv\Lib\site-packages\django\db\backends\base\base.py", line 256, in connect
    self.connection = self.get_new_connection(conn_params)
                      ~~~~~~~~~~~~~~~~~~~~~~~^^^^^^^^^^^^^
  File "C:\Users\Евгения\Desktop\Projects_web\TeddysTale_with-BackEnd\venv\Lib\site-packages\django\utils\asyncio.py", line 26, in inner
    return func(*args, **kwargs)
  File "C:\Users\Евгения\Desktop\Projects_web\TeddysTale_with-BackEnd\venv\Lib\site-packages\django\db\backends\postgresql\base.py", line 332, in get_new_connection
    connection = self.Database.connect(**conn_params)
  File "C:\Users\Евгения\Desktop\Projects_web\TeddysTale_with-BackEnd\venv\Lib\site-packages\psycopg2\__init__.py", line 135, in connect
    conn = _connect(dsn, connection_factory=connection_factory, **kwasync)
psycopg2.OperationalError: connection to server at "aws-1-eu-west-1.pooler.supabase.com" (54.247.26.119), port 5432 failed: FATAL:  MaxClientsInSessionMode: max clients reached - in Session mode max clients are limited to pool_size


The above exception was the direct cause of the following exception:

Traceback (most recent call last):
  File "C:\Users\Евгения\Desktop\Projects_web\TeddysTale_with-BackEnd\venv\Lib\site-packages\django\core\handlers\exception.py", line 55, in inner
    response = get_response(request)
  File "C:\Users\Евгения\Desktop\Projects_web\TeddysTale_with-BackEnd\venv\Lib\site-packages\django\utils\deprecation.py", line 119, in __call__
    response = self.process_request(request)
  File "C:\Users\Евгения\Desktop\Projects_web\TeddysTale_with-BackEnd\venv\Lib\site-packages\django\middleware\csrf.py", line 403, in process_request
    csrf_secret = self._get_secret(request)
  File "C:\Users\Евгения\Desktop\Projects_web\TeddysTale_with-BackEnd\venv\Lib\site-packages\django\middleware\csrf.py", line 231, in _get_secret
    csrf_secret = request.session.get(CSRF_SESSION_KEY)
  File "C:\Users\Евгения\Desktop\Projects_web\TeddysTale_with-BackEnd\venv\Lib\site-packages\django\contrib\sessions\backends\base.py", line 74, in get
    return self._session.get(key, default)
           ^^^^^^^^^^^^^
  File "C:\Users\Евгения\Desktop\Projects_web\TeddysTale_with-BackEnd\venv\Lib\site-packages\django\contrib\sessions\backends\base.py", line 249, in _get_session
    self._session_cache = self.load()
                          ~~~~~~~~~^^
  File "C:\Users\Евгения\Desktop\Projects_web\TeddysTale_with-BackEnd\venv\Lib\site-packages\django\contrib\sessions\backends\db.py", line 55, in load
    s = self._get_session_from_db()
  File "C:\Users\Евгения\Desktop\Projects_web\TeddysTale_with-BackEnd\venv\Lib\site-packages\django\contrib\sessions\backends\db.py", line 34, in _get_session_from_db
    return self.model.objects.get(
           ~~~~~~~~~~~~~~~~~~~~~~^
        session_key=self.session_key, expire_date__gt=timezone.now()
        ^^^^^^^^^^^^^^^^^^^^^^^^^^^^^^^^^^^^^^^^^^^^^^^^^^^^^^^^^^^^
    )
    ^
  File "C:\Users\Евгения\Desktop\Projects_web\TeddysTale_with-BackEnd\venv\Lib\site-packages\django\db\models\manager.py", line 87, in manager_method
    return getattr(self.get_queryset(), name)(*args, **kwargs)
           ~~~~~~~~~~~~~~~~~~~~~~~~~~~~~~~~~~^^^^^^^^^^^^^^^^^
  File "C:\Users\Евгения\Desktop\Projects_web\TeddysTale_with-BackEnd\venv\Lib\site-packages\django\db\models\query.py", line 631, in get
    num = len(clone)
  File "C:\Users\Евгения\Desktop\Projects_web\TeddysTale_with-BackEnd\venv\Lib\site-packages\django\db\models\query.py", line 368, in __len__
    self._fetch_all()
    ~~~~~~~~~~~~~~~^^
  File "C:\Users\Евгения\Desktop\Projects_web\TeddysTale_with-BackEnd\venv\Lib\site-packages\django\db\models\query.py", line 1954, in _fetch_all
    self._result_cache = list(self._iterable_class(self))
                         ~~~~^^^^^^^^^^^^^^^^^^^^^^^^^^^^
  File "C:\Users\Евгения\Desktop\Projects_web\TeddysTale_with-BackEnd\venv\Lib\site-packages\django\db\models\query.py", line 93, in __iter__
    results = compiler.execute_sql(
        chunked_fetch=self.chunked_fetch, chunk_size=self.chunk_size
    )
  File "C:\Users\Евгения\Desktop\Projects_web\TeddysTale_with-BackEnd\venv\Lib\site-packages\django\db\models\sql\compiler.py", line 1621, in execute_sql
    cursor = self.connection.cursor()
  File "C:\Users\Евгения\Desktop\Projects_web\TeddysTale_with-BackEnd\venv\Lib\site-packages\django\utils\asyncio.py", line 26, in inner
    return func(*args, **kwargs)
  File "C:\Users\Евгения\Desktop\Projects_web\TeddysTale_with-BackEnd\venv\Lib\site-packages\django\db\backends\base\base.py", line 320, in cursor
    return self._cursor()
           ~~~~~~~~~~~~^^
  File "C:\Users\Евгения\Desktop\Projects_web\TeddysTale_with-BackEnd\venv\Lib\site-packages\django\db\backends\base\base.py", line 296, in _cursor
    self.ensure_connection()
    ~~~~~~~~~~~~~~~~~~~~~~^^
  File "C:\Users\Евгения\Desktop\Projects_web\TeddysTale_with-BackEnd\venv\Lib\site-packages\django\utils\asyncio.py", line 26, in inner
    return func(*args, **kwargs)
  File "C:\Users\Евгения\Desktop\Projects_web\TeddysTale_with-BackEnd\venv\Lib\site-packages\django\db\backends\base\base.py", line 278, in ensure_connection
    with self.wrap_database_errors:
         ^^^^^^^^^^^^^^^^^^^^^^^^^
  File "C:\Users\Евгения\Desktop\Projects_web\TeddysTale_with-BackEnd\venv\Lib\site-packages\django\db\utils.py", line 91, in __exit__
    raise dj_exc_value.with_traceback(traceback) from exc_value
  File "C:\Users\Евгения\Desktop\Projects_web\TeddysTale_with-BackEnd\venv\Lib\site-packages\django\db\backends\base\base.py", line 279, in ensure_connection
    self.connect()
    ~~~~~~~~~~~~^^
  File "C:\Users\Евгения\Desktop\Projects_web\TeddysTale_with-BackEnd\venv\Lib\site-packages\django\utils\asyncio.py", line 26, in inner
    return func(*args, **kwargs)
  File "C:\Users\Евгения\Desktop\Projects_web\TeddysTale_with-BackEnd\venv\Lib\site-packages\django\db\backends\base\base.py", line 256, in connect
    self.connection = self.get_new_connection(conn_params)
                      ~~~~~~~~~~~~~~~~~~~~~~~^^^^^^^^^^^^^
  File "C:\Users\Евгения\Desktop\Projects_web\TeddysTale_with-BackEnd\venv\Lib\site-packages\django\utils\asyncio.py", line 26, in inner
    return func(*args, **kwargs)
  File "C:\Users\Евгения\Desktop\Projects_web\TeddysTale_with-BackEnd\venv\Lib\site-packages\django\db\backends\postgresql\base.py", line 332, in get_new_connection
    connection = self.Database.connect(**conn_params)
  File "C:\Users\Евгения\Desktop\Projects_web\TeddysTale_with-BackEnd\venv\Lib\site-packages\psycopg2\__init__.py", line 135, in connect
    conn = _connect(dsn, connection_factory=connection_factory, **kwasync)
django.db.utils.OperationalError: connection to server at "aws-1-eu-west-1.pooler.supabase.com" (54.247.26.119), port 5432 failed: FATAL:  MaxClientsInSessionMode: max clients reached - in Session mode max clients are limited to pool_size

ERROR 2026-01-10 21:06:13,417 log 13196 6240 Internal Server Error: /favicon.ico
Traceback (most recent call last):
  File "C:\Users\Евгения\Desktop\Projects_web\TeddysTale_with-BackEnd\venv\Lib\site-packages\django\contrib\sessions\backends\base.py", line 244, in _get_session
    return self._session_cache
           ^^^^^^^^^^^^^^^^^^^
AttributeError: 'SessionStore' object has no attribute '_session_cache'

During handling of the above exception, another exception occurred:

Traceback (most recent call last):
  File "C:\Users\Евгения\Desktop\Projects_web\TeddysTale_with-BackEnd\venv\Lib\site-packages\django\db\backends\base\base.py", line 279, in ensure_connection
    self.connect()
    ~~~~~~~~~~~~^^
  File "C:\Users\Евгения\Desktop\Projects_web\TeddysTale_with-BackEnd\venv\Lib\site-packages\django\utils\asyncio.py", line 26, in inner
    return func(*args, **kwargs)
  File "C:\Users\Евгения\Desktop\Projects_web\TeddysTale_with-BackEnd\venv\Lib\site-packages\django\db\backends\base\base.py", line 256, in connect
    self.connection = self.get_new_connection(conn_params)
                      ~~~~~~~~~~~~~~~~~~~~~~~^^^^^^^^^^^^^
  File "C:\Users\Евгения\Desktop\Projects_web\TeddysTale_with-BackEnd\venv\Lib\site-packages\django\utils\asyncio.py", line 26, in inner
    return func(*args, **kwargs)
  File "C:\Users\Евгения\Desktop\Projects_web\TeddysTale_with-BackEnd\venv\Lib\site-packages\django\db\backends\postgresql\base.py", line 332, in get_new_connection
    connection = self.Database.connect(**conn_params)
  File "C:\Users\Евгения\Desktop\Projects_web\TeddysTale_with-BackEnd\venv\Lib\site-packages\psycopg2\__init__.py", line 135, in connect
    conn = _connect(dsn, connection_factory=connection_factory, **kwasync)
psycopg2.OperationalError: connection to server at "aws-1-eu-west-1.pooler.supabase.com" (54.247.26.119), port 5432 failed: FATAL:  MaxClientsInSessionMode: max clients reached - in Session mode max clients are limited to pool_size


The above exception was the direct cause of the following exception:

Traceback (most recent call last):
  File "C:\Users\Евгения\Desktop\Projects_web\TeddysTale_with-BackEnd\venv\Lib\site-packages\django\core\handlers\exception.py", line 55, in inner
    response = get_response(request)
  File "C:\Users\Евгения\Desktop\Projects_web\TeddysTale_with-BackEnd\venv\Lib\site-packages\django\utils\deprecation.py", line 122, in __call__
    response = self.process_response(request, response)
  File "C:\Users\Евгения\Desktop\Projects_web\TeddysTale_with-BackEnd\venv\Lib\site-packages\django\contrib\sessions\middleware.py", line 48, in process_response
    if request.session.get_expire_at_browser_close():
       ~~~~~~~~~~~~~~~~~~~~~~~~~~~~~~~~~~~~~~~~~~~^^
  File "C:\Users\Евгения\Desktop\Projects_web\TeddysTale_with-BackEnd\venv\Lib\site-packages\django\contrib\sessions\backends\base.py", line 403, in get_expire_at_browser_close
    if (expiry := self.get("_session_expiry")) is None:
                  ~~~~~~~~^^^^^^^^^^^^^^^^^^^
  File "C:\Users\Евгения\Desktop\Projects_web\TeddysTale_with-BackEnd\venv\Lib\site-packages\django\contrib\sessions\backends\base.py", line 74, in get
    return self._session.get(key, default)
           ^^^^^^^^^^^^^
  File "C:\Users\Евгения\Desktop\Projects_web\TeddysTale_with-BackEnd\venv\Lib\site-packages\django\contrib\sessions\backends\base.py", line 249, in _get_session
    self._session_cache = self.load()
                          ~~~~~~~~~^^
  File "C:\Users\Евгения\Desktop\Projects_web\TeddysTale_with-BackEnd\venv\Lib\site-packages\django\contrib\sessions\backends\db.py", line 55, in load
    s = self._get_session_from_db()
  File "C:\Users\Евгения\Desktop\Projects_web\TeddysTale_with-BackEnd\venv\Lib\site-packages\django\contrib\sessions\backends\db.py", line 34, in _get_session_from_db
    return self.model.objects.get(
           ~~~~~~~~~~~~~~~~~~~~~~^
        session_key=self.session_key, expire_date__gt=timezone.now()
        ^^^^^^^^^^^^^^^^^^^^^^^^^^^^^^^^^^^^^^^^^^^^^^^^^^^^^^^^^^^^
    )
    ^
  File "C:\Users\Евгения\Desktop\Projects_web\TeddysTale_with-BackEnd\venv\Lib\site-packages\django\db\models\manager.py", line 87, in manager_method
    return getattr(self.get_queryset(), name)(*args, **kwargs)
           ~~~~~~~~~~~~~~~~~~~~~~~~~~~~~~~~~~^^^^^^^^^^^^^^^^^
  File "C:\Users\Евгения\Desktop\Projects_web\TeddysTale_with-BackEnd\venv\Lib\site-packages\django\db\models\query.py", line 631, in get
    num = len(clone)
  File "C:\Users\Евгения\Desktop\Projects_web\TeddysTale_with-BackEnd\venv\Lib\site-packages\django\db\models\query.py", line 368, in __len__
    self._fetch_all()
    ~~~~~~~~~~~~~~~^^
  File "C:\Users\Евгения\Desktop\Projects_web\TeddysTale_with-BackEnd\venv\Lib\site-packages\django\db\models\query.py", line 1954, in _fetch_all
    self._result_cache = list(self._iterable_class(self))
                         ~~~~^^^^^^^^^^^^^^^^^^^^^^^^^^^^
  File "C:\Users\Евгения\Desktop\Projects_web\TeddysTale_with-BackEnd\venv\Lib\site-packages\django\db\models\query.py", line 93, in __iter__
    results = compiler.execute_sql(
        chunked_fetch=self.chunked_fetch, chunk_size=self.chunk_size
    )
  File "C:\Users\Евгения\Desktop\Projects_web\TeddysTale_with-BackEnd\venv\Lib\site-packages\django\db\models\sql\compiler.py", line 1621, in execute_sql
    cursor = self.connection.cursor()
  File "C:\Users\Евгения\Desktop\Projects_web\TeddysTale_with-BackEnd\venv\Lib\site-packages\django\utils\asyncio.py", line 26, in inner
    return func(*args, **kwargs)
  File "C:\Users\Евгения\Desktop\Projects_web\TeddysTale_with-BackEnd\venv\Lib\site-packages\django\db\backends\base\base.py", line 320, in cursor
    return self._cursor()
           ~~~~~~~~~~~~^^
  File "C:\Users\Евгения\Desktop\Projects_web\TeddysTale_with-BackEnd\venv\Lib\site-packages\django\db\backends\base\base.py", line 296, in _cursor
    self.ensure_connection()
    ~~~~~~~~~~~~~~~~~~~~~~^^
  File "C:\Users\Евгения\Desktop\Projects_web\TeddysTale_with-BackEnd\venv\Lib\site-packages\django\utils\asyncio.py", line 26, in inner
    return func(*args, **kwargs)
  File "C:\Users\Евгения\Desktop\Projects_web\TeddysTale_with-BackEnd\venv\Lib\site-packages\django\db\backends\base\base.py", line 278, in ensure_connection
    with self.wrap_database_errors:
         ^^^^^^^^^^^^^^^^^^^^^^^^^
  File "C:\Users\Евгения\Desktop\Projects_web\TeddysTale_with-BackEnd\venv\Lib\site-packages\django\db\utils.py", line 91, in __exit__
    raise dj_exc_value.with_traceback(traceback) from exc_value
  File "C:\Users\Евгения\Desktop\Projects_web\TeddysTale_with-BackEnd\venv\Lib\site-packages\django\db\backends\base\base.py", line 279, in ensure_connection
    self.connect()
    ~~~~~~~~~~~~^^
  File "C:\Users\Евгения\Desktop\Projects_web\TeddysTale_with-BackEnd\venv\Lib\site-packages\django\utils\asyncio.py", line 26, in inner
    return func(*args, **kwargs)
  File "C:\Users\Евгения\Desktop\Projects_web\TeddysTale_with-BackEnd\venv\Lib\site-packages\django\db\backends\base\base.py", line 256, in connect
    self.connection = self.get_new_connection(conn_params)
                      ~~~~~~~~~~~~~~~~~~~~~~~^^^^^^^^^^^^^
  File "C:\Users\Евгения\Desktop\Projects_web\TeddysTale_with-BackEnd\venv\Lib\site-packages\django\utils\asyncio.py", line 26, in inner
    return func(*args, **kwargs)
  File "C:\Users\Евгения\Desktop\Projects_web\TeddysTale_with-BackEnd\venv\Lib\site-packages\django\db\backends\postgresql\base.py", line 332, in get_new_connection
    connection = self.Database.connect(**conn_params)
  File "C:\Users\Евгения\Desktop\Projects_web\TeddysTale_with-BackEnd\venv\Lib\site-packages\psycopg2\__init__.py", line 135, in connect
    conn = _connect(dsn, connection_factory=connection_factory, **kwasync)
django.db.utils.OperationalError: connection to server at "aws-1-eu-west-1.pooler.supabase.com" (54.247.26.119), port 5432 failed: FATAL:  MaxClientsInSessionMode: max clients reached - in Session mode max clients are limited to pool_size

ERROR 2026-01-10 21:06:13,487 basehttp 13196 6240 "GET /favicon.ico HTTP/1.1" 500 215099
ERROR 2026-01-10 21:06:20,680 log 13196 14404 Internal Server Error: /
Traceback (most recent call last):
  File "C:\Users\Евгения\Desktop\Projects_web\TeddysTale_with-BackEnd\venv\Lib\site-packages\django\contrib\sessions\backends\base.py", line 244, in _get_session
    return self._session_cache
           ^^^^^^^^^^^^^^^^^^^
AttributeError: 'SessionStore' object has no attribute '_session_cache'

During handling of the above exception, another exception occurred:

Traceback (most recent call last):
  File "C:\Users\Евгения\Desktop\Projects_web\TeddysTale_with-BackEnd\venv\Lib\site-packages\django\db\backends\base\base.py", line 279, in ensure_connection
    self.connect()
    ~~~~~~~~~~~~^^
  File "C:\Users\Евгения\Desktop\Projects_web\TeddysTale_with-BackEnd\venv\Lib\site-packages\django\utils\asyncio.py", line 26, in inner
    return func(*args, **kwargs)
  File "C:\Users\Евгения\Desktop\Projects_web\TeddysTale_with-BackEnd\venv\Lib\site-packages\django\db\backends\base\base.py", line 256, in connect
    self.connection = self.get_new_connection(conn_params)
                      ~~~~~~~~~~~~~~~~~~~~~~~^^^^^^^^^^^^^
  File "C:\Users\Евгения\Desktop\Projects_web\TeddysTale_with-BackEnd\venv\Lib\site-packages\django\utils\asyncio.py", line 26, in inner
    return func(*args, **kwargs)
  File "C:\Users\Евгения\Desktop\Projects_web\TeddysTale_with-BackEnd\venv\Lib\site-packages\django\db\backends\postgresql\base.py", line 332, in get_new_connection
    connection = self.Database.connect(**conn_params)
  File "C:\Users\Евгения\Desktop\Projects_web\TeddysTale_with-BackEnd\venv\Lib\site-packages\psycopg2\__init__.py", line 135, in connect
    conn = _connect(dsn, connection_factory=connection_factory, **kwasync)
psycopg2.OperationalError: connection to server at "aws-1-eu-west-1.pooler.supabase.com" (54.247.26.119), port 5432 failed: FATAL:  MaxClientsInSessionMode: max clients reached - in Session mode max clients are limited to pool_size


The above exception was the direct cause of the following exception:

Traceback (most recent call last):
  File "C:\Users\Евгения\Desktop\Projects_web\TeddysTale_with-BackEnd\venv\Lib\site-packages\django\core\handlers\exception.py", line 55, in inner
    response = get_response(request)
  File "C:\Users\Евгения\Desktop\Projects_web\TeddysTale_with-BackEnd\venv\Lib\site-packages\django\utils\deprecation.py", line 119, in __call__
    response = self.process_request(request)
  File "C:\Users\Евгения\Desktop\Projects_web\TeddysTale_with-BackEnd\venv\Lib\site-packages\django\middleware\csrf.py", line 403, in process_request
    csrf_secret = self._get_secret(request)
  File "C:\Users\Евгения\Desktop\Projects_web\TeddysTale_with-BackEnd\venv\Lib\site-packages\django\middleware\csrf.py", line 231, in _get_secret
    csrf_secret = request.session.get(CSRF_SESSION_KEY)
  File "C:\Users\Евгения\Desktop\Projects_web\TeddysTale_with-BackEnd\venv\Lib\site-packages\django\contrib\sessions\backends\base.py", line 74, in get
    return self._session.get(key, default)
           ^^^^^^^^^^^^^
  File "C:\Users\Евгения\Desktop\Projects_web\TeddysTale_with-BackEnd\venv\Lib\site-packages\django\contrib\sessions\backends\base.py", line 249, in _get_session
    self._session_cache = self.load()
                          ~~~~~~~~~^^
  File "C:\Users\Евгения\Desktop\Projects_web\TeddysTale_with-BackEnd\venv\Lib\site-packages\django\contrib\sessions\backends\db.py", line 55, in load
    s = self._get_session_from_db()
  File "C:\Users\Евгения\Desktop\Projects_web\TeddysTale_with-BackEnd\venv\Lib\site-packages\django\contrib\sessions\backends\db.py", line 34, in _get_session_from_db
    return self.model.objects.get(
           ~~~~~~~~~~~~~~~~~~~~~~^
        session_key=self.session_key, expire_date__gt=timezone.now()
        ^^^^^^^^^^^^^^^^^^^^^^^^^^^^^^^^^^^^^^^^^^^^^^^^^^^^^^^^^^^^
    )
    ^
  File "C:\Users\Евгения\Desktop\Projects_web\TeddysTale_with-BackEnd\venv\Lib\site-packages\django\db\models\manager.py", line 87, in manager_method
    return getattr(self.get_queryset(), name)(*args, **kwargs)
           ~~~~~~~~~~~~~~~~~~~~~~~~~~~~~~~~~~^^^^^^^^^^^^^^^^^
  File "C:\Users\Евгения\Desktop\Projects_web\TeddysTale_with-BackEnd\venv\Lib\site-packages\django\db\models\query.py", line 631, in get
    num = len(clone)
  File "C:\Users\Евгения\Desktop\Projects_web\TeddysTale_with-BackEnd\venv\Lib\site-packages\django\db\models\query.py", line 368, in __len__
    self._fetch_all()
    ~~~~~~~~~~~~~~~^^
  File "C:\Users\Евгения\Desktop\Projects_web\TeddysTale_with-BackEnd\venv\Lib\site-packages\django\db\models\query.py", line 1954, in _fetch_all
    self._result_cache = list(self._iterable_class(self))
                         ~~~~^^^^^^^^^^^^^^^^^^^^^^^^^^^^
  File "C:\Users\Евгения\Desktop\Projects_web\TeddysTale_with-BackEnd\venv\Lib\site-packages\django\db\models\query.py", line 93, in __iter__
    results = compiler.execute_sql(
        chunked_fetch=self.chunked_fetch, chunk_size=self.chunk_size
    )
  File "C:\Users\Евгения\Desktop\Projects_web\TeddysTale_with-BackEnd\venv\Lib\site-packages\django\db\models\sql\compiler.py", line 1621, in execute_sql
    cursor = self.connection.cursor()
  File "C:\Users\Евгения\Desktop\Projects_web\TeddysTale_with-BackEnd\venv\Lib\site-packages\django\utils\asyncio.py", line 26, in inner
    return func(*args, **kwargs)
  File "C:\Users\Евгения\Desktop\Projects_web\TeddysTale_with-BackEnd\venv\Lib\site-packages\django\db\backends\base\base.py", line 320, in cursor
    return self._cursor()
           ~~~~~~~~~~~~^^
  File "C:\Users\Евгения\Desktop\Projects_web\TeddysTale_with-BackEnd\venv\Lib\site-packages\django\db\backends\base\base.py", line 296, in _cursor
    self.ensure_connection()
    ~~~~~~~~~~~~~~~~~~~~~~^^
  File "C:\Users\Евгения\Desktop\Projects_web\TeddysTale_with-BackEnd\venv\Lib\site-packages\django\utils\asyncio.py", line 26, in inner
    return func(*args, **kwargs)
  File "C:\Users\Евгения\Desktop\Projects_web\TeddysTale_with-BackEnd\venv\Lib\site-packages\django\db\backends\base\base.py", line 278, in ensure_connection
    with self.wrap_database_errors:
         ^^^^^^^^^^^^^^^^^^^^^^^^^
  File "C:\Users\Евгения\Desktop\Projects_web\TeddysTale_with-BackEnd\venv\Lib\site-packages\django\db\utils.py", line 91, in __exit__
    raise dj_exc_value.with_traceback(traceback) from exc_value
  File "C:\Users\Евгения\Desktop\Projects_web\TeddysTale_with-BackEnd\venv\Lib\site-packages\django\db\backends\base\base.py", line 279, in ensure_connection
    self.connect()
    ~~~~~~~~~~~~^^
  File "C:\Users\Евгения\Desktop\Projects_web\TeddysTale_with-BackEnd\venv\Lib\site-packages\django\utils\asyncio.py", line 26, in inner
    return func(*args, **kwargs)
  File "C:\Users\Евгения\Desktop\Projects_web\TeddysTale_with-BackEnd\venv\Lib\site-packages\django\db\backends\base\base.py", line 256, in connect
    self.connection = self.get_new_connection(conn_params)
                      ~~~~~~~~~~~~~~~~~~~~~~~^^^^^^^^^^^^^
  File "C:\Users\Евгения\Desktop\Projects_web\TeddysTale_with-BackEnd\venv\Lib\site-packages\django\utils\asyncio.py", line 26, in inner
    return func(*args, **kwargs)
  File "C:\Users\Евгения\Desktop\Projects_web\TeddysTale_with-BackEnd\venv\Lib\site-packages\django\db\backends\postgresql\base.py", line 332, in get_new_connection
    connection = self.Database.connect(**conn_params)
  File "C:\Users\Евгения\Desktop\Projects_web\TeddysTale_with-BackEnd\venv\Lib\site-packages\psycopg2\__init__.py", line 135, in connect
    conn = _connect(dsn, connection_factory=connection_factory, **kwasync)
django.db.utils.OperationalError: connection to server at "aws-1-eu-west-1.pooler.supabase.com" (54.247.26.119), port 5432 failed: FATAL:  MaxClientsInSessionMode: max clients reached - in Session mode max clients are limited to pool_size

ERROR 2026-01-10 21:06:23,421 log 13196 14404 Internal Server Error: /
Traceback (most recent call last):
  File "C:\Users\Евгения\Desktop\Projects_web\TeddysTale_with-BackEnd\venv\Lib\site-packages\django\contrib\sessions\backends\base.py", line 244, in _get_session
    return self._session_cache
           ^^^^^^^^^^^^^^^^^^^
AttributeError: 'SessionStore' object has no attribute '_session_cache'

During handling of the above exception, another exception occurred:

Traceback (most recent call last):
  File "C:\Users\Евгения\Desktop\Projects_web\TeddysTale_with-BackEnd\venv\Lib\site-packages\django\db\backends\base\base.py", line 279, in ensure_connection
    self.connect()
    ~~~~~~~~~~~~^^
  File "C:\Users\Евгения\Desktop\Projects_web\TeddysTale_with-BackEnd\venv\Lib\site-packages\django\utils\asyncio.py", line 26, in inner
    return func(*args, **kwargs)
  File "C:\Users\Евгения\Desktop\Projects_web\TeddysTale_with-BackEnd\venv\Lib\site-packages\django\db\backends\base\base.py", line 256, in connect
    self.connection = self.get_new_connection(conn_params)
                      ~~~~~~~~~~~~~~~~~~~~~~~^^^^^^^^^^^^^
  File "C:\Users\Евгения\Desktop\Projects_web\TeddysTale_with-BackEnd\venv\Lib\site-packages\django\utils\asyncio.py", line 26, in inner
    return func(*args, **kwargs)
  File "C:\Users\Евгения\Desktop\Projects_web\TeddysTale_with-BackEnd\venv\Lib\site-packages\django\db\backends\postgresql\base.py", line 332, in get_new_connection
    connection = self.Database.connect(**conn_params)
  File "C:\Users\Евгения\Desktop\Projects_web\TeddysTale_with-BackEnd\venv\Lib\site-packages\psycopg2\__init__.py", line 135, in connect
    conn = _connect(dsn, connection_factory=connection_factory, **kwasync)
psycopg2.OperationalError: connection to server at "aws-1-eu-west-1.pooler.supabase.com" (54.247.26.119), port 5432 failed: FATAL:  MaxClientsInSessionMode: max clients reached - in Session mode max clients are limited to pool_size


The above exception was the direct cause of the following exception:

Traceback (most recent call last):
  File "C:\Users\Евгения\Desktop\Projects_web\TeddysTale_with-BackEnd\venv\Lib\site-packages\django\core\handlers\exception.py", line 55, in inner
    response = get_response(request)
  File "C:\Users\Евгения\Desktop\Projects_web\TeddysTale_with-BackEnd\venv\Lib\site-packages\django\utils\deprecation.py", line 122, in __call__
    response = self.process_response(request, response)
  File "C:\Users\Евгения\Desktop\Projects_web\TeddysTale_with-BackEnd\venv\Lib\site-packages\django\contrib\sessions\middleware.py", line 48, in process_response
    if request.session.get_expire_at_browser_close():
       ~~~~~~~~~~~~~~~~~~~~~~~~~~~~~~~~~~~~~~~~~~~^^
  File "C:\Users\Евгения\Desktop\Projects_web\TeddysTale_with-BackEnd\venv\Lib\site-packages\django\contrib\sessions\backends\base.py", line 403, in get_expire_at_browser_close
    if (expiry := self.get("_session_expiry")) is None:
                  ~~~~~~~~^^^^^^^^^^^^^^^^^^^
  File "C:\Users\Евгения\Desktop\Projects_web\TeddysTale_with-BackEnd\venv\Lib\site-packages\django\contrib\sessions\backends\base.py", line 74, in get
    return self._session.get(key, default)
           ^^^^^^^^^^^^^
  File "C:\Users\Евгения\Desktop\Projects_web\TeddysTale_with-BackEnd\venv\Lib\site-packages\django\contrib\sessions\backends\base.py", line 249, in _get_session
    self._session_cache = self.load()
                          ~~~~~~~~~^^
  File "C:\Users\Евгения\Desktop\Projects_web\TeddysTale_with-BackEnd\venv\Lib\site-packages\django\contrib\sessions\backends\db.py", line 55, in load
    s = self._get_session_from_db()
  File "C:\Users\Евгения\Desktop\Projects_web\TeddysTale_with-BackEnd\venv\Lib\site-packages\django\contrib\sessions\backends\db.py", line 34, in _get_session_from_db
    return self.model.objects.get(
           ~~~~~~~~~~~~~~~~~~~~~~^
        session_key=self.session_key, expire_date__gt=timezone.now()
        ^^^^^^^^^^^^^^^^^^^^^^^^^^^^^^^^^^^^^^^^^^^^^^^^^^^^^^^^^^^^
    )
    ^
  File "C:\Users\Евгения\Desktop\Projects_web\TeddysTale_with-BackEnd\venv\Lib\site-packages\django\db\models\manager.py", line 87, in manager_method
    return getattr(self.get_queryset(), name)(*args, **kwargs)
           ~~~~~~~~~~~~~~~~~~~~~~~~~~~~~~~~~~^^^^^^^^^^^^^^^^^
  File "C:\Users\Евгения\Desktop\Projects_web\TeddysTale_with-BackEnd\venv\Lib\site-packages\django\db\models\query.py", line 631, in get
    num = len(clone)
  File "C:\Users\Евгения\Desktop\Projects_web\TeddysTale_with-BackEnd\venv\Lib\site-packages\django\db\models\query.py", line 368, in __len__
    self._fetch_all()
    ~~~~~~~~~~~~~~~^^
  File "C:\Users\Евгения\Desktop\Projects_web\TeddysTale_with-BackEnd\venv\Lib\site-packages\django\db\models\query.py", line 1954, in _fetch_all
    self._result_cache = list(self._iterable_class(self))
                         ~~~~^^^^^^^^^^^^^^^^^^^^^^^^^^^^
  File "C:\Users\Евгения\Desktop\Projects_web\TeddysTale_with-BackEnd\venv\Lib\site-packages\django\db\models\query.py", line 93, in __iter__
    results = compiler.execute_sql(
        chunked_fetch=self.chunked_fetch, chunk_size=self.chunk_size
    )
  File "C:\Users\Евгения\Desktop\Projects_web\TeddysTale_with-BackEnd\venv\Lib\site-packages\django\db\models\sql\compiler.py", line 1621, in execute_sql
    cursor = self.connection.cursor()
  File "C:\Users\Евгения\Desktop\Projects_web\TeddysTale_with-BackEnd\venv\Lib\site-packages\django\utils\asyncio.py", line 26, in inner
    return func(*args, **kwargs)
  File "C:\Users\Евгения\Desktop\Projects_web\TeddysTale_with-BackEnd\venv\Lib\site-packages\django\db\backends\base\base.py", line 320, in cursor
    return self._cursor()
           ~~~~~~~~~~~~^^
  File "C:\Users\Евгения\Desktop\Projects_web\TeddysTale_with-BackEnd\venv\Lib\site-packages\django\db\backends\base\base.py", line 296, in _cursor
    self.ensure_connection()
    ~~~~~~~~~~~~~~~~~~~~~~^^
  File "C:\Users\Евгения\Desktop\Projects_web\TeddysTale_with-BackEnd\venv\Lib\site-packages\django\utils\asyncio.py", line 26, in inner
    return func(*args, **kwargs)
  File "C:\Users\Евгения\Desktop\Projects_web\TeddysTale_with-BackEnd\venv\Lib\site-packages\django\db\backends\base\base.py", line 278, in ensure_connection
    with self.wrap_database_errors:
         ^^^^^^^^^^^^^^^^^^^^^^^^^
  File "C:\Users\Евгения\Desktop\Projects_web\TeddysTale_with-BackEnd\venv\Lib\site-packages\django\db\utils.py", line 91, in __exit__
    raise dj_exc_value.with_traceback(traceback) from exc_value
  File "C:\Users\Евгения\Desktop\Projects_web\TeddysTale_with-BackEnd\venv\Lib\site-packages\django\db\backends\base\base.py", line 279, in ensure_connection
    self.connect()
    ~~~~~~~~~~~~^^
  File "C:\Users\Евгения\Desktop\Projects_web\TeddysTale_with-BackEnd\venv\Lib\site-packages\django\utils\asyncio.py", line 26, in inner
    return func(*args, **kwargs)
  File "C:\Users\Евгения\Desktop\Projects_web\TeddysTale_with-BackEnd\venv\Lib\site-packages\django\db\backends\base\base.py", line 256, in connect
    self.connection = self.get_new_connection(conn_params)
                      ~~~~~~~~~~~~~~~~~~~~~~~^^^^^^^^^^^^^
  File "C:\Users\Евгения\Desktop\Projects_web\TeddysTale_with-BackEnd\venv\Lib\site-packages\django\utils\asyncio.py", line 26, in inner
    return func(*args, **kwargs)
  File "C:\Users\Евгения\Desktop\Projects_web\TeddysTale_with-BackEnd\venv\Lib\site-packages\django\db\backends\postgresql\base.py", line 332, in get_new_connection
    connection = self.Database.connect(**conn_params)
  File "C:\Users\Евгения\Desktop\Projects_web\TeddysTale_with-BackEnd\venv\Lib\site-packages\psycopg2\__init__.py", line 135, in connect
    conn = _connect(dsn, connection_factory=connection_factory, **kwasync)
django.db.utils.OperationalError: connection to server at "aws-1-eu-west-1.pooler.supabase.com" (54.247.26.119), port 5432 failed: FATAL:  MaxClientsInSessionMode: max clients reached - in Session mode max clients are limited to pool_size

ERROR 2026-01-10 21:06:23,486 basehttp 13196 14404 "GET / HTTP/1.1" 500 216161
ERROR 2026-01-10 21:06:27,049 log 13196 4364 Internal Server Error: /favicon.ico
Traceback (most recent call last):
  File "C:\Users\Евгения\Desktop\Projects_web\TeddysTale_with-BackEnd\venv\Lib\site-packages\django\contrib\sessions\backends\base.py", line 244, in _get_session
    return self._session_cache
           ^^^^^^^^^^^^^^^^^^^
AttributeError: 'SessionStore' object has no attribute '_session_cache'

During handling of the above exception, another exception occurred:

Traceback (most recent call last):
  File "C:\Users\Евгения\Desktop\Projects_web\TeddysTale_with-BackEnd\venv\Lib\site-packages\django\db\backends\base\base.py", line 279, in ensure_connection
    self.connect()
    ~~~~~~~~~~~~^^
  File "C:\Users\Евгения\Desktop\Projects_web\TeddysTale_with-BackEnd\venv\Lib\site-packages\django\utils\asyncio.py", line 26, in inner
    return func(*args, **kwargs)
  File "C:\Users\Евгения\Desktop\Projects_web\TeddysTale_with-BackEnd\venv\Lib\site-packages\django\db\backends\base\base.py", line 256, in connect
    self.connection = self.get_new_connection(conn_params)
                      ~~~~~~~~~~~~~~~~~~~~~~~^^^^^^^^^^^^^
  File "C:\Users\Евгения\Desktop\Projects_web\TeddysTale_with-BackEnd\venv\Lib\site-packages\django\utils\asyncio.py", line 26, in inner
    return func(*args, **kwargs)
  File "C:\Users\Евгения\Desktop\Projects_web\TeddysTale_with-BackEnd\venv\Lib\site-packages\django\db\backends\postgresql\base.py", line 332, in get_new_connection
    connection = self.Database.connect(**conn_params)
  File "C:\Users\Евгения\Desktop\Projects_web\TeddysTale_with-BackEnd\venv\Lib\site-packages\psycopg2\__init__.py", line 135, in connect
    conn = _connect(dsn, connection_factory=connection_factory, **kwasync)
psycopg2.OperationalError: connection to server at "aws-1-eu-west-1.pooler.supabase.com" (54.247.26.119), port 5432 failed: FATAL:  MaxClientsInSessionMode: max clients reached - in Session mode max clients are limited to pool_size


The above exception was the direct cause of the following exception:

Traceback (most recent call last):
  File "C:\Users\Евгения\Desktop\Projects_web\TeddysTale_with-BackEnd\venv\Lib\site-packages\django\core\handlers\exception.py", line 55, in inner
    response = get_response(request)
  File "C:\Users\Евгения\Desktop\Projects_web\TeddysTale_with-BackEnd\venv\Lib\site-packages\django\utils\deprecation.py", line 119, in __call__
    response = self.process_request(request)
  File "C:\Users\Евгения\Desktop\Projects_web\TeddysTale_with-BackEnd\venv\Lib\site-packages\django\middleware\csrf.py", line 403, in process_request
    csrf_secret = self._get_secret(request)
  File "C:\Users\Евгения\Desktop\Projects_web\TeddysTale_with-BackEnd\venv\Lib\site-packages\django\middleware\csrf.py", line 231, in _get_secret
    csrf_secret = request.session.get(CSRF_SESSION_KEY)
  File "C:\Users\Евгения\Desktop\Projects_web\TeddysTale_with-BackEnd\venv\Lib\site-packages\django\contrib\sessions\backends\base.py", line 74, in get
    return self._session.get(key, default)
           ^^^^^^^^^^^^^
  File "C:\Users\Евгения\Desktop\Projects_web\TeddysTale_with-BackEnd\venv\Lib\site-packages\django\contrib\sessions\backends\base.py", line 249, in _get_session
    self._session_cache = self.load()
                          ~~~~~~~~~^^
  File "C:\Users\Евгения\Desktop\Projects_web\TeddysTale_with-BackEnd\venv\Lib\site-packages\django\contrib\sessions\backends\db.py", line 55, in load
    s = self._get_session_from_db()
  File "C:\Users\Евгения\Desktop\Projects_web\TeddysTale_with-BackEnd\venv\Lib\site-packages\django\contrib\sessions\backends\db.py", line 34, in _get_session_from_db
    return self.model.objects.get(
           ~~~~~~~~~~~~~~~~~~~~~~^
        session_key=self.session_key, expire_date__gt=timezone.now()
        ^^^^^^^^^^^^^^^^^^^^^^^^^^^^^^^^^^^^^^^^^^^^^^^^^^^^^^^^^^^^
    )
    ^
  File "C:\Users\Евгения\Desktop\Projects_web\TeddysTale_with-BackEnd\venv\Lib\site-packages\django\db\models\manager.py", line 87, in manager_method
    return getattr(self.get_queryset(), name)(*args, **kwargs)
           ~~~~~~~~~~~~~~~~~~~~~~~~~~~~~~~~~~^^^^^^^^^^^^^^^^^
  File "C:\Users\Евгения\Desktop\Projects_web\TeddysTale_with-BackEnd\venv\Lib\site-packages\django\db\models\query.py", line 631, in get
    num = len(clone)
  File "C:\Users\Евгения\Desktop\Projects_web\TeddysTale_with-BackEnd\venv\Lib\site-packages\django\db\models\query.py", line 368, in __len__
    self._fetch_all()
    ~~~~~~~~~~~~~~~^^
  File "C:\Users\Евгения\Desktop\Projects_web\TeddysTale_with-BackEnd\venv\Lib\site-packages\django\db\models\query.py", line 1954, in _fetch_all
    self._result_cache = list(self._iterable_class(self))
                         ~~~~^^^^^^^^^^^^^^^^^^^^^^^^^^^^
  File "C:\Users\Евгения\Desktop\Projects_web\TeddysTale_with-BackEnd\venv\Lib\site-packages\django\db\models\query.py", line 93, in __iter__
    results = compiler.execute_sql(
        chunked_fetch=self.chunked_fetch, chunk_size=self.chunk_size
    )
  File "C:\Users\Евгения\Desktop\Projects_web\TeddysTale_with-BackEnd\venv\Lib\site-packages\django\db\models\sql\compiler.py", line 1621, in execute_sql
    cursor = self.connection.cursor()
  File "C:\Users\Евгения\Desktop\Projects_web\TeddysTale_with-BackEnd\venv\Lib\site-packages\django\utils\asyncio.py", line 26, in inner
    return func(*args, **kwargs)
  File "C:\Users\Евгения\Desktop\Projects_web\TeddysTale_with-BackEnd\venv\Lib\site-packages\django\db\backends\base\base.py", line 320, in cursor
    return self._cursor()
           ~~~~~~~~~~~~^^
  File "C:\Users\Евгения\Desktop\Projects_web\TeddysTale_with-BackEnd\venv\Lib\site-packages\django\db\backends\base\base.py", line 296, in _cursor
    self.ensure_connection()
    ~~~~~~~~~~~~~~~~~~~~~~^^
  File "C:\Users\Евгения\Desktop\Projects_web\TeddysTale_with-BackEnd\venv\Lib\site-packages\django\utils\asyncio.py", line 26, in inner
    return func(*args, **kwargs)
  File "C:\Users\Евгения\Desktop\Projects_web\TeddysTale_with-BackEnd\venv\Lib\site-packages\django\db\backends\base\base.py", line 278, in ensure_connection
    with self.wrap_database_errors:
         ^^^^^^^^^^^^^^^^^^^^^^^^^
  File "C:\Users\Евгения\Desktop\Projects_web\TeddysTale_with-BackEnd\venv\Lib\site-packages\django\db\utils.py", line 91, in __exit__
    raise dj_exc_value.with_traceback(traceback) from exc_value
  File "C:\Users\Евгения\Desktop\Projects_web\TeddysTale_with-BackEnd\venv\Lib\site-packages\django\db\backends\base\base.py", line 279, in ensure_connection
    self.connect()
    ~~~~~~~~~~~~^^
  File "C:\Users\Евгения\Desktop\Projects_web\TeddysTale_with-BackEnd\venv\Lib\site-packages\django\utils\asyncio.py", line 26, in inner
    return func(*args, **kwargs)
  File "C:\Users\Евгения\Desktop\Projects_web\TeddysTale_with-BackEnd\venv\Lib\site-packages\django\db\backends\base\base.py", line 256, in connect
    self.connection = self.get_new_connection(conn_params)
                      ~~~~~~~~~~~~~~~~~~~~~~~^^^^^^^^^^^^^
  File "C:\Users\Евгения\Desktop\Projects_web\TeddysTale_with-BackEnd\venv\Lib\site-packages\django\utils\asyncio.py", line 26, in inner
    return func(*args, **kwargs)
  File "C:\Users\Евгения\Desktop\Projects_web\TeddysTale_with-BackEnd\venv\Lib\site-packages\django\db\backends\postgresql\base.py", line 332, in get_new_connection
    connection = self.Database.connect(**conn_params)
  File "C:\Users\Евгения\Desktop\Projects_web\TeddysTale_with-BackEnd\venv\Lib\site-packages\psycopg2\__init__.py", line 135, in connect
    conn = _connect(dsn, connection_factory=connection_factory, **kwasync)
django.db.utils.OperationalError: connection to server at "aws-1-eu-west-1.pooler.supabase.com" (54.247.26.119), port 5432 failed: FATAL:  MaxClientsInSessionMode: max clients reached - in Session mode max clients are limited to pool_size

ERROR 2026-01-10 21:06:29,806 log 13196 4364 Internal Server Error: /favicon.ico
Traceback (most recent call last):
  File "C:\Users\Евгения\Desktop\Projects_web\TeddysTale_with-BackEnd\venv\Lib\site-packages\django\contrib\sessions\backends\base.py", line 244, in _get_session
    return self._session_cache
           ^^^^^^^^^^^^^^^^^^^
AttributeError: 'SessionStore' object has no attribute '_session_cache'

During handling of the above exception, another exception occurred:

Traceback (most recent call last):
  File "C:\Users\Евгения\Desktop\Projects_web\TeddysTale_with-BackEnd\venv\Lib\site-packages\django\db\backends\base\base.py", line 279, in ensure_connection
    self.connect()
    ~~~~~~~~~~~~^^
  File "C:\Users\Евгения\Desktop\Projects_web\TeddysTale_with-BackEnd\venv\Lib\site-packages\django\utils\asyncio.py", line 26, in inner
    return func(*args, **kwargs)
  File "C:\Users\Евгения\Desktop\Projects_web\TeddysTale_with-BackEnd\venv\Lib\site-packages\django\db\backends\base\base.py", line 256, in connect
    self.connection = self.get_new_connection(conn_params)
                      ~~~~~~~~~~~~~~~~~~~~~~~^^^^^^^^^^^^^
  File "C:\Users\Евгения\Desktop\Projects_web\TeddysTale_with-BackEnd\venv\Lib\site-packages\django\utils\asyncio.py", line 26, in inner
    return func(*args, **kwargs)
  File "C:\Users\Евгения\Desktop\Projects_web\TeddysTale_with-BackEnd\venv\Lib\site-packages\django\db\backends\postgresql\base.py", line 332, in get_new_connection
    connection = self.Database.connect(**conn_params)
  File "C:\Users\Евгения\Desktop\Projects_web\TeddysTale_with-BackEnd\venv\Lib\site-packages\psycopg2\__init__.py", line 135, in connect
    conn = _connect(dsn, connection_factory=connection_factory, **kwasync)
psycopg2.OperationalError: connection to server at "aws-1-eu-west-1.pooler.supabase.com" (54.247.26.119), port 5432 failed: FATAL:  MaxClientsInSessionMode: max clients reached - in Session mode max clients are limited to pool_size


The above exception was the direct cause of the following exception:

Traceback (most recent call last):
  File "C:\Users\Евгения\Desktop\Projects_web\TeddysTale_with-BackEnd\venv\Lib\site-packages\django\core\handlers\exception.py", line 55, in inner
    response = get_response(request)
  File "C:\Users\Евгения\Desktop\Projects_web\TeddysTale_with-BackEnd\venv\Lib\site-packages\django\utils\deprecation.py", line 122, in __call__
    response = self.process_response(request, response)
  File "C:\Users\Евгения\Desktop\Projects_web\TeddysTale_with-BackEnd\venv\Lib\site-packages\django\contrib\sessions\middleware.py", line 48, in process_response
    if request.session.get_expire_at_browser_close():
       ~~~~~~~~~~~~~~~~~~~~~~~~~~~~~~~~~~~~~~~~~~~^^
  File "C:\Users\Евгения\Desktop\Projects_web\TeddysTale_with-BackEnd\venv\Lib\site-packages\django\contrib\sessions\backends\base.py", line 403, in get_expire_at_browser_close
    if (expiry := self.get("_session_expiry")) is None:
                  ~~~~~~~~^^^^^^^^^^^^^^^^^^^
  File "C:\Users\Евгения\Desktop\Projects_web\TeddysTale_with-BackEnd\venv\Lib\site-packages\django\contrib\sessions\backends\base.py", line 74, in get
    return self._session.get(key, default)
           ^^^^^^^^^^^^^
  File "C:\Users\Евгения\Desktop\Projects_web\TeddysTale_with-BackEnd\venv\Lib\site-packages\django\contrib\sessions\backends\base.py", line 249, in _get_session
    self._session_cache = self.load()
                          ~~~~~~~~~^^
  File "C:\Users\Евгения\Desktop\Projects_web\TeddysTale_with-BackEnd\venv\Lib\site-packages\django\contrib\sessions\backends\db.py", line 55, in load
    s = self._get_session_from_db()
  File "C:\Users\Евгения\Desktop\Projects_web\TeddysTale_with-BackEnd\venv\Lib\site-packages\django\contrib\sessions\backends\db.py", line 34, in _get_session_from_db
    return self.model.objects.get(
           ~~~~~~~~~~~~~~~~~~~~~~^
        session_key=self.session_key, expire_date__gt=timezone.now()
        ^^^^^^^^^^^^^^^^^^^^^^^^^^^^^^^^^^^^^^^^^^^^^^^^^^^^^^^^^^^^
    )
    ^
  File "C:\Users\Евгения\Desktop\Projects_web\TeddysTale_with-BackEnd\venv\Lib\site-packages\django\db\models\manager.py", line 87, in manager_method
    return getattr(self.get_queryset(), name)(*args, **kwargs)
           ~~~~~~~~~~~~~~~~~~~~~~~~~~~~~~~~~~^^^^^^^^^^^^^^^^^
  File "C:\Users\Евгения\Desktop\Projects_web\TeddysTale_with-BackEnd\venv\Lib\site-packages\django\db\models\query.py", line 631, in get
    num = len(clone)
  File "C:\Users\Евгения\Desktop\Projects_web\TeddysTale_with-BackEnd\venv\Lib\site-packages\django\db\models\query.py", line 368, in __len__
    self._fetch_all()
    ~~~~~~~~~~~~~~~^^
  File "C:\Users\Евгения\Desktop\Projects_web\TeddysTale_with-BackEnd\venv\Lib\site-packages\django\db\models\query.py", line 1954, in _fetch_all
    self._result_cache = list(self._iterable_class(self))
                         ~~~~^^^^^^^^^^^^^^^^^^^^^^^^^^^^
  File "C:\Users\Евгения\Desktop\Projects_web\TeddysTale_with-BackEnd\venv\Lib\site-packages\django\db\models\query.py", line 93, in __iter__
    results = compiler.execute_sql(
        chunked_fetch=self.chunked_fetch, chunk_size=self.chunk_size
    )
  File "C:\Users\Евгения\Desktop\Projects_web\TeddysTale_with-BackEnd\venv\Lib\site-packages\django\db\models\sql\compiler.py", line 1621, in execute_sql
    cursor = self.connection.cursor()
  File "C:\Users\Евгения\Desktop\Projects_web\TeddysTale_with-BackEnd\venv\Lib\site-packages\django\utils\asyncio.py", line 26, in inner
    return func(*args, **kwargs)
  File "C:\Users\Евгения\Desktop\Projects_web\TeddysTale_with-BackEnd\venv\Lib\site-packages\django\db\backends\base\base.py", line 320, in cursor
    return self._cursor()
           ~~~~~~~~~~~~^^
  File "C:\Users\Евгения\Desktop\Projects_web\TeddysTale_with-BackEnd\venv\Lib\site-packages\django\db\backends\base\base.py", line 296, in _cursor
    self.ensure_connection()
    ~~~~~~~~~~~~~~~~~~~~~~^^
  File "C:\Users\Евгения\Desktop\Projects_web\TeddysTale_with-BackEnd\venv\Lib\site-packages\django\utils\asyncio.py", line 26, in inner
    return func(*args, **kwargs)
  File "C:\Users\Евгения\Desktop\Projects_web\TeddysTale_with-BackEnd\venv\Lib\site-packages\django\db\backends\base\base.py", line 278, in ensure_connection
    with self.wrap_database_errors:
         ^^^^^^^^^^^^^^^^^^^^^^^^^
  File "C:\Users\Евгения\Desktop\Projects_web\TeddysTale_with-BackEnd\venv\Lib\site-packages\django\db\utils.py", line 91, in __exit__
    raise dj_exc_value.with_traceback(traceback) from exc_value
  File "C:\Users\Евгения\Desktop\Projects_web\TeddysTale_with-BackEnd\venv\Lib\site-packages\django\db\backends\base\base.py", line 279, in ensure_connection
    self.connect()
    ~~~~~~~~~~~~^^
  File "C:\Users\Евгения\Desktop\Projects_web\TeddysTale_with-BackEnd\venv\Lib\site-packages\django\utils\asyncio.py", line 26, in inner
    return func(*args, **kwargs)
  File "C:\Users\Евгения\Desktop\Projects_web\TeddysTale_with-BackEnd\venv\Lib\site-packages\django\db\backends\base\base.py", line 256, in connect
    self.connection = self.get_new_connection(conn_params)
                      ~~~~~~~~~~~~~~~~~~~~~~~^^^^^^^^^^^^^
  File "C:\Users\Евгения\Desktop\Projects_web\TeddysTale_with-BackEnd\venv\Lib\site-packages\django\utils\asyncio.py", line 26, in inner
    return func(*args, **kwargs)
  File "C:\Users\Евгения\Desktop\Projects_web\TeddysTale_with-BackEnd\venv\Lib\site-packages\django\db\backends\postgresql\base.py", line 332, in get_new_connection
    connection = self.Database.connect(**conn_params)
  File "C:\Users\Евгения\Desktop\Projects_web\TeddysTale_with-BackEnd\venv\Lib\site-packages\psycopg2\__init__.py", line 135, in connect
    conn = _connect(dsn, connection_factory=connection_factory, **kwasync)
django.db.utils.OperationalError: connection to server at "aws-1-eu-west-1.pooler.supabase.com" (54.247.26.119), port 5432 failed: FATAL:  MaxClientsInSessionMode: max clients reached - in Session mode max clients are limited to pool_size

ERROR 2026-01-10 21:06:29,867 basehttp 13196 4364 "GET /favicon.ico HTTP/1.1" 500 215978
WARNING 2026-01-10 21:09:41,466 middleware 13196 13616 Ошибка при проверке соединения: connection to server at "aws-1-eu-west-1.pooler.supabase.com" (18.202.64.2), port 5432 failed: FATAL:  MaxClientsInSessionMode: max clients reached - in Session mode max clients are limited to pool_size

WARNING 2026-01-10 21:09:57,476 basehttp 13196 13616 "GET /static/fonts/Lora/Lora.woff HTTP/1.1" 404 1874
WARNING 2026-01-10 21:09:57,491 basehttp 13196 14080 "GET /static/fonts/Montserrat/Montserrat-VariableFont_wght.woff HTTP/1.1" 404 1964
WARNING 2026-01-10 21:09:57,492 basehttp 13196 4744 "GET /static/fonts/Montserrat/Montserrat-VariableFont_wght.woff2 HTTP/1.1" 404 1967
WARNING 2026-01-10 21:09:57,511 basehttp 13196 13732 "GET /static/fonts/Lora/Lora.woff2 HTTP/1.1" 404 1877
WARNING 2026-01-10 21:14:01,269 basehttp 13680 9868 "GET /static/fonts/Montserrat/Montserrat-VariableFont_wght.woff2 HTTP/1.1" 404 1967
WARNING 2026-01-10 21:14:01,292 basehttp 13680 13712 "GET /static/fonts/Montserrat/Montserrat-VariableFont_wght.woff HTTP/1.1" 404 1964
WARNING 2026-01-10 21:14:01,308 basehttp 13680 3208 "GET /static/fonts/Lora/Lora.woff HTTP/1.1" 404 1874
WARNING 2026-01-10 21:14:01,293 basehttp 13680 14612 "GET /static/fonts/Lora/Lora.woff2 HTTP/1.1" 404 1877
ERROR 2026-01-10 21:14:11,397 log 13680 13432 Internal Server Error: /
Traceback (most recent call last):
  File "C:\Users\Евгения\Desktop\Projects_web\TeddysTale_with-BackEnd\venv\Lib\site-packages\django\contrib\sessions\backends\base.py", line 244, in _get_session
    return self._session_cache
           ^^^^^^^^^^^^^^^^^^^
AttributeError: 'SessionStore' object has no attribute '_session_cache'

During handling of the above exception, another exception occurred:

Traceback (most recent call last):
  File "C:\Users\Евгения\Desktop\Projects_web\TeddysTale_with-BackEnd\venv\Lib\site-packages\django\db\backends\base\base.py", line 279, in ensure_connection
    self.connect()
    ~~~~~~~~~~~~^^
  File "C:\Users\Евгения\Desktop\Projects_web\TeddysTale_with-BackEnd\venv\Lib\site-packages\django\utils\asyncio.py", line 26, in inner
    return func(*args, **kwargs)
  File "C:\Users\Евгения\Desktop\Projects_web\TeddysTale_with-BackEnd\venv\Lib\site-packages\django\db\backends\base\base.py", line 256, in connect
    self.connection = self.get_new_connection(conn_params)
                      ~~~~~~~~~~~~~~~~~~~~~~~^^^^^^^^^^^^^
  File "C:\Users\Евгения\Desktop\Projects_web\TeddysTale_with-BackEnd\venv\Lib\site-packages\django\utils\asyncio.py", line 26, in inner
    return func(*args, **kwargs)
  File "C:\Users\Евгения\Desktop\Projects_web\TeddysTale_with-BackEnd\venv\Lib\site-packages\django\db\backends\postgresql\base.py", line 332, in get_new_connection
    connection = self.Database.connect(**conn_params)
  File "C:\Users\Евгения\Desktop\Projects_web\TeddysTale_with-BackEnd\venv\Lib\site-packages\psycopg2\__init__.py", line 135, in connect
    conn = _connect(dsn, connection_factory=connection_factory, **kwasync)
psycopg2.OperationalError: connection to server at "aws-1-eu-west-1.pooler.supabase.com" (54.247.26.119), port 5432 failed: FATAL:  MaxClientsInSessionMode: max clients reached - in Session mode max clients are limited to pool_size


The above exception was the direct cause of the following exception:

Traceback (most recent call last):
  File "C:\Users\Евгения\Desktop\Projects_web\TeddysTale_with-BackEnd\venv\Lib\site-packages\django\core\handlers\exception.py", line 55, in inner
    response = get_response(request)
  File "C:\Users\Евгения\Desktop\Projects_web\TeddysTale_with-BackEnd\venv\Lib\site-packages\django\utils\deprecation.py", line 119, in __call__
    response = self.process_request(request)
  File "C:\Users\Евгения\Desktop\Projects_web\TeddysTale_with-BackEnd\venv\Lib\site-packages\django\middleware\csrf.py", line 403, in process_request
    csrf_secret = self._get_secret(request)
  File "C:\Users\Евгения\Desktop\Projects_web\TeddysTale_with-BackEnd\venv\Lib\site-packages\django\middleware\csrf.py", line 231, in _get_secret
    csrf_secret = request.session.get(CSRF_SESSION_KEY)
  File "C:\Users\Евгения\Desktop\Projects_web\TeddysTale_with-BackEnd\venv\Lib\site-packages\django\contrib\sessions\backends\base.py", line 74, in get
    return self._session.get(key, default)
           ^^^^^^^^^^^^^
  File "C:\Users\Евгения\Desktop\Projects_web\TeddysTale_with-BackEnd\venv\Lib\site-packages\django\contrib\sessions\backends\base.py", line 249, in _get_session
    self._session_cache = self.load()
                          ~~~~~~~~~^^
  File "C:\Users\Евгения\Desktop\Projects_web\TeddysTale_with-BackEnd\venv\Lib\site-packages\django\contrib\sessions\backends\db.py", line 55, in load
    s = self._get_session_from_db()
  File "C:\Users\Евгения\Desktop\Projects_web\TeddysTale_with-BackEnd\venv\Lib\site-packages\django\contrib\sessions\backends\db.py", line 34, in _get_session_from_db
    return self.model.objects.get(
           ~~~~~~~~~~~~~~~~~~~~~~^
        session_key=self.session_key, expire_date__gt=timezone.now()
        ^^^^^^^^^^^^^^^^^^^^^^^^^^^^^^^^^^^^^^^^^^^^^^^^^^^^^^^^^^^^
    )
    ^
  File "C:\Users\Евгения\Desktop\Projects_web\TeddysTale_with-BackEnd\venv\Lib\site-packages\django\db\models\manager.py", line 87, in manager_method
    return getattr(self.get_queryset(), name)(*args, **kwargs)
           ~~~~~~~~~~~~~~~~~~~~~~~~~~~~~~~~~~^^^^^^^^^^^^^^^^^
  File "C:\Users\Евгения\Desktop\Projects_web\TeddysTale_with-BackEnd\venv\Lib\site-packages\django\db\models\query.py", line 631, in get
    num = len(clone)
  File "C:\Users\Евгения\Desktop\Projects_web\TeddysTale_with-BackEnd\venv\Lib\site-packages\django\db\models\query.py", line 368, in __len__
    self._fetch_all()
    ~~~~~~~~~~~~~~~^^
  File "C:\Users\Евгения\Desktop\Projects_web\TeddysTale_with-BackEnd\venv\Lib\site-packages\django\db\models\query.py", line 1954, in _fetch_all
    self._result_cache = list(self._iterable_class(self))
                         ~~~~^^^^^^^^^^^^^^^^^^^^^^^^^^^^
  File "C:\Users\Евгения\Desktop\Projects_web\TeddysTale_with-BackEnd\venv\Lib\site-packages\django\db\models\query.py", line 93, in __iter__
    results = compiler.execute_sql(
        chunked_fetch=self.chunked_fetch, chunk_size=self.chunk_size
    )
  File "C:\Users\Евгения\Desktop\Projects_web\TeddysTale_with-BackEnd\venv\Lib\site-packages\django\db\models\sql\compiler.py", line 1621, in execute_sql
    cursor = self.connection.cursor()
  File "C:\Users\Евгения\Desktop\Projects_web\TeddysTale_with-BackEnd\venv\Lib\site-packages\django\utils\asyncio.py", line 26, in inner
    return func(*args, **kwargs)
  File "C:\Users\Евгения\Desktop\Projects_web\TeddysTale_with-BackEnd\venv\Lib\site-packages\django\db\backends\base\base.py", line 320, in cursor
    return self._cursor()
           ~~~~~~~~~~~~^^
  File "C:\Users\Евгения\Desktop\Projects_web\TeddysTale_with-BackEnd\venv\Lib\site-packages\django\db\backends\base\base.py", line 296, in _cursor
    self.ensure_connection()
    ~~~~~~~~~~~~~~~~~~~~~~^^
  File "C:\Users\Евгения\Desktop\Projects_web\TeddysTale_with-BackEnd\venv\Lib\site-packages\django\utils\asyncio.py", line 26, in inner
    return func(*args, **kwargs)
  File "C:\Users\Евгения\Desktop\Projects_web\TeddysTale_with-BackEnd\venv\Lib\site-packages\django\db\backends\base\base.py", line 278, in ensure_connection
    with self.wrap_database_errors:
         ^^^^^^^^^^^^^^^^^^^^^^^^^
  File "C:\Users\Евгения\Desktop\Projects_web\TeddysTale_with-BackEnd\venv\Lib\site-packages\django\db\utils.py", line 91, in __exit__
    raise dj_exc_value.with_traceback(traceback) from exc_value
  File "C:\Users\Евгения\Desktop\Projects_web\TeddysTale_with-BackEnd\venv\Lib\site-packages\django\db\backends\base\base.py", line 279, in ensure_connection
    self.connect()
    ~~~~~~~~~~~~^^
  File "C:\Users\Евгения\Desktop\Projects_web\TeddysTale_with-BackEnd\venv\Lib\site-packages\django\utils\asyncio.py", line 26, in inner
    return func(*args, **kwargs)
  File "C:\Users\Евгения\Desktop\Projects_web\TeddysTale_with-BackEnd\venv\Lib\site-packages\django\db\backends\base\base.py", line 256, in connect
    self.connection = self.get_new_connection(conn_params)
                      ~~~~~~~~~~~~~~~~~~~~~~~^^^^^^^^^^^^^
  File "C:\Users\Евгения\Desktop\Projects_web\TeddysTale_with-BackEnd\venv\Lib\site-packages\django\utils\asyncio.py", line 26, in inner
    return func(*args, **kwargs)
  File "C:\Users\Евгения\Desktop\Projects_web\TeddysTale_with-BackEnd\venv\Lib\site-packages\django\db\backends\postgresql\base.py", line 332, in get_new_connection
    connection = self.Database.connect(**conn_params)
  File "C:\Users\Евгения\Desktop\Projects_web\TeddysTale_with-BackEnd\venv\Lib\site-packages\psycopg2\__init__.py", line 135, in connect
    conn = _connect(dsn, connection_factory=connection_factory, **kwasync)
django.db.utils.OperationalError: connection to server at "aws-1-eu-west-1.pooler.supabase.com" (54.247.26.119), port 5432 failed: FATAL:  MaxClientsInSessionMode: max clients reached - in Session mode max clients are limited to pool_size

ERROR 2026-01-10 21:14:14,038 log 13680 13432 Internal Server Error: /
Traceback (most recent call last):
  File "C:\Users\Евгения\Desktop\Projects_web\TeddysTale_with-BackEnd\venv\Lib\site-packages\django\contrib\sessions\backends\base.py", line 244, in _get_session
    return self._session_cache
           ^^^^^^^^^^^^^^^^^^^
AttributeError: 'SessionStore' object has no attribute '_session_cache'

During handling of the above exception, another exception occurred:

Traceback (most recent call last):
  File "C:\Users\Евгения\Desktop\Projects_web\TeddysTale_with-BackEnd\venv\Lib\site-packages\django\db\backends\base\base.py", line 279, in ensure_connection
    self.connect()
    ~~~~~~~~~~~~^^
  File "C:\Users\Евгения\Desktop\Projects_web\TeddysTale_with-BackEnd\venv\Lib\site-packages\django\utils\asyncio.py", line 26, in inner
    return func(*args, **kwargs)
  File "C:\Users\Евгения\Desktop\Projects_web\TeddysTale_with-BackEnd\venv\Lib\site-packages\django\db\backends\base\base.py", line 256, in connect
    self.connection = self.get_new_connection(conn_params)
                      ~~~~~~~~~~~~~~~~~~~~~~~^^^^^^^^^^^^^
  File "C:\Users\Евгения\Desktop\Projects_web\TeddysTale_with-BackEnd\venv\Lib\site-packages\django\utils\asyncio.py", line 26, in inner
    return func(*args, **kwargs)
  File "C:\Users\Евгения\Desktop\Projects_web\TeddysTale_with-BackEnd\venv\Lib\site-packages\django\db\backends\postgresql\base.py", line 332, in get_new_connection
    connection = self.Database.connect(**conn_params)
  File "C:\Users\Евгения\Desktop\Projects_web\TeddysTale_with-BackEnd\venv\Lib\site-packages\psycopg2\__init__.py", line 135, in connect
    conn = _connect(dsn, connection_factory=connection_factory, **kwasync)
psycopg2.OperationalError: connection to server at "aws-1-eu-west-1.pooler.supabase.com" (54.247.26.119), port 5432 failed: FATAL:  MaxClientsInSessionMode: max clients reached - in Session mode max clients are limited to pool_size


The above exception was the direct cause of the following exception:

Traceback (most recent call last):
  File "C:\Users\Евгения\Desktop\Projects_web\TeddysTale_with-BackEnd\venv\Lib\site-packages\django\core\handlers\exception.py", line 55, in inner
    response = get_response(request)
  File "C:\Users\Евгения\Desktop\Projects_web\TeddysTale_with-BackEnd\venv\Lib\site-packages\django\utils\deprecation.py", line 122, in __call__
    response = self.process_response(request, response)
  File "C:\Users\Евгения\Desktop\Projects_web\TeddysTale_with-BackEnd\venv\Lib\site-packages\django\contrib\sessions\middleware.py", line 48, in process_response
    if request.session.get_expire_at_browser_close():
       ~~~~~~~~~~~~~~~~~~~~~~~~~~~~~~~~~~~~~~~~~~~^^
  File "C:\Users\Евгения\Desktop\Projects_web\TeddysTale_with-BackEnd\venv\Lib\site-packages\django\contrib\sessions\backends\base.py", line 403, in get_expire_at_browser_close
    if (expiry := self.get("_session_expiry")) is None:
                  ~~~~~~~~^^^^^^^^^^^^^^^^^^^
  File "C:\Users\Евгения\Desktop\Projects_web\TeddysTale_with-BackEnd\venv\Lib\site-packages\django\contrib\sessions\backends\base.py", line 74, in get
    return self._session.get(key, default)
           ^^^^^^^^^^^^^
  File "C:\Users\Евгения\Desktop\Projects_web\TeddysTale_with-BackEnd\venv\Lib\site-packages\django\contrib\sessions\backends\base.py", line 249, in _get_session
    self._session_cache = self.load()
                          ~~~~~~~~~^^
  File "C:\Users\Евгения\Desktop\Projects_web\TeddysTale_with-BackEnd\venv\Lib\site-packages\django\contrib\sessions\backends\db.py", line 55, in load
    s = self._get_session_from_db()
  File "C:\Users\Евгения\Desktop\Projects_web\TeddysTale_with-BackEnd\venv\Lib\site-packages\django\contrib\sessions\backends\db.py", line 34, in _get_session_from_db
    return self.model.objects.get(
           ~~~~~~~~~~~~~~~~~~~~~~^
        session_key=self.session_key, expire_date__gt=timezone.now()
        ^^^^^^^^^^^^^^^^^^^^^^^^^^^^^^^^^^^^^^^^^^^^^^^^^^^^^^^^^^^^
    )
    ^
  File "C:\Users\Евгения\Desktop\Projects_web\TeddysTale_with-BackEnd\venv\Lib\site-packages\django\db\models\manager.py", line 87, in manager_method
    return getattr(self.get_queryset(), name)(*args, **kwargs)
           ~~~~~~~~~~~~~~~~~~~~~~~~~~~~~~~~~~^^^^^^^^^^^^^^^^^
  File "C:\Users\Евгения\Desktop\Projects_web\TeddysTale_with-BackEnd\venv\Lib\site-packages\django\db\models\query.py", line 631, in get
    num = len(clone)
  File "C:\Users\Евгения\Desktop\Projects_web\TeddysTale_with-BackEnd\venv\Lib\site-packages\django\db\models\query.py", line 368, in __len__
    self._fetch_all()
    ~~~~~~~~~~~~~~~^^
  File "C:\Users\Евгения\Desktop\Projects_web\TeddysTale_with-BackEnd\venv\Lib\site-packages\django\db\models\query.py", line 1954, in _fetch_all
    self._result_cache = list(self._iterable_class(self))
                         ~~~~^^^^^^^^^^^^^^^^^^^^^^^^^^^^
  File "C:\Users\Евгения\Desktop\Projects_web\TeddysTale_with-BackEnd\venv\Lib\site-packages\django\db\models\query.py", line 93, in __iter__
    results = compiler.execute_sql(
        chunked_fetch=self.chunked_fetch, chunk_size=self.chunk_size
    )
  File "C:\Users\Евгения\Desktop\Projects_web\TeddysTale_with-BackEnd\venv\Lib\site-packages\django\db\models\sql\compiler.py", line 1621, in execute_sql
    cursor = self.connection.cursor()
  File "C:\Users\Евгения\Desktop\Projects_web\TeddysTale_with-BackEnd\venv\Lib\site-packages\django\utils\asyncio.py", line 26, in inner
    return func(*args, **kwargs)
  File "C:\Users\Евгения\Desktop\Projects_web\TeddysTale_with-BackEnd\venv\Lib\site-packages\django\db\backends\base\base.py", line 320, in cursor
    return self._cursor()
           ~~~~~~~~~~~~^^
  File "C:\Users\Евгения\Desktop\Projects_web\TeddysTale_with-BackEnd\venv\Lib\site-packages\django\db\backends\base\base.py", line 296, in _cursor
    self.ensure_connection()
    ~~~~~~~~~~~~~~~~~~~~~~^^
  File "C:\Users\Евгения\Desktop\Projects_web\TeddysTale_with-BackEnd\venv\Lib\site-packages\django\utils\asyncio.py", line 26, in inner
    return func(*args, **kwargs)
  File "C:\Users\Евгения\Desktop\Projects_web\TeddysTale_with-BackEnd\venv\Lib\site-packages\django\db\backends\base\base.py", line 278, in ensure_connection
    with self.wrap_database_errors:
         ^^^^^^^^^^^^^^^^^^^^^^^^^
  File "C:\Users\Евгения\Desktop\Projects_web\TeddysTale_with-BackEnd\venv\Lib\site-packages\django\db\utils.py", line 91, in __exit__
    raise dj_exc_value.with_traceback(traceback) from exc_value
  File "C:\Users\Евгения\Desktop\Projects_web\TeddysTale_with-BackEnd\venv\Lib\site-packages\django\db\backends\base\base.py", line 279, in ensure_connection
    self.connect()
    ~~~~~~~~~~~~^^
  File "C:\Users\Евгения\Desktop\Projects_web\TeddysTale_with-BackEnd\venv\Lib\site-packages\django\utils\asyncio.py", line 26, in inner
    return func(*args, **kwargs)
  File "C:\Users\Евгения\Desktop\Projects_web\TeddysTale_with-BackEnd\venv\Lib\site-packages\django\db\backends\base\base.py", line 256, in connect
    self.connection = self.get_new_connection(conn_params)
                      ~~~~~~~~~~~~~~~~~~~~~~~^^^^^^^^^^^^^
  File "C:\Users\Евгения\Desktop\Projects_web\TeddysTale_with-BackEnd\venv\Lib\site-packages\django\utils\asyncio.py", line 26, in inner
    return func(*args, **kwargs)
  File "C:\Users\Евгения\Desktop\Projects_web\TeddysTale_with-BackEnd\venv\Lib\site-packages\django\db\backends\postgresql\base.py", line 332, in get_new_connection
    connection = self.Database.connect(**conn_params)
  File "C:\Users\Евгения\Desktop\Projects_web\TeddysTale_with-BackEnd\venv\Lib\site-packages\psycopg2\__init__.py", line 135, in connect
    conn = _connect(dsn, connection_factory=connection_factory, **kwasync)
django.db.utils.OperationalError: connection to server at "aws-1-eu-west-1.pooler.supabase.com" (54.247.26.119), port 5432 failed: FATAL:  MaxClientsInSessionMode: max clients reached - in Session mode max clients are limited to pool_size

ERROR 2026-01-10 21:14:14,105 basehttp 13680 13432 "GET / HTTP/1.1" 500 216164
ERROR 2026-01-10 21:14:17,498 log 13680 2384 Internal Server Error: /favicon.ico
Traceback (most recent call last):
  File "C:\Users\Евгения\Desktop\Projects_web\TeddysTale_with-BackEnd\venv\Lib\site-packages\django\contrib\sessions\backends\base.py", line 244, in _get_session
    return self._session_cache
           ^^^^^^^^^^^^^^^^^^^
AttributeError: 'SessionStore' object has no attribute '_session_cache'

During handling of the above exception, another exception occurred:

Traceback (most recent call last):
  File "C:\Users\Евгения\Desktop\Projects_web\TeddysTale_with-BackEnd\venv\Lib\site-packages\django\db\backends\base\base.py", line 279, in ensure_connection
    self.connect()
    ~~~~~~~~~~~~^^
  File "C:\Users\Евгения\Desktop\Projects_web\TeddysTale_with-BackEnd\venv\Lib\site-packages\django\utils\asyncio.py", line 26, in inner
    return func(*args, **kwargs)
  File "C:\Users\Евгения\Desktop\Projects_web\TeddysTale_with-BackEnd\venv\Lib\site-packages\django\db\backends\base\base.py", line 256, in connect
    self.connection = self.get_new_connection(conn_params)
                      ~~~~~~~~~~~~~~~~~~~~~~~^^^^^^^^^^^^^
  File "C:\Users\Евгения\Desktop\Projects_web\TeddysTale_with-BackEnd\venv\Lib\site-packages\django\utils\asyncio.py", line 26, in inner
    return func(*args, **kwargs)
  File "C:\Users\Евгения\Desktop\Projects_web\TeddysTale_with-BackEnd\venv\Lib\site-packages\django\db\backends\postgresql\base.py", line 332, in get_new_connection
    connection = self.Database.connect(**conn_params)
  File "C:\Users\Евгения\Desktop\Projects_web\TeddysTale_with-BackEnd\venv\Lib\site-packages\psycopg2\__init__.py", line 135, in connect
    conn = _connect(dsn, connection_factory=connection_factory, **kwasync)
psycopg2.OperationalError: connection to server at "aws-1-eu-west-1.pooler.supabase.com" (54.247.26.119), port 5432 failed: FATAL:  MaxClientsInSessionMode: max clients reached - in Session mode max clients are limited to pool_size


The above exception was the direct cause of the following exception:

Traceback (most recent call last):
  File "C:\Users\Евгения\Desktop\Projects_web\TeddysTale_with-BackEnd\venv\Lib\site-packages\django\core\handlers\exception.py", line 55, in inner
    response = get_response(request)
  File "C:\Users\Евгения\Desktop\Projects_web\TeddysTale_with-BackEnd\venv\Lib\site-packages\django\utils\deprecation.py", line 119, in __call__
    response = self.process_request(request)
  File "C:\Users\Евгения\Desktop\Projects_web\TeddysTale_with-BackEnd\venv\Lib\site-packages\django\middleware\csrf.py", line 403, in process_request
    csrf_secret = self._get_secret(request)
  File "C:\Users\Евгения\Desktop\Projects_web\TeddysTale_with-BackEnd\venv\Lib\site-packages\django\middleware\csrf.py", line 231, in _get_secret
    csrf_secret = request.session.get(CSRF_SESSION_KEY)
  File "C:\Users\Евгения\Desktop\Projects_web\TeddysTale_with-BackEnd\venv\Lib\site-packages\django\contrib\sessions\backends\base.py", line 74, in get
    return self._session.get(key, default)
           ^^^^^^^^^^^^^
  File "C:\Users\Евгения\Desktop\Projects_web\TeddysTale_with-BackEnd\venv\Lib\site-packages\django\contrib\sessions\backends\base.py", line 249, in _get_session
    self._session_cache = self.load()
                          ~~~~~~~~~^^
  File "C:\Users\Евгения\Desktop\Projects_web\TeddysTale_with-BackEnd\venv\Lib\site-packages\django\contrib\sessions\backends\db.py", line 55, in load
    s = self._get_session_from_db()
  File "C:\Users\Евгения\Desktop\Projects_web\TeddysTale_with-BackEnd\venv\Lib\site-packages\django\contrib\sessions\backends\db.py", line 34, in _get_session_from_db
    return self.model.objects.get(
           ~~~~~~~~~~~~~~~~~~~~~~^
        session_key=self.session_key, expire_date__gt=timezone.now()
        ^^^^^^^^^^^^^^^^^^^^^^^^^^^^^^^^^^^^^^^^^^^^^^^^^^^^^^^^^^^^
    )
    ^
  File "C:\Users\Евгения\Desktop\Projects_web\TeddysTale_with-BackEnd\venv\Lib\site-packages\django\db\models\manager.py", line 87, in manager_method
    return getattr(self.get_queryset(), name)(*args, **kwargs)
           ~~~~~~~~~~~~~~~~~~~~~~~~~~~~~~~~~~^^^^^^^^^^^^^^^^^
  File "C:\Users\Евгения\Desktop\Projects_web\TeddysTale_with-BackEnd\venv\Lib\site-packages\django\db\models\query.py", line 631, in get
    num = len(clone)
  File "C:\Users\Евгения\Desktop\Projects_web\TeddysTale_with-BackEnd\venv\Lib\site-packages\django\db\models\query.py", line 368, in __len__
    self._fetch_all()
    ~~~~~~~~~~~~~~~^^
  File "C:\Users\Евгения\Desktop\Projects_web\TeddysTale_with-BackEnd\venv\Lib\site-packages\django\db\models\query.py", line 1954, in _fetch_all
    self._result_cache = list(self._iterable_class(self))
                         ~~~~^^^^^^^^^^^^^^^^^^^^^^^^^^^^
  File "C:\Users\Евгения\Desktop\Projects_web\TeddysTale_with-BackEnd\venv\Lib\site-packages\django\db\models\query.py", line 93, in __iter__
    results = compiler.execute_sql(
        chunked_fetch=self.chunked_fetch, chunk_size=self.chunk_size
    )
  File "C:\Users\Евгения\Desktop\Projects_web\TeddysTale_with-BackEnd\venv\Lib\site-packages\django\db\models\sql\compiler.py", line 1621, in execute_sql
    cursor = self.connection.cursor()
  File "C:\Users\Евгения\Desktop\Projects_web\TeddysTale_with-BackEnd\venv\Lib\site-packages\django\utils\asyncio.py", line 26, in inner
    return func(*args, **kwargs)
  File "C:\Users\Евгения\Desktop\Projects_web\TeddysTale_with-BackEnd\venv\Lib\site-packages\django\db\backends\base\base.py", line 320, in cursor
    return self._cursor()
           ~~~~~~~~~~~~^^
  File "C:\Users\Евгения\Desktop\Projects_web\TeddysTale_with-BackEnd\venv\Lib\site-packages\django\db\backends\base\base.py", line 296, in _cursor
    self.ensure_connection()
    ~~~~~~~~~~~~~~~~~~~~~~^^
  File "C:\Users\Евгения\Desktop\Projects_web\TeddysTale_with-BackEnd\venv\Lib\site-packages\django\utils\asyncio.py", line 26, in inner
    return func(*args, **kwargs)
  File "C:\Users\Евгения\Desktop\Projects_web\TeddysTale_with-BackEnd\venv\Lib\site-packages\django\db\backends\base\base.py", line 278, in ensure_connection
    with self.wrap_database_errors:
         ^^^^^^^^^^^^^^^^^^^^^^^^^
  File "C:\Users\Евгения\Desktop\Projects_web\TeddysTale_with-BackEnd\venv\Lib\site-packages\django\db\utils.py", line 91, in __exit__
    raise dj_exc_value.with_traceback(traceback) from exc_value
  File "C:\Users\Евгения\Desktop\Projects_web\TeddysTale_with-BackEnd\venv\Lib\site-packages\django\db\backends\base\base.py", line 279, in ensure_connection
    self.connect()
    ~~~~~~~~~~~~^^
  File "C:\Users\Евгения\Desktop\Projects_web\TeddysTale_with-BackEnd\venv\Lib\site-packages\django\utils\asyncio.py", line 26, in inner
    return func(*args, **kwargs)
  File "C:\Users\Евгения\Desktop\Projects_web\TeddysTale_with-BackEnd\venv\Lib\site-packages\django\db\backends\base\base.py", line 256, in connect
    self.connection = self.get_new_connection(conn_params)
                      ~~~~~~~~~~~~~~~~~~~~~~~^^^^^^^^^^^^^
  File "C:\Users\Евгения\Desktop\Projects_web\TeddysTale_with-BackEnd\venv\Lib\site-packages\django\utils\asyncio.py", line 26, in inner
    return func(*args, **kwargs)
  File "C:\Users\Евгения\Desktop\Projects_web\TeddysTale_with-BackEnd\venv\Lib\site-packages\django\db\backends\postgresql\base.py", line 332, in get_new_connection
    connection = self.Database.connect(**conn_params)
  File "C:\Users\Евгения\Desktop\Projects_web\TeddysTale_with-BackEnd\venv\Lib\site-packages\psycopg2\__init__.py", line 135, in connect
    conn = _connect(dsn, connection_factory=connection_factory, **kwasync)
django.db.utils.OperationalError: connection to server at "aws-1-eu-west-1.pooler.supabase.com" (54.247.26.119), port 5432 failed: FATAL:  MaxClientsInSessionMode: max clients reached - in Session mode max clients are limited to pool_size

ERROR 2026-01-10 21:14:20,403 log 13680 2384 Internal Server Error: /favicon.ico
Traceback (most recent call last):
  File "C:\Users\Евгения\Desktop\Projects_web\TeddysTale_with-BackEnd\venv\Lib\site-packages\django\contrib\sessions\backends\base.py", line 244, in _get_session
    return self._session_cache
           ^^^^^^^^^^^^^^^^^^^
AttributeError: 'SessionStore' object has no attribute '_session_cache'

During handling of the above exception, another exception occurred:

Traceback (most recent call last):
  File "C:\Users\Евгения\Desktop\Projects_web\TeddysTale_with-BackEnd\venv\Lib\site-packages\django\db\backends\base\base.py", line 279, in ensure_connection
    self.connect()
    ~~~~~~~~~~~~^^
  File "C:\Users\Евгения\Desktop\Projects_web\TeddysTale_with-BackEnd\venv\Lib\site-packages\django\utils\asyncio.py", line 26, in inner
    return func(*args, **kwargs)
  File "C:\Users\Евгения\Desktop\Projects_web\TeddysTale_with-BackEnd\venv\Lib\site-packages\django\db\backends\base\base.py", line 256, in connect
    self.connection = self.get_new_connection(conn_params)
                      ~~~~~~~~~~~~~~~~~~~~~~~^^^^^^^^^^^^^
  File "C:\Users\Евгения\Desktop\Projects_web\TeddysTale_with-BackEnd\venv\Lib\site-packages\django\utils\asyncio.py", line 26, in inner
    return func(*args, **kwargs)
  File "C:\Users\Евгения\Desktop\Projects_web\TeddysTale_with-BackEnd\venv\Lib\site-packages\django\db\backends\postgresql\base.py", line 332, in get_new_connection
    connection = self.Database.connect(**conn_params)
  File "C:\Users\Евгения\Desktop\Projects_web\TeddysTale_with-BackEnd\venv\Lib\site-packages\psycopg2\__init__.py", line 135, in connect
    conn = _connect(dsn, connection_factory=connection_factory, **kwasync)
psycopg2.OperationalError: connection to server at "aws-1-eu-west-1.pooler.supabase.com" (54.247.26.119), port 5432 failed: FATAL:  MaxClientsInSessionMode: max clients reached - in Session mode max clients are limited to pool_size


The above exception was the direct cause of the following exception:

Traceback (most recent call last):
  File "C:\Users\Евгения\Desktop\Projects_web\TeddysTale_with-BackEnd\venv\Lib\site-packages\django\core\handlers\exception.py", line 55, in inner
    response = get_response(request)
  File "C:\Users\Евгения\Desktop\Projects_web\TeddysTale_with-BackEnd\venv\Lib\site-packages\django\utils\deprecation.py", line 122, in __call__
    response = self.process_response(request, response)
  File "C:\Users\Евгения\Desktop\Projects_web\TeddysTale_with-BackEnd\venv\Lib\site-packages\django\contrib\sessions\middleware.py", line 48, in process_response
    if request.session.get_expire_at_browser_close():
       ~~~~~~~~~~~~~~~~~~~~~~~~~~~~~~~~~~~~~~~~~~~^^
  File "C:\Users\Евгения\Desktop\Projects_web\TeddysTale_with-BackEnd\venv\Lib\site-packages\django\contrib\sessions\backends\base.py", line 403, in get_expire_at_browser_close
    if (expiry := self.get("_session_expiry")) is None:
                  ~~~~~~~~^^^^^^^^^^^^^^^^^^^
  File "C:\Users\Евгения\Desktop\Projects_web\TeddysTale_with-BackEnd\venv\Lib\site-packages\django\contrib\sessions\backends\base.py", line 74, in get
    return self._session.get(key, default)
           ^^^^^^^^^^^^^
  File "C:\Users\Евгения\Desktop\Projects_web\TeddysTale_with-BackEnd\venv\Lib\site-packages\django\contrib\sessions\backends\base.py", line 249, in _get_session
    self._session_cache = self.load()
                          ~~~~~~~~~^^
  File "C:\Users\Евгения\Desktop\Projects_web\TeddysTale_with-BackEnd\venv\Lib\site-packages\django\contrib\sessions\backends\db.py", line 55, in load
    s = self._get_session_from_db()
  File "C:\Users\Евгения\Desktop\Projects_web\TeddysTale_with-BackEnd\venv\Lib\site-packages\django\contrib\sessions\backends\db.py", line 34, in _get_session_from_db
    return self.model.objects.get(
           ~~~~~~~~~~~~~~~~~~~~~~^
        session_key=self.session_key, expire_date__gt=timezone.now()
        ^^^^^^^^^^^^^^^^^^^^^^^^^^^^^^^^^^^^^^^^^^^^^^^^^^^^^^^^^^^^
    )
    ^
  File "C:\Users\Евгения\Desktop\Projects_web\TeddysTale_with-BackEnd\venv\Lib\site-packages\django\db\models\manager.py", line 87, in manager_method
    return getattr(self.get_queryset(), name)(*args, **kwargs)
           ~~~~~~~~~~~~~~~~~~~~~~~~~~~~~~~~~~^^^^^^^^^^^^^^^^^
  File "C:\Users\Евгения\Desktop\Projects_web\TeddysTale_with-BackEnd\venv\Lib\site-packages\django\db\models\query.py", line 631, in get
    num = len(clone)
  File "C:\Users\Евгения\Desktop\Projects_web\TeddysTale_with-BackEnd\venv\Lib\site-packages\django\db\models\query.py", line 368, in __len__
    self._fetch_all()
    ~~~~~~~~~~~~~~~^^
  File "C:\Users\Евгения\Desktop\Projects_web\TeddysTale_with-BackEnd\venv\Lib\site-packages\django\db\models\query.py", line 1954, in _fetch_all
    self._result_cache = list(self._iterable_class(self))
                         ~~~~^^^^^^^^^^^^^^^^^^^^^^^^^^^^
  File "C:\Users\Евгения\Desktop\Projects_web\TeddysTale_with-BackEnd\venv\Lib\site-packages\django\db\models\query.py", line 93, in __iter__
    results = compiler.execute_sql(
        chunked_fetch=self.chunked_fetch, chunk_size=self.chunk_size
    )
  File "C:\Users\Евгения\Desktop\Projects_web\TeddysTale_with-BackEnd\venv\Lib\site-packages\django\db\models\sql\compiler.py", line 1621, in execute_sql
    cursor = self.connection.cursor()
  File "C:\Users\Евгения\Desktop\Projects_web\TeddysTale_with-BackEnd\venv\Lib\site-packages\django\utils\asyncio.py", line 26, in inner
    return func(*args, **kwargs)
  File "C:\Users\Евгения\Desktop\Projects_web\TeddysTale_with-BackEnd\venv\Lib\site-packages\django\db\backends\base\base.py", line 320, in cursor
    return self._cursor()
           ~~~~~~~~~~~~^^
  File "C:\Users\Евгения\Desktop\Projects_web\TeddysTale_with-BackEnd\venv\Lib\site-packages\django\db\backends\base\base.py", line 296, in _cursor
    self.ensure_connection()
    ~~~~~~~~~~~~~~~~~~~~~~^^
  File "C:\Users\Евгения\Desktop\Projects_web\TeddysTale_with-BackEnd\venv\Lib\site-packages\django\utils\asyncio.py", line 26, in inner
    return func(*args, **kwargs)
  File "C:\Users\Евгения\Desktop\Projects_web\TeddysTale_with-BackEnd\venv\Lib\site-packages\django\db\backends\base\base.py", line 278, in ensure_connection
    with self.wrap_database_errors:
         ^^^^^^^^^^^^^^^^^^^^^^^^^
  File "C:\Users\Евгения\Desktop\Projects_web\TeddysTale_with-BackEnd\venv\Lib\site-packages\django\db\utils.py", line 91, in __exit__
    raise dj_exc_value.with_traceback(traceback) from exc_value
  File "C:\Users\Евгения\Desktop\Projects_web\TeddysTale_with-BackEnd\venv\Lib\site-packages\django\db\backends\base\base.py", line 279, in ensure_connection
    self.connect()
    ~~~~~~~~~~~~^^
  File "C:\Users\Евгения\Desktop\Projects_web\TeddysTale_with-BackEnd\venv\Lib\site-packages\django\utils\asyncio.py", line 26, in inner
    return func(*args, **kwargs)
  File "C:\Users\Евгения\Desktop\Projects_web\TeddysTale_with-BackEnd\venv\Lib\site-packages\django\db\backends\base\base.py", line 256, in connect
    self.connection = self.get_new_connection(conn_params)
                      ~~~~~~~~~~~~~~~~~~~~~~~^^^^^^^^^^^^^
  File "C:\Users\Евгения\Desktop\Projects_web\TeddysTale_with-BackEnd\venv\Lib\site-packages\django\utils\asyncio.py", line 26, in inner
    return func(*args, **kwargs)
  File "C:\Users\Евгения\Desktop\Projects_web\TeddysTale_with-BackEnd\venv\Lib\site-packages\django\db\backends\postgresql\base.py", line 332, in get_new_connection
    connection = self.Database.connect(**conn_params)
  File "C:\Users\Евгения\Desktop\Projects_web\TeddysTale_with-BackEnd\venv\Lib\site-packages\psycopg2\__init__.py", line 135, in connect
    conn = _connect(dsn, connection_factory=connection_factory, **kwasync)
django.db.utils.OperationalError: connection to server at "aws-1-eu-west-1.pooler.supabase.com" (54.247.26.119), port 5432 failed: FATAL:  MaxClientsInSessionMode: max clients reached - in Session mode max clients are limited to pool_size

ERROR 2026-01-10 21:14:20,461 basehttp 13680 2384 "GET /favicon.ico HTTP/1.1" 500 215981
WARNING 2026-01-10 21:14:27,321 basehttp 13680 9496 "GET /static/fonts/Montserrat/Montserrat-VariableFont_wght.woff2 HTTP/1.1" 404 1967
WARNING 2026-01-10 21:14:27,342 basehttp 13680 10364 "GET /static/fonts/Montserrat/Montserrat-VariableFont_wght.woff HTTP/1.1" 404 1964
WARNING 2026-01-10 21:14:27,370 basehttp 13680 9600 "GET /static/fonts/Lora/Lora.woff2 HTTP/1.1" 404 1877
WARNING 2026-01-10 21:14:27,385 basehttp 13680 5284 "GET /static/fonts/Lora/Lora.woff HTTP/1.1" 404 1874
ERROR 2026-01-10 21:15:04,874 log 13680 4828 Internal Server Error: /
Traceback (most recent call last):
  File "C:\Users\Евгения\Desktop\Projects_web\TeddysTale_with-BackEnd\venv\Lib\site-packages\django\contrib\sessions\backends\base.py", line 244, in _get_session
    return self._session_cache
           ^^^^^^^^^^^^^^^^^^^
AttributeError: 'SessionStore' object has no attribute '_session_cache'

During handling of the above exception, another exception occurred:

Traceback (most recent call last):
  File "C:\Users\Евгения\Desktop\Projects_web\TeddysTale_with-BackEnd\venv\Lib\site-packages\django\db\backends\base\base.py", line 279, in ensure_connection
    self.connect()
    ~~~~~~~~~~~~^^
  File "C:\Users\Евгения\Desktop\Projects_web\TeddysTale_with-BackEnd\venv\Lib\site-packages\django\utils\asyncio.py", line 26, in inner
    return func(*args, **kwargs)
  File "C:\Users\Евгения\Desktop\Projects_web\TeddysTale_with-BackEnd\venv\Lib\site-packages\django\db\backends\base\base.py", line 256, in connect
    self.connection = self.get_new_connection(conn_params)
                      ~~~~~~~~~~~~~~~~~~~~~~~^^^^^^^^^^^^^
  File "C:\Users\Евгения\Desktop\Projects_web\TeddysTale_with-BackEnd\venv\Lib\site-packages\django\utils\asyncio.py", line 26, in inner
    return func(*args, **kwargs)
  File "C:\Users\Евгения\Desktop\Projects_web\TeddysTale_with-BackEnd\venv\Lib\site-packages\django\db\backends\postgresql\base.py", line 332, in get_new_connection
    connection = self.Database.connect(**conn_params)
  File "C:\Users\Евгения\Desktop\Projects_web\TeddysTale_with-BackEnd\venv\Lib\site-packages\psycopg2\__init__.py", line 135, in connect
    conn = _connect(dsn, connection_factory=connection_factory, **kwasync)
psycopg2.OperationalError: connection to server at "aws-1-eu-west-1.pooler.supabase.com" (54.247.26.119), port 5432 failed: FATAL:  MaxClientsInSessionMode: max clients reached - in Session mode max clients are limited to pool_size


The above exception was the direct cause of the following exception:

Traceback (most recent call last):
  File "C:\Users\Евгения\Desktop\Projects_web\TeddysTale_with-BackEnd\venv\Lib\site-packages\django\core\handlers\exception.py", line 55, in inner
    response = get_response(request)
  File "C:\Users\Евгения\Desktop\Projects_web\TeddysTale_with-BackEnd\venv\Lib\site-packages\django\utils\deprecation.py", line 119, in __call__
    response = self.process_request(request)
  File "C:\Users\Евгения\Desktop\Projects_web\TeddysTale_with-BackEnd\venv\Lib\site-packages\django\middleware\csrf.py", line 403, in process_request
    csrf_secret = self._get_secret(request)
  File "C:\Users\Евгения\Desktop\Projects_web\TeddysTale_with-BackEnd\venv\Lib\site-packages\django\middleware\csrf.py", line 231, in _get_secret
    csrf_secret = request.session.get(CSRF_SESSION_KEY)
  File "C:\Users\Евгения\Desktop\Projects_web\TeddysTale_with-BackEnd\venv\Lib\site-packages\django\contrib\sessions\backends\base.py", line 74, in get
    return self._session.get(key, default)
           ^^^^^^^^^^^^^
  File "C:\Users\Евгения\Desktop\Projects_web\TeddysTale_with-BackEnd\venv\Lib\site-packages\django\contrib\sessions\backends\base.py", line 249, in _get_session
    self._session_cache = self.load()
                          ~~~~~~~~~^^
  File "C:\Users\Евгения\Desktop\Projects_web\TeddysTale_with-BackEnd\venv\Lib\site-packages\django\contrib\sessions\backends\db.py", line 55, in load
    s = self._get_session_from_db()
  File "C:\Users\Евгения\Desktop\Projects_web\TeddysTale_with-BackEnd\venv\Lib\site-packages\django\contrib\sessions\backends\db.py", line 34, in _get_session_from_db
    return self.model.objects.get(
           ~~~~~~~~~~~~~~~~~~~~~~^
        session_key=self.session_key, expire_date__gt=timezone.now()
        ^^^^^^^^^^^^^^^^^^^^^^^^^^^^^^^^^^^^^^^^^^^^^^^^^^^^^^^^^^^^
    )
    ^
  File "C:\Users\Евгения\Desktop\Projects_web\TeddysTale_with-BackEnd\venv\Lib\site-packages\django\db\models\manager.py", line 87, in manager_method
    return getattr(self.get_queryset(), name)(*args, **kwargs)
           ~~~~~~~~~~~~~~~~~~~~~~~~~~~~~~~~~~^^^^^^^^^^^^^^^^^
  File "C:\Users\Евгения\Desktop\Projects_web\TeddysTale_with-BackEnd\venv\Lib\site-packages\django\db\models\query.py", line 631, in get
    num = len(clone)
  File "C:\Users\Евгения\Desktop\Projects_web\TeddysTale_with-BackEnd\venv\Lib\site-packages\django\db\models\query.py", line 368, in __len__
    self._fetch_all()
    ~~~~~~~~~~~~~~~^^
  File "C:\Users\Евгения\Desktop\Projects_web\TeddysTale_with-BackEnd\venv\Lib\site-packages\django\db\models\query.py", line 1954, in _fetch_all
    self._result_cache = list(self._iterable_class(self))
                         ~~~~^^^^^^^^^^^^^^^^^^^^^^^^^^^^
  File "C:\Users\Евгения\Desktop\Projects_web\TeddysTale_with-BackEnd\venv\Lib\site-packages\django\db\models\query.py", line 93, in __iter__
    results = compiler.execute_sql(
        chunked_fetch=self.chunked_fetch, chunk_size=self.chunk_size
    )
  File "C:\Users\Евгения\Desktop\Projects_web\TeddysTale_with-BackEnd\venv\Lib\site-packages\django\db\models\sql\compiler.py", line 1621, in execute_sql
    cursor = self.connection.cursor()
  File "C:\Users\Евгения\Desktop\Projects_web\TeddysTale_with-BackEnd\venv\Lib\site-packages\django\utils\asyncio.py", line 26, in inner
    return func(*args, **kwargs)
  File "C:\Users\Евгения\Desktop\Projects_web\TeddysTale_with-BackEnd\venv\Lib\site-packages\django\db\backends\base\base.py", line 320, in cursor
    return self._cursor()
           ~~~~~~~~~~~~^^
  File "C:\Users\Евгения\Desktop\Projects_web\TeddysTale_with-BackEnd\venv\Lib\site-packages\django\db\backends\base\base.py", line 296, in _cursor
    self.ensure_connection()
    ~~~~~~~~~~~~~~~~~~~~~~^^
  File "C:\Users\Евгения\Desktop\Projects_web\TeddysTale_with-BackEnd\venv\Lib\site-packages\django\utils\asyncio.py", line 26, in inner
    return func(*args, **kwargs)
  File "C:\Users\Евгения\Desktop\Projects_web\TeddysTale_with-BackEnd\venv\Lib\site-packages\django\db\backends\base\base.py", line 278, in ensure_connection
    with self.wrap_database_errors:
         ^^^^^^^^^^^^^^^^^^^^^^^^^
  File "C:\Users\Евгения\Desktop\Projects_web\TeddysTale_with-BackEnd\venv\Lib\site-packages\django\db\utils.py", line 91, in __exit__
    raise dj_exc_value.with_traceback(traceback) from exc_value
  File "C:\Users\Евгения\Desktop\Projects_web\TeddysTale_with-BackEnd\venv\Lib\site-packages\django\db\backends\base\base.py", line 279, in ensure_connection
    self.connect()
    ~~~~~~~~~~~~^^
  File "C:\Users\Евгения\Desktop\Projects_web\TeddysTale_with-BackEnd\venv\Lib\site-packages\django\utils\asyncio.py", line 26, in inner
    return func(*args, **kwargs)
  File "C:\Users\Евгения\Desktop\Projects_web\TeddysTale_with-BackEnd\venv\Lib\site-packages\django\db\backends\base\base.py", line 256, in connect
    self.connection = self.get_new_connection(conn_params)
                      ~~~~~~~~~~~~~~~~~~~~~~~^^^^^^^^^^^^^
  File "C:\Users\Евгения\Desktop\Projects_web\TeddysTale_with-BackEnd\venv\Lib\site-packages\django\utils\asyncio.py", line 26, in inner
    return func(*args, **kwargs)
  File "C:\Users\Евгения\Desktop\Projects_web\TeddysTale_with-BackEnd\venv\Lib\site-packages\django\db\backends\postgresql\base.py", line 332, in get_new_connection
    connection = self.Database.connect(**conn_params)
  File "C:\Users\Евгения\Desktop\Projects_web\TeddysTale_with-BackEnd\venv\Lib\site-packages\psycopg2\__init__.py", line 135, in connect
    conn = _connect(dsn, connection_factory=connection_factory, **kwasync)
django.db.utils.OperationalError: connection to server at "aws-1-eu-west-1.pooler.supabase.com" (54.247.26.119), port 5432 failed: FATAL:  MaxClientsInSessionMode: max clients reached - in Session mode max clients are limited to pool_size

ERROR 2026-01-10 21:15:04,991 basehttp 13680 4828 "GET / HTTP/1.1" 500 214433
WARNING 2026-01-10 21:15:06,020 log 13680 4828 Not Found: /favicon.ico
WARNING 2026-01-10 21:15:06,078 basehttp 13680 4828 "GET /favicon.ico HTTP/1.1" 404 4100
WARNING 2026-01-10 21:15:08,740 middleware 13680 9800 Ошибка при проверке соединения: connection to server at "aws-1-eu-west-1.pooler.supabase.com" (54.247.26.119), port 5432 failed: FATAL:  MaxClientsInSessionMode: max clients reached - in Session mode max clients are limited to pool_size

WARNING 2026-01-10 21:15:09,575 basehttp 13680 6168 "GET /static/fonts/Montserrat/Montserrat-VariableFont_wght.woff2 HTTP/1.1" 404 1967
WARNING 2026-01-10 21:15:09,617 basehttp 13680 13296 "GET /static/fonts/Lora/Lora.woff2 HTTP/1.1" 404 1877
WARNING 2026-01-10 21:15:09,599 basehttp 13680 12644 "GET /static/fonts/Montserrat/Montserrat-VariableFont_wght.woff HTTP/1.1" 404 1964
WARNING 2026-01-10 21:15:09,642 basehttp 13680 14892 "GET /static/fonts/Lora/Lora.woff HTTP/1.1" 404 1874
WARNING 2026-01-10 21:28:36,540 basehttp 13680 14596 "GET /static/fonts/Montserrat/Montserrat-VariableFont_wght.woff2 HTTP/1.1" 404 1967
WARNING 2026-01-10 21:28:36,556 basehttp 13680 6336 "GET /static/fonts/Montserrat/Montserrat-VariableFont_wght.woff HTTP/1.1" 404 1964
WARNING 2026-01-10 21:28:36,571 basehttp 13680 7536 "GET /static/fonts/Lora/Lora.woff2 HTTP/1.1" 404 1877
WARNING 2026-01-10 21:28:36,596 basehttp 13680 1164 "GET /static/fonts/Lora/Lora.woff HTTP/1.1" 404 1874
WARNING 2026-01-10 21:30:03,955 basehttp 13680 2764 "GET /static/fonts/Montserrat/Montserrat-VariableFont_wght.woff HTTP/1.1" 404 1964
WARNING 2026-01-10 21:30:03,961 basehttp 13680 12564 "GET /static/fonts/Montserrat/Montserrat-VariableFont_wght.woff2 HTTP/1.1" 404 1967
WARNING 2026-01-10 21:30:03,963 basehttp 13680 13948 "GET /static/fonts/Lora/Lora.woff2 HTTP/1.1" 404 1877
WARNING 2026-01-10 21:30:03,975 basehttp 13680 11044 "GET /static/fonts/Lora/Lora.woff HTTP/1.1" 404 1874
WARNING 2026-01-10 21:30:35,581 basehttp 13680 9840 "GET /static/fonts/Montserrat/Montserrat-VariableFont_wght.woff HTTP/1.1" 404 1964
WARNING 2026-01-10 21:30:35,590 basehttp 13680 3808 "GET /static/fonts/Montserrat/Montserrat-VariableFont_wght.woff2 HTTP/1.1" 404 1967
WARNING 2026-01-10 21:30:35,597 basehttp 13680 13896 "GET /static/fonts/Lora/Lora.woff2 HTTP/1.1" 404 1877
WARNING 2026-01-10 21:30:35,597 basehttp 13680 15096 "GET /static/fonts/Lora/Lora.woff HTTP/1.1" 404 1874
WARNING 2026-01-10 21:30:44,070 log 13680 7728 Not Found: /.well-known/appspecific/com.chrome.devtools.json
WARNING 2026-01-10 21:30:44,071 basehttp 13680 7728 "GET /.well-known/appspecific/com.chrome.devtools.json HTTP/1.1" 404 4211
WARNING 2026-01-10 21:31:36,683 basehttp 13680 9084 "GET /static/fonts/Montserrat/Montserrat-VariableFont_wght.woff HTTP/1.1" 404 1964
WARNING 2026-01-10 21:31:36,712 basehttp 13680 11184 "GET /static/fonts/Montserrat/Montserrat-VariableFont_wght.woff2 HTTP/1.1" 404 1967
WARNING 2026-01-10 21:31:36,748 basehttp 13680 8168 "GET /static/fonts/Lora/Lora.woff2 HTTP/1.1" 404 1877
WARNING 2026-01-10 21:31:36,749 basehttp 13680 2244 "GET /static/fonts/Lora/Lora.woff HTTP/1.1" 404 1874
WARNING 2026-01-10 21:32:16,496 log 13680 7728 Not Found: /price/
WARNING 2026-01-10 21:32:16,498 basehttp 13680 7728 "GET /price/ HTTP/1.1" 404 4085
WARNING 2026-01-10 21:32:16,734 log 13680 7728 Not Found: /favicon.ico
WARNING 2026-01-10 21:32:16,735 basehttp 13680 7728 "GET /favicon.ico HTTP/1.1" 404 4100
WARNING 2026-01-10 21:32:24,672 log 13680 7728 Not Found: /404/
WARNING 2026-01-10 21:32:24,678 basehttp 13680 7728 "GET /404/ HTTP/1.1" 404 4079
WARNING 2026-01-11 10:15:08,255 log 18668 12608 Not Found: /404/
WARNING 2026-01-11 10:15:08,260 basehttp 18668 12608 "GET /404/ HTTP/1.1" 404 4079
WARNING 2026-01-11 10:15:17,845 basehttp 18668 18316 "GET /static/fonts/Montserrat/Montserrat-VariableFont_wght.woff2 HTTP/1.1" 404 1967
WARNING 2026-01-11 10:15:17,920 basehttp 18668 13516 "GET /static/fonts/Montserrat/Montserrat-VariableFont_wght.woff HTTP/1.1" 404 1964
WARNING 2026-01-11 10:15:17,944 basehttp 18668 14604 "GET /static/fonts/Lora/Lora.woff2 HTTP/1.1" 404 1877
WARNING 2026-01-11 10:15:17,957 basehttp 18668 10408 "GET /static/fonts/Lora/Lora.woff HTTP/1.1" 404 1874
WARNING 2026-01-11 10:24:55,224 basehttp 18668 16600 "GET /static/fonts/Montserrat/Montserrat-VariableFont_wght.woff2 HTTP/1.1" 404 1967
WARNING 2026-01-11 10:24:55,248 basehttp 18668 16712 "GET /static/fonts/Montserrat/Montserrat-VariableFont_wght.woff HTTP/1.1" 404 1964
WARNING 2026-01-11 10:24:55,249 basehttp 18668 1888 "GET /static/fonts/Lora/Lora.woff2 HTTP/1.1" 404 1877
WARNING 2026-01-11 10:24:55,262 basehttp 18668 15728 "GET /static/fonts/Lora/Lora.woff HTTP/1.1" 404 1874
WARNING 2026-01-11 10:25:05,545 basehttp 18668 16172 "GET /static/fonts/Montserrat/Montserrat-VariableFont_wght.woff2 HTTP/1.1" 404 1967
WARNING 2026-01-11 10:25:05,563 basehttp 18668 5432 "GET /static/fonts/Montserrat/Montserrat-VariableFont_wght.woff HTTP/1.1" 404 1964
WARNING 2026-01-11 10:25:05,580 basehttp 18668 13976 "GET /static/fonts/Lora/Lora.woff2 HTTP/1.1" 404 1877
WARNING 2026-01-11 10:25:05,608 basehttp 18668 9304 "GET /static/fonts/Lora/Lora.woff HTTP/1.1" 404 1874
WARNING 2026-01-11 10:25:33,952 basehttp 18668 17616 "GET /static/fonts/Montserrat/Montserrat-VariableFont_wght.woff2 HTTP/1.1" 404 1967
WARNING 2026-01-11 10:25:33,964 basehttp 18668 8624 "GET /static/fonts/Lora/Lora.woff HTTP/1.1" 404 1874
WARNING 2026-01-11 10:25:33,965 basehttp 18668 19428 "GET /static/fonts/Montserrat/Montserrat-VariableFont_wght.woff HTTP/1.1" 404 1964
WARNING 2026-01-11 10:25:33,975 basehttp 18668 7728 "GET /static/fonts/Lora/Lora.woff2 HTTP/1.1" 404 1877
WARNING 2026-01-11 10:25:50,951 basehttp 18668 16476 "GET /static/fonts/Montserrat/Montserrat-VariableFont_wght.woff HTTP/1.1" 404 1964
WARNING 2026-01-11 10:25:50,967 basehttp 18668 16816 "GET /static/fonts/Montserrat/Montserrat-VariableFont_wght.woff2 HTTP/1.1" 404 1967
WARNING 2026-01-11 10:25:50,982 basehttp 18668 17792 "GET /static/fonts/Lora/Lora.woff2 HTTP/1.1" 404 1877
WARNING 2026-01-11 10:25:50,998 basehttp 18668 17060 "GET /static/fonts/Lora/Lora.woff HTTP/1.1" 404 1874
WARNING 2026-01-11 10:25:51,570 middleware 18668 14464 Ошибка при проверке соединения: connection to server at "aws-1-eu-west-1.pooler.supabase.com" (54.247.26.119), port 5432 failed: FATAL:  Max client connections reached

WARNING 2026-01-11 10:25:52,261 middleware 18668 14464 Ошибка при проверке соединения: connection to server at "aws-1-eu-west-1.pooler.supabase.com" (54.247.26.119), port 5432 failed: FATAL:  MaxClientsInSessionMode: max clients reached - in Session mode max clients are limited to pool_size

WARNING 2026-01-11 10:25:52,261 middleware 18668 17940 Ошибка при проверке соединения: connection to server at "aws-1-eu-west-1.pooler.supabase.com" (54.247.26.119), port 5432 failed: FATAL:  MaxClientsInSessionMode: max clients reached - in Session mode max clients are limited to pool_size

WARNING 2026-01-11 10:26:00,586 middleware 18668 8692 Ошибка при проверке соединения: connection to server at "aws-1-eu-west-1.pooler.supabase.com" (18.202.64.2), port 5432 failed: FATAL:  MaxClientsInSessionMode: max clients reached - in Session mode max clients are limited to pool_size

WARNING 2026-01-11 10:26:01,363 basehttp 18668 4140 "GET /static/fonts/Montserrat/Montserrat-VariableFont_wght.woff2 HTTP/1.1" 404 1967
WARNING 2026-01-11 10:26:01,378 basehttp 18668 9528 "GET /static/fonts/Montserrat/Montserrat-VariableFont_wght.woff HTTP/1.1" 404 1964
WARNING 2026-01-11 10:26:01,379 basehttp 18668 11528 "GET /static/fonts/Lora/Lora.woff2 HTTP/1.1" 404 1877
WARNING 2026-01-11 10:26:01,399 basehttp 18668 15432 "GET /static/fonts/Lora/Lora.woff HTTP/1.1" 404 1874
WARNING 2026-01-11 10:27:59,994 basehttp 15112 13520 "GET /static/fonts/Montserrat/Montserrat-VariableFont_wght.woff2 HTTP/1.1" 404 1967
WARNING 2026-01-11 10:28:00,012 basehttp 15112 3352 "GET /static/fonts/Montserrat/Montserrat-VariableFont_wght.woff HTTP/1.1" 404 1964
WARNING 2026-01-11 10:28:00,034 basehttp 15112 2484 "GET /static/fonts/Lora/Lora.woff2 HTTP/1.1" 404 1877
WARNING 2026-01-11 10:28:00,035 basehttp 15112 17940 "GET /static/fonts/Lora/Lora.woff HTTP/1.1" 404 1874
WARNING 2026-01-11 10:28:54,342 basehttp 15112 3296 "GET /static/fonts/Montserrat/Montserrat-VariableFont_wght.woff2 HTTP/1.1" 404 1967
WARNING 2026-01-11 10:28:54,346 basehttp 15112 17888 "GET /static/fonts/Montserrat/Montserrat-VariableFont_wght.woff HTTP/1.1" 404 1964
WARNING 2026-01-11 10:28:54,360 basehttp 15112 15904 "GET /static/fonts/Lora/Lora.woff2 HTTP/1.1" 404 1877
WARNING 2026-01-11 10:28:54,379 basehttp 15112 19336 "GET /static/fonts/Lora/Lora.woff HTTP/1.1" 404 1874
WARNING 2026-01-11 10:30:14,966 basehttp 15112 14220 "GET /static/fonts/Lora/Lora.woff2 HTTP/1.1" 404 1877
WARNING 2026-01-11 10:30:14,998 basehttp 15112 18640 "GET /static/fonts/Montserrat/Montserrat-VariableFont_wght.woff2 HTTP/1.1" 404 1967
WARNING 2026-01-11 10:30:14,998 basehttp 15112 16584 "GET /static/fonts/Montserrat/Montserrat-VariableFont_wght.woff HTTP/1.1" 404 1964
WARNING 2026-01-11 10:30:14,998 basehttp 15112 18288 "GET /static/fonts/Lora/Lora.woff HTTP/1.1" 404 1874
WARNING 2026-01-11 10:31:53,570 basehttp 15112 18272 "GET /static/fonts/Montserrat/Montserrat-VariableFont_wght.woff2 HTTP/1.1" 404 1967
WARNING 2026-01-11 10:31:53,592 basehttp 15112 14972 "GET /static/fonts/Lora/Lora.woff2 HTTP/1.1" 404 1877
WARNING 2026-01-11 10:31:53,593 basehttp 15112 14968 "GET /static/fonts/Montserrat/Montserrat-VariableFont_wght.woff HTTP/1.1" 404 1964
WARNING 2026-01-11 10:31:53,604 basehttp 15112 15120 "GET /static/fonts/Lora/Lora.woff HTTP/1.1" 404 1874
WARNING 2026-01-11 10:32:15,790 basehttp 15112 18828 "GET /static/fonts/Montserrat/Montserrat-VariableFont_wght.woff2 HTTP/1.1" 404 1967
WARNING 2026-01-11 10:32:15,815 basehttp 15112 16728 "GET /static/fonts/Lora/Lora.woff2 HTTP/1.1" 404 1877
WARNING 2026-01-11 10:32:15,832 basehttp 15112 3220 "GET /static/fonts/Lora/Lora.woff HTTP/1.1" 404 1874
WARNING 2026-01-11 10:32:15,820 basehttp 15112 8588 "GET /static/fonts/Montserrat/Montserrat-VariableFont_wght.woff HTTP/1.1" 404 1964
WARNING 2026-01-11 10:32:55,968 basehttp 15112 1884 "GET /static/fonts/Montserrat/Montserrat-VariableFont_wght.woff2 HTTP/1.1" 404 1967
WARNING 2026-01-11 10:32:55,969 basehttp 15112 19272 "GET /static/fonts/Montserrat/Montserrat-VariableFont_wght.woff HTTP/1.1" 404 1964
WARNING 2026-01-11 10:32:55,999 basehttp 15112 18844 "GET /static/fonts/Lora/Lora.woff HTTP/1.1" 404 1874
WARNING 2026-01-11 10:32:56,004 basehttp 15112 13676 "GET /static/fonts/Lora/Lora.woff2 HTTP/1.1" 404 1877
WARNING 2026-01-11 10:43:26,148 basehttp 16388 3596 "GET /static/fonts/Montserrat/Montserrat-VariableFont_wght.woff2 HTTP/1.1" 404 1967
WARNING 2026-01-11 10:43:26,161 basehttp 16388 17644 "GET /static/fonts/Montserrat/Montserrat-VariableFont_wght.woff HTTP/1.1" 404 1964
WARNING 2026-01-11 10:43:26,177 basehttp 16388 13688 "GET /static/fonts/Lora/Lora.woff2 HTTP/1.1" 404 1877
WARNING 2026-01-11 10:43:26,187 basehttp 16388 13764 "GET /static/fonts/Lora/Lora.woff HTTP/1.1" 404 1874
WARNING 2026-01-11 10:44:53,246 basehttp 14320 3460 "GET /static/fonts/Montserrat/Montserrat-VariableFont_wght.woff2 HTTP/1.1" 404 1967
WARNING 2026-01-11 10:44:53,266 basehttp 14320 17892 "GET /static/fonts/Montserrat/Montserrat-VariableFont_wght.woff HTTP/1.1" 404 1964
WARNING 2026-01-11 10:44:53,291 basehttp 14320 1724 "GET /static/fonts/Lora/Lora.woff2 HTTP/1.1" 404 1877
WARNING 2026-01-11 10:44:53,300 basehttp 14320 3440 "GET /static/fonts/Lora/Lora.woff HTTP/1.1" 404 1874
WARNING 2026-01-11 10:45:19,216 basehttp 14320 19376 "GET /static/fonts/Montserrat/Montserrat-VariableFont_wght.woff2 HTTP/1.1" 404 1967
WARNING 2026-01-11 10:45:19,234 basehttp 14320 17876 "GET /static/fonts/Montserrat/Montserrat-VariableFont_wght.woff HTTP/1.1" 404 1964
WARNING 2026-01-11 10:45:19,248 basehttp 14320 15400 "GET /static/fonts/Lora/Lora.woff2 HTTP/1.1" 404 1877
WARNING 2026-01-11 10:45:19,274 basehttp 14320 7596 "GET /static/fonts/Lora/Lora.woff HTTP/1.1" 404 1874
WARNING 2026-01-11 10:47:19,905 log 14320 15668 Not Found: /404
WARNING 2026-01-11 10:47:19,906 basehttp 14320 15668 "GET /404 HTTP/1.1" 404 4076
WARNING 2026-01-11 10:47:20,092 log 14320 15668 Not Found: /favicon.ico
WARNING 2026-01-11 10:47:20,093 basehttp 14320 15668 "GET /favicon.ico HTTP/1.1" 404 4100
WARNING 2026-01-11 10:49:13,374 log 16800 4812 Not Found: /404
WARNING 2026-01-11 10:49:13,376 basehttp 16800 4812 "GET /404 HTTP/1.1" 404 6563
WARNING 2026-01-11 10:49:13,910 log 16800 14296 Not Found: /static/fonts/Lora/Lora.woff2
WARNING 2026-01-11 10:49:13,921 log 16800 16376 Not Found: /static/fonts/Lora/Lora.woff
WARNING 2026-01-11 10:49:13,939 basehttp 16800 14296 "GET /static/fonts/Lora/Lora.woff2 HTTP/1.1" 404 6563
WARNING 2026-01-11 10:49:13,954 basehttp 16800 16376 "GET /static/fonts/Lora/Lora.woff HTTP/1.1" 404 6563
WARNING 2026-01-11 10:49:13,963 log 16800 17328 Not Found: /static/fonts/Montserrat/Montserrat-VariableFont_wght.woff2
WARNING 2026-01-11 10:49:13,966 log 16800 15932 Not Found: /static/fonts/Montserrat/Montserrat-VariableFont_wght.woff
WARNING 2026-01-11 10:49:13,969 basehttp 16800 17328 "GET /static/fonts/Montserrat/Montserrat-VariableFont_wght.woff2 HTTP/1.1" 404 6563
WARNING 2026-01-11 10:49:13,969 basehttp 16800 15932 "GET /static/fonts/Montserrat/Montserrat-VariableFont_wght.woff HTTP/1.1" 404 6563
WARNING 2026-01-11 10:50:03,943 log 16800 15932 Not Found: /static/fonts/Lora/Lora.woff
WARNING 2026-01-11 10:50:03,928 log 16800 14296 Not Found: /static/fonts/Montserrat/Montserrat-VariableFont_wght.woff2
WARNING 2026-01-11 10:50:03,990 log 16800 16376 Not Found: /static/fonts/Montserrat/Montserrat-VariableFont_wght.woff
WARNING 2026-01-11 10:50:03,995 basehttp 16800 14296 "GET /static/fonts/Montserrat/Montserrat-VariableFont_wght.woff2 HTTP/1.1" 404 6563
WARNING 2026-01-11 10:50:04,004 basehttp 16800 15932 "GET /static/fonts/Lora/Lora.woff HTTP/1.1" 404 6563
WARNING 2026-01-11 10:50:04,024 log 16800 17328 Not Found: /static/fonts/Lora/Lora.woff2
WARNING 2026-01-11 10:50:04,028 basehttp 16800 16376 "GET /static/fonts/Montserrat/Montserrat-VariableFont_wght.woff HTTP/1.1" 404 6563
WARNING 2026-01-11 10:50:04,030 basehttp 16800 17328 "GET /static/fonts/Lora/Lora.woff2 HTTP/1.1" 404 6563
WARNING 2026-01-11 10:50:12,561 log 16800 4812 Not Found: /503
WARNING 2026-01-11 10:50:12,562 basehttp 16800 4812 "GET /503 HTTP/1.1" 404 6563
WARNING 2026-01-11 10:50:12,792 log 16800 4812 Not Found: /static/fonts/Lora/Lora.woff
WARNING 2026-01-11 10:50:12,794 log 16800 16376 Not Found: /static/fonts/Montserrat/Montserrat-VariableFont_wght.woff
WARNING 2026-01-11 10:50:12,798 log 16800 17328 Not Found: /static/fonts/Lora/Lora.woff2
WARNING 2026-01-11 10:50:12,806 basehttp 16800 17328 "GET /static/fonts/Lora/Lora.woff2 HTTP/1.1" 404 6563
WARNING 2026-01-11 10:50:12,807 basehttp 16800 4812 "GET /static/fonts/Lora/Lora.woff HTTP/1.1" 404 6563
WARNING 2026-01-11 10:50:12,810 basehttp 16800 16376 "GET /static/fonts/Montserrat/Montserrat-VariableFont_wght.woff HTTP/1.1" 404 6563
WARNING 2026-01-11 10:50:12,815 log 16800 14296 Not Found: /static/fonts/Montserrat/Montserrat-VariableFont_wght.woff2
WARNING 2026-01-11 10:50:12,827 basehttp 16800 14296 "GET /static/fonts/Montserrat/Montserrat-VariableFont_wght.woff2 HTTP/1.1" 404 6563
WARNING 2026-01-11 10:50:43,366 log 16800 4812 Not Found: /503.html
WARNING 2026-01-11 10:50:43,367 basehttp 16800 4812 "GET /503.html HTTP/1.1" 404 6563
WARNING 2026-01-11 10:50:43,577 log 16800 17328 Not Found: /static/fonts/Montserrat/Montserrat-VariableFont_wght.woff
WARNING 2026-01-11 10:50:43,589 log 16800 16376 Not Found: /static/fonts/Montserrat/Montserrat-VariableFont_wght.woff2
WARNING 2026-01-11 10:50:43,594 log 16800 4812 Not Found: /static/fonts/Lora/Lora.woff
WARNING 2026-01-11 10:50:43,596 log 16800 14296 Not Found: /static/fonts/Lora/Lora.woff2
WARNING 2026-01-11 10:50:43,598 basehttp 16800 17328 "GET /static/fonts/Montserrat/Montserrat-VariableFont_wght.woff HTTP/1.1" 404 6563
WARNING 2026-01-11 10:50:43,598 basehttp 16800 4812 "GET /static/fonts/Lora/Lora.woff HTTP/1.1" 404 6563
WARNING 2026-01-11 10:50:43,599 basehttp 16800 14296 "GET /static/fonts/Lora/Lora.woff2 HTTP/1.1" 404 6563
WARNING 2026-01-11 10:50:43,600 basehttp 16800 16376 "GET /static/fonts/Montserrat/Montserrat-VariableFont_wght.woff2 HTTP/1.1" 404 6563
ERROR 2026-01-11 10:51:24,467 log 16800 14296 Service Unavailable: /service-unavailable/
ERROR 2026-01-11 10:51:24,475 basehttp 16800 14296 "GET /service-unavailable/ HTTP/1.1" 503 7944
WARNING 2026-01-11 10:51:24,666 log 16800 17328 Not Found: /static/fonts/Lora/Lora.woff2
WARNING 2026-01-11 10:51:24,670 log 16800 16376 Not Found: /static/fonts/Montserrat/Montserrat-VariableFont_wght.woff
WARNING 2026-01-11 10:51:24,671 basehttp 16800 17328 "GET /static/fonts/Lora/Lora.woff2 HTTP/1.1" 404 6563
WARNING 2026-01-11 10:51:24,672 basehttp 16800 16376 "GET /static/fonts/Montserrat/Montserrat-VariableFont_wght.woff HTTP/1.1" 404 6563
WARNING 2026-01-11 10:51:24,964 log 16800 17668 Not Found: /static/fonts/Lora/Lora.woff
WARNING 2026-01-11 10:51:24,966 basehttp 16800 17668 "GET /static/fonts/Lora/Lora.woff HTTP/1.1" 404 6563
ERROR 2026-01-11 10:53:37,006 log 16668 4476 Service Unavailable: /service-unavailable/
ERROR 2026-01-11 10:53:37,034 basehttp 16668 4476 "GET /service-unavailable/ HTTP/1.1" 503 6886
WARNING 2026-01-11 10:53:37,722 log 16668 16580 Not Found: /static/fonts/Montserrat/Montserrat-VariableFont_wght.woff2
WARNING 2026-01-11 10:53:37,736 log 16668 16496 Not Found: /static/fonts/Montserrat/Montserrat-VariableFont_wght.woff
WARNING 2026-01-11 10:53:37,739 log 16668 8064 Not Found: /static/fonts/Lora/Lora.woff
WARNING 2026-01-11 10:53:37,743 log 16668 13844 Not Found: /static/fonts/Lora/Lora.woff2
WARNING 2026-01-11 10:53:37,745 basehttp 16668 16580 "GET /static/fonts/Montserrat/Montserrat-VariableFont_wght.woff2 HTTP/1.1" 404 6563
WARNING 2026-01-11 10:53:37,747 basehttp 16668 16496 "GET /static/fonts/Montserrat/Montserrat-VariableFont_wght.woff HTTP/1.1" 404 6563
WARNING 2026-01-11 10:53:37,749 basehttp 16668 8064 "GET /static/fonts/Lora/Lora.woff HTTP/1.1" 404 6563
WARNING 2026-01-11 10:53:37,752 basehttp 16668 13844 "GET /static/fonts/Lora/Lora.woff2 HTTP/1.1" 404 6563
ERROR 2026-01-11 10:53:57,545 log 16668 4476 Service Unavailable: /service-unavailable/
ERROR 2026-01-11 10:53:58,150 basehttp 16668 4476 "GET /service-unavailable/ HTTP/1.1" 503 6886
WARNING 2026-01-11 10:53:58,575 log 16668 13844 Not Found: /static/fonts/Lora/Lora.woff
WARNING 2026-01-11 10:53:58,625 basehttp 16668 13844 "GET /static/fonts/Lora/Lora.woff HTTP/1.1" 404 6563
WARNING 2026-01-11 10:53:58,640 log 16668 16580 Not Found: /static/fonts/Montserrat/Montserrat-VariableFont_wght.woff
WARNING 2026-01-11 10:53:58,646 log 16668 8064 Not Found: /static/fonts/Lora/Lora.woff2
WARNING 2026-01-11 10:53:58,653 log 16668 16496 Not Found: /static/fonts/Montserrat/Montserrat-VariableFont_wght.woff2
WARNING 2026-01-11 10:53:58,657 basehttp 16668 16580 "GET /static/fonts/Montserrat/Montserrat-VariableFont_wght.woff HTTP/1.1" 404 6563
WARNING 2026-01-11 10:53:58,658 basehttp 16668 8064 "GET /static/fonts/Lora/Lora.woff2 HTTP/1.1" 404 6563
WARNING 2026-01-11 10:53:58,657 basehttp 16668 16496 "GET /static/fonts/Montserrat/Montserrat-VariableFont_wght.woff2 HTTP/1.1" 404 6563
ERROR 2026-01-11 10:54:01,282 log 16668 4476 Service Unavailable: /service-unavailable/
ERROR 2026-01-11 10:54:01,305 basehttp 16668 4476 "GET /service-unavailable/ HTTP/1.1" 503 6886
WARNING 2026-01-11 10:54:01,716 log 16668 16580 Not Found: /static/fonts/Lora/Lora.woff
WARNING 2026-01-11 10:54:01,722 log 16668 16496 Not Found: /static/fonts/Montserrat/Montserrat-VariableFont_wght.woff
WARNING 2026-01-11 10:54:01,758 log 16668 13844 Not Found: /static/fonts/Montserrat/Montserrat-VariableFont_wght.woff2
WARNING 2026-01-11 10:54:01,775 log 16668 8064 Not Found: /static/fonts/Lora/Lora.woff2
WARNING 2026-01-11 10:54:01,773 basehttp 16668 16496 "GET /static/fonts/Montserrat/Montserrat-VariableFont_wght.woff HTTP/1.1" 404 6563
WARNING 2026-01-11 10:54:01,782 basehttp 16668 16580 "GET /static/fonts/Lora/Lora.woff HTTP/1.1" 404 6563
WARNING 2026-01-11 10:54:01,788 basehttp 16668 8064 "GET /static/fonts/Lora/Lora.woff2 HTTP/1.1" 404 6563
WARNING 2026-01-11 10:54:01,788 basehttp 16668 13844 "GET /static/fonts/Montserrat/Montserrat-VariableFont_wght.woff2 HTTP/1.1" 404 6563
ERROR 2026-01-11 10:54:18,096 log 16668 4476 Service Unavailable: /service-unavailable/
ERROR 2026-01-11 10:54:18,112 basehttp 16668 4476 "GET /service-unavailable/ HTTP/1.1" 503 6886
WARNING 2026-01-11 10:54:18,474 log 16668 13844 Not Found: /static/fonts/Lora/Lora.woff2
WARNING 2026-01-11 10:54:18,517 log 16668 16580 Not Found: /static/fonts/Montserrat/Montserrat-VariableFont_wght.woff
WARNING 2026-01-11 10:54:18,646 log 16668 16496 Not Found: /static/fonts/Montserrat/Montserrat-VariableFont_wght.woff2
WARNING 2026-01-11 10:54:18,652 basehttp 16668 13844 "GET /static/fonts/Lora/Lora.woff2 HTTP/1.1" 404 6563
WARNING 2026-01-11 10:54:18,673 basehttp 16668 16580 "GET /static/fonts/Montserrat/Montserrat-VariableFont_wght.woff HTTP/1.1" 404 6563
WARNING 2026-01-11 10:54:18,694 log 16668 8064 Not Found: /static/fonts/Lora/Lora.woff
WARNING 2026-01-11 10:54:18,703 basehttp 16668 16496 "GET /static/fonts/Montserrat/Montserrat-VariableFont_wght.woff2 HTTP/1.1" 404 6563
WARNING 2026-01-11 10:54:18,706 basehttp 16668 8064 "GET /static/fonts/Lora/Lora.woff HTTP/1.1" 404 6563
ERROR 2026-01-11 10:55:59,678 log 12892 16464 Service Unavailable: /service-unavailable/
ERROR 2026-01-11 10:55:59,721 basehttp 12892 16464 "GET /service-unavailable/ HTTP/1.1" 503 6886
WARNING 2026-01-11 10:56:00,317 log 12892 8896 Not Found: /static/fonts/Lora/Lora.woff2
WARNING 2026-01-11 10:56:00,320 log 12892 4040 Not Found: /static/fonts/Lora/Lora.woff
WARNING 2026-01-11 10:56:00,324 basehttp 12892 8896 "GET /static/fonts/Lora/Lora.woff2 HTTP/1.1" 404 6563
WARNING 2026-01-11 10:56:00,325 basehttp 12892 4040 "GET /static/fonts/Lora/Lora.woff HTTP/1.1" 404 6563
WARNING 2026-01-11 10:56:00,343 log 12892 9020 Not Found: /static/fonts/Montserrat/Montserrat-VariableFont_wght.woff2
WARNING 2026-01-11 10:56:00,345 basehttp 12892 9020 "GET /static/fonts/Montserrat/Montserrat-VariableFont_wght.woff2 HTTP/1.1" 404 6563
WARNING 2026-01-11 10:56:24,109 middleware 12892 9056 Ошибка при проверке соединения: connection to server at "aws-1-eu-west-1.pooler.supabase.com" (18.202.64.2), port 5432 failed: timeout expired
connection to server at "aws-1-eu-west-1.pooler.supabase.com" (54.247.26.119), port 5432 failed: FATAL:  MaxClientsInSessionMode: max clients reached - in Session mode max clients are limited to pool_size

WARNING 2026-01-11 10:56:24,161 log 12892 9056 Not Found: /static/fonts/Montserrat/Montserrat-VariableFont_wght.woff
WARNING 2026-01-11 10:56:24,162 basehttp 12892 9056 "GET /static/fonts/Montserrat/Montserrat-VariableFont_wght.woff HTTP/1.1" 404 6563
ERROR 2026-01-11 10:56:37,468 log 12892 16464 Service Unavailable: /service-unavailable/
ERROR 2026-01-11 10:56:37,486 basehttp 12892 16464 "GET /service-unavailable/ HTTP/1.1" 503 6886
WARNING 2026-01-11 10:56:37,792 log 12892 4040 Not Found: /static/fonts/Montserrat/Montserrat-VariableFont_wght.woff2
WARNING 2026-01-11 10:56:37,876 log 12892 8896 Not Found: /static/fonts/Montserrat/Montserrat-VariableFont_wght.woff
WARNING 2026-01-11 10:56:37,892 basehttp 12892 4040 "GET /static/fonts/Montserrat/Montserrat-VariableFont_wght.woff2 HTTP/1.1" 404 6563
WARNING 2026-01-11 10:56:37,928 log 12892 9020 Not Found: /static/fonts/Lora/Lora.woff2
WARNING 2026-01-11 10:56:37,929 basehttp 12892 8896 "GET /static/fonts/Montserrat/Montserrat-VariableFont_wght.woff HTTP/1.1" 404 6563
WARNING 2026-01-11 10:56:37,936 basehttp 12892 9020 "GET /static/fonts/Lora/Lora.woff2 HTTP/1.1" 404 6563
WARNING 2026-01-11 10:56:38,034 middleware 12892 9056 Ошибка при проверке соединения: connection to server at "aws-1-eu-west-1.pooler.supabase.com" (54.247.26.119), port 5432 failed: FATAL:  MaxClientsInSessionMode: max clients reached - in Session mode max clients are limited to pool_size

WARNING 2026-01-11 10:56:38,062 log 12892 9056 Not Found: /static/fonts/Lora/Lora.woff
WARNING 2026-01-11 10:56:38,063 basehttp 12892 9056 "GET /static/fonts/Lora/Lora.woff HTTP/1.1" 404 6563
ERROR 2026-01-11 10:57:15,707 log 12892 16464 Service Unavailable: /service-unavailable/
ERROR 2026-01-11 10:57:15,725 basehttp 12892 16464 "GET /service-unavailable/ HTTP/1.1" 503 6886
WARNING 2026-01-11 10:57:16,026 log 12892 9020 Not Found: /static/fonts/Montserrat/Montserrat-VariableFont_wght.woff2
WARNING 2026-01-11 10:57:16,042 log 12892 16464 Not Found: /static/fonts/Lora/Lora.woff
WARNING 2026-01-11 10:57:16,046 log 12892 8896 Not Found: /static/fonts/Montserrat/Montserrat-VariableFont_wght.woff
WARNING 2026-01-11 10:57:16,047 basehttp 12892 9020 "GET /static/fonts/Montserrat/Montserrat-VariableFont_wght.woff2 HTTP/1.1" 404 6563
WARNING 2026-01-11 10:57:16,056 basehttp 12892 8896 "GET /static/fonts/Montserrat/Montserrat-VariableFont_wght.woff HTTP/1.1" 404 6563
WARNING 2026-01-11 10:57:16,059 basehttp 12892 16464 "GET /static/fonts/Lora/Lora.woff HTTP/1.1" 404 6563
WARNING 2026-01-11 10:57:16,219 middleware 12892 9056 Ошибка при проверке соединения: connection to server at "aws-1-eu-west-1.pooler.supabase.com" (54.247.26.119), port 5432 failed: FATAL:  MaxClientsInSessionMode: max clients reached - in Session mode max clients are limited to pool_size

WARNING 2026-01-11 10:57:16,248 log 12892 9056 Not Found: /static/fonts/Lora/Lora.woff2
WARNING 2026-01-11 10:57:16,250 basehttp 12892 9056 "GET /static/fonts/Lora/Lora.woff2 HTTP/1.1" 404 6563
ERROR 2026-01-11 10:57:53,052 log 17128 14384 Service Unavailable: /service-unavailable/
ERROR 2026-01-11 10:57:53,073 basehttp 17128 14384 "GET /service-unavailable/ HTTP/1.1" 503 6886
WARNING 2026-01-11 10:57:53,239 log 17128 14384 Not Found: /static/fonts/Montserrat/Montserrat-VariableFont_wght.woff2
WARNING 2026-01-11 10:57:53,240 basehttp 17128 14384 "GET /static/fonts/Montserrat/Montserrat-VariableFont_wght.woff2 HTTP/1.1" 404 6563
WARNING 2026-01-11 10:57:53,578 log 17128 17980 Not Found: /static/fonts/Montserrat/Montserrat-VariableFont_wght.woff
WARNING 2026-01-11 10:57:53,593 log 17128 4168 Not Found: /static/fonts/Lora/Lora.woff2
WARNING 2026-01-11 10:57:53,594 basehttp 17128 4168 "GET /static/fonts/Lora/Lora.woff2 HTTP/1.1" 404 6563
WARNING 2026-01-11 10:57:53,595 basehttp 17128 17980 "GET /static/fonts/Montserrat/Montserrat-VariableFont_wght.woff HTTP/1.1" 404 6563
WARNING 2026-01-11 10:57:53,635 log 17128 16468 Not Found: /static/fonts/Lora/Lora.woff
WARNING 2026-01-11 10:57:53,636 basehttp 17128 16468 "GET /static/fonts/Lora/Lora.woff HTTP/1.1" 404 6563
ERROR 2026-01-11 10:58:02,194 log 17128 14384 Service Unavailable: /service-unavailable/
ERROR 2026-01-11 10:58:02,210 basehttp 17128 14384 "GET /service-unavailable/ HTTP/1.1" 503 6886
WARNING 2026-01-11 10:58:02,500 log 17128 17980 Not Found: /static/fonts/Montserrat/Montserrat-VariableFont_wght.woff2
WARNING 2026-01-11 10:58:02,534 log 17128 14384 Not Found: /static/fonts/Lora/Lora.woff
WARNING 2026-01-11 10:58:02,554 log 17128 16468 Not Found: /static/fonts/Lora/Lora.woff2
WARNING 2026-01-11 10:58:02,562 basehttp 17128 17980 "GET /static/fonts/Montserrat/Montserrat-VariableFont_wght.woff2 HTTP/1.1" 404 6563
WARNING 2026-01-11 10:58:02,572 log 17128 4168 Not Found: /static/fonts/Montserrat/Montserrat-VariableFont_wght.woff
WARNING 2026-01-11 10:58:02,574 basehttp 17128 14384 "GET /static/fonts/Lora/Lora.woff HTTP/1.1" 404 6563
WARNING 2026-01-11 10:58:02,574 basehttp 17128 16468 "GET /static/fonts/Lora/Lora.woff2 HTTP/1.1" 404 6563
WARNING 2026-01-11 10:58:02,584 basehttp 17128 4168 "GET /static/fonts/Montserrat/Montserrat-VariableFont_wght.woff HTTP/1.1" 404 6563
ERROR 2026-01-11 10:59:32,443 log 17128 14384 Service Unavailable: /service-unavailable/
ERROR 2026-01-11 10:59:32,462 basehttp 17128 14384 "GET /service-unavailable/ HTTP/1.1" 503 6886
WARNING 2026-01-11 10:59:32,975 log 17128 14384 Not Found: /static/fonts/Lora/Lora.woff2
WARNING 2026-01-11 10:59:33,017 log 17128 16468 Not Found: /static/fonts/Montserrat/Montserrat-VariableFont_wght.woff2
WARNING 2026-01-11 10:59:33,020 basehttp 17128 14384 "GET /static/fonts/Lora/Lora.woff2 HTTP/1.1" 404 6563
WARNING 2026-01-11 10:59:33,024 log 17128 4168 Not Found: /static/fonts/Montserrat/Montserrat-VariableFont_wght.woff
WARNING 2026-01-11 10:59:33,031 basehttp 17128 4168 "GET /static/fonts/Montserrat/Montserrat-VariableFont_wght.woff HTTP/1.1" 404 6563
WARNING 2026-01-11 10:59:33,031 basehttp 17128 16468 "GET /static/fonts/Montserrat/Montserrat-VariableFont_wght.woff2 HTTP/1.1" 404 6563
WARNING 2026-01-11 10:59:33,251 log 17128 7396 Not Found: /static/fonts/Lora/Lora.woff
WARNING 2026-01-11 10:59:33,255 basehttp 17128 7396 "GET /static/fonts/Lora/Lora.woff HTTP/1.1" 404 6563
WARNING 2026-01-11 11:00:46,433 middleware 17128 16240 Ошибка при проверке соединения: connection to server at "aws-1-eu-west-1.pooler.supabase.com" (18.202.64.2), port 5432 failed: FATAL:  MaxClientsInSessionMode: max clients reached - in Session mode max clients are limited to pool_size

ERROR 2026-01-11 11:00:46,435 log 17128 16240 Service Unavailable: /service-unavailable/
ERROR 2026-01-11 11:00:46,448 basehttp 17128 16240 "GET /service-unavailable/ HTTP/1.1" 503 6886
WARNING 2026-01-11 11:00:46,833 middleware 17128 2664 Ошибка при проверке соединения: connection to server at "aws-1-eu-west-1.pooler.supabase.com" (18.202.64.2), port 5432 failed: FATAL:  MaxClientsInSessionMode: max clients reached - in Session mode max clients are limited to pool_size

WARNING 2026-01-11 11:00:46,868 middleware 17128 18932 Ошибка при проверке соединения: connection to server at "aws-1-eu-west-1.pooler.supabase.com" (18.202.64.2), port 5432 failed: FATAL:  MaxClientsInSessionMode: max clients reached - in Session mode max clients are limited to pool_size

WARNING 2026-01-11 11:00:46,868 middleware 17128 9444 Ошибка при проверке соединения: connection to server at "aws-1-eu-west-1.pooler.supabase.com" (18.202.64.2), port 5432 failed: FATAL:  MaxClientsInSessionMode: max clients reached - in Session mode max clients are limited to pool_size

WARNING 2026-01-11 11:00:46,868 middleware 17128 16336 Ошибка при проверке соединения: connection to server at "aws-1-eu-west-1.pooler.supabase.com" (18.202.64.2), port 5432 failed: FATAL:  MaxClientsInSessionMode: max clients reached - in Session mode max clients are limited to pool_size

WARNING 2026-01-11 11:00:47,045 log 17128 2664 Not Found: /static/fonts/Lora/Lora.woff2
WARNING 2026-01-11 11:00:47,070 log 17128 16336 Not Found: /static/fonts/Montserrat/Montserrat-VariableFont_wght.woff
WARNING 2026-01-11 11:00:47,098 log 17128 18932 Not Found: /static/fonts/Lora/Lora.woff
WARNING 2026-01-11 11:00:47,100 basehttp 17128 2664 "GET /static/fonts/Lora/Lora.woff2 HTTP/1.1" 404 6563
WARNING 2026-01-11 11:00:47,163 basehttp 17128 16336 "GET /static/fonts/Montserrat/Montserrat-VariableFont_wght.woff HTTP/1.1" 404 6563
WARNING 2026-01-11 11:00:47,160 basehttp 17128 18932 "GET /static/fonts/Lora/Lora.woff HTTP/1.1" 404 6563
WARNING 2026-01-11 11:00:47,152 log 17128 9444 Not Found: /static/fonts/Montserrat/Montserrat-VariableFont_wght.woff2
WARNING 2026-01-11 11:00:47,180 basehttp 17128 9444 "GET /static/fonts/Montserrat/Montserrat-VariableFont_wght.woff2 HTTP/1.1" 404 6563
WARNING 2026-01-11 11:02:10,294 middleware 17128 11792 Ошибка при проверке соединения: connection to server at "aws-1-eu-west-1.pooler.supabase.com" (18.202.64.2), port 5432 failed: timeout expired
connection to server at "aws-1-eu-west-1.pooler.supabase.com" (54.247.26.119), port 5432 failed: FATAL:  MaxClientsInSessionMode: max clients reached - in Session mode max clients are limited to pool_size

ERROR 2026-01-11 11:02:10,296 log 17128 11792 Service Unavailable: /service-unavailable/
ERROR 2026-01-11 11:02:10,311 basehttp 17128 11792 "GET /service-unavailable/ HTTP/1.1" 503 6886
WARNING 2026-01-11 11:02:10,659 middleware 17128 18932 Ошибка при проверке соединения: connection to server at "aws-1-eu-west-1.pooler.supabase.com" (18.202.64.2), port 5432 failed: FATAL:  MaxClientsInSessionMode: max clients reached - in Session mode max clients are limited to pool_size

WARNING 2026-01-11 11:02:10,660 middleware 17128 16336 Ошибка при проверке соединения: connection to server at "aws-1-eu-west-1.pooler.supabase.com" (18.202.64.2), port 5432 failed: FATAL:  MaxClientsInSessionMode: max clients reached - in Session mode max clients are limited to pool_size

WARNING 2026-01-11 11:02:10,671 middleware 17128 9444 Ошибка при проверке соединения: connection to server at "aws-1-eu-west-1.pooler.supabase.com" (18.202.64.2), port 5432 failed: FATAL:  MaxClientsInSessionMode: max clients reached - in Session mode max clients are limited to pool_size

WARNING 2026-01-11 11:02:10,751 log 17128 18932 Not Found: /static/fonts/Lora/Lora.woff2
WARNING 2026-01-11 11:02:10,764 basehttp 17128 18932 "GET /static/fonts/Lora/Lora.woff2 HTTP/1.1" 404 6563
WARNING 2026-01-11 11:02:10,771 log 17128 16336 Not Found: /static/fonts/Montserrat/Montserrat-VariableFont_wght.woff
WARNING 2026-01-11 11:02:10,814 basehttp 17128 16336 "GET /static/fonts/Montserrat/Montserrat-VariableFont_wght.woff HTTP/1.1" 404 6563
WARNING 2026-01-11 11:02:10,882 log 17128 9444 Not Found: /static/fonts/Lora/Lora.woff
WARNING 2026-01-11 11:02:10,884 basehttp 17128 9444 "GET /static/fonts/Lora/Lora.woff HTTP/1.1" 404 6563
WARNING 2026-01-11 11:02:21,010 middleware 17128 11792 Ошибка при проверке соединения: connection to server at "aws-1-eu-west-1.pooler.supabase.com" (18.202.64.2), port 5432 failed: FATAL:  MaxClientsInSessionMode: max clients reached - in Session mode max clients are limited to pool_size

ERROR 2026-01-11 11:02:21,012 log 17128 11792 Service Unavailable: /service-unavailable/
ERROR 2026-01-11 11:02:21,030 basehttp 17128 11792 "GET /service-unavailable/ HTTP/1.1" 503 6886
WARNING 2026-01-11 11:02:21,403 middleware 17128 18932 Ошибка при проверке соединения: connection to server at "aws-1-eu-west-1.pooler.supabase.com" (18.202.64.2), port 5432 failed: FATAL:  MaxClientsInSessionMode: max clients reached - in Session mode max clients are limited to pool_size

WARNING 2026-01-11 11:02:21,418 middleware 17128 16336 Ошибка при проверке соединения: connection to server at "aws-1-eu-west-1.pooler.supabase.com" (18.202.64.2), port 5432 failed: FATAL:  MaxClientsInSessionMode: max clients reached - in Session mode max clients are limited to pool_size

WARNING 2026-01-11 11:02:21,433 middleware 17128 9444 Ошибка при проверке соединения: connection to server at "aws-1-eu-west-1.pooler.supabase.com" (18.202.64.2), port 5432 failed: FATAL:  MaxClientsInSessionMode: max clients reached - in Session mode max clients are limited to pool_size

WARNING 2026-01-11 11:02:21,485 log 17128 18932 Not Found: /static/fonts/Montserrat/Montserrat-VariableFont_wght.woff
WARNING 2026-01-11 11:02:21,567 basehttp 17128 18932 "GET /static/fonts/Montserrat/Montserrat-VariableFont_wght.woff HTTP/1.1" 404 6563
WARNING 2026-01-11 11:02:21,582 log 17128 16336 Not Found: /static/fonts/Lora/Lora.woff2
WARNING 2026-01-11 11:02:21,599 basehttp 17128 16336 "GET /static/fonts/Lora/Lora.woff2 HTTP/1.1" 404 6563
WARNING 2026-01-11 11:02:21,722 log 17128 9444 Not Found: /static/fonts/Lora/Lora.woff
WARNING 2026-01-11 11:02:21,742 basehttp 17128 9444 "GET /static/fonts/Lora/Lora.woff HTTP/1.1" 404 6563
WARNING 2026-01-11 11:02:25,771 middleware 17128 2664 Ошибка при проверке соединения: connection to server at "aws-1-eu-west-1.pooler.supabase.com" (18.202.64.2), port 5432 failed: timeout expired
connection to server at "aws-1-eu-west-1.pooler.supabase.com" (54.247.26.119), port 5432 failed: FATAL:  MaxClientsInSessionMode: max clients reached - in Session mode max clients are limited to pool_size

WARNING 2026-01-11 11:02:25,795 log 17128 2664 Not Found: /static/fonts/Montserrat/Montserrat-VariableFont_wght.woff2
WARNING 2026-01-11 11:02:25,796 basehttp 17128 2664 "GET /static/fonts/Montserrat/Montserrat-VariableFont_wght.woff2 HTTP/1.1" 404 6563
WARNING 2026-01-11 11:02:36,578 middleware 17128 11792 Ошибка при проверке соединения: connection to server at "aws-1-eu-west-1.pooler.supabase.com" (18.202.64.2), port 5432 failed: timeout expired
connection to server at "aws-1-eu-west-1.pooler.supabase.com" (54.247.26.119), port 5432 failed: FATAL:  MaxClientsInSessionMode: max clients reached - in Session mode max clients are limited to pool_size

WARNING 2026-01-11 11:02:36,626 log 17128 11792 Not Found: /static/fonts/Montserrat/Montserrat-VariableFont_wght.woff2
WARNING 2026-01-11 11:02:36,628 basehttp 17128 11792 "GET /static/fonts/Montserrat/Montserrat-VariableFont_wght.woff2 HTTP/1.1" 404 6563
WARNING 2026-01-11 11:03:04,459 middleware 17128 11792 Ошибка при проверке соединения: connection to server at "aws-1-eu-west-1.pooler.supabase.com" (54.247.26.119), port 5432 failed: FATAL:  MaxClientsInSessionMode: max clients reached - in Session mode max clients are limited to pool_size

ERROR 2026-01-11 11:03:04,461 log 17128 11792 Service Unavailable: /service-unavailable/
ERROR 2026-01-11 11:03:04,475 basehttp 17128 11792 "GET /service-unavailable/ HTTP/1.1" 503 6886
WARNING 2026-01-11 11:03:04,919 middleware 17128 9444 Ошибка при проверке соединения: connection to server at "aws-1-eu-west-1.pooler.supabase.com" (54.247.26.119), port 5432 failed: FATAL:  MaxClientsInSessionMode: max clients reached - in Session mode max clients are limited to pool_size

WARNING 2026-01-11 11:03:04,919 middleware 17128 11792 Ошибка при проверке соединения: connection to server at "aws-1-eu-west-1.pooler.supabase.com" (54.247.26.119), port 5432 failed: FATAL:  MaxClientsInSessionMode: max clients reached - in Session mode max clients are limited to pool_size

WARNING 2026-01-11 11:03:04,929 middleware 17128 16336 Ошибка при проверке соединения: connection to server at "aws-1-eu-west-1.pooler.supabase.com" (54.247.26.119), port 5432 failed: FATAL:  MaxClientsInSessionMode: max clients reached - in Session mode max clients are limited to pool_size

WARNING 2026-01-11 11:03:04,929 middleware 17128 18932 Ошибка при проверке соединения: connection to server at "aws-1-eu-west-1.pooler.supabase.com" (54.247.26.119), port 5432 failed: FATAL:  MaxClientsInSessionMode: max clients reached - in Session mode max clients are limited to pool_size

WARNING 2026-01-11 11:03:05,045 log 17128 9444 Not Found: /static/fonts/Lora/Lora.woff
WARNING 2026-01-11 11:03:05,048 log 17128 18932 Not Found: /static/fonts/Montserrat/Montserrat-VariableFont_wght.woff
WARNING 2026-01-11 11:03:05,060 log 17128 16336 Not Found: /static/fonts/Lora/Lora.woff2
WARNING 2026-01-11 11:03:05,064 log 17128 11792 Not Found: /static/fonts/Montserrat/Montserrat-VariableFont_wght.woff2
WARNING 2026-01-11 11:03:05,065 basehttp 17128 18932 "GET /static/fonts/Montserrat/Montserrat-VariableFont_wght.woff HTTP/1.1" 404 6563
WARNING 2026-01-11 11:03:05,065 basehttp 17128 9444 "GET /static/fonts/Lora/Lora.woff HTTP/1.1" 404 6563
WARNING 2026-01-11 11:03:05,067 basehttp 17128 11792 "GET /static/fonts/Montserrat/Montserrat-VariableFont_wght.woff2 HTTP/1.1" 404 6563
WARNING 2026-01-11 11:03:05,068 basehttp 17128 16336 "GET /static/fonts/Lora/Lora.woff2 HTTP/1.1" 404 6563
ERROR 2026-01-11 11:03:30,215 log 16504 9504 Service Unavailable: /service-unavailable/
ERROR 2026-01-11 11:03:30,230 basehttp 16504 9504 "GET /service-unavailable/ HTTP/1.1" 503 6886
WARNING 2026-01-11 11:03:30,778 log 16504 5284 Not Found: /static/fonts/Montserrat/Montserrat-VariableFont_wght.woff2
WARNING 2026-01-11 11:03:30,813 basehttp 16504 5284 "GET /static/fonts/Montserrat/Montserrat-VariableFont_wght.woff2 HTTP/1.1" 404 6563
WARNING 2026-01-11 11:03:30,850 log 16504 17720 Not Found: /static/fonts/Lora/Lora.woff
WARNING 2026-01-11 11:03:30,853 log 16504 3104 Not Found: /static/fonts/Montserrat/Montserrat-VariableFont_wght.woff
WARNING 2026-01-11 11:03:30,855 log 16504 18284 Not Found: /static/fonts/Lora/Lora.woff2
WARNING 2026-01-11 11:03:30,859 basehttp 16504 3104 "GET /static/fonts/Montserrat/Montserrat-VariableFont_wght.woff HTTP/1.1" 404 6563
WARNING 2026-01-11 11:03:30,860 basehttp 16504 17720 "GET /static/fonts/Lora/Lora.woff HTTP/1.1" 404 6563
WARNING 2026-01-11 11:03:30,863 basehttp 16504 18284 "GET /static/fonts/Lora/Lora.woff2 HTTP/1.1" 404 6563
ERROR 2026-01-11 11:04:16,403 log 16504 9504 Service Unavailable: /service-unavailable/
ERROR 2026-01-11 11:04:16,423 basehttp 16504 9504 "GET /service-unavailable/ HTTP/1.1" 503 6546
WARNING 2026-01-11 11:04:16,806 log 16504 3104 Not Found: /static/fonts/Montserrat/Montserrat-VariableFont_wght.woff
WARNING 2026-01-11 11:04:16,842 log 16504 5284 Not Found: /static/fonts/Montserrat/Montserrat-VariableFont_wght.woff2
WARNING 2026-01-11 11:04:16,848 basehttp 16504 3104 "GET /static/fonts/Montserrat/Montserrat-VariableFont_wght.woff HTTP/1.1" 404 6563
WARNING 2026-01-11 11:04:16,879 basehttp 16504 5284 "GET /static/fonts/Montserrat/Montserrat-VariableFont_wght.woff2 HTTP/1.1" 404 6563
WARNING 2026-01-11 11:04:16,920 log 16504 18284 Not Found: /static/fonts/Lora/Lora.woff
WARNING 2026-01-11 11:04:17,113 log 16504 17720 Not Found: /static/fonts/Lora/Lora.woff2
WARNING 2026-01-11 11:04:17,123 basehttp 16504 17720 "GET /static/fonts/Lora/Lora.woff2 HTTP/1.1" 404 6563
WARNING 2026-01-11 11:04:17,131 basehttp 16504 18284 "GET /static/fonts/Lora/Lora.woff HTTP/1.1" 404 6563
ERROR 2026-01-11 11:04:28,967 log 16504 9504 Service Unavailable: /service-unavailable/
ERROR 2026-01-11 11:04:28,985 basehttp 16504 9504 "GET /service-unavailable/ HTTP/1.1" 503 6580
WARNING 2026-01-11 11:04:29,275 log 16504 3104 Not Found: /static/fonts/Montserrat/Montserrat-VariableFont_wght.woff2
WARNING 2026-01-11 11:04:29,277 basehttp 16504 3104 "GET /static/fonts/Montserrat/Montserrat-VariableFont_wght.woff2 HTTP/1.1" 404 6563
WARNING 2026-01-11 11:04:29,416 log 16504 5284 Not Found: /static/fonts/Montserrat/Montserrat-VariableFont_wght.woff
WARNING 2026-01-11 11:04:29,409 log 16504 18284 Not Found: /static/fonts/Lora/Lora.woff2
WARNING 2026-01-11 11:04:29,439 log 16504 17720 Not Found: /static/fonts/Lora/Lora.woff
WARNING 2026-01-11 11:04:29,453 basehttp 16504 18284 "GET /static/fonts/Lora/Lora.woff2 HTTP/1.1" 404 6563
WARNING 2026-01-11 11:04:29,454 basehttp 16504 5284 "GET /static/fonts/Montserrat/Montserrat-VariableFont_wght.woff HTTP/1.1" 404 6563
WARNING 2026-01-11 11:04:29,469 basehttp 16504 17720 "GET /static/fonts/Lora/Lora.woff HTTP/1.1" 404 6563
ERROR 2026-01-11 11:04:54,359 log 16504 9504 Service Unavailable: /service-unavailable/
ERROR 2026-01-11 11:04:54,389 basehttp 16504 9504 "GET /service-unavailable/ HTTP/1.1" 503 6580
WARNING 2026-01-11 11:04:54,693 log 16504 18284 Not Found: /static/fonts/Montserrat/Montserrat-VariableFont_wght.woff2
WARNING 2026-01-11 11:04:54,742 log 16504 5284 Not Found: /static/fonts/Montserrat/Montserrat-VariableFont_wght.woff
WARNING 2026-01-11 11:04:54,786 basehttp 16504 18284 "GET /static/fonts/Montserrat/Montserrat-VariableFont_wght.woff2 HTTP/1.1" 404 6563
WARNING 2026-01-11 11:04:54,793 log 16504 17720 Not Found: /static/fonts/Lora/Lora.woff2
WARNING 2026-01-11 11:04:54,802 basehttp 16504 5284 "GET /static/fonts/Montserrat/Montserrat-VariableFont_wght.woff HTTP/1.1" 404 6563
WARNING 2026-01-11 11:04:54,821 basehttp 16504 17720 "GET /static/fonts/Lora/Lora.woff2 HTTP/1.1" 404 6563
WARNING 2026-01-11 11:04:54,833 middleware 16504 7120 Ошибка при проверке соединения: connection to server at "aws-1-eu-west-1.pooler.supabase.com" (18.202.64.2), port 5432 failed: FATAL:  MaxClientsInSessionMode: max clients reached - in Session mode max clients are limited to pool_size

WARNING 2026-01-11 11:04:54,880 log 16504 7120 Not Found: /static/fonts/Lora/Lora.woff
WARNING 2026-01-11 11:04:54,882 basehttp 16504 7120 "GET /static/fonts/Lora/Lora.woff HTTP/1.1" 404 6563
ERROR 2026-01-11 11:05:35,557 log 16504 9504 Service Unavailable: /service-unavailable/
ERROR 2026-01-11 11:05:35,592 basehttp 16504 9504 "GET /service-unavailable/ HTTP/1.1" 503 6580
WARNING 2026-01-11 11:05:35,894 log 16504 3104 Not Found: /static/fonts/Montserrat/Montserrat-VariableFont_wght.woff2
WARNING 2026-01-11 11:05:35,964 log 16504 17720 Not Found: /static/fonts/Lora/Lora.woff
WARNING 2026-01-11 11:05:36,044 basehttp 16504 3104 "GET /static/fonts/Montserrat/Montserrat-VariableFont_wght.woff2 HTTP/1.1" 404 6563
WARNING 2026-01-11 11:05:36,092 log 16504 18284 Not Found: /static/fonts/Montserrat/Montserrat-VariableFont_wght.woff
WARNING 2026-01-11 11:05:36,124 basehttp 16504 18284 "GET /static/fonts/Montserrat/Montserrat-VariableFont_wght.woff HTTP/1.1" 404 6563
WARNING 2026-01-11 11:05:36,138 log 16504 5284 Not Found: /static/fonts/Lora/Lora.woff2
WARNING 2026-01-11 11:05:36,143 basehttp 16504 17720 "GET /static/fonts/Lora/Lora.woff HTTP/1.1" 404 6563
WARNING 2026-01-11 11:05:36,148 basehttp 16504 5284 "GET /static/fonts/Lora/Lora.woff2 HTTP/1.1" 404 6563
ERROR 2026-01-11 11:06:36,924 log 10356 8284 Service Unavailable: /service-unavailable/
ERROR 2026-01-11 11:06:36,948 basehttp 10356 8284 "GET /service-unavailable/ HTTP/1.1" 503 6580
WARNING 2026-01-11 11:06:37,634 log 10356 6252 Not Found: /static/fonts/Montserrat/Montserrat-VariableFont_wght.woff
WARNING 2026-01-11 11:06:37,638 log 10356 8472 Not Found: /static/fonts/Lora/Lora.woff
WARNING 2026-01-11 11:06:37,640 log 10356 15092 Not Found: /static/fonts/Lora/Lora.woff2
WARNING 2026-01-11 11:06:37,650 log 10356 17012 Not Found: /static/fonts/Montserrat/Montserrat-VariableFont_wght.woff2
WARNING 2026-01-11 11:06:37,654 basehttp 10356 8472 "GET /static/fonts/Lora/Lora.woff HTTP/1.1" 404 6563
WARNING 2026-01-11 11:06:37,650 basehttp 10356 6252 "GET /static/fonts/Montserrat/Montserrat-VariableFont_wght.woff HTTP/1.1" 404 6563
WARNING 2026-01-11 11:06:37,656 basehttp 10356 17012 "GET /static/fonts/Montserrat/Montserrat-VariableFont_wght.woff2 HTTP/1.1" 404 6563
WARNING 2026-01-11 11:06:37,658 basehttp 10356 15092 "GET /static/fonts/Lora/Lora.woff2 HTTP/1.1" 404 6563
ERROR 2026-01-11 11:08:09,051 log 10356 8284 Service Unavailable: /service-unavailable/
ERROR 2026-01-11 11:08:09,064 basehttp 10356 8284 "GET /service-unavailable/ HTTP/1.1" 503 6580
WARNING 2026-01-11 11:08:09,419 log 10356 15092 Not Found: /static/fonts/Montserrat/Montserrat-VariableFont_wght.woff
WARNING 2026-01-11 11:08:09,435 log 10356 8472 Not Found: /static/fonts/Montserrat/Montserrat-VariableFont_wght.woff2
WARNING 2026-01-11 11:08:09,460 log 10356 6252 Not Found: /static/fonts/Lora/Lora.woff2
WARNING 2026-01-11 11:08:09,462 basehttp 10356 15092 "GET /static/fonts/Montserrat/Montserrat-VariableFont_wght.woff HTTP/1.1" 404 6563
WARNING 2026-01-11 11:08:09,468 basehttp 10356 8472 "GET /static/fonts/Montserrat/Montserrat-VariableFont_wght.woff2 HTTP/1.1" 404 6563
WARNING 2026-01-11 11:08:09,476 basehttp 10356 6252 "GET /static/fonts/Lora/Lora.woff2 HTTP/1.1" 404 6563
WARNING 2026-01-11 11:08:10,169 log 10356 4400 Not Found: /static/fonts/Lora/Lora.woff
WARNING 2026-01-11 11:08:10,170 basehttp 10356 4400 "GET /static/fonts/Lora/Lora.woff HTTP/1.1" 404 6563
ERROR 2026-01-11 11:08:24,321 log 10356 17012 Service Unavailable: /service-unavailable/
ERROR 2026-01-11 11:08:24,334 basehttp 10356 17012 "GET /service-unavailable/ HTTP/1.1" 503 6580
WARNING 2026-01-11 11:08:24,622 log 10356 17012 Not Found: /static/fonts/Montserrat/Montserrat-VariableFont_wght.woff2
WARNING 2026-01-11 11:08:24,631 log 10356 15092 Not Found: /static/fonts/Montserrat/Montserrat-VariableFont_wght.woff
WARNING 2026-01-11 11:08:24,643 log 10356 6252 Not Found: /static/fonts/Lora/Lora.woff2
WARNING 2026-01-11 11:08:24,652 log 10356 8472 Not Found: /static/fonts/Lora/Lora.woff
WARNING 2026-01-11 11:08:24,654 basehttp 10356 17012 "GET /static/fonts/Montserrat/Montserrat-VariableFont_wght.woff2 HTTP/1.1" 404 6563
WARNING 2026-01-11 11:08:24,655 basehttp 10356 15092 "GET /static/fonts/Montserrat/Montserrat-VariableFont_wght.woff HTTP/1.1" 404 6563
WARNING 2026-01-11 11:08:24,663 basehttp 10356 6252 "GET /static/fonts/Lora/Lora.woff2 HTTP/1.1" 404 6563
WARNING 2026-01-11 11:08:24,666 basehttp 10356 8472 "GET /static/fonts/Lora/Lora.woff HTTP/1.1" 404 6563
ERROR 2026-01-11 11:08:30,354 log 10356 8284 Service Unavailable: /service-unavailable/
ERROR 2026-01-11 11:08:30,365 basehttp 10356 8284 "GET /service-unavailable/ HTTP/1.1" 503 6580
WARNING 2026-01-11 11:08:30,638 log 10356 6252 Not Found: /static/fonts/Lora/Lora.woff
WARNING 2026-01-11 11:08:30,640 log 10356 17012 Not Found: /static/fonts/Montserrat/Montserrat-VariableFont_wght.woff2
WARNING 2026-01-11 11:08:30,644 log 10356 15092 Not Found: /static/fonts/Lora/Lora.woff2
WARNING 2026-01-11 11:08:30,648 log 10356 4400 Not Found: /static/fonts/Montserrat/Montserrat-VariableFont_wght.woff
WARNING 2026-01-11 11:08:30,653 basehttp 10356 17012 "GET /static/fonts/Montserrat/Montserrat-VariableFont_wght.woff2 HTTP/1.1" 404 6563
WARNING 2026-01-11 11:08:30,651 basehttp 10356 6252 "GET /static/fonts/Lora/Lora.woff HTTP/1.1" 404 6563
WARNING 2026-01-11 11:08:30,655 basehttp 10356 4400 "GET /static/fonts/Montserrat/Montserrat-VariableFont_wght.woff HTTP/1.1" 404 6563
WARNING 2026-01-11 11:08:30,656 basehttp 10356 15092 "GET /static/fonts/Lora/Lora.woff2 HTTP/1.1" 404 6563
ERROR 2026-01-11 11:10:28,769 log 10356 16080 Service Unavailable: /service-unavailable/
ERROR 2026-01-11 11:10:28,780 basehttp 10356 16080 "GET /service-unavailable/ HTTP/1.1" 503 6580
WARNING 2026-01-11 11:10:29,239 middleware 10356 9232 Ошибка при проверке соединения: connection to server at "aws-1-eu-west-1.pooler.supabase.com" (18.202.64.2), port 5432 failed: FATAL:  Max client connections reached

WARNING 2026-01-11 11:10:29,269 middleware 10356 14760 Ошибка при проверке соединения: connection to server at "aws-1-eu-west-1.pooler.supabase.com" (18.202.64.2), port 5432 failed: FATAL:  Max client connections reached

WARNING 2026-01-11 11:10:29,269 middleware 10356 13404 Ошибка при проверке соединения: connection to server at "aws-1-eu-west-1.pooler.supabase.com" (18.202.64.2), port 5432 failed: FATAL:  Max client connections reached

WARNING 2026-01-11 11:10:29,311 log 10356 9232 Not Found: /static/fonts/Montserrat/Montserrat-VariableFont_wght.woff2
WARNING 2026-01-11 11:10:29,322 log 10356 19320 Not Found: /static/fonts/Montserrat/Montserrat-VariableFont_wght.woff
WARNING 2026-01-11 11:10:29,342 basehttp 10356 9232 "GET /static/fonts/Montserrat/Montserrat-VariableFont_wght.woff2 HTTP/1.1" 404 6563
WARNING 2026-01-11 11:10:29,362 basehttp 10356 19320 "GET /static/fonts/Montserrat/Montserrat-VariableFont_wght.woff HTTP/1.1" 404 6563
WARNING 2026-01-11 11:10:29,366 log 10356 13404 Not Found: /static/fonts/Lora/Lora.woff
WARNING 2026-01-11 11:10:29,380 log 10356 14760 Not Found: /static/fonts/Lora/Lora.woff2
WARNING 2026-01-11 11:10:29,382 basehttp 10356 13404 "GET /static/fonts/Lora/Lora.woff HTTP/1.1" 404 6563
WARNING 2026-01-11 11:10:29,383 basehttp 10356 14760 "GET /static/fonts/Lora/Lora.woff2 HTTP/1.1" 404 6563
ERROR 2026-01-11 11:12:13,331 log 10356 16080 Service Unavailable: /service-unavailable/
ERROR 2026-01-11 11:12:13,400 basehttp 10356 16080 "GET /service-unavailable/ HTTP/1.1" 503 6580
WARNING 2026-01-11 11:12:13,656 log 10356 19320 Not Found: /static/fonts/Montserrat/Montserrat-VariableFont_wght.woff2
WARNING 2026-01-11 11:12:13,657 basehttp 10356 19320 "GET /static/fonts/Montserrat/Montserrat-VariableFont_wght.woff2 HTTP/1.1" 404 6563
WARNING 2026-01-11 11:12:14,036 log 10356 19124 Not Found: /static/fonts/Lora/Lora.woff
WARNING 2026-01-11 11:12:14,051 basehttp 10356 19124 "GET /static/fonts/Lora/Lora.woff HTTP/1.1" 404 6563
WARNING 2026-01-11 11:12:14,056 log 10356 13404 Not Found: /static/fonts/Montserrat/Montserrat-VariableFont_wght.woff
WARNING 2026-01-11 11:12:14,082 basehttp 10356 13404 "GET /static/fonts/Montserrat/Montserrat-VariableFont_wght.woff HTTP/1.1" 404 6563
WARNING 2026-01-11 11:12:14,090 log 10356 14760 Not Found: /static/fonts/Lora/Lora.woff2
WARNING 2026-01-11 11:12:14,094 basehttp 10356 14760 "GET /static/fonts/Lora/Lora.woff2 HTTP/1.1" 404 6563
ERROR 2026-01-11 11:13:25,339 log 10356 9232 Service Unavailable: /service-unavailable/
ERROR 2026-01-11 11:13:25,355 basehttp 10356 9232 "GET /service-unavailable/ HTTP/1.1" 503 6580
WARNING 2026-01-11 11:13:25,945 log 10356 19124 Not Found: /static/fonts/Montserrat/Montserrat-VariableFont_wght.woff
WARNING 2026-01-11 11:13:26,002 log 10356 13404 Not Found: /static/fonts/Lora/Lora.woff2
WARNING 2026-01-11 11:13:25,986 log 10356 14760 Not Found: /static/fonts/Lora/Lora.woff
WARNING 2026-01-11 11:13:26,023 basehttp 10356 13404 "GET /static/fonts/Lora/Lora.woff2 HTTP/1.1" 404 6563
WARNING 2026-01-11 11:13:26,023 basehttp 10356 19124 "GET /static/fonts/Montserrat/Montserrat-VariableFont_wght.woff HTTP/1.1" 404 6563
WARNING 2026-01-11 11:13:26,081 basehttp 10356 14760 "GET /static/fonts/Lora/Lora.woff HTTP/1.1" 404 6563
WARNING 2026-01-11 11:13:45,261 log 10356 19320 Not Found: /static/fonts/Montserrat/Montserrat-VariableFont_wght.woff2
WARNING 2026-01-11 11:13:45,263 basehttp 10356 19320 "GET /static/fonts/Montserrat/Montserrat-VariableFont_wght.woff2 HTTP/1.1" 404 6563
ERROR 2026-01-11 11:15:52,277 log 13660 5056 Service Unavailable: /service-unavailable/
ERROR 2026-01-11 11:15:52,294 basehttp 13660 5056 "GET /service-unavailable/ HTTP/1.1" 503 6941
WARNING 2026-01-11 11:15:52,720 log 13660 5056 Not Found: /static/fonts/Montserrat/Montserrat-VariableFont_wght.woff
WARNING 2026-01-11 11:15:52,754 basehttp 13660 5056 "GET /static/fonts/Montserrat/Montserrat-VariableFont_wght.woff HTTP/1.1" 404 6563
WARNING 2026-01-11 11:15:53,010 log 13660 16692 Not Found: /static/fonts/Montserrat/Montserrat-VariableFont_wght.woff2
WARNING 2026-01-11 11:15:53,037 log 13660 3048 Not Found: /static/fonts/Lora/Lora.woff2
WARNING 2026-01-11 11:15:53,042 basehttp 13660 16692 "GET /static/fonts/Montserrat/Montserrat-VariableFont_wght.woff2 HTTP/1.1" 404 6563
WARNING 2026-01-11 11:15:53,053 basehttp 13660 3048 "GET /static/fonts/Lora/Lora.woff2 HTTP/1.1" 404 6563
WARNING 2026-01-11 11:15:53,065 log 13660 17328 Not Found: /static/fonts/Lora/Lora.woff
WARNING 2026-01-11 11:15:53,070 basehttp 13660 17328 "GET /static/fonts/Lora/Lora.woff HTTP/1.1" 404 6563
WARNING 2026-01-11 11:15:55,394 log 13660 5056 Not Found: /503.html
WARNING 2026-01-11 11:15:55,396 basehttp 13660 5056 "GET /503.html HTTP/1.1" 404 6563
WARNING 2026-01-11 11:16:45,522 log 10020 18588 Not Found: /503.html
WARNING 2026-01-11 11:16:45,523 basehttp 10020 18588 "GET /503.html HTTP/1.1" 404 6563
WARNING 2026-01-11 11:16:45,805 log 10020 18588 Not Found: /static/fonts/Montserrat/Montserrat-VariableFont_wght.woff2
WARNING 2026-01-11 11:16:45,824 basehttp 10020 18588 "GET /static/fonts/Montserrat/Montserrat-VariableFont_wght.woff2 HTTP/1.1" 404 6563
WARNING 2026-01-11 11:16:46,163 log 10020 19016 Not Found: /static/fonts/Montserrat/Montserrat-VariableFont_wght.woff
WARNING 2026-01-11 11:16:46,171 log 10020 9248 Not Found: /static/fonts/Lora/Lora.woff
WARNING 2026-01-11 11:16:46,178 basehttp 10020 19016 "GET /static/fonts/Montserrat/Montserrat-VariableFont_wght.woff HTTP/1.1" 404 6563
WARNING 2026-01-11 11:16:46,180 log 10020 1888 Not Found: /static/fonts/Lora/Lora.woff2
WARNING 2026-01-11 11:16:46,182 basehttp 10020 9248 "GET /static/fonts/Lora/Lora.woff HTTP/1.1" 404 6563
WARNING 2026-01-11 11:16:46,183 basehttp 10020 1888 "GET /static/fonts/Lora/Lora.woff2 HTTP/1.1" 404 6563
WARNING 2026-01-11 11:16:50,895 log 10020 18588 Not Found: /503.html
WARNING 2026-01-11 11:16:50,896 basehttp 10020 18588 "GET /503.html HTTP/1.1" 404 6563
WARNING 2026-01-11 11:16:51,288 log 10020 18588 Not Found: /static/fonts/Lora/Lora.woff
WARNING 2026-01-11 11:16:51,367 basehttp 10020 18588 "GET /static/fonts/Lora/Lora.woff HTTP/1.1" 404 6563
WARNING 2026-01-11 11:16:51,363 log 10020 9248 Not Found: /static/fonts/Montserrat/Montserrat-VariableFont_wght.woff2
WARNING 2026-01-11 11:16:51,371 log 10020 19016 Not Found: /static/fonts/Montserrat/Montserrat-VariableFont_wght.woff
WARNING 2026-01-11 11:16:51,373 basehttp 10020 9248 "GET /static/fonts/Montserrat/Montserrat-VariableFont_wght.woff2 HTTP/1.1" 404 6563
WARNING 2026-01-11 11:16:51,390 basehttp 10020 19016 "GET /static/fonts/Montserrat/Montserrat-VariableFont_wght.woff HTTP/1.1" 404 6563
WARNING 2026-01-11 11:16:51,394 log 10020 1888 Not Found: /static/fonts/Lora/Lora.woff2
WARNING 2026-01-11 11:16:51,396 basehttp 10020 1888 "GET /static/fonts/Lora/Lora.woff2 HTTP/1.1" 404 6563
WARNING 2026-01-11 11:17:14,285 log 10020 18640 Not Found: /503
WARNING 2026-01-11 11:17:14,286 basehttp 10020 18640 "GET /503 HTTP/1.1" 404 6563
WARNING 2026-01-11 11:17:14,559 log 10020 18640 Not Found: /static/fonts/Lora/Lora.woff
WARNING 2026-01-11 11:17:14,562 basehttp 10020 18640 "GET /static/fonts/Lora/Lora.woff HTTP/1.1" 404 6563
WARNING 2026-01-11 11:17:14,836 middleware 10020 16256 Ошибка при проверке соединения: connection to server at "aws-1-eu-west-1.pooler.supabase.com" (54.247.26.119), port 5432 failed: FATAL:  MaxClientsInSessionMode: max clients reached - in Session mode max clients are limited to pool_size

WARNING 2026-01-11 11:17:14,908 log 10020 18936 Not Found: /static/fonts/Montserrat/Montserrat-VariableFont_wght.woff2
WARNING 2026-01-11 11:17:14,923 log 10020 16256 Not Found: /static/fonts/Lora/Lora.woff2
WARNING 2026-01-11 11:17:14,924 basehttp 10020 18936 "GET /static/fonts/Montserrat/Montserrat-VariableFont_wght.woff2 HTTP/1.1" 404 6563
WARNING 2026-01-11 11:17:14,926 log 10020 1212 Not Found: /static/fonts/Montserrat/Montserrat-VariableFont_wght.woff
WARNING 2026-01-11 11:17:14,928 basehttp 10020 1212 "GET /static/fonts/Montserrat/Montserrat-VariableFont_wght.woff HTTP/1.1" 404 6563
WARNING 2026-01-11 11:17:14,929 basehttp 10020 16256 "GET /static/fonts/Lora/Lora.woff2 HTTP/1.1" 404 6563
WARNING 2026-01-11 11:17:36,113 middleware 10020 18532 Ошибка при проверке соединения: connection to server at "aws-1-eu-west-1.pooler.supabase.com" (54.247.26.119), port 5432 failed: FATAL:  MaxClientsInSessionMode: max clients reached - in Session mode max clients are limited to pool_size

WARNING 2026-01-11 11:17:37,927 log 10020 8252 Not Found: /static/fonts/Montserrat/Montserrat-VariableFont_wght.woff2
WARNING 2026-01-11 11:17:38,094 log 10020 14464 Not Found: /static/fonts/Montserrat/Montserrat-VariableFont_wght.woff
WARNING 2026-01-11 11:17:38,164 log 10020 18532 Not Found: /static/fonts/Lora/Lora.woff2
WARNING 2026-01-11 11:17:38,180 log 10020 10060 Not Found: /static/fonts/Lora/Lora.woff
WARNING 2026-01-11 11:17:38,190 basehttp 10020 8252 "GET /static/fonts/Montserrat/Montserrat-VariableFont_wght.woff2 HTTP/1.1" 404 6563
WARNING 2026-01-11 11:17:38,195 basehttp 10020 18532 "GET /static/fonts/Lora/Lora.woff2 HTTP/1.1" 404 6563
WARNING 2026-01-11 11:17:38,204 basehttp 10020 14464 "GET /static/fonts/Montserrat/Montserrat-VariableFont_wght.woff HTTP/1.1" 404 6563
WARNING 2026-01-11 11:17:38,213 basehttp 10020 10060 "GET /static/fonts/Lora/Lora.woff HTTP/1.1" 404 6563
WARNING 2026-01-11 11:17:51,550 log 10020 14900 Not Found: /503.html
WARNING 2026-01-11 11:17:51,554 basehttp 10020 14900 "GET /503.html HTTP/1.1" 404 6563
WARNING 2026-01-11 11:17:51,774 log 10020 14464 Not Found: /static/fonts/Lora/Lora.woff2
WARNING 2026-01-11 11:17:51,788 log 10020 14900 Not Found: /static/fonts/Montserrat/Montserrat-VariableFont_wght.woff2
WARNING 2026-01-11 11:17:51,797 log 10020 10060 Not Found: /static/fonts/Lora/Lora.woff
WARNING 2026-01-11 11:17:51,806 log 10020 8252 Not Found: /static/fonts/Montserrat/Montserrat-VariableFont_wght.woff
WARNING 2026-01-11 11:17:51,807 basehttp 10020 10060 "GET /static/fonts/Lora/Lora.woff HTTP/1.1" 404 6563
WARNING 2026-01-11 11:17:51,807 basehttp 10020 14900 "GET /static/fonts/Montserrat/Montserrat-VariableFont_wght.woff2 HTTP/1.1" 404 6563
WARNING 2026-01-11 11:17:51,809 basehttp 10020 14464 "GET /static/fonts/Lora/Lora.woff2 HTTP/1.1" 404 6563
WARNING 2026-01-11 11:17:51,811 basehttp 10020 8252 "GET /static/fonts/Montserrat/Montserrat-VariableFont_wght.woff HTTP/1.1" 404 6563
WARNING 2026-01-11 11:19:05,631 log 9624 17784 Not Found: /503.html
WARNING 2026-01-11 11:19:05,632 basehttp 9624 17784 "GET /503.html HTTP/1.1" 404 6563
WARNING 2026-01-11 11:19:06,224 log 9624 10336 Not Found: /static/fonts/Montserrat/Montserrat-VariableFont_wght.woff2
WARNING 2026-01-11 11:19:06,259 log 9624 13552 Not Found: /static/fonts/Lora/Lora.woff2
WARNING 2026-01-11 11:19:06,262 log 9624 9056 Not Found: /static/fonts/Montserrat/Montserrat-VariableFont_wght.woff
WARNING 2026-01-11 11:19:06,265 log 9624 16016 Not Found: /static/fonts/Lora/Lora.woff
WARNING 2026-01-11 11:19:06,263 basehttp 9624 10336 "GET /static/fonts/Montserrat/Montserrat-VariableFont_wght.woff2 HTTP/1.1" 404 6563
WARNING 2026-01-11 11:19:06,273 basehttp 9624 9056 "GET /static/fonts/Montserrat/Montserrat-VariableFont_wght.woff HTTP/1.1" 404 6563
WARNING 2026-01-11 11:19:06,275 basehttp 9624 13552 "GET /static/fonts/Lora/Lora.woff2 HTTP/1.1" 404 6563
WARNING 2026-01-11 11:19:06,278 basehttp 9624 16016 "GET /static/fonts/Lora/Lora.woff HTTP/1.1" 404 6563
WARNING 2026-01-11 11:20:52,294 middleware 9624 15444 Ошибка при проверке соединения: connection to server at "aws-1-eu-west-1.pooler.supabase.com" (18.202.64.2), port 5432 failed: FATAL:  MaxClientsInSessionMode: max clients reached - in Session mode max clients are limited to pool_size

WARNING 2026-01-11 11:20:52,310 middleware 9624 17696 Ошибка при проверке соединения: connection to server at "aws-1-eu-west-1.pooler.supabase.com" (18.202.64.2), port 5432 failed: FATAL:  MaxClientsInSessionMode: max clients reached - in Session mode max clients are limited to pool_size

WARNING 2026-01-11 11:20:52,310 middleware 9624 13604 Ошибка при проверке соединения: connection to server at "aws-1-eu-west-1.pooler.supabase.com" (18.202.64.2), port 5432 failed: FATAL:  MaxClientsInSessionMode: max clients reached - in Session mode max clients are limited to pool_size

WARNING 2026-01-11 11:20:52,310 middleware 9624 2424 Ошибка при проверке соединения: connection to server at "aws-1-eu-west-1.pooler.supabase.com" (18.202.64.2), port 5432 failed: FATAL:  MaxClientsInSessionMode: max clients reached - in Session mode max clients are limited to pool_size

WARNING 2026-01-11 11:20:52,419 log 9624 15444 Not Found: /static/fonts/Montserrat/Montserrat-VariableFont_wght.woff2
WARNING 2026-01-11 11:20:52,473 log 9624 2424 Not Found: /static/fonts/Lora/Lora.woff2
WARNING 2026-01-11 11:20:52,479 basehttp 9624 2424 "GET /static/fonts/Lora/Lora.woff2 HTTP/1.1" 404 6563
WARNING 2026-01-11 11:20:52,452 log 9624 17696 Not Found: /static/fonts/Montserrat/Montserrat-VariableFont_wght.woff
WARNING 2026-01-11 11:20:52,443 log 9624 13604 Not Found: /static/fonts/Lora/Lora.woff
WARNING 2026-01-11 11:20:52,493 basehttp 9624 15444 "GET /static/fonts/Montserrat/Montserrat-VariableFont_wght.woff2 HTTP/1.1" 404 6563
WARNING 2026-01-11 11:20:52,510 basehttp 9624 13604 "GET /static/fonts/Lora/Lora.woff HTTP/1.1" 404 6563
WARNING 2026-01-11 11:20:52,529 basehttp 9624 17696 "GET /static/fonts/Montserrat/Montserrat-VariableFont_wght.woff HTTP/1.1" 404 6563
WARNING 2026-01-11 11:21:06,173 middleware 9624 17696 Ошибка при проверке соединения: connection to server at "aws-1-eu-west-1.pooler.supabase.com" (18.202.64.2), port 5432 failed: FATAL:  MaxClientsInSessionMode: max clients reached - in Session mode max clients are limited to pool_size

WARNING 2026-01-11 11:21:06,196 log 9624 17696 Not Found: /503.html
WARNING 2026-01-11 11:21:06,197 basehttp 9624 17696 "GET /503.html HTTP/1.1" 404 6563
WARNING 2026-01-11 11:21:06,468 middleware 9624 15444 Ошибка при проверке соединения: connection to server at "aws-1-eu-west-1.pooler.supabase.com" (18.202.64.2), port 5432 failed: FATAL:  MaxClientsInSessionMode: max clients reached - in Session mode max clients are limited to pool_size

WARNING 2026-01-11 11:21:06,468 middleware 9624 17696 Ошибка при проверке соединения: connection to server at "aws-1-eu-west-1.pooler.supabase.com" (18.202.64.2), port 5432 failed: FATAL:  MaxClientsInSessionMode: max clients reached - in Session mode max clients are limited to pool_size

WARNING 2026-01-11 11:21:06,508 log 9624 15444 Not Found: /static/fonts/Lora/Lora.woff2
WARNING 2026-01-11 11:21:06,470 middleware 9624 13604 Ошибка при проверке соединения: connection to server at "aws-1-eu-west-1.pooler.supabase.com" (18.202.64.2), port 5432 failed: FATAL:  MaxClientsInSessionMode: max clients reached - in Session mode max clients are limited to pool_size

WARNING 2026-01-11 11:21:06,515 log 9624 17696 Not Found: /static/fonts/Montserrat/Montserrat-VariableFont_wght.woff2
WARNING 2026-01-11 11:21:06,518 basehttp 9624 15444 "GET /static/fonts/Lora/Lora.woff2 HTTP/1.1" 404 6563
WARNING 2026-01-11 11:21:06,527 basehttp 9624 17696 "GET /static/fonts/Montserrat/Montserrat-VariableFont_wght.woff2 HTTP/1.1" 404 6563
WARNING 2026-01-11 11:21:06,547 log 9624 13604 Not Found: /static/fonts/Lora/Lora.woff
WARNING 2026-01-11 11:21:06,548 basehttp 9624 13604 "GET /static/fonts/Lora/Lora.woff HTTP/1.1" 404 6563
WARNING 2026-01-11 11:21:21,635 middleware 9624 2424 Ошибка при проверке соединения: connection to server at "aws-1-eu-west-1.pooler.supabase.com" (18.202.64.2), port 5432 failed: timeout expired
connection to server at "aws-1-eu-west-1.pooler.supabase.com" (54.247.26.119), port 5432 failed: FATAL:  MaxClientsInSessionMode: max clients reached - in Session mode max clients are limited to pool_size

WARNING 2026-01-11 11:21:21,662 log 9624 2424 Not Found: /static/fonts/Montserrat/Montserrat-VariableFont_wght.woff
WARNING 2026-01-11 11:21:21,663 basehttp 9624 2424 "GET /static/fonts/Montserrat/Montserrat-VariableFont_wght.woff HTTP/1.1" 404 6563
WARNING 2026-01-11 11:21:37,819 middleware 9624 2424 Ошибка при проверке соединения: connection to server at "aws-1-eu-west-1.pooler.supabase.com" (54.247.26.119), port 5432 failed: FATAL:  MaxClientsInSessionMode: max clients reached - in Session mode max clients are limited to pool_size

WARNING 2026-01-11 11:21:38,320 middleware 9624 13604 Ошибка при проверке соединения: connection to server at "aws-1-eu-west-1.pooler.supabase.com" (54.247.26.119), port 5432 failed: FATAL:  MaxClientsInSessionMode: max clients reached - in Session mode max clients are limited to pool_size

ERROR 2026-01-11 11:21:38,327 log 9624 13604 Service Unavailable: /service-unavailable/
ERROR 2026-01-11 11:21:38,354 basehttp 9624 13604 "GET /service-unavailable/ HTTP/1.1" 503 6580
WARNING 2026-01-11 11:21:39,019 middleware 9624 15016 Ошибка при проверке соединения: connection to server at "aws-1-eu-west-1.pooler.supabase.com" (54.247.26.119), port 5432 failed: FATAL:  MaxClientsInSessionMode: max clients reached - in Session mode max clients are limited to pool_size

WARNING 2026-01-11 11:21:39,019 middleware 9624 15444 Ошибка при проверке соединения: connection to server at "aws-1-eu-west-1.pooler.supabase.com" (54.247.26.119), port 5432 failed: FATAL:  MaxClientsInSessionMode: max clients reached - in Session mode max clients are limited to pool_size

WARNING 2026-01-11 11:21:39,019 middleware 9624 17696 Ошибка при проверке соединения: connection to server at "aws-1-eu-west-1.pooler.supabase.com" (54.247.26.119), port 5432 failed: FATAL:  MaxClientsInSessionMode: max clients reached - in Session mode max clients are limited to pool_size

WARNING 2026-01-11 11:21:39,019 middleware 9624 13604 Ошибка при проверке соединения: connection to server at "aws-1-eu-west-1.pooler.supabase.com" (54.247.26.119), port 5432 failed: FATAL:  MaxClientsInSessionMode: max clients reached - in Session mode max clients are limited to pool_size

WARNING 2026-01-11 11:21:39,109 log 9624 17696 Not Found: /static/fonts/Montserrat/Montserrat-VariableFont_wght.woff
WARNING 2026-01-11 11:21:39,114 log 9624 15016 Not Found: /static/fonts/Lora/Lora.woff
WARNING 2026-01-11 11:21:39,132 log 9624 15444 Not Found: /static/fonts/Lora/Lora.woff2
WARNING 2026-01-11 11:21:39,136 basehttp 9624 15444 "GET /static/fonts/Lora/Lora.woff2 HTTP/1.1" 404 6563
WARNING 2026-01-11 11:21:39,133 basehttp 9624 15016 "GET /static/fonts/Lora/Lora.woff HTTP/1.1" 404 6563
WARNING 2026-01-11 11:21:39,134 log 9624 13604 Not Found: /static/fonts/Montserrat/Montserrat-VariableFont_wght.woff2
WARNING 2026-01-11 11:21:39,137 basehttp 9624 17696 "GET /static/fonts/Montserrat/Montserrat-VariableFont_wght.woff HTTP/1.1" 404 6563
WARNING 2026-01-11 11:21:39,140 basehttp 9624 13604 "GET /static/fonts/Montserrat/Montserrat-VariableFont_wght.woff2 HTTP/1.1" 404 6563
ERROR 2026-01-11 11:22:24,800 log 18968 9372 Service Unavailable: /service-unavailable/
ERROR 2026-01-11 11:22:24,816 basehttp 18968 9372 "GET /service-unavailable/ HTTP/1.1" 503 6895
WARNING 2026-01-11 11:22:25,213 middleware 18968 11400 Ошибка при проверке соединения: connection to server at "aws-1-eu-west-1.pooler.supabase.com" (54.247.26.119), port 5432 failed: FATAL:  Max client connections reached

WARNING 2026-01-11 11:22:25,232 middleware 18968 5248 Ошибка при проверке соединения: connection to server at "aws-1-eu-west-1.pooler.supabase.com" (54.247.26.119), port 5432 failed: FATAL:  Max client connections reached

WARNING 2026-01-11 11:22:25,284 log 18968 11400 Not Found: /static/fonts/Montserrat/Montserrat-VariableFont_wght.woff2
WARNING 2026-01-11 11:22:25,334 log 18968 17872 Not Found: /static/fonts/Lora/Lora.woff
WARNING 2026-01-11 11:22:25,339 basehttp 18968 11400 "GET /static/fonts/Montserrat/Montserrat-VariableFont_wght.woff2 HTTP/1.1" 404 6563
WARNING 2026-01-11 11:22:25,357 log 18968 10736 Not Found: /static/fonts/Lora/Lora.woff2
WARNING 2026-01-11 11:22:25,358 basehttp 18968 17872 "GET /static/fonts/Lora/Lora.woff HTTP/1.1" 404 6563
WARNING 2026-01-11 11:22:25,362 log 18968 5248 Not Found: /static/fonts/Montserrat/Montserrat-VariableFont_wght.woff
WARNING 2026-01-11 11:22:25,366 basehttp 18968 10736 "GET /static/fonts/Lora/Lora.woff2 HTTP/1.1" 404 6563
WARNING 2026-01-11 11:22:25,367 basehttp 18968 5248 "GET /static/fonts/Montserrat/Montserrat-VariableFont_wght.woff HTTP/1.1" 404 6563
WARNING 2026-01-11 11:22:40,912 middleware 18968 5248 Ошибка при проверке соединения: connection to server at "aws-1-eu-west-1.pooler.supabase.com" (18.202.64.2), port 5432 failed: FATAL:  MaxClientsInSessionMode: max clients reached - in Session mode max clients are limited to pool_size

WARNING 2026-01-11 11:22:56,951 log 18968 17872 Not Found: /static/fonts/Lora/Lora.woff2
WARNING 2026-01-11 11:22:56,958 log 18968 10736 Not Found: /static/fonts/Montserrat/Montserrat-VariableFont_wght.woff
WARNING 2026-01-11 11:22:56,960 basehttp 18968 17872 "GET /static/fonts/Lora/Lora.woff2 HTTP/1.1" 404 6563
WARNING 2026-01-11 11:22:56,960 basehttp 18968 10736 "GET /static/fonts/Montserrat/Montserrat-VariableFont_wght.woff HTTP/1.1" 404 6563
WARNING 2026-01-11 11:22:57,073 log 18968 10736 Not Found: /static/fonts/Lora/Lora.woff
WARNING 2026-01-11 11:22:57,074 basehttp 18968 10736 "GET /static/fonts/Lora/Lora.woff HTTP/1.1" 404 6563
ERROR 2026-01-11 11:23:16,451 log 18968 10736 Service Unavailable: /service-unavailable/
ERROR 2026-01-11 11:23:16,486 basehttp 18968 10736 "GET /service-unavailable/ HTTP/1.1" 503 6895
WARNING 2026-01-11 11:23:16,688 log 18968 10736 Not Found: /static/fonts/Montserrat/Montserrat-VariableFont_wght.woff
WARNING 2026-01-11 11:23:16,691 log 18968 17872 Not Found: /static/fonts/Lora/Lora.woff2
WARNING 2026-01-11 11:23:16,693 basehttp 18968 10736 "GET /static/fonts/Montserrat/Montserrat-VariableFont_wght.woff HTTP/1.1" 404 6563
WARNING 2026-01-11 11:23:16,693 basehttp 18968 17872 "GET /static/fonts/Lora/Lora.woff2 HTTP/1.1" 404 6563
WARNING 2026-01-11 11:23:17,454 middleware 18968 5248 Ошибка при проверке соединения: connection to server at "aws-1-eu-west-1.pooler.supabase.com" (18.202.64.2), port 5432 failed: timeout expired
connection to server at "aws-1-eu-west-1.pooler.supabase.com" (54.247.26.119), port 5432 failed: FATAL:  MaxClientsInSessionMode: max clients reached - in Session mode max clients are limited to pool_size

WARNING 2026-01-11 11:23:17,532 log 18968 5248 Not Found: /static/fonts/Montserrat/Montserrat-VariableFont_wght.woff2
WARNING 2026-01-11 11:23:17,534 basehttp 18968 5248 "GET /static/fonts/Montserrat/Montserrat-VariableFont_wght.woff2 HTTP/1.1" 404 6563
WARNING 2026-01-11 11:23:17,655 log 18968 10736 Not Found: /static/fonts/Montserrat/Montserrat-VariableFont_wght.woff2
WARNING 2026-01-11 11:23:17,656 basehttp 18968 10736 "GET /static/fonts/Montserrat/Montserrat-VariableFont_wght.woff2 HTTP/1.1" 404 6563
WARNING 2026-01-11 11:23:27,452 log 18968 10736 Not Found: /.well-known/appspecific/com.chrome.devtools.json
WARNING 2026-01-11 11:23:27,453 basehttp 18968 10736 "GET /.well-known/appspecific/com.chrome.devtools.json HTTP/1.1" 404 6563
WARNING 2026-01-11 11:23:31,943 middleware 18968 11400 Ошибка при проверке соединения: connection to server at "aws-1-eu-west-1.pooler.supabase.com" (18.202.64.2), port 5432 failed: timeout expired
connection to server at "aws-1-eu-west-1.pooler.supabase.com" (54.247.26.119), port 5432 failed: FATAL:  MaxClientsInSessionMode: max clients reached - in Session mode max clients are limited to pool_size

WARNING 2026-01-11 11:23:31,972 log 18968 11400 Not Found: /static/fonts/Lora/Lora.woff
WARNING 2026-01-11 11:23:31,973 basehttp 18968 11400 "GET /static/fonts/Lora/Lora.woff HTTP/1.1" 404 6563
WARNING 2026-01-11 11:24:27,472 middleware 18968 11400 Ошибка при проверке соединения: connection to server at "aws-1-eu-west-1.pooler.supabase.com" (18.202.64.2), port 5432 failed: FATAL:  MaxClientsInSessionMode: max clients reached - in Session mode max clients are limited to pool_size

ERROR 2026-01-11 11:24:27,474 log 18968 11400 Service Unavailable: /service-unavailable/
ERROR 2026-01-11 11:24:27,487 basehttp 18968 11400 "GET /service-unavailable/ HTTP/1.1" 503 6895
WARNING 2026-01-11 11:24:27,752 log 18968 17872 Not Found: /static/fonts/Montserrat/Montserrat-VariableFont_wght.woff
WARNING 2026-01-11 11:24:27,786 middleware 18968 5248 Ошибка при проверке соединения: connection to server at "aws-1-eu-west-1.pooler.supabase.com" (18.202.64.2), port 5432 failed: FATAL:  MaxClientsInSessionMode: max clients reached - in Session mode max clients are limited to pool_size

WARNING 2026-01-11 11:24:27,832 basehttp 18968 17872 "GET /static/fonts/Montserrat/Montserrat-VariableFont_wght.woff HTTP/1.1" 404 6563
WARNING 2026-01-11 11:24:27,845 log 18968 9372 Not Found: /static/fonts/Lora/Lora.woff2
WARNING 2026-01-11 11:24:27,866 middleware 18968 5768 Ошибка при проверке соединения: connection to server at "aws-1-eu-west-1.pooler.supabase.com" (18.202.64.2), port 5432 failed: FATAL:  MaxClientsInSessionMode: max clients reached - in Session mode max clients are limited to pool_size

WARNING 2026-01-11 11:24:27,871 basehttp 18968 9372 "GET /static/fonts/Lora/Lora.woff2 HTTP/1.1" 404 6563
WARNING 2026-01-11 11:24:27,874 log 18968 5248 Not Found: /static/fonts/Montserrat/Montserrat-VariableFont_wght.woff2
WARNING 2026-01-11 11:24:27,901 basehttp 18968 5248 "GET /static/fonts/Montserrat/Montserrat-VariableFont_wght.woff2 HTTP/1.1" 404 6563
WARNING 2026-01-11 11:24:27,927 log 18968 5768 Not Found: /static/fonts/Lora/Lora.woff
WARNING 2026-01-11 11:24:27,929 basehttp 18968 5768 "GET /static/fonts/Lora/Lora.woff HTTP/1.1" 404 6563
WARNING 2026-01-11 11:24:42,923 middleware 18968 11400 Ошибка при проверке соединения: connection to server at "aws-1-eu-west-1.pooler.supabase.com" (18.202.64.2), port 5432 failed: timeout expired
connection to server at "aws-1-eu-west-1.pooler.supabase.com" (54.247.26.119), port 5432 failed: FATAL:  MaxClientsInSessionMode: max clients reached - in Session mode max clients are limited to pool_size

WARNING 2026-01-11 11:24:42,946 log 18968 11400 Not Found: /.well-known/appspecific/com.chrome.devtools.json
WARNING 2026-01-11 11:24:42,947 basehttp 18968 11400 "GET /.well-known/appspecific/com.chrome.devtools.json HTTP/1.1" 404 6563
WARNING 2026-01-11 11:24:43,978 middleware 18968 5768 Ошибка при проверке соединения: connection to server at "aws-1-eu-west-1.pooler.supabase.com" (18.202.64.2), port 5432 failed: FATAL:  MaxClientsInSessionMode: max clients reached - in Session mode max clients are limited to pool_size

WARNING 2026-01-11 11:24:44,017 log 18968 5768 Not Found: /.well-known/appspecific/com.chrome.devtools.json
WARNING 2026-01-11 11:24:44,019 basehttp 18968 5768 "GET /.well-known/appspecific/com.chrome.devtools.json HTTP/1.1" 404 6563
WARNING 2026-01-11 11:25:29,318 middleware 18968 5768 Ошибка при проверке соединения: connection to server at "aws-1-eu-west-1.pooler.supabase.com" (54.247.26.119), port 5432 failed: FATAL:  MaxClientsInSessionMode: max clients reached - in Session mode max clients are limited to pool_size

ERROR 2026-01-11 11:25:29,320 log 18968 5768 Service Unavailable: /service-unavailable/
ERROR 2026-01-11 11:25:29,334 basehttp 18968 5768 "GET /service-unavailable/ HTTP/1.1" 503 6895
WARNING 2026-01-11 11:25:29,603 log 18968 10736 Not Found: /static/fonts/Lora/Lora.woff
WARNING 2026-01-11 11:25:29,668 basehttp 18968 10736 "GET /static/fonts/Lora/Lora.woff HTTP/1.1" 404 6563
WARNING 2026-01-11 11:25:29,666 log 18968 17872 Not Found: /static/fonts/Lora/Lora.woff2
WARNING 2026-01-11 11:25:29,682 log 18968 9372 Not Found: /static/fonts/Montserrat/Montserrat-VariableFont_wght.woff
WARNING 2026-01-11 11:25:29,685 basehttp 18968 17872 "GET /static/fonts/Lora/Lora.woff2 HTTP/1.1" 404 6563
WARNING 2026-01-11 11:25:29,686 basehttp 18968 9372 "GET /static/fonts/Montserrat/Montserrat-VariableFont_wght.woff HTTP/1.1" 404 6563
WARNING 2026-01-11 11:25:29,716 middleware 18968 5248 Ошибка при проверке соединения: connection to server at "aws-1-eu-west-1.pooler.supabase.com" (54.247.26.119), port 5432 failed: FATAL:  MaxClientsInSessionMode: max clients reached - in Session mode max clients are limited to pool_size

WARNING 2026-01-11 11:25:29,757 log 18968 5248 Not Found: /static/fonts/Montserrat/Montserrat-VariableFont_wght.woff2
WARNING 2026-01-11 11:25:29,758 basehttp 18968 5248 "GET /static/fonts/Montserrat/Montserrat-VariableFont_wght.woff2 HTTP/1.1" 404 6563
WARNING 2026-01-11 11:25:29,789 middleware 18968 19140 Ошибка при проверке соединения: connection to server at "aws-1-eu-west-1.pooler.supabase.com" (54.247.26.119), port 5432 failed: FATAL:  MaxClientsInSessionMode: max clients reached - in Session mode max clients are limited to pool_size

WARNING 2026-01-11 11:25:29,830 log 18968 19140 Not Found: /.well-known/appspecific/com.chrome.devtools.json
WARNING 2026-01-11 11:25:29,832 basehttp 18968 19140 "GET /.well-known/appspecific/com.chrome.devtools.json HTTP/1.1" 404 6563
WARNING 2026-01-11 11:25:32,288 middleware 18968 19140 Ошибка при проверке соединения: connection to server at "aws-1-eu-west-1.pooler.supabase.com" (54.247.26.119), port 5432 failed: FATAL:  MaxClientsInSessionMode: max clients reached - in Session mode max clients are limited to pool_size

ERROR 2026-01-11 11:25:32,291 log 18968 19140 Service Unavailable: /service-unavailable/
ERROR 2026-01-11 11:25:32,318 basehttp 18968 19140 "GET /service-unavailable/ HTTP/1.1" 503 6895
WARNING 2026-01-11 11:25:32,580 log 18968 9372 Not Found: /static/fonts/Lora/Lora.woff2
WARNING 2026-01-11 11:25:32,594 log 18968 10736 Not Found: /static/fonts/Montserrat/Montserrat-VariableFont_wght.woff
WARNING 2026-01-11 11:25:32,576 log 18968 17872 Not Found: /static/fonts/Lora/Lora.woff
WARNING 2026-01-11 11:25:32,598 basehttp 18968 10736 "GET /static/fonts/Montserrat/Montserrat-VariableFont_wght.woff HTTP/1.1" 404 6563
WARNING 2026-01-11 11:25:32,599 basehttp 18968 9372 "GET /static/fonts/Lora/Lora.woff2 HTTP/1.1" 404 6563
WARNING 2026-01-11 11:25:32,607 basehttp 18968 17872 "GET /static/fonts/Lora/Lora.woff HTTP/1.1" 404 6563
WARNING 2026-01-11 11:25:32,762 middleware 18968 5248 Ошибка при проверке соединения: connection to server at "aws-1-eu-west-1.pooler.supabase.com" (54.247.26.119), port 5432 failed: FATAL:  MaxClientsInSessionMode: max clients reached - in Session mode max clients are limited to pool_size

WARNING 2026-01-11 11:25:32,762 middleware 18968 19140 Ошибка при проверке соединения: connection to server at "aws-1-eu-west-1.pooler.supabase.com" (54.247.26.119), port 5432 failed: FATAL:  MaxClientsInSessionMode: max clients reached - in Session mode max clients are limited to pool_size

WARNING 2026-01-11 11:25:32,809 log 18968 5248 Not Found: /static/fonts/Montserrat/Montserrat-VariableFont_wght.woff2
WARNING 2026-01-11 11:25:32,811 log 18968 19140 Not Found: /.well-known/appspecific/com.chrome.devtools.json
WARNING 2026-01-11 11:25:32,813 basehttp 18968 19140 "GET /.well-known/appspecific/com.chrome.devtools.json HTTP/1.1" 404 6563
WARNING 2026-01-11 11:25:32,813 basehttp 18968 5248 "GET /static/fonts/Montserrat/Montserrat-VariableFont_wght.woff2 HTTP/1.1" 404 6563
WARNING 2026-01-11 11:26:24,254 middleware 18968 19140 Ошибка при проверке соединения: connection to server at "aws-1-eu-west-1.pooler.supabase.com" (54.247.26.119), port 5432 failed: FATAL:  MaxClientsInSessionMode: max clients reached - in Session mode max clients are limited to pool_size

ERROR 2026-01-11 11:26:24,259 log 18968 19140 Service Unavailable: /service-unavailable/
ERROR 2026-01-11 11:26:24,298 basehttp 18968 19140 "GET /service-unavailable/ HTTP/1.1" 503 6895
WARNING 2026-01-11 11:26:24,571 log 18968 10736 Not Found: /static/fonts/Lora/Lora.woff2
WARNING 2026-01-11 11:26:24,627 basehttp 18968 10736 "GET /static/fonts/Lora/Lora.woff2 HTTP/1.1" 404 6563
WARNING 2026-01-11 11:26:24,719 log 18968 9372 Not Found: /static/fonts/Lora/Lora.woff
WARNING 2026-01-11 11:26:24,734 log 18968 17872 Not Found: /static/fonts/Montserrat/Montserrat-VariableFont_wght.woff
WARNING 2026-01-11 11:26:24,738 basehttp 18968 9372 "GET /static/fonts/Lora/Lora.woff HTTP/1.1" 404 6563
WARNING 2026-01-11 11:26:24,741 middleware 18968 5248 Ошибка при проверке соединения: connection to server at "aws-1-eu-west-1.pooler.supabase.com" (54.247.26.119), port 5432 failed: FATAL:  MaxClientsInSessionMode: max clients reached - in Session mode max clients are limited to pool_size

WARNING 2026-01-11 11:26:24,741 middleware 18968 19140 Ошибка при проверке соединения: connection to server at "aws-1-eu-west-1.pooler.supabase.com" (54.247.26.119), port 5432 failed: FATAL:  MaxClientsInSessionMode: max clients reached - in Session mode max clients are limited to pool_size

WARNING 2026-01-11 11:26:24,741 basehttp 18968 17872 "GET /static/fonts/Montserrat/Montserrat-VariableFont_wght.woff HTTP/1.1" 404 6563
WARNING 2026-01-11 11:26:24,831 log 18968 5248 Not Found: /static/fonts/Montserrat/Montserrat-VariableFont_wght.woff2
WARNING 2026-01-11 11:26:24,832 log 18968 19140 Not Found: /.well-known/appspecific/com.chrome.devtools.json
WARNING 2026-01-11 11:26:24,833 basehttp 18968 5248 "GET /static/fonts/Montserrat/Montserrat-VariableFont_wght.woff2 HTTP/1.1" 404 6563
WARNING 2026-01-11 11:26:24,834 basehttp 18968 19140 "GET /.well-known/appspecific/com.chrome.devtools.json HTTP/1.1" 404 6563
WARNING 2026-01-13 12:54:40,732 basehttp 8280 13108 "GET /static/fonts/Montserrat/Montserrat-VariableFont_wght.woff2 HTTP/1.1" 404 1967
WARNING 2026-01-13 12:54:40,750 basehttp 8280 5796 "GET /static/fonts/Montserrat/Montserrat-VariableFont_wght.woff HTTP/1.1" 404 1964
WARNING 2026-01-13 12:54:40,794 basehttp 8280 12992 "GET /static/fonts/Lora/Lora.woff2 HTTP/1.1" 404 1877
WARNING 2026-01-13 12:54:40,811 basehttp 8280 10016 "GET /static/fonts/Lora/Lora.woff HTTP/1.1" 404 1874
WARNING 2026-01-13 12:54:41,962 log 8280 15772 Not Found: /media/shop_items/Teddy_Maikl_dfZJEvC.webp
WARNING 2026-01-13 12:54:41,963 basehttp 8280 15772 "GET /media/shop_items/Teddy_Maikl_dfZJEvC.webp HTTP/1.1" 404 4483
WARNING 2026-01-13 12:54:45,432 log 8280 15772 Not Found: /.well-known/appspecific/com.chrome.devtools.json
WARNING 2026-01-13 12:54:45,569 basehttp 8280 15772 "GET /.well-known/appspecific/com.chrome.devtools.json HTTP/1.1" 404 4211
WARNING 2026-01-13 12:55:00,580 log 8280 15004 Not Found: /.well-known/appspecific/com.chrome.devtools.json
WARNING 2026-01-13 12:55:00,581 basehttp 8280 15004 "GET /.well-known/appspecific/com.chrome.devtools.json HTTP/1.1" 404 4211
WARNING 2026-01-13 12:55:00,957 log 8280 15004 Not Found: /.well-known/appspecific/com.chrome.devtools.json
WARNING 2026-01-13 12:55:00,958 basehttp 8280 15004 "GET /.well-known/appspecific/com.chrome.devtools.json HTTP/1.1" 404 4211
ERROR 2026-01-13 12:57:50,313 log 8280 19164 Internal Server Error: /
Traceback (most recent call last):
  File "C:\Users\Евгения\Desktop\Projects_web\TeddysTale_with-BackEnd\venv\Lib\site-packages\django\db\backends\postgresql\base.py", line 474, in _set_autocommit
    self.connection.autocommit = autocommit
    ^^^^^^^^^^^^^^^^^^^^^^^^^^
psycopg2.InterfaceError: connection already closed

The above exception was the direct cause of the following exception:

Traceback (most recent call last):
  File "C:\Users\Евгения\Desktop\Projects_web\TeddysTale_with-BackEnd\venv\Lib\site-packages\django\core\handlers\exception.py", line 55, in inner
    response = get_response(request)
  File "C:\Users\Евгения\Desktop\Projects_web\TeddysTale_with-BackEnd\venv\Lib\site-packages\django\utils\deprecation.py", line 122, in __call__
    response = self.process_response(request, response)
  File "C:\Users\Евгения\Desktop\Projects_web\TeddysTale_with-BackEnd\venv\Lib\site-packages\django\contrib\sessions\middleware.py", line 59, in process_response
    request.session.save()
    ~~~~~~~~~~~~~~~~~~~~^^
  File "C:\Users\Евгения\Desktop\Projects_web\TeddysTale_with-BackEnd\venv\Lib\site-packages\django\contrib\sessions\backends\db.py", line 126, in save
    with transaction.atomic(using=using):
         ~~~~~~~~~~~~~~~~~~^^^^^^^^^^^^^
  File "C:\Users\Евгения\Desktop\Projects_web\TeddysTale_with-BackEnd\venv\Lib\site-packages\django\db\transaction.py", line 216, in __enter__
    connection.set_autocommit(
    ~~~~~~~~~~~~~~~~~~~~~~~~~^
        False, force_begin_transaction_with_broken_autocommit=True
        ^^^^^^^^^^^^^^^^^^^^^^^^^^^^^^^^^^^^^^^^^^^^^^^^^^^^^^^^^^
    )
    ^
  File "C:\Users\Евгения\Desktop\Projects_web\TeddysTale_with-BackEnd\venv\Lib\site-packages\django\db\backends\base\base.py", line 487, in set_autocommit
    self._set_autocommit(autocommit)
    ~~~~~~~~~~~~~~~~~~~~^^^^^^^^^^^^
  File "C:\Users\Евгения\Desktop\Projects_web\TeddysTale_with-BackEnd\venv\Lib\site-packages\django\db\backends\postgresql\base.py", line 473, in _set_autocommit
    with self.wrap_database_errors:
         ^^^^^^^^^^^^^^^^^^^^^^^^^
  File "C:\Users\Евгения\Desktop\Projects_web\TeddysTale_with-BackEnd\venv\Lib\site-packages\django\db\utils.py", line 91, in __exit__
    raise dj_exc_value.with_traceback(traceback) from exc_value
  File "C:\Users\Евгения\Desktop\Projects_web\TeddysTale_with-BackEnd\venv\Lib\site-packages\django\db\backends\postgresql\base.py", line 474, in _set_autocommit
    self.connection.autocommit = autocommit
    ^^^^^^^^^^^^^^^^^^^^^^^^^^
django.db.utils.InterfaceError: connection already closed
ERROR 2026-01-13 12:57:50,359 basehttp 8280 19164 "GET / HTTP/1.1" 500 111045
ERROR 2026-01-13 12:58:55,091 log 6116 5804 Internal Server Error: /
Traceback (most recent call last):
  File "C:\Users\Евгения\Desktop\Projects_web\TeddysTale_with-BackEnd\venv\Lib\site-packages\django\db\backends\postgresql\base.py", line 474, in _set_autocommit
    self.connection.autocommit = autocommit
    ^^^^^^^^^^^^^^^^^^^^^^^^^^
psycopg2.InterfaceError: connection already closed

The above exception was the direct cause of the following exception:

Traceback (most recent call last):
  File "C:\Users\Евгения\Desktop\Projects_web\TeddysTale_with-BackEnd\venv\Lib\site-packages\django\core\handlers\exception.py", line 55, in inner
    response = get_response(request)
  File "C:\Users\Евгения\Desktop\Projects_web\TeddysTale_with-BackEnd\venv\Lib\site-packages\django\utils\deprecation.py", line 122, in __call__
    response = self.process_response(request, response)
  File "C:\Users\Евгения\Desktop\Projects_web\TeddysTale_with-BackEnd\venv\Lib\site-packages\django\contrib\sessions\middleware.py", line 59, in process_response
    request.session.save()
    ~~~~~~~~~~~~~~~~~~~~^^
  File "C:\Users\Евгения\Desktop\Projects_web\TeddysTale_with-BackEnd\venv\Lib\site-packages\django\contrib\sessions\backends\db.py", line 126, in save
    with transaction.atomic(using=using):
         ~~~~~~~~~~~~~~~~~~^^^^^^^^^^^^^
  File "C:\Users\Евгения\Desktop\Projects_web\TeddysTale_with-BackEnd\venv\Lib\site-packages\django\db\transaction.py", line 216, in __enter__
    connection.set_autocommit(
    ~~~~~~~~~~~~~~~~~~~~~~~~~^
        False, force_begin_transaction_with_broken_autocommit=True
        ^^^^^^^^^^^^^^^^^^^^^^^^^^^^^^^^^^^^^^^^^^^^^^^^^^^^^^^^^^
    )
    ^
  File "C:\Users\Евгения\Desktop\Projects_web\TeddysTale_with-BackEnd\venv\Lib\site-packages\django\db\backends\base\base.py", line 487, in set_autocommit
    self._set_autocommit(autocommit)
    ~~~~~~~~~~~~~~~~~~~~^^^^^^^^^^^^
  File "C:\Users\Евгения\Desktop\Projects_web\TeddysTale_with-BackEnd\venv\Lib\site-packages\django\db\backends\postgresql\base.py", line 473, in _set_autocommit
    with self.wrap_database_errors:
         ^^^^^^^^^^^^^^^^^^^^^^^^^
  File "C:\Users\Евгения\Desktop\Projects_web\TeddysTale_with-BackEnd\venv\Lib\site-packages\django\db\utils.py", line 91, in __exit__
    raise dj_exc_value.with_traceback(traceback) from exc_value
  File "C:\Users\Евгения\Desktop\Projects_web\TeddysTale_with-BackEnd\venv\Lib\site-packages\django\db\backends\postgresql\base.py", line 474, in _set_autocommit
    self.connection.autocommit = autocommit
    ^^^^^^^^^^^^^^^^^^^^^^^^^^
django.db.utils.InterfaceError: connection already closed
ERROR 2026-01-13 12:58:55,171 basehttp 6116 5804 "GET / HTTP/1.1" 500 111045
ERROR 2026-01-13 12:59:15,548 log 6116 18124 Internal Server Error: /
Traceback (most recent call last):
  File "C:\Users\Евгения\Desktop\Projects_web\TeddysTale_with-BackEnd\venv\Lib\site-packages\django\db\backends\postgresql\base.py", line 474, in _set_autocommit
    self.connection.autocommit = autocommit
    ^^^^^^^^^^^^^^^^^^^^^^^^^^
psycopg2.InterfaceError: connection already closed

The above exception was the direct cause of the following exception:

Traceback (most recent call last):
  File "C:\Users\Евгения\Desktop\Projects_web\TeddysTale_with-BackEnd\venv\Lib\site-packages\django\core\handlers\exception.py", line 55, in inner
    response = get_response(request)
  File "C:\Users\Евгения\Desktop\Projects_web\TeddysTale_with-BackEnd\venv\Lib\site-packages\django\utils\deprecation.py", line 122, in __call__
    response = self.process_response(request, response)
  File "C:\Users\Евгения\Desktop\Projects_web\TeddysTale_with-BackEnd\venv\Lib\site-packages\django\contrib\sessions\middleware.py", line 59, in process_response
    request.session.save()
    ~~~~~~~~~~~~~~~~~~~~^^
  File "C:\Users\Евгения\Desktop\Projects_web\TeddysTale_with-BackEnd\venv\Lib\site-packages\django\contrib\sessions\backends\db.py", line 126, in save
    with transaction.atomic(using=using):
         ~~~~~~~~~~~~~~~~~~^^^^^^^^^^^^^
  File "C:\Users\Евгения\Desktop\Projects_web\TeddysTale_with-BackEnd\venv\Lib\site-packages\django\db\transaction.py", line 216, in __enter__
    connection.set_autocommit(
    ~~~~~~~~~~~~~~~~~~~~~~~~~^
        False, force_begin_transaction_with_broken_autocommit=True
        ^^^^^^^^^^^^^^^^^^^^^^^^^^^^^^^^^^^^^^^^^^^^^^^^^^^^^^^^^^
    )
    ^
  File "C:\Users\Евгения\Desktop\Projects_web\TeddysTale_with-BackEnd\venv\Lib\site-packages\django\db\backends\base\base.py", line 487, in set_autocommit
    self._set_autocommit(autocommit)
    ~~~~~~~~~~~~~~~~~~~~^^^^^^^^^^^^
  File "C:\Users\Евгения\Desktop\Projects_web\TeddysTale_with-BackEnd\venv\Lib\site-packages\django\db\backends\postgresql\base.py", line 473, in _set_autocommit
    with self.wrap_database_errors:
         ^^^^^^^^^^^^^^^^^^^^^^^^^
  File "C:\Users\Евгения\Desktop\Projects_web\TeddysTale_with-BackEnd\venv\Lib\site-packages\django\db\utils.py", line 91, in __exit__
    raise dj_exc_value.with_traceback(traceback) from exc_value
  File "C:\Users\Евгения\Desktop\Projects_web\TeddysTale_with-BackEnd\venv\Lib\site-packages\django\db\backends\postgresql\base.py", line 474, in _set_autocommit
    self.connection.autocommit = autocommit
    ^^^^^^^^^^^^^^^^^^^^^^^^^^
django.db.utils.InterfaceError: connection already closed
ERROR 2026-01-13 12:59:15,580 basehttp 6116 18124 "GET / HTTP/1.1" 500 111039
ERROR 2026-01-13 12:59:30,617 log 6116 11536 Internal Server Error: /
Traceback (most recent call last):
  File "C:\Users\Евгения\Desktop\Projects_web\TeddysTale_with-BackEnd\venv\Lib\site-packages\django\db\backends\postgresql\base.py", line 474, in _set_autocommit
    self.connection.autocommit = autocommit
    ^^^^^^^^^^^^^^^^^^^^^^^^^^
psycopg2.InterfaceError: connection already closed

The above exception was the direct cause of the following exception:

Traceback (most recent call last):
  File "C:\Users\Евгения\Desktop\Projects_web\TeddysTale_with-BackEnd\venv\Lib\site-packages\django\core\handlers\exception.py", line 55, in inner
    response = get_response(request)
  File "C:\Users\Евгения\Desktop\Projects_web\TeddysTale_with-BackEnd\venv\Lib\site-packages\django\utils\deprecation.py", line 122, in __call__
    response = self.process_response(request, response)
  File "C:\Users\Евгения\Desktop\Projects_web\TeddysTale_with-BackEnd\venv\Lib\site-packages\django\contrib\sessions\middleware.py", line 59, in process_response
    request.session.save()
    ~~~~~~~~~~~~~~~~~~~~^^
  File "C:\Users\Евгения\Desktop\Projects_web\TeddysTale_with-BackEnd\venv\Lib\site-packages\django\contrib\sessions\backends\db.py", line 126, in save
    with transaction.atomic(using=using):
         ~~~~~~~~~~~~~~~~~~^^^^^^^^^^^^^
  File "C:\Users\Евгения\Desktop\Projects_web\TeddysTale_with-BackEnd\venv\Lib\site-packages\django\db\transaction.py", line 216, in __enter__
    connection.set_autocommit(
    ~~~~~~~~~~~~~~~~~~~~~~~~~^
        False, force_begin_transaction_with_broken_autocommit=True
        ^^^^^^^^^^^^^^^^^^^^^^^^^^^^^^^^^^^^^^^^^^^^^^^^^^^^^^^^^^
    )
    ^
  File "C:\Users\Евгения\Desktop\Projects_web\TeddysTale_with-BackEnd\venv\Lib\site-packages\django\db\backends\base\base.py", line 487, in set_autocommit
    self._set_autocommit(autocommit)
    ~~~~~~~~~~~~~~~~~~~~^^^^^^^^^^^^
  File "C:\Users\Евгения\Desktop\Projects_web\TeddysTale_with-BackEnd\venv\Lib\site-packages\django\db\backends\postgresql\base.py", line 473, in _set_autocommit
    with self.wrap_database_errors:
         ^^^^^^^^^^^^^^^^^^^^^^^^^
  File "C:\Users\Евгения\Desktop\Projects_web\TeddysTale_with-BackEnd\venv\Lib\site-packages\django\db\utils.py", line 91, in __exit__
    raise dj_exc_value.with_traceback(traceback) from exc_value
  File "C:\Users\Евгения\Desktop\Projects_web\TeddysTale_with-BackEnd\venv\Lib\site-packages\django\db\backends\postgresql\base.py", line 474, in _set_autocommit
    self.connection.autocommit = autocommit
    ^^^^^^^^^^^^^^^^^^^^^^^^^^
django.db.utils.InterfaceError: connection already closed
ERROR 2026-01-13 12:59:30,648 basehttp 6116 11536 "GET / HTTP/1.1" 500 111337
WARNING 2026-01-13 13:00:06,030 basehttp 7728 15692 "GET /static/fonts/Montserrat/Montserrat-VariableFont_wght.woff2 HTTP/1.1" 404 1967
WARNING 2026-01-13 13:00:06,054 basehttp 7728 18880 "GET /static/fonts/Montserrat/Montserrat-VariableFont_wght.woff HTTP/1.1" 404 1964
WARNING 2026-01-13 13:00:06,098 basehttp 7728 17516 "GET /static/fonts/Lora/Lora.woff2 HTTP/1.1" 404 1877
WARNING 2026-01-13 13:00:06,114 basehttp 7728 16160 "GET /static/fonts/Lora/Lora.woff HTTP/1.1" 404 1874
WARNING 2026-01-13 13:00:06,816 log 7728 18272 Not Found: /media/shop_items/Teddy_Maikl_dfZJEvC.webp
WARNING 2026-01-13 13:00:06,817 basehttp 7728 18272 "GET /media/shop_items/Teddy_Maikl_dfZJEvC.webp HTTP/1.1" 404 4483
WARNING 2026-01-13 13:00:09,631 log 7728 18272 Not Found: /.well-known/appspecific/com.chrome.devtools.json
WARNING 2026-01-13 13:00:09,635 basehttp 7728 18272 "GET /.well-known/appspecific/com.chrome.devtools.json HTTP/1.1" 404 4211
ERROR 2026-01-13 13:03:06,918 log 7728 1808 Internal Server Error: /
Traceback (most recent call last):
  File "C:\Users\Евгения\Desktop\Projects_web\TeddysTale_with-BackEnd\venv\Lib\site-packages\django\db\backends\postgresql\base.py", line 474, in _set_autocommit
    self.connection.autocommit = autocommit
    ^^^^^^^^^^^^^^^^^^^^^^^^^^
psycopg2.InterfaceError: connection already closed

The above exception was the direct cause of the following exception:

Traceback (most recent call last):
  File "C:\Users\Евгения\Desktop\Projects_web\TeddysTale_with-BackEnd\venv\Lib\site-packages\django\core\handlers\exception.py", line 55, in inner
    response = get_response(request)
  File "C:\Users\Евгения\Desktop\Projects_web\TeddysTale_with-BackEnd\venv\Lib\site-packages\django\utils\deprecation.py", line 122, in __call__
    response = self.process_response(request, response)
  File "C:\Users\Евгения\Desktop\Projects_web\TeddysTale_with-BackEnd\venv\Lib\site-packages\django\contrib\sessions\middleware.py", line 59, in process_response
    request.session.save()
    ~~~~~~~~~~~~~~~~~~~~^^
  File "C:\Users\Евгения\Desktop\Projects_web\TeddysTale_with-BackEnd\venv\Lib\site-packages\django\contrib\sessions\backends\db.py", line 126, in save
    with transaction.atomic(using=using):
         ~~~~~~~~~~~~~~~~~~^^^^^^^^^^^^^
  File "C:\Users\Евгения\Desktop\Projects_web\TeddysTale_with-BackEnd\venv\Lib\site-packages\django\db\transaction.py", line 216, in __enter__
    connection.set_autocommit(
    ~~~~~~~~~~~~~~~~~~~~~~~~~^
        False, force_begin_transaction_with_broken_autocommit=True
        ^^^^^^^^^^^^^^^^^^^^^^^^^^^^^^^^^^^^^^^^^^^^^^^^^^^^^^^^^^
    )
    ^
  File "C:\Users\Евгения\Desktop\Projects_web\TeddysTale_with-BackEnd\venv\Lib\site-packages\django\db\backends\base\base.py", line 487, in set_autocommit
    self._set_autocommit(autocommit)
    ~~~~~~~~~~~~~~~~~~~~^^^^^^^^^^^^
  File "C:\Users\Евгения\Desktop\Projects_web\TeddysTale_with-BackEnd\venv\Lib\site-packages\django\db\backends\postgresql\base.py", line 473, in _set_autocommit
    with self.wrap_database_errors:
         ^^^^^^^^^^^^^^^^^^^^^^^^^
  File "C:\Users\Евгения\Desktop\Projects_web\TeddysTale_with-BackEnd\venv\Lib\site-packages\django\db\utils.py", line 91, in __exit__
    raise dj_exc_value.with_traceback(traceback) from exc_value
  File "C:\Users\Евгения\Desktop\Projects_web\TeddysTale_with-BackEnd\venv\Lib\site-packages\django\db\backends\postgresql\base.py", line 474, in _set_autocommit
    self.connection.autocommit = autocommit
    ^^^^^^^^^^^^^^^^^^^^^^^^^^
django.db.utils.InterfaceError: connection already closed
ERROR 2026-01-13 13:03:06,960 basehttp 7728 1808 "GET / HTTP/1.1" 500 111038
ERROR 2026-01-13 13:03:59,805 log 14996 10356 Internal Server Error: /
Traceback (most recent call last):
  File "C:\Users\Евгения\Desktop\Projects_web\TeddysTale_with-BackEnd\venv\Lib\site-packages\django\db\backends\postgresql\base.py", line 474, in _set_autocommit
    self.connection.autocommit = autocommit
    ^^^^^^^^^^^^^^^^^^^^^^^^^^
psycopg2.InterfaceError: connection already closed

The above exception was the direct cause of the following exception:

Traceback (most recent call last):
  File "C:\Users\Евгения\Desktop\Projects_web\TeddysTale_with-BackEnd\venv\Lib\site-packages\django\core\handlers\exception.py", line 55, in inner
    response = get_response(request)
  File "C:\Users\Евгения\Desktop\Projects_web\TeddysTale_with-BackEnd\venv\Lib\site-packages\django\utils\deprecation.py", line 122, in __call__
    response = self.process_response(request, response)
  File "C:\Users\Евгения\Desktop\Projects_web\TeddysTale_with-BackEnd\venv\Lib\site-packages\django\contrib\sessions\middleware.py", line 59, in process_response
    request.session.save()
    ~~~~~~~~~~~~~~~~~~~~^^
  File "C:\Users\Евгения\Desktop\Projects_web\TeddysTale_with-BackEnd\venv\Lib\site-packages\django\contrib\sessions\backends\db.py", line 126, in save
    with transaction.atomic(using=using):
         ~~~~~~~~~~~~~~~~~~^^^^^^^^^^^^^
  File "C:\Users\Евгения\Desktop\Projects_web\TeddysTale_with-BackEnd\venv\Lib\site-packages\django\db\transaction.py", line 216, in __enter__
    connection.set_autocommit(
    ~~~~~~~~~~~~~~~~~~~~~~~~~^
        False, force_begin_transaction_with_broken_autocommit=True
        ^^^^^^^^^^^^^^^^^^^^^^^^^^^^^^^^^^^^^^^^^^^^^^^^^^^^^^^^^^
    )
    ^
  File "C:\Users\Евгения\Desktop\Projects_web\TeddysTale_with-BackEnd\venv\Lib\site-packages\django\db\backends\base\base.py", line 487, in set_autocommit
    self._set_autocommit(autocommit)
    ~~~~~~~~~~~~~~~~~~~~^^^^^^^^^^^^
  File "C:\Users\Евгения\Desktop\Projects_web\TeddysTale_with-BackEnd\venv\Lib\site-packages\django\db\backends\postgresql\base.py", line 473, in _set_autocommit
    with self.wrap_database_errors:
         ^^^^^^^^^^^^^^^^^^^^^^^^^
  File "C:\Users\Евгения\Desktop\Projects_web\TeddysTale_with-BackEnd\venv\Lib\site-packages\django\db\utils.py", line 91, in __exit__
    raise dj_exc_value.with_traceback(traceback) from exc_value
  File "C:\Users\Евгения\Desktop\Projects_web\TeddysTale_with-BackEnd\venv\Lib\site-packages\django\db\backends\postgresql\base.py", line 474, in _set_autocommit
    self.connection.autocommit = autocommit
    ^^^^^^^^^^^^^^^^^^^^^^^^^^
django.db.utils.InterfaceError: connection already closed
ERROR 2026-01-13 13:03:59,842 basehttp 14996 10356 "GET / HTTP/1.1" 500 111039
WARNING 2026-01-13 13:04:17,612 log 14996 17772 Not Found: /favicon.ico
WARNING 2026-01-13 13:04:17,613 basehttp 14996 17772 "GET /favicon.ico HTTP/1.1" 404 4100
WARNING 2026-01-13 13:04:20,864 basehttp 14996 19168 "GET /static/fonts/Montserrat/Montserrat-VariableFont_wght.woff2 HTTP/1.1" 404 1967
WARNING 2026-01-13 13:04:20,864 basehttp 14996 4124 "GET /static/fonts/Montserrat/Montserrat-VariableFont_wght.woff HTTP/1.1" 404 1964
WARNING 2026-01-13 13:04:20,875 basehttp 14996 17772 "GET /static/fonts/Lora/Lora.woff2 HTTP/1.1" 404 1877
WARNING 2026-01-13 13:04:21,165 basehttp 14996 17180 "GET /static/fonts/Lora/Lora.woff HTTP/1.1" 404 1874
WARNING 2026-01-13 13:04:21,824 middleware 14996 15776 Ошибка при проверке соединения: connection to server at "aws-1-eu-west-1.pooler.supabase.com" (54.247.26.119), port 5432 failed: FATAL:  MaxClientsInSessionMode: max clients reached - in Session mode max clients are limited to pool_size

WARNING 2026-01-13 13:04:21,842 middleware 14996 17576 Ошибка при проверке соединения: connection to server at "aws-1-eu-west-1.pooler.supabase.com" (54.247.26.119), port 5432 failed: FATAL:  MaxClientsInSessionMode: max clients reached - in Session mode max clients are limited to pool_size

WARNING 2026-01-13 13:04:21,843 middleware 14996 7652 Ошибка при проверке соединения: connection to server at "aws-1-eu-west-1.pooler.supabase.com" (54.247.26.119), port 5432 failed: FATAL:  MaxClientsInSessionMode: max clients reached - in Session mode max clients are limited to pool_size

WARNING 2026-01-13 13:04:21,863 middleware 14996 16692 Ошибка при проверке соединения: connection to server at "aws-1-eu-west-1.pooler.supabase.com" (54.247.26.119), port 5432 failed: FATAL:  MaxClientsInSessionMode: max clients reached - in Session mode max clients are limited to pool_size

WARNING 2026-01-13 13:04:21,867 middleware 14996 17368 Ошибка при проверке соединения: connection to server at "aws-1-eu-west-1.pooler.supabase.com" (54.247.26.119), port 5432 failed: FATAL:  MaxClientsInSessionMode: max clients reached - in Session mode max clients are limited to pool_size

WARNING 2026-01-13 13:04:21,904 log 14996 15776 Not Found: /media/shop_items/Teddy_Maikl_dfZJEvC.webp
WARNING 2026-01-13 13:04:21,910 basehttp 14996 15776 "GET /media/shop_items/Teddy_Maikl_dfZJEvC.webp HTTP/1.1" 404 4483
WARNING 2026-01-13 13:04:22,265 middleware 14996 17576 Ошибка при проверке соединения: connection to server at "aws-1-eu-west-1.pooler.supabase.com" (54.247.26.119), port 5432 failed: FATAL:  MaxClientsInSessionMode: max clients reached - in Session mode max clients are limited to pool_size

WARNING 2026-01-13 13:04:22,267 middleware 14996 7652 Ошибка при проверке соединения: connection to server at "aws-1-eu-west-1.pooler.supabase.com" (54.247.26.119), port 5432 failed: FATAL:  MaxClientsInSessionMode: max clients reached - in Session mode max clients are limited to pool_size

WARNING 2026-01-13 13:04:40,577 middleware 14996 17388 Ошибка при проверке соединения: connection to server at "aws-1-eu-west-1.pooler.supabase.com" (54.247.26.119), port 5432 failed: FATAL:  MaxClientsInSessionMode: max clients reached - in Session mode max clients are limited to pool_size

WARNING 2026-01-13 13:04:40,599 log 14996 17388 Not Found: /.well-known/appspecific/com.chrome.devtools.json
WARNING 2026-01-13 13:04:40,601 basehttp 14996 17388 "GET /.well-known/appspecific/com.chrome.devtools.json HTTP/1.1" 404 4211
WARNING 2026-01-13 13:09:59,301 basehttp 8004 9824 "GET /static/fonts/Montserrat/Montserrat-VariableFont_wght.woff2 HTTP/1.1" 404 1967
WARNING 2026-01-13 13:09:59,420 basehttp 8004 16616 "GET /static/fonts/Montserrat/Montserrat-VariableFont_wght.woff HTTP/1.1" 404 1964
WARNING 2026-01-13 13:09:59,778 basehttp 8004 18284 "GET /static/fonts/Lora/Lora.woff2 HTTP/1.1" 404 1877
WARNING 2026-01-13 13:09:59,813 basehttp 8004 12084 "GET /static/fonts/Lora/Lora.woff HTTP/1.1" 404 1874
WARNING 2026-01-13 13:10:00,368 log 8004 16948 Not Found: /.well-known/appspecific/com.chrome.devtools.json
WARNING 2026-01-13 13:10:00,372 basehttp 8004 16948 "GET /.well-known/appspecific/com.chrome.devtools.json HTTP/1.1" 404 4211
WARNING 2026-01-13 13:10:00,969 middleware 8004 9204 Ошибка при проверке соединения: connection to server at "aws-1-eu-west-1.pooler.supabase.com" (54.247.26.119), port 5432 failed: FATAL:  MaxClientsInSessionMode: max clients reached - in Session mode max clients are limited to pool_size

WARNING 2026-01-13 13:10:00,970 middleware 8004 12728 Ошибка при проверке соединения: connection to server at "aws-1-eu-west-1.pooler.supabase.com" (54.247.26.119), port 5432 failed: FATAL:  MaxClientsInSessionMode: max clients reached - in Session mode max clients are limited to pool_size

WARNING 2026-01-13 13:10:00,996 log 8004 12728 Not Found: /media/shop_items/Teddy_Maikl_dfZJEvC.webp
WARNING 2026-01-13 13:10:00,998 basehttp 8004 12728 "GET /media/shop_items/Teddy_Maikl_dfZJEvC.webp HTTP/1.1" 404 4483
WARNING 2026-01-13 13:10:01,027 middleware 8004 18400 Ошибка при проверке соединения: connection to server at "aws-1-eu-west-1.pooler.supabase.com" (54.247.26.119), port 5432 failed: FATAL:  MaxClientsInSessionMode: max clients reached - in Session mode max clients are limited to pool_size

WARNING 2026-01-13 13:10:01,028 middleware 8004 18428 Ошибка при проверке соединения: connection to server at "aws-1-eu-west-1.pooler.supabase.com" (54.247.26.119), port 5432 failed: FATAL:  MaxClientsInSessionMode: max clients reached - in Session mode max clients are limited to pool_size

WARNING 2026-01-13 13:10:01,061 middleware 8004 9476 Ошибка при проверке соединения: connection to server at "aws-1-eu-west-1.pooler.supabase.com" (54.247.26.119), port 5432 failed: FATAL:  MaxClientsInSessionMode: max clients reached - in Session mode max clients are limited to pool_size

WARNING 2026-01-13 13:11:26,844 basehttp 15484 8280 "GET /static/fonts/Montserrat/Montserrat-VariableFont_wght.woff2 HTTP/1.1" 404 1967
WARNING 2026-01-13 13:11:26,878 basehttp 15484 11776 "GET /static/fonts/Montserrat/Montserrat-VariableFont_wght.woff HTTP/1.1" 404 1964
WARNING 2026-01-13 13:11:27,180 basehttp 15484 1996 "GET /static/fonts/Lora/Lora.woff2 HTTP/1.1" 404 1877
WARNING 2026-01-13 13:11:27,194 basehttp 15484 14436 "GET /static/fonts/Lora/Lora.woff HTTP/1.1" 404 1874
WARNING 2026-01-13 13:11:27,640 log 15484 10388 Not Found: /.well-known/appspecific/com.chrome.devtools.json
WARNING 2026-01-13 13:11:27,642 basehttp 15484 10388 "GET /.well-known/appspecific/com.chrome.devtools.json HTTP/1.1" 404 4211
WARNING 2026-01-13 13:11:27,712 middleware 15484 10752 Ошибка при проверке соединения: connection to server at "aws-1-eu-west-1.pooler.supabase.com" (54.247.26.119), port 5432 failed: FATAL:  Max client connections reached

WARNING 2026-01-13 13:11:27,713 middleware 15484 5968 Ошибка при проверке соединения: connection to server at "aws-1-eu-west-1.pooler.supabase.com" (54.247.26.119), port 5432 failed: FATAL:  Max client connections reached

WARNING 2026-01-13 13:11:27,755 log 15484 6420 Not Found: /media/shop_items/Teddy_Maikl_dfZJEvC.webp
WARNING 2026-01-13 13:11:27,756 basehttp 15484 6420 "GET /media/shop_items/Teddy_Maikl_dfZJEvC.webp HTTP/1.1" 404 4483
WARNING 2026-01-13 13:11:27,844 middleware 15484 16844 Ошибка при проверке соединения: connection to server at "aws-1-eu-west-1.pooler.supabase.com" (54.247.26.119), port 5432 failed: FATAL:  MaxClientsInSessionMode: max clients reached - in Session mode max clients are limited to pool_size

WARNING 2026-01-13 13:11:27,943 middleware 15484 7596 Ошибка при проверке соединения: connection to server at "aws-1-eu-west-1.pooler.supabase.com" (54.247.26.119), port 5432 failed: FATAL:  MaxClientsInSessionMode: max clients reached - in Session mode max clients are limited to pool_size

WARNING 2026-01-13 13:11:36,104 middleware 15484 7596 Ошибка при проверке соединения: connection to server at "aws-1-eu-west-1.pooler.supabase.com" (54.247.26.119), port 5432 failed: FATAL:  MaxClientsInSessionMode: max clients reached - in Session mode max clients are limited to pool_size

WARNING 2026-01-13 13:12:52,265 basehttp 3860 14628 "GET /static/fonts/Montserrat/Montserrat-VariableFont_wght.woff2 HTTP/1.1" 404 1967
WARNING 2026-01-13 13:12:52,549 basehttp 3860 11156 "GET /static/fonts/Montserrat/Montserrat-VariableFont_wght.woff HTTP/1.1" 404 1964
WARNING 2026-01-13 13:12:52,677 basehttp 3860 5840 "GET /static/fonts/Lora/Lora.woff HTTP/1.1" 404 1874
WARNING 2026-01-13 13:12:52,727 log 3860 18700 Not Found: /.well-known/appspecific/com.chrome.devtools.json
WARNING 2026-01-13 13:12:52,624 basehttp 3860 18884 "GET /static/fonts/Lora/Lora.woff2 HTTP/1.1" 404 1877
WARNING 2026-01-13 13:12:52,757 basehttp 3860 18700 "GET /.well-known/appspecific/com.chrome.devtools.json HTTP/1.1" 404 4211
WARNING 2026-01-17 13:19:39,986 basehttp 16024 15136 "GET /static/fonts/Montserrat/Montserrat-VariableFont_wght.woff2 HTTP/1.1" 404 1967
WARNING 2026-01-17 13:19:40,013 basehttp 16024 16844 "GET /static/fonts/Montserrat/Montserrat-VariableFont_wght.woff HTTP/1.1" 404 1964
WARNING 2026-01-17 13:19:40,063 basehttp 16024 18492 "GET /static/fonts/Lora/Lora.woff2 HTTP/1.1" 404 1877
WARNING 2026-01-17 13:19:40,084 basehttp 16024 9840 "GET /static/fonts/Lora/Lora.woff HTTP/1.1" 404 1874
WARNING 2026-01-17 13:19:42,749 log 16024 20144 Not Found: /media/shop_items/Teddy_Maikl_kY9p4bZ.webp
WARNING 2026-01-17 13:19:42,554 log 16024 23440 Not Found: /media/uploaded_images/8bb3a2db07f04126a663e74891fa04cd.webp
WARNING 2026-01-17 13:19:42,812 basehttp 16024 23440 "GET /media/uploaded_images/8bb3a2db07f04126a663e74891fa04cd.webp HTTP/1.1" 404 4555
WARNING 2026-01-17 13:19:42,786 basehttp 16024 20144 "GET /media/shop_items/Teddy_Maikl_kY9p4bZ.webp HTTP/1.1" 404 4483
WARNING 2026-01-17 13:19:42,861 log 16024 17956 Not Found: /media/uploaded_images/97408bea87ed490f858bd6be1e8a07fa.webp
WARNING 2026-01-17 13:19:42,863 basehttp 16024 17956 "GET /media/uploaded_images/97408bea87ed490f858bd6be1e8a07fa.webp HTTP/1.1" 404 4555
WARNING 2026-01-17 13:19:48,933 basehttp 16024 856 "GET /static/fonts/Montserrat/Montserrat-VariableFont_wght.woff2 HTTP/1.1" 404 1967
WARNING 2026-01-17 13:19:48,993 basehttp 16024 21480 "GET /static/fonts/Montserrat/Montserrat-VariableFont_wght.woff HTTP/1.1" 404 1964
WARNING 2026-01-17 13:19:49,042 basehttp 16024 20968 "GET /static/fonts/Lora/Lora.woff2 HTTP/1.1" 404 1877
WARNING 2026-01-17 13:19:49,105 basehttp 16024 18372 "GET /static/fonts/Lora/Lora.woff HTTP/1.1" 404 1874
WARNING 2026-01-17 13:19:49,357 log 16024 20952 Not Found: /media/uploaded_images/8bb3a2db07f04126a663e74891fa04cd.webp
WARNING 2026-01-17 13:19:49,595 basehttp 16024 20952 "GET /media/uploaded_images/8bb3a2db07f04126a663e74891fa04cd.webp HTTP/1.1" 404 4555
WARNING 2026-01-17 13:19:50,341 log 16024 7444 Not Found: /media/uploaded_images/97408bea87ed490f858bd6be1e8a07fa.webp
WARNING 2026-01-17 13:19:50,347 basehttp 16024 7444 "GET /media/uploaded_images/97408bea87ed490f858bd6be1e8a07fa.webp HTTP/1.1" 404 4555
WARNING 2026-01-17 13:19:50,410 log 16024 1252 Not Found: /media/shop_items/Teddy_Maikl_kY9p4bZ.webp
WARNING 2026-01-17 13:19:50,426 basehttp 16024 1252 "GET /media/shop_items/Teddy_Maikl_kY9p4bZ.webp HTTP/1.1" 404 4483
WARNING 2026-01-17 13:19:58,303 log 16024 14516 Not Found: /.well-known/appspecific/com.chrome.devtools.json
WARNING 2026-01-17 13:19:58,305 basehttp 16024 14516 "GET /.well-known/appspecific/com.chrome.devtools.json HTTP/1.1" 404 4211
