[2025-12-09 19:59:12] DEBUG landing.views - Загружено товаров из базы: 9
[2025-12-09 19:59:12] DEBUG landing.views - Показывать статические карточки: False
[2025-12-09 19:59:12] DEBUG landing.views - Координаты из базы данных: Широта=59.819987, Долгота=30.337649
[2025-12-09 19:59:12] INFO landing.views - Главная страница успешно загружена. Товаров: 9, Координаты: 59.819987, 30.337649
[2025-12-09 20:28:00] DEBUG landing.views - Загружено товаров из базы: 9
[2025-12-09 20:28:00] DEBUG landing.views - Показывать статические карточки: False
[2025-12-09 20:28:00] DEBUG landing.views - Координаты из базы данных: Широта=59.819987, Долгота=30.337649
[2025-12-09 20:28:00] INFO landing.views - Главная страница успешно загружена. Товаров: 9, Координаты: 59.819987, 30.337649
[2025-12-09 20:52:44] DEBUG landing.views - Загружено товаров из базы: 9
[2025-12-09 20:52:44] DEBUG landing.views - Показывать статические карточки: False
[2025-12-09 20:52:44] DEBUG landing.views - Координаты из базы данных: Широта=59.819987, Долгота=30.337649
[2025-12-09 20:52:44] INFO landing.views - Главная страница успешно загружена. Товаров: 9, Координаты: 59.819987, 30.337649
[2025-12-09 21:02:28] DEBUG landing.views - Загружено товаров из базы: 9
[2025-12-09 21:02:28] DEBUG landing.views - Показывать статические карточки: False
[2025-12-09 21:02:28] DEBUG landing.views - Координаты из базы данных: Широта=59.819987, Долгота=30.337649
[2025-12-09 21:02:28] INFO landing.views - Главная страница успешно загружена. Товаров: 9, Координаты: 59.819987, 30.337649
[2025-12-09 21:02:54] DEBUG landing.views - Загружено товаров из базы: 9
[2025-12-09 21:02:54] DEBUG landing.views - Показывать статические карточки: False
[2025-12-09 21:02:54] DEBUG landing.views - Координаты из базы данных: Широта=59.819987, Долгота=30.337649
[2025-12-09 21:02:54] INFO landing.views - Главная страница успешно загружена. Товаров: 9, Координаты: 59.819987, 30.337649
[2025-12-09 21:03:25] DEBUG landing.views - Загружено товаров из базы: 9
[2025-12-09 21:03:25] DEBUG landing.views - Показывать статические карточки: False
[2025-12-09 21:03:25] DEBUG landing.views - Координаты из базы данных: Широта=59.819987, Долгота=30.337649
[2025-12-09 21:03:25] INFO landing.views - Главная страница успешно загружена. Товаров: 9, Координаты: 59.819987, 30.337649
[2025-12-09 21:03:59] DEBUG landing.views - Загружено товаров из базы: 9
[2025-12-09 21:03:59] DEBUG landing.views - Показывать статические карточки: False
[2025-12-09 21:03:59] DEBUG landing.views - Координаты из базы данных: Широта=59.819987, Долгота=30.337649
[2025-12-09 21:03:59] INFO landing.views - Главная страница успешно загружена. Товаров: 9, Координаты: 59.819987, 30.337649
[2025-12-09 21:07:15] DEBUG landing.views - Загружено товаров из базы: 9
[2025-12-09 21:07:15] DEBUG landing.views - Показывать статические карточки: False
[2025-12-09 21:07:15] DEBUG landing.views - Координаты из базы данных: Широта=59.819987, Долгота=30.337649
[2025-12-09 21:07:15] INFO landing.views - Главная страница успешно загружена. Товаров: 9, Координаты: 59.819987, 30.337649
[2025-12-09 21:08:20] DEBUG landing.views - Загружено товаров из базы: 9
[2025-12-09 21:08:20] DEBUG landing.views - Показывать статические карточки: False
[2025-12-09 21:08:20] DEBUG landing.views - Координаты из базы данных: Широта=59.819987, Долгота=30.337649
[2025-12-09 21:08:20] INFO landing.views - Главная страница успешно загружена. Товаров: 9, Координаты: 59.819987, 30.337649
[2025-12-09 21:08:28] DEBUG landing.views - Загружено товаров из базы: 9
[2025-12-09 21:08:28] DEBUG landing.views - Показывать статические карточки: False
[2025-12-09 21:08:28] DEBUG landing.views - Координаты из базы данных: Широта=59.819987, Долгота=30.337649
[2025-12-09 21:08:28] INFO landing.views - Главная страница успешно загружена. Товаров: 9, Координаты: 59.819987, 30.337649
[2025-12-09 21:08:48] DEBUG landing.views - Загружено товаров из базы: 9
[2025-12-09 21:08:48] DEBUG landing.views - Показывать статические карточки: False
[2025-12-09 21:08:48] DEBUG landing.views - Координаты из базы данных: Широта=59.819987, Долгота=30.337649
[2025-12-09 21:08:48] INFO landing.views - Главная страница успешно загружена. Товаров: 9, Координаты: 59.819987, 30.337649
[2025-12-09 21:09:18] DEBUG landing.views - Загружено товаров из базы: 9
[2025-12-09 21:09:18] DEBUG landing.views - Показывать статические карточки: False
[2025-12-09 21:09:18] DEBUG landing.views - Координаты из базы данных: Широта=59.819987, Долгота=30.337649
[2025-12-09 21:09:18] INFO landing.views - Главная страница успешно загружена. Товаров: 9, Координаты: 59.819987, 30.337649
[2025-12-09 21:40:16] DEBUG landing.views - Загружено товаров из базы: 9
[2025-12-09 21:40:16] DEBUG landing.views - Показывать статические карточки: False
[2025-12-09 21:40:16] DEBUG landing.views - Координаты из базы данных: Широта=59.819987, Долгота=30.337649
[2025-12-09 21:40:16] INFO landing.views - Главная страница успешно загружена. Товаров: 9, Координаты: 59.819987, 30.337649
[2025-12-09 22:00:44] DEBUG landing.views - Загружено товаров из базы: 9
[2025-12-09 22:00:44] DEBUG landing.views - Показывать статические карточки: False
[2025-12-09 22:00:44] DEBUG landing.views - Координаты из базы данных: Широта=59.819987, Долгота=30.337649
[2025-12-09 22:00:44] INFO landing.views - Главная страница успешно загружена. Товаров: 9, Координаты: 59.819987, 30.337649
[2025-12-11 08:06:40] DEBUG landing.views - Загружено товаров из базы: 9
[2025-12-11 08:06:40] DEBUG landing.views - Показывать статические карточки: False
[2025-12-11 08:06:40] DEBUG landing.views - Координаты из базы данных: Широта=59.819987, Долгота=30.337649
[2025-12-11 08:06:40] INFO landing.views - Главная страница успешно загружена. Товаров: 9, Координаты: 59.819987, 30.337649
[2025-12-11 08:06:45] DEBUG landing.views - Загружено товаров из базы: 9
[2025-12-11 08:06:45] DEBUG landing.views - Показывать статические карточки: False
[2025-12-11 08:06:45] DEBUG landing.views - Координаты из базы данных: Широта=59.819987, Долгота=30.337649
[2025-12-11 08:06:45] INFO landing.views - Главная страница успешно загружена. Товаров: 9, Координаты: 59.819987, 30.337649
[2025-12-11 08:11:52] DEBUG landing.views - Загружено товаров из базы: 9
[2025-12-11 08:11:52] DEBUG landing.views - Показывать статические карточки: False
[2025-12-11 08:11:52] DEBUG landing.views - Координаты из базы данных: Широта=59.819987, Долгота=30.337649
[2025-12-11 08:11:52] INFO landing.views - Главная страница успешно загружена. Товаров: 9, Координаты: 59.819987, 30.337649
[2025-12-11 08:18:39] DEBUG landing.views - Загружено товаров из базы: 9
[2025-12-11 08:18:39] DEBUG landing.views - Показывать статические карточки: False
[2025-12-11 08:18:39] DEBUG landing.views - Координаты из базы данных: Широта=59.819987, Долгота=30.337649
[2025-12-11 08:18:39] INFO landing.views - Главная страница успешно загружена. Товаров: 9, Координаты: 59.819987, 30.337649
[2025-12-11 08:18:49] DEBUG landing.views - Загружено товаров из базы: 9
[2025-12-11 08:18:49] DEBUG landing.views - Показывать статические карточки: False
[2025-12-11 08:18:49] DEBUG landing.views - Координаты из базы данных: Широта=59.819987, Долгота=30.337649
[2025-12-11 08:18:49] INFO landing.views - Главная страница успешно загружена. Товаров: 9, Координаты: 59.819987, 30.337649
[2025-12-11 08:27:57] DEBUG landing.views - Загружено товаров из базы: 9
[2025-12-11 08:27:57] DEBUG landing.views - Показывать статические карточки: False
[2025-12-11 08:27:57] DEBUG landing.views - Координаты из базы данных: Широта=59.819987, Долгота=30.337649
[2025-12-11 08:27:57] INFO landing.views - Главная страница успешно загружена. Товаров: 9, Координаты: 59.819987, 30.337649
[2025-12-11 08:35:05] DEBUG landing.views - Загружено товаров из базы: 9
[2025-12-11 08:35:05] DEBUG landing.views - Показывать статические карточки: False
[2025-12-11 08:35:05] DEBUG landing.views - Координаты из базы данных: Широта=59.819987, Долгота=30.337649
[2025-12-11 08:35:05] INFO landing.views - Главная страница успешно загружена. Товаров: 9, Координаты: 59.819987, 30.337649
[2025-12-11 08:35:58] DEBUG landing.views - Загружено товаров из базы: 9
[2025-12-11 08:35:58] DEBUG landing.views - Показывать статические карточки: False
[2025-12-11 08:35:58] DEBUG landing.views - Координаты из базы данных: Широта=59.819987, Долгота=30.337649
[2025-12-11 08:35:58] INFO landing.views - Главная страница успешно загружена. Товаров: 9, Координаты: 59.819987, 30.337649
[2025-12-11 08:36:44] DEBUG landing.views - Загружено товаров из базы: 9
[2025-12-11 08:36:44] DEBUG landing.views - Показывать статические карточки: False
[2025-12-11 08:36:44] DEBUG landing.views - Координаты из базы данных: Широта=59.819987, Долгота=30.337649
[2025-12-11 08:36:44] INFO landing.views - Главная страница успешно загружена. Товаров: 9, Координаты: 59.819987, 30.337649
[2025-12-11 08:36:46] DEBUG landing.views - Загружено товаров из базы: 9
[2025-12-11 08:36:46] DEBUG landing.views - Показывать статические карточки: False
[2025-12-11 08:36:46] DEBUG landing.views - Координаты из базы данных: Широта=59.819987, Долгота=30.337649
[2025-12-11 08:36:46] INFO landing.views - Главная страница успешно загружена. Товаров: 9, Координаты: 59.819987, 30.337649
[2025-12-11 08:37:21] DEBUG landing.views - Загружено товаров из базы: 9
[2025-12-11 08:37:21] DEBUG landing.views - Показывать статические карточки: False
[2025-12-11 08:37:21] DEBUG landing.views - Координаты из базы данных: Широта=59.819987, Долгота=30.337649
[2025-12-11 08:37:21] INFO landing.views - Главная страница успешно загружена. Товаров: 9, Координаты: 59.819987, 30.337649
[2025-12-11 08:37:46] DEBUG landing.views - Загружено товаров из базы: 9
[2025-12-11 08:37:46] DEBUG landing.views - Показывать статические карточки: False
[2025-12-11 08:37:46] DEBUG landing.views - Координаты из базы данных: Широта=59.819987, Долгота=30.337649
[2025-12-11 08:37:46] INFO landing.views - Главная страница успешно загружена. Товаров: 9, Координаты: 59.819987, 30.337649
[2025-12-11 08:37:48] DEBUG landing.views - Загружено товаров из базы: 9
[2025-12-11 08:37:48] DEBUG landing.views - Показывать статические карточки: False
[2025-12-11 08:37:48] DEBUG landing.views - Координаты из базы данных: Широта=59.819987, Долгота=30.337649
[2025-12-11 08:37:48] INFO landing.views - Главная страница успешно загружена. Товаров: 9, Координаты: 59.819987, 30.337649
[2025-12-11 08:38:11] DEBUG landing.views - Загружено товаров из базы: 9
[2025-12-11 08:38:11] DEBUG landing.views - Показывать статические карточки: False
[2025-12-11 08:38:11] DEBUG landing.views - Координаты из базы данных: Широта=59.819987, Долгота=30.337649
[2025-12-11 08:38:11] INFO landing.views - Главная страница успешно загружена. Товаров: 9, Координаты: 59.819987, 30.337649
[2025-12-11 08:48:20] DEBUG landing.views - Загружено товаров из базы: 9
[2025-12-11 08:48:20] DEBUG landing.views - Показывать статические карточки: False
[2025-12-11 08:48:20] DEBUG landing.views - Координаты из базы данных: Широта=59.819987, Долгота=30.337649
[2025-12-11 08:48:20] INFO landing.views - Главная страница успешно загружена. Товаров: 9, Координаты: 59.819987, 30.337649
[2025-12-11 08:51:14] DEBUG landing.views - Загружено товаров из базы: 9
[2025-12-11 08:51:14] DEBUG landing.views - Показывать статические карточки: False
[2025-12-11 08:51:14] DEBUG landing.views - Координаты из базы данных: Широта=59.819987, Долгота=30.337649
[2025-12-11 08:51:14] INFO landing.views - Главная страница успешно загружена. Товаров: 9, Координаты: 59.819987, 30.337649
[2025-12-11 08:54:47] DEBUG landing.views - Загружено товаров из базы: 9
[2025-12-11 08:54:47] DEBUG landing.views - Показывать статические карточки: False
[2025-12-11 08:54:47] DEBUG landing.views - Координаты из базы данных: Широта=59.819987, Долгота=30.337649
[2025-12-11 08:54:47] INFO landing.views - Главная страница успешно загружена. Товаров: 9, Координаты: 59.819987, 30.337649
[2025-12-11 08:55:17] DEBUG landing.views - Загружено товаров из базы: 9
[2025-12-11 08:55:17] DEBUG landing.views - Показывать статические карточки: False
[2025-12-11 08:55:17] DEBUG landing.views - Координаты из базы данных: Широта=59.819987, Долгота=30.337649
[2025-12-11 08:55:17] INFO landing.views - Главная страница успешно загружена. Товаров: 9, Координаты: 59.819987, 30.337649
[2025-12-11 09:02:23] DEBUG landing.views - Загружено товаров из базы: 9
[2025-12-11 09:02:23] DEBUG landing.views - Показывать статические карточки: False
[2025-12-11 09:02:23] DEBUG landing.views - Координаты из базы данных: Широта=59.819987, Долгота=30.337649
[2025-12-11 09:02:23] INFO landing.views - Главная страница успешно загружена. Товаров: 9, Координаты: 59.819987, 30.337649
[2025-12-11 09:14:00] DEBUG landing.views - Загружено товаров из базы: 9
[2025-12-11 09:14:00] DEBUG landing.views - Показывать статические карточки: False
[2025-12-11 09:14:00] DEBUG landing.views - Координаты из базы данных: Широта=59.819987, Долгота=30.337649
[2025-12-11 09:14:00] INFO landing.views - Главная страница успешно загружена. Товаров: 9, Координаты: 59.819987, 30.337649
[2025-12-11 09:23:40] DEBUG landing.views - Загружено товаров из базы: 9
[2025-12-11 09:23:40] DEBUG landing.views - Показывать статические карточки: False
[2025-12-11 09:23:40] DEBUG landing.views - Координаты из базы данных: Широта=59.819987, Долгота=30.337649
[2025-12-11 09:23:40] INFO landing.views - Главная страница успешно загружена. Товаров: 9, Координаты: 59.819987, 30.337649
[2025-12-11 09:36:01] DEBUG landing.views - Загружено товаров из базы: 9
[2025-12-11 09:36:01] DEBUG landing.views - Показывать статические карточки: False
[2025-12-11 09:36:01] DEBUG landing.views - Координаты из базы данных: Широта=59.819987, Долгота=30.337649
[2025-12-11 09:36:01] INFO landing.views - Главная страница успешно загружена. Товаров: 9, Координаты: 59.819987, 30.337649
[2025-12-12 09:21:40] DEBUG landing.views - Загружено товаров из базы: 9
[2025-12-12 09:21:40] DEBUG landing.views - Показывать статические карточки: False
[2025-12-12 09:21:40] DEBUG landing.views - Координаты из базы данных: Широта=59.819987, Долгота=30.337649
[2025-12-12 09:21:40] INFO landing.views - Главная страница успешно загружена. Товаров: 9, Координаты: 59.819987, 30.337649
[2025-12-12 09:21:51] DEBUG landing.views - Загружено товаров из базы: 9
[2025-12-12 09:21:51] DEBUG landing.views - Показывать статические карточки: False
[2025-12-12 09:21:51] DEBUG landing.views - Координаты из базы данных: Широта=59.819987, Долгота=30.337649
[2025-12-12 09:21:51] INFO landing.views - Главная страница успешно загружена. Товаров: 9, Координаты: 59.819987, 30.337649
[2025-12-12 09:23:25] DEBUG landing.views - Загружено товаров из базы: 9
[2025-12-12 09:23:25] DEBUG landing.views - Показывать статические карточки: False
[2025-12-12 09:23:25] DEBUG landing.views - Координаты из базы данных: Широта=59.819987, Долгота=30.337649
[2025-12-12 09:23:25] INFO landing.views - Главная страница успешно загружена. Товаров: 9, Координаты: 59.819987, 30.337649
[2025-12-12 09:36:52] DEBUG landing.views - Загружено товаров из базы: 9
[2025-12-12 09:36:52] DEBUG landing.views - Показывать статические карточки: False
[2025-12-12 09:36:52] DEBUG landing.views - Координаты из базы данных: Широта=59.819987, Долгота=30.337649
[2025-12-12 09:36:52] INFO landing.views - Главная страница успешно загружена. Товаров: 9, Координаты: 59.819987, 30.337649
[2025-12-12 09:39:27] DEBUG landing.views - Загружено товаров из базы: 9
[2025-12-12 09:39:27] DEBUG landing.views - Показывать статические карточки: False
[2025-12-12 09:39:27] DEBUG landing.views - Координаты из базы данных: Широта=59.819987, Долгота=30.337649
[2025-12-12 09:39:27] INFO landing.views - Главная страница успешно загружена. Товаров: 9, Координаты: 59.819987, 30.337649
[2025-12-12 09:45:00] DEBUG landing.views - Загружено товаров из базы: 9
[2025-12-12 09:45:00] DEBUG landing.views - Показывать статические карточки: False
[2025-12-12 09:45:00] DEBUG landing.views - Координаты из базы данных: Широта=59.819987, Долгота=30.337649
[2025-12-12 09:45:00] INFO landing.views - Главная страница успешно загружена. Товаров: 9, Координаты: 59.819987, 30.337649
[2025-12-12 09:50:39] DEBUG landing.views - Загружено товаров из базы: 9
[2025-12-12 09:50:39] DEBUG landing.views - Показывать статические карточки: False
[2025-12-12 09:50:39] DEBUG landing.views - Координаты из базы данных: Широта=59.819987, Долгота=30.337649
[2025-12-12 09:50:39] INFO landing.views - Главная страница успешно загружена. Товаров: 9, Координаты: 59.819987, 30.337649
[2025-12-12 09:50:46] DEBUG landing.views - Загружено товаров из базы: 9
[2025-12-12 09:50:46] DEBUG landing.views - Показывать статические карточки: False
[2025-12-12 09:50:46] DEBUG landing.views - Координаты из базы данных: Широта=59.819987, Долгота=30.337649
[2025-12-12 09:50:46] INFO landing.views - Главная страница успешно загружена. Товаров: 9, Координаты: 59.819987, 30.337649
[2025-12-12 09:50:48] DEBUG landing.views - Загружено товаров из базы: 9
[2025-12-12 09:50:48] DEBUG landing.views - Показывать статические карточки: False
[2025-12-12 09:50:48] DEBUG landing.views - Координаты из базы данных: Широта=59.819987, Долгота=30.337649
[2025-12-12 09:50:48] INFO landing.views - Главная страница успешно загружена. Товаров: 9, Координаты: 59.819987, 30.337649
[2025-12-12 10:48:15] DEBUG landing.views - Загружено товаров из базы: 9
[2025-12-12 10:48:15] DEBUG landing.views - Показывать статические карточки: False
[2025-12-12 10:48:15] DEBUG landing.views - Координаты из базы данных: Широта=59.819987, Долгота=30.337649
[2025-12-12 10:48:15] INFO landing.views - Главная страница успешно загружена. Товаров: 9, Координаты: 59.819987, 30.337649
[2025-12-12 10:52:37] DEBUG landing.views - Загружено товаров из базы: 9
[2025-12-12 10:52:37] DEBUG landing.views - Показывать статические карточки: False
[2025-12-12 10:52:37] DEBUG landing.views - Координаты из базы данных: Широта=59.819987, Долгота=30.337649
[2025-12-12 10:52:37] INFO landing.views - Главная страница успешно загружена. Товаров: 9, Координаты: 59.819987, 30.337649
[2025-12-12 11:07:42] DEBUG landing.views - Загружено товаров из базы: 9
[2025-12-12 11:07:42] DEBUG landing.views - Показывать статические карточки: False
[2025-12-12 11:07:42] DEBUG landing.views - Координаты из базы данных: Широта=59.819987, Долгота=30.337649
[2025-12-12 11:07:42] INFO landing.views - Главная страница успешно загружена. Товаров: 9, Координаты: 59.819987, 30.337649
[2025-12-12 11:08:23] DEBUG landing.views - Загружено товаров из базы: 9
[2025-12-12 11:08:23] DEBUG landing.views - Показывать статические карточки: False
[2025-12-12 11:08:23] DEBUG landing.views - Координаты из базы данных: Широта=59.819987, Долгота=30.337649
[2025-12-12 11:08:23] INFO landing.views - Главная страница успешно загружена. Товаров: 9, Координаты: 59.819987, 30.337649
[2025-12-12 11:13:47] DEBUG landing.views - Загружено товаров из базы: 9
[2025-12-12 11:13:47] DEBUG landing.views - Показывать статические карточки: False
[2025-12-12 11:13:47] DEBUG landing.views - Координаты из базы данных: Широта=59.819987, Долгота=30.337649
[2025-12-12 11:13:47] INFO landing.views - Главная страница успешно загружена. Товаров: 9, Координаты: 59.819987, 30.337649
[2025-12-12 11:30:01] DEBUG landing.views - Загружено товаров из базы: 9
[2025-12-12 11:30:01] DEBUG landing.views - Показывать статические карточки: False
[2025-12-12 11:30:01] DEBUG landing.views - Координаты из базы данных: Широта=59.819987, Долгота=30.337649
[2025-12-12 11:30:01] INFO landing.views - Главная страница успешно загружена. Товаров: 9, Координаты: 59.819987, 30.337649
[2025-12-12 11:41:51] DEBUG landing.views - Загружено товаров из базы: 9
[2025-12-12 11:41:51] DEBUG landing.views - Показывать статические карточки: False
[2025-12-12 11:41:51] DEBUG landing.views - Координаты из базы данных: Широта=59.819987, Долгота=30.337649
[2025-12-12 11:41:51] INFO landing.views - Главная страница успешно загружена. Товаров: 9, Координаты: 59.819987, 30.337649
[2025-12-12 11:44:47] DEBUG landing.views - Загружено товаров из базы: 9
[2025-12-12 11:44:47] DEBUG landing.views - Показывать статические карточки: False
[2025-12-12 11:44:47] DEBUG landing.views - Координаты из базы данных: Широта=59.819987, Долгота=30.337649
[2025-12-12 11:44:47] INFO landing.views - Главная страница успешно загружена. Товаров: 9, Координаты: 59.819987, 30.337649
[2025-12-12 11:45:09] DEBUG landing.views - Загружено товаров из базы: 9
[2025-12-12 11:45:09] DEBUG landing.views - Показывать статические карточки: False
[2025-12-12 11:45:09] DEBUG landing.views - Координаты из базы данных: Широта=59.819987, Долгота=30.337649
[2025-12-12 11:45:09] INFO landing.views - Главная страница успешно загружена. Товаров: 9, Координаты: 59.819987, 30.337649
[2025-12-12 11:45:45] DEBUG landing.views - Загружено товаров из базы: 9
[2025-12-12 11:45:45] DEBUG landing.views - Показывать статические карточки: False
[2025-12-12 11:45:45] DEBUG landing.views - Координаты из базы данных: Широта=59.819987, Долгота=30.337649
[2025-12-12 11:45:45] INFO landing.views - Главная страница успешно загружена. Товаров: 9, Координаты: 59.819987, 30.337649
[2025-12-12 11:47:24] DEBUG landing.views - Загружено товаров из базы: 9
[2025-12-12 11:47:24] DEBUG landing.views - Показывать статические карточки: False
[2025-12-12 11:47:24] DEBUG landing.views - Координаты из базы данных: Широта=59.819987, Долгота=30.337649
[2025-12-12 11:47:24] INFO landing.views - Главная страница успешно загружена. Товаров: 9, Координаты: 59.819987, 30.337649
[2025-12-12 11:48:03] DEBUG landing.views - Загружено товаров из базы: 9
[2025-12-12 11:48:03] DEBUG landing.views - Показывать статические карточки: False
[2025-12-12 11:48:03] DEBUG landing.views - Координаты из базы данных: Широта=59.819987, Долгота=30.337649
[2025-12-12 11:48:03] INFO landing.views - Главная страница успешно загружена. Товаров: 9, Координаты: 59.819987, 30.337649
[2025-12-12 11:48:13] DEBUG landing.views - Загружено товаров из базы: 9
[2025-12-12 11:48:13] DEBUG landing.views - Показывать статические карточки: False
[2025-12-12 11:48:13] DEBUG landing.views - Координаты из базы данных: Широта=59.819987, Долгота=30.337649
[2025-12-12 11:48:13] INFO landing.views - Главная страница успешно загружена. Товаров: 9, Координаты: 59.819987, 30.337649
[2025-12-12 11:48:25] DEBUG landing.views - Загружено товаров из базы: 9
[2025-12-12 11:48:25] DEBUG landing.views - Показывать статические карточки: False
[2025-12-12 11:48:25] DEBUG landing.views - Координаты из базы данных: Широта=59.819987, Долгота=30.337649
[2025-12-12 11:48:25] INFO landing.views - Главная страница успешно загружена. Товаров: 9, Координаты: 59.819987, 30.337649
[2026-01-02 11:44:18] DEBUG landing.views - Загружено товаров из базы: 9
[2026-01-02 11:44:18] DEBUG landing.views - Показывать статические карточки: False
[2026-01-02 11:44:37] ERROR landing.views - КРИТИЧЕСКАЯ ОШИБКА при загрузке данных главной страницы: server closed the connection unexpectedly
	This probably means the server terminated abnormally
	before or while processing the request.
server closed the connection unexpectedly
	This probably means the server terminated abnormally
	before or while processing the request.
Traceback (most recent call last):
  File "C:\Users\Евгения\Desktop\Projects_web\TeddysTale_with-BackEnd\venv\Lib\site-packages\django\db\backends\utils.py", line 105, in _execute
    return self.cursor.execute(sql, params)
           ~~~~~~~~~~~~~~~~~~~^^^^^^^^^^^^^
psycopg2.OperationalError: server closed the connection unexpectedly
	This probably means the server terminated abnormally
	before or while processing the request.
server closed the connection unexpectedly
	This probably means the server terminated abnormally
	before or while processing the request.


The above exception was the direct cause of the following exception:

Traceback (most recent call last):
  File "C:\Users\Евгения\Desktop\Projects_web\TeddysTale_with-BackEnd\TeddyTale\landing\views.py", line 65, in index
    about_section = PageSection.objects.filter(section_key='about').first()
  File "C:\Users\Евгения\Desktop\Projects_web\TeddysTale_with-BackEnd\venv\Lib\site-packages\django\db\models\query.py", line 1106, in first
    for obj in queryset[:1]:
               ~~~~~~~~^^^^
  File "C:\Users\Евгения\Desktop\Projects_web\TeddysTale_with-BackEnd\venv\Lib\site-packages\django\db\models\query.py", line 386, in __iter__
    self._fetch_all()
    ~~~~~~~~~~~~~~~^^
  File "C:\Users\Евгения\Desktop\Projects_web\TeddysTale_with-BackEnd\venv\Lib\site-packages\django\db\models\query.py", line 1954, in _fetch_all
    self._result_cache = list(self._iterable_class(self))
                         ~~~~^^^^^^^^^^^^^^^^^^^^^^^^^^^^
  File "C:\Users\Евгения\Desktop\Projects_web\TeddysTale_with-BackEnd\venv\Lib\site-packages\django\db\models\query.py", line 93, in __iter__
    results = compiler.execute_sql(
        chunked_fetch=self.chunked_fetch, chunk_size=self.chunk_size
    )
  File "C:\Users\Евгения\Desktop\Projects_web\TeddysTale_with-BackEnd\venv\Lib\site-packages\django\db\models\sql\compiler.py", line 1623, in execute_sql
    cursor.execute(sql, params)
    ~~~~~~~~~~~~~~^^^^^^^^^^^^^
  File "C:\Users\Евгения\Desktop\Projects_web\TeddysTale_with-BackEnd\venv\Lib\site-packages\django\db\backends\utils.py", line 122, in execute
    return super().execute(sql, params)
           ~~~~~~~~~~~~~~~^^^^^^^^^^^^^
  File "C:\Users\Евгения\Desktop\Projects_web\TeddysTale_with-BackEnd\venv\Lib\site-packages\django\db\backends\utils.py", line 79, in execute
    return self._execute_with_wrappers(
           ~~~~~~~~~~~~~~~~~~~~~~~~~~~^
        sql, params, many=False, executor=self._execute
        ^^^^^^^^^^^^^^^^^^^^^^^^^^^^^^^^^^^^^^^^^^^^^^^
    )
    ^
  File "C:\Users\Евгения\Desktop\Projects_web\TeddysTale_with-BackEnd\venv\Lib\site-packages\django\db\backends\utils.py", line 92, in _execute_with_wrappers
    return executor(sql, params, many, context)
  File "C:\Users\Евгения\Desktop\Projects_web\TeddysTale_with-BackEnd\venv\Lib\site-packages\django\db\backends\utils.py", line 100, in _execute
    with self.db.wrap_database_errors:
         ^^^^^^^^^^^^^^^^^^^^^^^^^^^^
  File "C:\Users\Евгения\Desktop\Projects_web\TeddysTale_with-BackEnd\venv\Lib\site-packages\django\db\utils.py", line 91, in __exit__
    raise dj_exc_value.with_traceback(traceback) from exc_value
  File "C:\Users\Евгения\Desktop\Projects_web\TeddysTale_with-BackEnd\venv\Lib\site-packages\django\db\backends\utils.py", line 105, in _execute
    return self.cursor.execute(sql, params)
           ~~~~~~~~~~~~~~~~~~~^^^^^^^^^^^^^
django.db.utils.OperationalError: server closed the connection unexpectedly
	This probably means the server terminated abnormally
	before or while processing the request.
server closed the connection unexpectedly
	This probably means the server terminated abnormally
	before or while processing the request.
Stack (most recent call last):
  File "C:\Users\Евгения\AppData\Local\Programs\Python\Python313\Lib\threading.py", line 1014, in _bootstrap
    self._bootstrap_inner()
  File "C:\Users\Евгения\AppData\Local\Programs\Python\Python313\Lib\threading.py", line 1043, in _bootstrap_inner
    self.run()
  File "C:\Users\Евгения\AppData\Local\Programs\Python\Python313\Lib\threading.py", line 994, in run
    self._target(*self._args, **self._kwargs)
  File "C:\Users\Евгения\AppData\Local\Programs\Python\Python313\Lib\socketserver.py", line 697, in process_request_thread
    self.finish_request(request, client_address)
  File "C:\Users\Евгения\AppData\Local\Programs\Python\Python313\Lib\socketserver.py", line 362, in finish_request
    self.RequestHandlerClass(request, client_address, self)
  File "C:\Users\Евгения\AppData\Local\Programs\Python\Python313\Lib\socketserver.py", line 766, in __init__
    self.handle()
  File "C:\Users\Евгения\Desktop\Projects_web\TeddysTale_with-BackEnd\venv\Lib\site-packages\django\core\servers\basehttp.py", line 228, in handle
    self.handle_one_request()
  File "C:\Users\Евгения\Desktop\Projects_web\TeddysTale_with-BackEnd\venv\Lib\site-packages\django\core\servers\basehttp.py", line 253, in handle_one_request
    handler.run(self.server.get_app())
  File "C:\Users\Евгения\AppData\Local\Programs\Python\Python313\Lib\wsgiref\handlers.py", line 137, in run
    self.result = application(self.environ, self.start_response)
  File "C:\Users\Евгения\Desktop\Projects_web\TeddysTale_with-BackEnd\venv\Lib\site-packages\django\contrib\staticfiles\handlers.py", line 80, in __call__
    return self.application(environ, start_response)
  File "C:\Users\Евгения\Desktop\Projects_web\TeddysTale_with-BackEnd\venv\Lib\site-packages\django\core\handlers\wsgi.py", line 124, in __call__
    response = self.get_response(request)
  File "C:\Users\Евгения\Desktop\Projects_web\TeddysTale_with-BackEnd\venv\Lib\site-packages\django\core\handlers\base.py", line 140, in get_response
    response = self._middleware_chain(request)
  File "C:\Users\Евгения\Desktop\Projects_web\TeddysTale_with-BackEnd\venv\Lib\site-packages\django\core\handlers\exception.py", line 55, in inner
    response = get_response(request)
  File "C:\Users\Евгения\Desktop\Projects_web\TeddysTale_with-BackEnd\venv\Lib\site-packages\django\utils\deprecation.py", line 120, in __call__
    response = response or self.get_response(request)
  File "C:\Users\Евгения\Desktop\Projects_web\TeddysTale_with-BackEnd\venv\Lib\site-packages\django\core\handlers\exception.py", line 55, in inner
    response = get_response(request)
  File "C:\Users\Евгения\Desktop\Projects_web\TeddysTale_with-BackEnd\venv\Lib\site-packages\whitenoise\middleware.py", line 123, in __call__
    return self.get_response(request)
  File "C:\Users\Евгения\Desktop\Projects_web\TeddysTale_with-BackEnd\venv\Lib\site-packages\django\core\handlers\exception.py", line 55, in inner
    response = get_response(request)
  File "C:\Users\Евгения\Desktop\Projects_web\TeddysTale_with-BackEnd\venv\Lib\site-packages\django\utils\deprecation.py", line 120, in __call__
    response = response or self.get_response(request)
  File "C:\Users\Евгения\Desktop\Projects_web\TeddysTale_with-BackEnd\venv\Lib\site-packages\django\core\handlers\exception.py", line 55, in inner
    response = get_response(request)
  File "C:\Users\Евгения\Desktop\Projects_web\TeddysTale_with-BackEnd\venv\Lib\site-packages\django\utils\deprecation.py", line 120, in __call__
    response = response or self.get_response(request)
  File "C:\Users\Евгения\Desktop\Projects_web\TeddysTale_with-BackEnd\venv\Lib\site-packages\django\core\handlers\exception.py", line 55, in inner
    response = get_response(request)
  File "C:\Users\Евгения\Desktop\Projects_web\TeddysTale_with-BackEnd\venv\Lib\site-packages\django\utils\deprecation.py", line 120, in __call__
    response = response or self.get_response(request)
  File "C:\Users\Евгения\Desktop\Projects_web\TeddysTale_with-BackEnd\venv\Lib\site-packages\django\core\handlers\exception.py", line 55, in inner
    response = get_response(request)
  File "C:\Users\Евгения\Desktop\Projects_web\TeddysTale_with-BackEnd\venv\Lib\site-packages\django\utils\deprecation.py", line 120, in __call__
    response = response or self.get_response(request)
  File "C:\Users\Евгения\Desktop\Projects_web\TeddysTale_with-BackEnd\venv\Lib\site-packages\django\core\handlers\exception.py", line 55, in inner
    response = get_response(request)
  File "C:\Users\Евгения\Desktop\Projects_web\TeddysTale_with-BackEnd\venv\Lib\site-packages\django\utils\deprecation.py", line 120, in __call__
    response = response or self.get_response(request)
  File "C:\Users\Евгения\Desktop\Projects_web\TeddysTale_with-BackEnd\venv\Lib\site-packages\django\core\handlers\exception.py", line 55, in inner
    response = get_response(request)
  File "C:\Users\Евгения\Desktop\Projects_web\TeddysTale_with-BackEnd\venv\Lib\site-packages\django\utils\deprecation.py", line 120, in __call__
    response = response or self.get_response(request)
  File "C:\Users\Евгения\Desktop\Projects_web\TeddysTale_with-BackEnd\venv\Lib\site-packages\django\core\handlers\exception.py", line 55, in inner
    response = get_response(request)
  File "C:\Users\Евгения\Desktop\Projects_web\TeddysTale_with-BackEnd\venv\Lib\site-packages\django\utils\deprecation.py", line 120, in __call__
    response = response or self.get_response(request)
  File "C:\Users\Евгения\Desktop\Projects_web\TeddysTale_with-BackEnd\venv\Lib\site-packages\django\core\handlers\exception.py", line 55, in inner
    response = get_response(request)
  File "C:\Users\Евгения\Desktop\Projects_web\TeddysTale_with-BackEnd\venv\Lib\site-packages\django\core\handlers\base.py", line 197, in _get_response
    response = wrapped_callback(request, *callback_args, **callback_kwargs)
  File "C:\Users\Евгения\Desktop\Projects_web\TeddysTale_with-BackEnd\TeddyTale\landing\views.py", line 146, in index
    logger.error(f"КРИТИЧЕСКАЯ ОШИБКА при загрузке данных главной страницы: {str(e)}",
[2026-01-02 11:44:37] WARNING landing.views - Используется резервный режим с безопасными значениями
[2026-01-02 11:44:55] DEBUG landing.views - Загружено товаров из базы: 9
[2026-01-02 11:44:55] DEBUG landing.views - Показывать статические карточки: False
[2026-01-02 11:45:14] ERROR landing.views - КРИТИЧЕСКАЯ ОШИБКА при загрузке данных главной страницы: server closed the connection unexpectedly
	This probably means the server terminated abnormally
	before or while processing the request.
server closed the connection unexpectedly
	This probably means the server terminated abnormally
	before or while processing the request.
Traceback (most recent call last):
  File "C:\Users\Евгения\Desktop\Projects_web\TeddysTale_with-BackEnd\venv\Lib\site-packages\django\db\backends\utils.py", line 105, in _execute
    return self.cursor.execute(sql, params)
           ~~~~~~~~~~~~~~~~~~~^^^^^^^^^^^^^
psycopg2.OperationalError: server closed the connection unexpectedly
	This probably means the server terminated abnormally
	before or while processing the request.
server closed the connection unexpectedly
	This probably means the server terminated abnormally
	before or while processing the request.


The above exception was the direct cause of the following exception:

Traceback (most recent call last):
  File "C:\Users\Евгения\Desktop\Projects_web\TeddysTale_with-BackEnd\TeddyTale\landing\views.py", line 65, in index
    about_section = PageSection.objects.filter(section_key='about').first()
  File "C:\Users\Евгения\Desktop\Projects_web\TeddysTale_with-BackEnd\venv\Lib\site-packages\django\db\models\query.py", line 1106, in first
    for obj in queryset[:1]:
               ~~~~~~~~^^^^
  File "C:\Users\Евгения\Desktop\Projects_web\TeddysTale_with-BackEnd\venv\Lib\site-packages\django\db\models\query.py", line 386, in __iter__
    self._fetch_all()
    ~~~~~~~~~~~~~~~^^
  File "C:\Users\Евгения\Desktop\Projects_web\TeddysTale_with-BackEnd\venv\Lib\site-packages\django\db\models\query.py", line 1954, in _fetch_all
    self._result_cache = list(self._iterable_class(self))
                         ~~~~^^^^^^^^^^^^^^^^^^^^^^^^^^^^
  File "C:\Users\Евгения\Desktop\Projects_web\TeddysTale_with-BackEnd\venv\Lib\site-packages\django\db\models\query.py", line 93, in __iter__
    results = compiler.execute_sql(
        chunked_fetch=self.chunked_fetch, chunk_size=self.chunk_size
    )
  File "C:\Users\Евгения\Desktop\Projects_web\TeddysTale_with-BackEnd\venv\Lib\site-packages\django\db\models\sql\compiler.py", line 1623, in execute_sql
    cursor.execute(sql, params)
    ~~~~~~~~~~~~~~^^^^^^^^^^^^^
  File "C:\Users\Евгения\Desktop\Projects_web\TeddysTale_with-BackEnd\venv\Lib\site-packages\django\db\backends\utils.py", line 122, in execute
    return super().execute(sql, params)
           ~~~~~~~~~~~~~~~^^^^^^^^^^^^^
  File "C:\Users\Евгения\Desktop\Projects_web\TeddysTale_with-BackEnd\venv\Lib\site-packages\django\db\backends\utils.py", line 79, in execute
    return self._execute_with_wrappers(
           ~~~~~~~~~~~~~~~~~~~~~~~~~~~^
        sql, params, many=False, executor=self._execute
        ^^^^^^^^^^^^^^^^^^^^^^^^^^^^^^^^^^^^^^^^^^^^^^^
    )
    ^
  File "C:\Users\Евгения\Desktop\Projects_web\TeddysTale_with-BackEnd\venv\Lib\site-packages\django\db\backends\utils.py", line 92, in _execute_with_wrappers
    return executor(sql, params, many, context)
  File "C:\Users\Евгения\Desktop\Projects_web\TeddysTale_with-BackEnd\venv\Lib\site-packages\django\db\backends\utils.py", line 100, in _execute
    with self.db.wrap_database_errors:
         ^^^^^^^^^^^^^^^^^^^^^^^^^^^^
  File "C:\Users\Евгения\Desktop\Projects_web\TeddysTale_with-BackEnd\venv\Lib\site-packages\django\db\utils.py", line 91, in __exit__
    raise dj_exc_value.with_traceback(traceback) from exc_value
  File "C:\Users\Евгения\Desktop\Projects_web\TeddysTale_with-BackEnd\venv\Lib\site-packages\django\db\backends\utils.py", line 105, in _execute
    return self.cursor.execute(sql, params)
           ~~~~~~~~~~~~~~~~~~~^^^^^^^^^^^^^
django.db.utils.OperationalError: server closed the connection unexpectedly
	This probably means the server terminated abnormally
	before or while processing the request.
server closed the connection unexpectedly
	This probably means the server terminated abnormally
	before or while processing the request.
Stack (most recent call last):
  File "C:\Users\Евгения\AppData\Local\Programs\Python\Python313\Lib\threading.py", line 1014, in _bootstrap
    self._bootstrap_inner()
  File "C:\Users\Евгения\AppData\Local\Programs\Python\Python313\Lib\threading.py", line 1043, in _bootstrap_inner
    self.run()
  File "C:\Users\Евгения\AppData\Local\Programs\Python\Python313\Lib\threading.py", line 994, in run
    self._target(*self._args, **self._kwargs)
  File "C:\Users\Евгения\AppData\Local\Programs\Python\Python313\Lib\socketserver.py", line 697, in process_request_thread
    self.finish_request(request, client_address)
  File "C:\Users\Евгения\AppData\Local\Programs\Python\Python313\Lib\socketserver.py", line 362, in finish_request
    self.RequestHandlerClass(request, client_address, self)
  File "C:\Users\Евгения\AppData\Local\Programs\Python\Python313\Lib\socketserver.py", line 766, in __init__
    self.handle()
  File "C:\Users\Евгения\Desktop\Projects_web\TeddysTale_with-BackEnd\venv\Lib\site-packages\django\core\servers\basehttp.py", line 228, in handle
    self.handle_one_request()
  File "C:\Users\Евгения\Desktop\Projects_web\TeddysTale_with-BackEnd\venv\Lib\site-packages\django\core\servers\basehttp.py", line 253, in handle_one_request
    handler.run(self.server.get_app())
  File "C:\Users\Евгения\AppData\Local\Programs\Python\Python313\Lib\wsgiref\handlers.py", line 137, in run
    self.result = application(self.environ, self.start_response)
  File "C:\Users\Евгения\Desktop\Projects_web\TeddysTale_with-BackEnd\venv\Lib\site-packages\django\contrib\staticfiles\handlers.py", line 80, in __call__
    return self.application(environ, start_response)
  File "C:\Users\Евгения\Desktop\Projects_web\TeddysTale_with-BackEnd\venv\Lib\site-packages\django\core\handlers\wsgi.py", line 124, in __call__
    response = self.get_response(request)
  File "C:\Users\Евгения\Desktop\Projects_web\TeddysTale_with-BackEnd\venv\Lib\site-packages\django\core\handlers\base.py", line 140, in get_response
    response = self._middleware_chain(request)
  File "C:\Users\Евгения\Desktop\Projects_web\TeddysTale_with-BackEnd\venv\Lib\site-packages\django\core\handlers\exception.py", line 55, in inner
    response = get_response(request)
  File "C:\Users\Евгения\Desktop\Projects_web\TeddysTale_with-BackEnd\venv\Lib\site-packages\django\utils\deprecation.py", line 120, in __call__
    response = response or self.get_response(request)
  File "C:\Users\Евгения\Desktop\Projects_web\TeddysTale_with-BackEnd\venv\Lib\site-packages\django\core\handlers\exception.py", line 55, in inner
    response = get_response(request)
  File "C:\Users\Евгения\Desktop\Projects_web\TeddysTale_with-BackEnd\venv\Lib\site-packages\whitenoise\middleware.py", line 123, in __call__
    return self.get_response(request)
  File "C:\Users\Евгения\Desktop\Projects_web\TeddysTale_with-BackEnd\venv\Lib\site-packages\django\core\handlers\exception.py", line 55, in inner
    response = get_response(request)
  File "C:\Users\Евгения\Desktop\Projects_web\TeddysTale_with-BackEnd\venv\Lib\site-packages\django\utils\deprecation.py", line 120, in __call__
    response = response or self.get_response(request)
  File "C:\Users\Евгения\Desktop\Projects_web\TeddysTale_with-BackEnd\venv\Lib\site-packages\django\core\handlers\exception.py", line 55, in inner
    response = get_response(request)
  File "C:\Users\Евгения\Desktop\Projects_web\TeddysTale_with-BackEnd\venv\Lib\site-packages\django\utils\deprecation.py", line 120, in __call__
    response = response or self.get_response(request)
  File "C:\Users\Евгения\Desktop\Projects_web\TeddysTale_with-BackEnd\venv\Lib\site-packages\django\core\handlers\exception.py", line 55, in inner
    response = get_response(request)
  File "C:\Users\Евгения\Desktop\Projects_web\TeddysTale_with-BackEnd\venv\Lib\site-packages\django\utils\deprecation.py", line 120, in __call__
    response = response or self.get_response(request)
  File "C:\Users\Евгения\Desktop\Projects_web\TeddysTale_with-BackEnd\venv\Lib\site-packages\django\core\handlers\exception.py", line 55, in inner
    response = get_response(request)
  File "C:\Users\Евгения\Desktop\Projects_web\TeddysTale_with-BackEnd\venv\Lib\site-packages\django\utils\deprecation.py", line 120, in __call__
    response = response or self.get_response(request)
  File "C:\Users\Евгения\Desktop\Projects_web\TeddysTale_with-BackEnd\venv\Lib\site-packages\django\core\handlers\exception.py", line 55, in inner
    response = get_response(request)
  File "C:\Users\Евгения\Desktop\Projects_web\TeddysTale_with-BackEnd\venv\Lib\site-packages\django\utils\deprecation.py", line 120, in __call__
    response = response or self.get_response(request)
  File "C:\Users\Евгения\Desktop\Projects_web\TeddysTale_with-BackEnd\venv\Lib\site-packages\django\core\handlers\exception.py", line 55, in inner
    response = get_response(request)
  File "C:\Users\Евгения\Desktop\Projects_web\TeddysTale_with-BackEnd\venv\Lib\site-packages\django\utils\deprecation.py", line 120, in __call__
    response = response or self.get_response(request)
  File "C:\Users\Евгения\Desktop\Projects_web\TeddysTale_with-BackEnd\venv\Lib\site-packages\django\core\handlers\exception.py", line 55, in inner
    response = get_response(request)
  File "C:\Users\Евгения\Desktop\Projects_web\TeddysTale_with-BackEnd\venv\Lib\site-packages\django\utils\deprecation.py", line 120, in __call__
    response = response or self.get_response(request)
  File "C:\Users\Евгения\Desktop\Projects_web\TeddysTale_with-BackEnd\venv\Lib\site-packages\django\core\handlers\exception.py", line 55, in inner
    response = get_response(request)
  File "C:\Users\Евгения\Desktop\Projects_web\TeddysTale_with-BackEnd\venv\Lib\site-packages\django\core\handlers\base.py", line 197, in _get_response
    response = wrapped_callback(request, *callback_args, **callback_kwargs)
  File "C:\Users\Евгения\Desktop\Projects_web\TeddysTale_with-BackEnd\TeddyTale\landing\views.py", line 146, in index
    logger.error(f"КРИТИЧЕСКАЯ ОШИБКА при загрузке данных главной страницы: {str(e)}",
[2026-01-02 11:45:14] WARNING landing.views - Используется резервный режим с безопасными значениями
[2026-01-02 11:49:33] DEBUG landing.views - Загружено товаров из базы: 9
[2026-01-02 11:49:33] DEBUG landing.views - Показывать статические карточки: False
[2026-01-02 11:49:53] ERROR landing.views - КРИТИЧЕСКАЯ ОШИБКА при загрузке данных главной страницы: server closed the connection unexpectedly
	This probably means the server terminated abnormally
	before or while processing the request.
server closed the connection unexpectedly
	This probably means the server terminated abnormally
	before or while processing the request.
Traceback (most recent call last):
  File "C:\Users\Евгения\Desktop\Projects_web\TeddysTale_with-BackEnd\venv\Lib\site-packages\django\db\backends\utils.py", line 105, in _execute
    return self.cursor.execute(sql, params)
           ~~~~~~~~~~~~~~~~~~~^^^^^^^^^^^^^
psycopg2.OperationalError: server closed the connection unexpectedly
	This probably means the server terminated abnormally
	before or while processing the request.
server closed the connection unexpectedly
	This probably means the server terminated abnormally
	before or while processing the request.


The above exception was the direct cause of the following exception:

Traceback (most recent call last):
  File "C:\Users\Евгения\Desktop\Projects_web\TeddysTale_with-BackEnd\TeddyTale\landing\views.py", line 65, in index
    about_section = PageSection.objects.filter(section_key='about').first()
  File "C:\Users\Евгения\Desktop\Projects_web\TeddysTale_with-BackEnd\venv\Lib\site-packages\django\db\models\query.py", line 1106, in first
    for obj in queryset[:1]:
               ~~~~~~~~^^^^
  File "C:\Users\Евгения\Desktop\Projects_web\TeddysTale_with-BackEnd\venv\Lib\site-packages\django\db\models\query.py", line 386, in __iter__
    self._fetch_all()
    ~~~~~~~~~~~~~~~^^
  File "C:\Users\Евгения\Desktop\Projects_web\TeddysTale_with-BackEnd\venv\Lib\site-packages\django\db\models\query.py", line 1954, in _fetch_all
    self._result_cache = list(self._iterable_class(self))
                         ~~~~^^^^^^^^^^^^^^^^^^^^^^^^^^^^
  File "C:\Users\Евгения\Desktop\Projects_web\TeddysTale_with-BackEnd\venv\Lib\site-packages\django\db\models\query.py", line 93, in __iter__
    results = compiler.execute_sql(
        chunked_fetch=self.chunked_fetch, chunk_size=self.chunk_size
    )
  File "C:\Users\Евгения\Desktop\Projects_web\TeddysTale_with-BackEnd\venv\Lib\site-packages\django\db\models\sql\compiler.py", line 1623, in execute_sql
    cursor.execute(sql, params)
    ~~~~~~~~~~~~~~^^^^^^^^^^^^^
  File "C:\Users\Евгения\Desktop\Projects_web\TeddysTale_with-BackEnd\venv\Lib\site-packages\django\db\backends\utils.py", line 122, in execute
    return super().execute(sql, params)
           ~~~~~~~~~~~~~~~^^^^^^^^^^^^^
  File "C:\Users\Евгения\Desktop\Projects_web\TeddysTale_with-BackEnd\venv\Lib\site-packages\django\db\backends\utils.py", line 79, in execute
    return self._execute_with_wrappers(
           ~~~~~~~~~~~~~~~~~~~~~~~~~~~^
        sql, params, many=False, executor=self._execute
        ^^^^^^^^^^^^^^^^^^^^^^^^^^^^^^^^^^^^^^^^^^^^^^^
    )
    ^
  File "C:\Users\Евгения\Desktop\Projects_web\TeddysTale_with-BackEnd\venv\Lib\site-packages\django\db\backends\utils.py", line 92, in _execute_with_wrappers
    return executor(sql, params, many, context)
  File "C:\Users\Евгения\Desktop\Projects_web\TeddysTale_with-BackEnd\venv\Lib\site-packages\django\db\backends\utils.py", line 100, in _execute
    with self.db.wrap_database_errors:
         ^^^^^^^^^^^^^^^^^^^^^^^^^^^^
  File "C:\Users\Евгения\Desktop\Projects_web\TeddysTale_with-BackEnd\venv\Lib\site-packages\django\db\utils.py", line 91, in __exit__
    raise dj_exc_value.with_traceback(traceback) from exc_value
  File "C:\Users\Евгения\Desktop\Projects_web\TeddysTale_with-BackEnd\venv\Lib\site-packages\django\db\backends\utils.py", line 105, in _execute
    return self.cursor.execute(sql, params)
           ~~~~~~~~~~~~~~~~~~~^^^^^^^^^^^^^
django.db.utils.OperationalError: server closed the connection unexpectedly
	This probably means the server terminated abnormally
	before or while processing the request.
server closed the connection unexpectedly
	This probably means the server terminated abnormally
	before or while processing the request.
Stack (most recent call last):
  File "C:\Users\Евгения\AppData\Local\Programs\Python\Python313\Lib\threading.py", line 1014, in _bootstrap
    self._bootstrap_inner()
  File "C:\Users\Евгения\AppData\Local\Programs\Python\Python313\Lib\threading.py", line 1043, in _bootstrap_inner
    self.run()
  File "C:\Users\Евгения\AppData\Local\Programs\Python\Python313\Lib\threading.py", line 994, in run
    self._target(*self._args, **self._kwargs)
  File "C:\Users\Евгения\AppData\Local\Programs\Python\Python313\Lib\socketserver.py", line 697, in process_request_thread
    self.finish_request(request, client_address)
  File "C:\Users\Евгения\AppData\Local\Programs\Python\Python313\Lib\socketserver.py", line 362, in finish_request
    self.RequestHandlerClass(request, client_address, self)
  File "C:\Users\Евгения\AppData\Local\Programs\Python\Python313\Lib\socketserver.py", line 766, in __init__
    self.handle()
  File "C:\Users\Евгения\Desktop\Projects_web\TeddysTale_with-BackEnd\venv\Lib\site-packages\django\core\servers\basehttp.py", line 228, in handle
    self.handle_one_request()
  File "C:\Users\Евгения\Desktop\Projects_web\TeddysTale_with-BackEnd\venv\Lib\site-packages\django\core\servers\basehttp.py", line 253, in handle_one_request
    handler.run(self.server.get_app())
  File "C:\Users\Евгения\AppData\Local\Programs\Python\Python313\Lib\wsgiref\handlers.py", line 137, in run
    self.result = application(self.environ, self.start_response)
  File "C:\Users\Евгения\Desktop\Projects_web\TeddysTale_with-BackEnd\venv\Lib\site-packages\django\contrib\staticfiles\handlers.py", line 80, in __call__
    return self.application(environ, start_response)
  File "C:\Users\Евгения\Desktop\Projects_web\TeddysTale_with-BackEnd\venv\Lib\site-packages\django\core\handlers\wsgi.py", line 124, in __call__
    response = self.get_response(request)
  File "C:\Users\Евгения\Desktop\Projects_web\TeddysTale_with-BackEnd\venv\Lib\site-packages\django\core\handlers\base.py", line 140, in get_response
    response = self._middleware_chain(request)
  File "C:\Users\Евгения\Desktop\Projects_web\TeddysTale_with-BackEnd\venv\Lib\site-packages\django\core\handlers\exception.py", line 55, in inner
    response = get_response(request)
  File "C:\Users\Евгения\Desktop\Projects_web\TeddysTale_with-BackEnd\venv\Lib\site-packages\django\utils\deprecation.py", line 120, in __call__
    response = response or self.get_response(request)
  File "C:\Users\Евгения\Desktop\Projects_web\TeddysTale_with-BackEnd\venv\Lib\site-packages\django\core\handlers\exception.py", line 55, in inner
    response = get_response(request)
  File "C:\Users\Евгения\Desktop\Projects_web\TeddysTale_with-BackEnd\venv\Lib\site-packages\whitenoise\middleware.py", line 123, in __call__
    return self.get_response(request)
  File "C:\Users\Евгения\Desktop\Projects_web\TeddysTale_with-BackEnd\venv\Lib\site-packages\django\core\handlers\exception.py", line 55, in inner
    response = get_response(request)
  File "C:\Users\Евгения\Desktop\Projects_web\TeddysTale_with-BackEnd\venv\Lib\site-packages\django\utils\deprecation.py", line 120, in __call__
    response = response or self.get_response(request)
  File "C:\Users\Евгения\Desktop\Projects_web\TeddysTale_with-BackEnd\venv\Lib\site-packages\django\core\handlers\exception.py", line 55, in inner
    response = get_response(request)
  File "C:\Users\Евгения\Desktop\Projects_web\TeddysTale_with-BackEnd\venv\Lib\site-packages\django\utils\deprecation.py", line 120, in __call__
    response = response or self.get_response(request)
  File "C:\Users\Евгения\Desktop\Projects_web\TeddysTale_with-BackEnd\venv\Lib\site-packages\django\core\handlers\exception.py", line 55, in inner
    response = get_response(request)
  File "C:\Users\Евгения\Desktop\Projects_web\TeddysTale_with-BackEnd\venv\Lib\site-packages\django\utils\deprecation.py", line 120, in __call__
    response = response or self.get_response(request)
  File "C:\Users\Евгения\Desktop\Projects_web\TeddysTale_with-BackEnd\venv\Lib\site-packages\django\core\handlers\exception.py", line 55, in inner
    response = get_response(request)
  File "C:\Users\Евгения\Desktop\Projects_web\TeddysTale_with-BackEnd\venv\Lib\site-packages\django\utils\deprecation.py", line 120, in __call__
    response = response or self.get_response(request)
  File "C:\Users\Евгения\Desktop\Projects_web\TeddysTale_with-BackEnd\venv\Lib\site-packages\django\core\handlers\exception.py", line 55, in inner
    response = get_response(request)
  File "C:\Users\Евгения\Desktop\Projects_web\TeddysTale_with-BackEnd\venv\Lib\site-packages\django\utils\deprecation.py", line 120, in __call__
    response = response or self.get_response(request)
  File "C:\Users\Евгения\Desktop\Projects_web\TeddysTale_with-BackEnd\venv\Lib\site-packages\django\core\handlers\exception.py", line 55, in inner
    response = get_response(request)
  File "C:\Users\Евгения\Desktop\Projects_web\TeddysTale_with-BackEnd\venv\Lib\site-packages\django\utils\deprecation.py", line 120, in __call__
    response = response or self.get_response(request)
  File "C:\Users\Евгения\Desktop\Projects_web\TeddysTale_with-BackEnd\venv\Lib\site-packages\django\core\handlers\exception.py", line 55, in inner
    response = get_response(request)
  File "C:\Users\Евгения\Desktop\Projects_web\TeddysTale_with-BackEnd\venv\Lib\site-packages\django\utils\deprecation.py", line 120, in __call__
    response = response or self.get_response(request)
  File "C:\Users\Евгения\Desktop\Projects_web\TeddysTale_with-BackEnd\venv\Lib\site-packages\django\core\handlers\exception.py", line 55, in inner
    response = get_response(request)
  File "C:\Users\Евгения\Desktop\Projects_web\TeddysTale_with-BackEnd\venv\Lib\site-packages\django\core\handlers\base.py", line 197, in _get_response
    response = wrapped_callback(request, *callback_args, **callback_kwargs)
  File "C:\Users\Евгения\Desktop\Projects_web\TeddysTale_with-BackEnd\TeddyTale\landing\views.py", line 146, in index
    logger.error(f"КРИТИЧЕСКАЯ ОШИБКА при загрузке данных главной страницы: {str(e)}",
[2026-01-02 11:49:53] WARNING landing.views - Используется резервный режим с безопасными значениями
[2026-01-02 11:51:02] DEBUG landing.views - Загружено товаров из базы: 9
[2026-01-02 11:51:02] DEBUG landing.views - Показывать статические карточки: False
[2026-01-02 11:51:22] ERROR landing.views - КРИТИЧЕСКАЯ ОШИБКА при загрузке данных главной страницы: server closed the connection unexpectedly
	This probably means the server terminated abnormally
	before or while processing the request.
server closed the connection unexpectedly
	This probably means the server terminated abnormally
	before or while processing the request.
Traceback (most recent call last):
  File "C:\Users\Евгения\Desktop\Projects_web\TeddysTale_with-BackEnd\venv\Lib\site-packages\django\db\backends\utils.py", line 105, in _execute
    return self.cursor.execute(sql, params)
           ~~~~~~~~~~~~~~~~~~~^^^^^^^^^^^^^
psycopg2.OperationalError: server closed the connection unexpectedly
	This probably means the server terminated abnormally
	before or while processing the request.
server closed the connection unexpectedly
	This probably means the server terminated abnormally
	before or while processing the request.


The above exception was the direct cause of the following exception:

Traceback (most recent call last):
  File "C:\Users\Евгения\Desktop\Projects_web\TeddysTale_with-BackEnd\TeddyTale\landing\views.py", line 65, in index
    about_section = PageSection.objects.filter(section_key='about').first()
  File "C:\Users\Евгения\Desktop\Projects_web\TeddysTale_with-BackEnd\venv\Lib\site-packages\django\db\models\query.py", line 1106, in first
    for obj in queryset[:1]:
               ~~~~~~~~^^^^
  File "C:\Users\Евгения\Desktop\Projects_web\TeddysTale_with-BackEnd\venv\Lib\site-packages\django\db\models\query.py", line 386, in __iter__
    self._fetch_all()
    ~~~~~~~~~~~~~~~^^
  File "C:\Users\Евгения\Desktop\Projects_web\TeddysTale_with-BackEnd\venv\Lib\site-packages\django\db\models\query.py", line 1954, in _fetch_all
    self._result_cache = list(self._iterable_class(self))
                         ~~~~^^^^^^^^^^^^^^^^^^^^^^^^^^^^
  File "C:\Users\Евгения\Desktop\Projects_web\TeddysTale_with-BackEnd\venv\Lib\site-packages\django\db\models\query.py", line 93, in __iter__
    results = compiler.execute_sql(
        chunked_fetch=self.chunked_fetch, chunk_size=self.chunk_size
    )
  File "C:\Users\Евгения\Desktop\Projects_web\TeddysTale_with-BackEnd\venv\Lib\site-packages\django\db\models\sql\compiler.py", line 1623, in execute_sql
    cursor.execute(sql, params)
    ~~~~~~~~~~~~~~^^^^^^^^^^^^^
  File "C:\Users\Евгения\Desktop\Projects_web\TeddysTale_with-BackEnd\venv\Lib\site-packages\django\db\backends\utils.py", line 122, in execute
    return super().execute(sql, params)
           ~~~~~~~~~~~~~~~^^^^^^^^^^^^^
  File "C:\Users\Евгения\Desktop\Projects_web\TeddysTale_with-BackEnd\venv\Lib\site-packages\django\db\backends\utils.py", line 79, in execute
    return self._execute_with_wrappers(
           ~~~~~~~~~~~~~~~~~~~~~~~~~~~^
        sql, params, many=False, executor=self._execute
        ^^^^^^^^^^^^^^^^^^^^^^^^^^^^^^^^^^^^^^^^^^^^^^^
    )
    ^
  File "C:\Users\Евгения\Desktop\Projects_web\TeddysTale_with-BackEnd\venv\Lib\site-packages\django\db\backends\utils.py", line 92, in _execute_with_wrappers
    return executor(sql, params, many, context)
  File "C:\Users\Евгения\Desktop\Projects_web\TeddysTale_with-BackEnd\venv\Lib\site-packages\django\db\backends\utils.py", line 100, in _execute
    with self.db.wrap_database_errors:
         ^^^^^^^^^^^^^^^^^^^^^^^^^^^^
  File "C:\Users\Евгения\Desktop\Projects_web\TeddysTale_with-BackEnd\venv\Lib\site-packages\django\db\utils.py", line 91, in __exit__
    raise dj_exc_value.with_traceback(traceback) from exc_value
  File "C:\Users\Евгения\Desktop\Projects_web\TeddysTale_with-BackEnd\venv\Lib\site-packages\django\db\backends\utils.py", line 105, in _execute
    return self.cursor.execute(sql, params)
           ~~~~~~~~~~~~~~~~~~~^^^^^^^^^^^^^
django.db.utils.OperationalError: server closed the connection unexpectedly
	This probably means the server terminated abnormally
	before or while processing the request.
server closed the connection unexpectedly
	This probably means the server terminated abnormally
	before or while processing the request.
Stack (most recent call last):
  File "C:\Users\Евгения\AppData\Local\Programs\Python\Python313\Lib\threading.py", line 1014, in _bootstrap
    self._bootstrap_inner()
  File "C:\Users\Евгения\AppData\Local\Programs\Python\Python313\Lib\threading.py", line 1043, in _bootstrap_inner
    self.run()
  File "C:\Users\Евгения\AppData\Local\Programs\Python\Python313\Lib\threading.py", line 994, in run
    self._target(*self._args, **self._kwargs)
  File "C:\Users\Евгения\AppData\Local\Programs\Python\Python313\Lib\socketserver.py", line 697, in process_request_thread
    self.finish_request(request, client_address)
  File "C:\Users\Евгения\AppData\Local\Programs\Python\Python313\Lib\socketserver.py", line 362, in finish_request
    self.RequestHandlerClass(request, client_address, self)
  File "C:\Users\Евгения\AppData\Local\Programs\Python\Python313\Lib\socketserver.py", line 766, in __init__
    self.handle()
  File "C:\Users\Евгения\Desktop\Projects_web\TeddysTale_with-BackEnd\venv\Lib\site-packages\django\core\servers\basehttp.py", line 228, in handle
    self.handle_one_request()
  File "C:\Users\Евгения\Desktop\Projects_web\TeddysTale_with-BackEnd\venv\Lib\site-packages\django\core\servers\basehttp.py", line 253, in handle_one_request
    handler.run(self.server.get_app())
  File "C:\Users\Евгения\AppData\Local\Programs\Python\Python313\Lib\wsgiref\handlers.py", line 137, in run
    self.result = application(self.environ, self.start_response)
  File "C:\Users\Евгения\Desktop\Projects_web\TeddysTale_with-BackEnd\venv\Lib\site-packages\django\contrib\staticfiles\handlers.py", line 80, in __call__
    return self.application(environ, start_response)
  File "C:\Users\Евгения\Desktop\Projects_web\TeddysTale_with-BackEnd\venv\Lib\site-packages\django\core\handlers\wsgi.py", line 124, in __call__
    response = self.get_response(request)
  File "C:\Users\Евгения\Desktop\Projects_web\TeddysTale_with-BackEnd\venv\Lib\site-packages\django\core\handlers\base.py", line 140, in get_response
    response = self._middleware_chain(request)
  File "C:\Users\Евгения\Desktop\Projects_web\TeddysTale_with-BackEnd\venv\Lib\site-packages\django\core\handlers\exception.py", line 55, in inner
    response = get_response(request)
  File "C:\Users\Евгения\Desktop\Projects_web\TeddysTale_with-BackEnd\venv\Lib\site-packages\django\utils\deprecation.py", line 120, in __call__
    response = response or self.get_response(request)
  File "C:\Users\Евгения\Desktop\Projects_web\TeddysTale_with-BackEnd\venv\Lib\site-packages\django\core\handlers\exception.py", line 55, in inner
    response = get_response(request)
  File "C:\Users\Евгения\Desktop\Projects_web\TeddysTale_with-BackEnd\venv\Lib\site-packages\whitenoise\middleware.py", line 123, in __call__
    return self.get_response(request)
  File "C:\Users\Евгения\Desktop\Projects_web\TeddysTale_with-BackEnd\venv\Lib\site-packages\django\core\handlers\exception.py", line 55, in inner
    response = get_response(request)
  File "C:\Users\Евгения\Desktop\Projects_web\TeddysTale_with-BackEnd\venv\Lib\site-packages\django\utils\deprecation.py", line 120, in __call__
    response = response or self.get_response(request)
  File "C:\Users\Евгения\Desktop\Projects_web\TeddysTale_with-BackEnd\venv\Lib\site-packages\django\core\handlers\exception.py", line 55, in inner
    response = get_response(request)
  File "C:\Users\Евгения\Desktop\Projects_web\TeddysTale_with-BackEnd\venv\Lib\site-packages\django\utils\deprecation.py", line 120, in __call__
    response = response or self.get_response(request)
  File "C:\Users\Евгения\Desktop\Projects_web\TeddysTale_with-BackEnd\venv\Lib\site-packages\django\core\handlers\exception.py", line 55, in inner
    response = get_response(request)
  File "C:\Users\Евгения\Desktop\Projects_web\TeddysTale_with-BackEnd\venv\Lib\site-packages\django\utils\deprecation.py", line 120, in __call__
    response = response or self.get_response(request)
  File "C:\Users\Евгения\Desktop\Projects_web\TeddysTale_with-BackEnd\venv\Lib\site-packages\django\core\handlers\exception.py", line 55, in inner
    response = get_response(request)
  File "C:\Users\Евгения\Desktop\Projects_web\TeddysTale_with-BackEnd\venv\Lib\site-packages\django\utils\deprecation.py", line 120, in __call__
    response = response or self.get_response(request)
  File "C:\Users\Евгения\Desktop\Projects_web\TeddysTale_with-BackEnd\venv\Lib\site-packages\django\core\handlers\exception.py", line 55, in inner
    response = get_response(request)
  File "C:\Users\Евгения\Desktop\Projects_web\TeddysTale_with-BackEnd\venv\Lib\site-packages\django\utils\deprecation.py", line 120, in __call__
    response = response or self.get_response(request)
  File "C:\Users\Евгения\Desktop\Projects_web\TeddysTale_with-BackEnd\venv\Lib\site-packages\django\core\handlers\exception.py", line 55, in inner
    response = get_response(request)
  File "C:\Users\Евгения\Desktop\Projects_web\TeddysTale_with-BackEnd\venv\Lib\site-packages\django\utils\deprecation.py", line 120, in __call__
    response = response or self.get_response(request)
  File "C:\Users\Евгения\Desktop\Projects_web\TeddysTale_with-BackEnd\venv\Lib\site-packages\django\core\handlers\exception.py", line 55, in inner
    response = get_response(request)
  File "C:\Users\Евгения\Desktop\Projects_web\TeddysTale_with-BackEnd\venv\Lib\site-packages\django\utils\deprecation.py", line 120, in __call__
    response = response or self.get_response(request)
  File "C:\Users\Евгения\Desktop\Projects_web\TeddysTale_with-BackEnd\venv\Lib\site-packages\django\core\handlers\exception.py", line 55, in inner
    response = get_response(request)
  File "C:\Users\Евгения\Desktop\Projects_web\TeddysTale_with-BackEnd\venv\Lib\site-packages\django\core\handlers\base.py", line 197, in _get_response
    response = wrapped_callback(request, *callback_args, **callback_kwargs)
  File "C:\Users\Евгения\Desktop\Projects_web\TeddysTale_with-BackEnd\TeddyTale\landing\views.py", line 146, in index
    logger.error(f"КРИТИЧЕСКАЯ ОШИБКА при загрузке данных главной страницы: {str(e)}",
[2026-01-02 11:51:22] WARNING landing.views - Используется резервный режим с безопасными значениями
[2026-01-02 11:51:53] DEBUG landing.views - Загружено товаров из базы: 9
[2026-01-02 11:51:53] DEBUG landing.views - Показывать статические карточки: False
[2026-01-02 11:52:12] ERROR landing.views - КРИТИЧЕСКАЯ ОШИБКА при загрузке данных главной страницы: server closed the connection unexpectedly
	This probably means the server terminated abnormally
	before or while processing the request.
server closed the connection unexpectedly
	This probably means the server terminated abnormally
	before or while processing the request.
Traceback (most recent call last):
  File "C:\Users\Евгения\Desktop\Projects_web\TeddysTale_with-BackEnd\venv\Lib\site-packages\django\db\backends\utils.py", line 105, in _execute
    return self.cursor.execute(sql, params)
           ~~~~~~~~~~~~~~~~~~~^^^^^^^^^^^^^
psycopg2.OperationalError: server closed the connection unexpectedly
	This probably means the server terminated abnormally
	before or while processing the request.
server closed the connection unexpectedly
	This probably means the server terminated abnormally
	before or while processing the request.


The above exception was the direct cause of the following exception:

Traceback (most recent call last):
  File "C:\Users\Евгения\Desktop\Projects_web\TeddysTale_with-BackEnd\TeddyTale\landing\views.py", line 65, in index
    about_section = PageSection.objects.filter(section_key='about').first()
  File "C:\Users\Евгения\Desktop\Projects_web\TeddysTale_with-BackEnd\venv\Lib\site-packages\django\db\models\query.py", line 1106, in first
    for obj in queryset[:1]:
               ~~~~~~~~^^^^
  File "C:\Users\Евгения\Desktop\Projects_web\TeddysTale_with-BackEnd\venv\Lib\site-packages\django\db\models\query.py", line 386, in __iter__
    self._fetch_all()
    ~~~~~~~~~~~~~~~^^
  File "C:\Users\Евгения\Desktop\Projects_web\TeddysTale_with-BackEnd\venv\Lib\site-packages\django\db\models\query.py", line 1954, in _fetch_all
    self._result_cache = list(self._iterable_class(self))
                         ~~~~^^^^^^^^^^^^^^^^^^^^^^^^^^^^
  File "C:\Users\Евгения\Desktop\Projects_web\TeddysTale_with-BackEnd\venv\Lib\site-packages\django\db\models\query.py", line 93, in __iter__
    results = compiler.execute_sql(
        chunked_fetch=self.chunked_fetch, chunk_size=self.chunk_size
    )
  File "C:\Users\Евгения\Desktop\Projects_web\TeddysTale_with-BackEnd\venv\Lib\site-packages\django\db\models\sql\compiler.py", line 1623, in execute_sql
    cursor.execute(sql, params)
    ~~~~~~~~~~~~~~^^^^^^^^^^^^^
  File "C:\Users\Евгения\Desktop\Projects_web\TeddysTale_with-BackEnd\venv\Lib\site-packages\django\db\backends\utils.py", line 122, in execute
    return super().execute(sql, params)
           ~~~~~~~~~~~~~~~^^^^^^^^^^^^^
  File "C:\Users\Евгения\Desktop\Projects_web\TeddysTale_with-BackEnd\venv\Lib\site-packages\django\db\backends\utils.py", line 79, in execute
    return self._execute_with_wrappers(
           ~~~~~~~~~~~~~~~~~~~~~~~~~~~^
        sql, params, many=False, executor=self._execute
        ^^^^^^^^^^^^^^^^^^^^^^^^^^^^^^^^^^^^^^^^^^^^^^^
    )
    ^
  File "C:\Users\Евгения\Desktop\Projects_web\TeddysTale_with-BackEnd\venv\Lib\site-packages\django\db\backends\utils.py", line 92, in _execute_with_wrappers
    return executor(sql, params, many, context)
  File "C:\Users\Евгения\Desktop\Projects_web\TeddysTale_with-BackEnd\venv\Lib\site-packages\django\db\backends\utils.py", line 100, in _execute
    with self.db.wrap_database_errors:
         ^^^^^^^^^^^^^^^^^^^^^^^^^^^^
  File "C:\Users\Евгения\Desktop\Projects_web\TeddysTale_with-BackEnd\venv\Lib\site-packages\django\db\utils.py", line 91, in __exit__
    raise dj_exc_value.with_traceback(traceback) from exc_value
  File "C:\Users\Евгения\Desktop\Projects_web\TeddysTale_with-BackEnd\venv\Lib\site-packages\django\db\backends\utils.py", line 105, in _execute
    return self.cursor.execute(sql, params)
           ~~~~~~~~~~~~~~~~~~~^^^^^^^^^^^^^
django.db.utils.OperationalError: server closed the connection unexpectedly
	This probably means the server terminated abnormally
	before or while processing the request.
server closed the connection unexpectedly
	This probably means the server terminated abnormally
	before or while processing the request.
Stack (most recent call last):
  File "C:\Users\Евгения\AppData\Local\Programs\Python\Python313\Lib\threading.py", line 1014, in _bootstrap
    self._bootstrap_inner()
  File "C:\Users\Евгения\AppData\Local\Programs\Python\Python313\Lib\threading.py", line 1043, in _bootstrap_inner
    self.run()
  File "C:\Users\Евгения\AppData\Local\Programs\Python\Python313\Lib\threading.py", line 994, in run
    self._target(*self._args, **self._kwargs)
  File "C:\Users\Евгения\AppData\Local\Programs\Python\Python313\Lib\socketserver.py", line 697, in process_request_thread
    self.finish_request(request, client_address)
  File "C:\Users\Евгения\AppData\Local\Programs\Python\Python313\Lib\socketserver.py", line 362, in finish_request
    self.RequestHandlerClass(request, client_address, self)
  File "C:\Users\Евгения\AppData\Local\Programs\Python\Python313\Lib\socketserver.py", line 766, in __init__
    self.handle()
  File "C:\Users\Евгения\Desktop\Projects_web\TeddysTale_with-BackEnd\venv\Lib\site-packages\django\core\servers\basehttp.py", line 230, in handle
    self.handle_one_request()
  File "C:\Users\Евгения\Desktop\Projects_web\TeddysTale_with-BackEnd\venv\Lib\site-packages\django\core\servers\basehttp.py", line 253, in handle_one_request
    handler.run(self.server.get_app())
  File "C:\Users\Евгения\AppData\Local\Programs\Python\Python313\Lib\wsgiref\handlers.py", line 137, in run
    self.result = application(self.environ, self.start_response)
  File "C:\Users\Евгения\Desktop\Projects_web\TeddysTale_with-BackEnd\venv\Lib\site-packages\django\contrib\staticfiles\handlers.py", line 80, in __call__
    return self.application(environ, start_response)
  File "C:\Users\Евгения\Desktop\Projects_web\TeddysTale_with-BackEnd\venv\Lib\site-packages\django\core\handlers\wsgi.py", line 124, in __call__
    response = self.get_response(request)
  File "C:\Users\Евгения\Desktop\Projects_web\TeddysTale_with-BackEnd\venv\Lib\site-packages\django\core\handlers\base.py", line 140, in get_response
    response = self._middleware_chain(request)
  File "C:\Users\Евгения\Desktop\Projects_web\TeddysTale_with-BackEnd\venv\Lib\site-packages\django\core\handlers\exception.py", line 55, in inner
    response = get_response(request)
  File "C:\Users\Евгения\Desktop\Projects_web\TeddysTale_with-BackEnd\venv\Lib\site-packages\django\utils\deprecation.py", line 120, in __call__
    response = response or self.get_response(request)
  File "C:\Users\Евгения\Desktop\Projects_web\TeddysTale_with-BackEnd\venv\Lib\site-packages\django\core\handlers\exception.py", line 55, in inner
    response = get_response(request)
  File "C:\Users\Евгения\Desktop\Projects_web\TeddysTale_with-BackEnd\venv\Lib\site-packages\whitenoise\middleware.py", line 123, in __call__
    return self.get_response(request)
  File "C:\Users\Евгения\Desktop\Projects_web\TeddysTale_with-BackEnd\venv\Lib\site-packages\django\core\handlers\exception.py", line 55, in inner
    response = get_response(request)
  File "C:\Users\Евгения\Desktop\Projects_web\TeddysTale_with-BackEnd\venv\Lib\site-packages\django\utils\deprecation.py", line 120, in __call__
    response = response or self.get_response(request)
  File "C:\Users\Евгения\Desktop\Projects_web\TeddysTale_with-BackEnd\venv\Lib\site-packages\django\core\handlers\exception.py", line 55, in inner
    response = get_response(request)
  File "C:\Users\Евгения\Desktop\Projects_web\TeddysTale_with-BackEnd\venv\Lib\site-packages\django\utils\deprecation.py", line 120, in __call__
    response = response or self.get_response(request)
  File "C:\Users\Евгения\Desktop\Projects_web\TeddysTale_with-BackEnd\venv\Lib\site-packages\django\core\handlers\exception.py", line 55, in inner
    response = get_response(request)
  File "C:\Users\Евгения\Desktop\Projects_web\TeddysTale_with-BackEnd\venv\Lib\site-packages\django\utils\deprecation.py", line 120, in __call__
    response = response or self.get_response(request)
  File "C:\Users\Евгения\Desktop\Projects_web\TeddysTale_with-BackEnd\venv\Lib\site-packages\django\core\handlers\exception.py", line 55, in inner
    response = get_response(request)
  File "C:\Users\Евгения\Desktop\Projects_web\TeddysTale_with-BackEnd\venv\Lib\site-packages\django\utils\deprecation.py", line 120, in __call__
    response = response or self.get_response(request)
  File "C:\Users\Евгения\Desktop\Projects_web\TeddysTale_with-BackEnd\venv\Lib\site-packages\django\core\handlers\exception.py", line 55, in inner
    response = get_response(request)
  File "C:\Users\Евгения\Desktop\Projects_web\TeddysTale_with-BackEnd\venv\Lib\site-packages\django\utils\deprecation.py", line 120, in __call__
    response = response or self.get_response(request)
  File "C:\Users\Евгения\Desktop\Projects_web\TeddysTale_with-BackEnd\venv\Lib\site-packages\django\core\handlers\exception.py", line 55, in inner
    response = get_response(request)
  File "C:\Users\Евгения\Desktop\Projects_web\TeddysTale_with-BackEnd\venv\Lib\site-packages\django\utils\deprecation.py", line 120, in __call__
    response = response or self.get_response(request)
  File "C:\Users\Евгения\Desktop\Projects_web\TeddysTale_with-BackEnd\venv\Lib\site-packages\django\core\handlers\exception.py", line 55, in inner
    response = get_response(request)
  File "C:\Users\Евгения\Desktop\Projects_web\TeddysTale_with-BackEnd\venv\Lib\site-packages\django\utils\deprecation.py", line 120, in __call__
    response = response or self.get_response(request)
  File "C:\Users\Евгения\Desktop\Projects_web\TeddysTale_with-BackEnd\venv\Lib\site-packages\django\core\handlers\exception.py", line 55, in inner
    response = get_response(request)
  File "C:\Users\Евгения\Desktop\Projects_web\TeddysTale_with-BackEnd\venv\Lib\site-packages\django\core\handlers\base.py", line 197, in _get_response
    response = wrapped_callback(request, *callback_args, **callback_kwargs)
  File "C:\Users\Евгения\Desktop\Projects_web\TeddysTale_with-BackEnd\TeddyTale\landing\views.py", line 146, in index
    logger.error(f"КРИТИЧЕСКАЯ ОШИБКА при загрузке данных главной страницы: {str(e)}",
[2026-01-02 11:52:12] WARNING landing.views - Используется резервный режим с безопасными значениями
[2026-01-02 11:52:33] DEBUG landing.views - Загружено товаров из базы: 9
[2026-01-02 11:52:33] DEBUG landing.views - Показывать статические карточки: False
[2026-01-02 11:52:53] ERROR landing.views - КРИТИЧЕСКАЯ ОШИБКА при загрузке данных главной страницы: server closed the connection unexpectedly
	This probably means the server terminated abnormally
	before or while processing the request.
server closed the connection unexpectedly
	This probably means the server terminated abnormally
	before or while processing the request.
Traceback (most recent call last):
  File "C:\Users\Евгения\Desktop\Projects_web\TeddysTale_with-BackEnd\venv\Lib\site-packages\django\db\backends\utils.py", line 105, in _execute
    return self.cursor.execute(sql, params)
           ~~~~~~~~~~~~~~~~~~~^^^^^^^^^^^^^
psycopg2.OperationalError: server closed the connection unexpectedly
	This probably means the server terminated abnormally
	before or while processing the request.
server closed the connection unexpectedly
	This probably means the server terminated abnormally
	before or while processing the request.


The above exception was the direct cause of the following exception:

Traceback (most recent call last):
  File "C:\Users\Евгения\Desktop\Projects_web\TeddysTale_with-BackEnd\TeddyTale\landing\views.py", line 65, in index
    about_section = PageSection.objects.filter(section_key='about').first()
  File "C:\Users\Евгения\Desktop\Projects_web\TeddysTale_with-BackEnd\venv\Lib\site-packages\django\db\models\query.py", line 1106, in first
    for obj in queryset[:1]:
               ~~~~~~~~^^^^
  File "C:\Users\Евгения\Desktop\Projects_web\TeddysTale_with-BackEnd\venv\Lib\site-packages\django\db\models\query.py", line 386, in __iter__
    self._fetch_all()
    ~~~~~~~~~~~~~~~^^
  File "C:\Users\Евгения\Desktop\Projects_web\TeddysTale_with-BackEnd\venv\Lib\site-packages\django\db\models\query.py", line 1954, in _fetch_all
    self._result_cache = list(self._iterable_class(self))
                         ~~~~^^^^^^^^^^^^^^^^^^^^^^^^^^^^
  File "C:\Users\Евгения\Desktop\Projects_web\TeddysTale_with-BackEnd\venv\Lib\site-packages\django\db\models\query.py", line 93, in __iter__
    results = compiler.execute_sql(
        chunked_fetch=self.chunked_fetch, chunk_size=self.chunk_size
    )
  File "C:\Users\Евгения\Desktop\Projects_web\TeddysTale_with-BackEnd\venv\Lib\site-packages\django\db\models\sql\compiler.py", line 1623, in execute_sql
    cursor.execute(sql, params)
    ~~~~~~~~~~~~~~^^^^^^^^^^^^^
  File "C:\Users\Евгения\Desktop\Projects_web\TeddysTale_with-BackEnd\venv\Lib\site-packages\django\db\backends\utils.py", line 122, in execute
    return super().execute(sql, params)
           ~~~~~~~~~~~~~~~^^^^^^^^^^^^^
  File "C:\Users\Евгения\Desktop\Projects_web\TeddysTale_with-BackEnd\venv\Lib\site-packages\django\db\backends\utils.py", line 79, in execute
    return self._execute_with_wrappers(
           ~~~~~~~~~~~~~~~~~~~~~~~~~~~^
        sql, params, many=False, executor=self._execute
        ^^^^^^^^^^^^^^^^^^^^^^^^^^^^^^^^^^^^^^^^^^^^^^^
    )
    ^
  File "C:\Users\Евгения\Desktop\Projects_web\TeddysTale_with-BackEnd\venv\Lib\site-packages\django\db\backends\utils.py", line 92, in _execute_with_wrappers
    return executor(sql, params, many, context)
  File "C:\Users\Евгения\Desktop\Projects_web\TeddysTale_with-BackEnd\venv\Lib\site-packages\django\db\backends\utils.py", line 100, in _execute
    with self.db.wrap_database_errors:
         ^^^^^^^^^^^^^^^^^^^^^^^^^^^^
  File "C:\Users\Евгения\Desktop\Projects_web\TeddysTale_with-BackEnd\venv\Lib\site-packages\django\db\utils.py", line 91, in __exit__
    raise dj_exc_value.with_traceback(traceback) from exc_value
  File "C:\Users\Евгения\Desktop\Projects_web\TeddysTale_with-BackEnd\venv\Lib\site-packages\django\db\backends\utils.py", line 105, in _execute
    return self.cursor.execute(sql, params)
           ~~~~~~~~~~~~~~~~~~~^^^^^^^^^^^^^
django.db.utils.OperationalError: server closed the connection unexpectedly
	This probably means the server terminated abnormally
	before or while processing the request.
server closed the connection unexpectedly
	This probably means the server terminated abnormally
	before or while processing the request.
Stack (most recent call last):
  File "C:\Users\Евгения\AppData\Local\Programs\Python\Python313\Lib\threading.py", line 1014, in _bootstrap
    self._bootstrap_inner()
  File "C:\Users\Евгения\AppData\Local\Programs\Python\Python313\Lib\threading.py", line 1043, in _bootstrap_inner
    self.run()
  File "C:\Users\Евгения\AppData\Local\Programs\Python\Python313\Lib\threading.py", line 994, in run
    self._target(*self._args, **self._kwargs)
  File "C:\Users\Евгения\AppData\Local\Programs\Python\Python313\Lib\socketserver.py", line 697, in process_request_thread
    self.finish_request(request, client_address)
  File "C:\Users\Евгения\AppData\Local\Programs\Python\Python313\Lib\socketserver.py", line 362, in finish_request
    self.RequestHandlerClass(request, client_address, self)
  File "C:\Users\Евгения\AppData\Local\Programs\Python\Python313\Lib\socketserver.py", line 766, in __init__
    self.handle()
  File "C:\Users\Евгения\Desktop\Projects_web\TeddysTale_with-BackEnd\venv\Lib\site-packages\django\core\servers\basehttp.py", line 230, in handle
    self.handle_one_request()
  File "C:\Users\Евгения\Desktop\Projects_web\TeddysTale_with-BackEnd\venv\Lib\site-packages\django\core\servers\basehttp.py", line 253, in handle_one_request
    handler.run(self.server.get_app())
  File "C:\Users\Евгения\AppData\Local\Programs\Python\Python313\Lib\wsgiref\handlers.py", line 137, in run
    self.result = application(self.environ, self.start_response)
  File "C:\Users\Евгения\Desktop\Projects_web\TeddysTale_with-BackEnd\venv\Lib\site-packages\django\contrib\staticfiles\handlers.py", line 80, in __call__
    return self.application(environ, start_response)
  File "C:\Users\Евгения\Desktop\Projects_web\TeddysTale_with-BackEnd\venv\Lib\site-packages\django\core\handlers\wsgi.py", line 124, in __call__
    response = self.get_response(request)
  File "C:\Users\Евгения\Desktop\Projects_web\TeddysTale_with-BackEnd\venv\Lib\site-packages\django\core\handlers\base.py", line 140, in get_response
    response = self._middleware_chain(request)
  File "C:\Users\Евгения\Desktop\Projects_web\TeddysTale_with-BackEnd\venv\Lib\site-packages\django\core\handlers\exception.py", line 55, in inner
    response = get_response(request)
  File "C:\Users\Евгения\Desktop\Projects_web\TeddysTale_with-BackEnd\venv\Lib\site-packages\django\utils\deprecation.py", line 120, in __call__
    response = response or self.get_response(request)
  File "C:\Users\Евгения\Desktop\Projects_web\TeddysTale_with-BackEnd\venv\Lib\site-packages\django\core\handlers\exception.py", line 55, in inner
    response = get_response(request)
  File "C:\Users\Евгения\Desktop\Projects_web\TeddysTale_with-BackEnd\venv\Lib\site-packages\whitenoise\middleware.py", line 123, in __call__
    return self.get_response(request)
  File "C:\Users\Евгения\Desktop\Projects_web\TeddysTale_with-BackEnd\venv\Lib\site-packages\django\core\handlers\exception.py", line 55, in inner
    response = get_response(request)
  File "C:\Users\Евгения\Desktop\Projects_web\TeddysTale_with-BackEnd\venv\Lib\site-packages\django\utils\deprecation.py", line 120, in __call__
    response = response or self.get_response(request)
  File "C:\Users\Евгения\Desktop\Projects_web\TeddysTale_with-BackEnd\venv\Lib\site-packages\django\core\handlers\exception.py", line 55, in inner
    response = get_response(request)
  File "C:\Users\Евгения\Desktop\Projects_web\TeddysTale_with-BackEnd\venv\Lib\site-packages\django\utils\deprecation.py", line 120, in __call__
    response = response or self.get_response(request)
  File "C:\Users\Евгения\Desktop\Projects_web\TeddysTale_with-BackEnd\venv\Lib\site-packages\django\core\handlers\exception.py", line 55, in inner
    response = get_response(request)
  File "C:\Users\Евгения\Desktop\Projects_web\TeddysTale_with-BackEnd\venv\Lib\site-packages\django\utils\deprecation.py", line 120, in __call__
    response = response or self.get_response(request)
  File "C:\Users\Евгения\Desktop\Projects_web\TeddysTale_with-BackEnd\venv\Lib\site-packages\django\core\handlers\exception.py", line 55, in inner
    response = get_response(request)
  File "C:\Users\Евгения\Desktop\Projects_web\TeddysTale_with-BackEnd\venv\Lib\site-packages\django\utils\deprecation.py", line 120, in __call__
    response = response or self.get_response(request)
  File "C:\Users\Евгения\Desktop\Projects_web\TeddysTale_with-BackEnd\venv\Lib\site-packages\django\core\handlers\exception.py", line 55, in inner
    response = get_response(request)
  File "C:\Users\Евгения\Desktop\Projects_web\TeddysTale_with-BackEnd\venv\Lib\site-packages\django\utils\deprecation.py", line 120, in __call__
    response = response or self.get_response(request)
  File "C:\Users\Евгения\Desktop\Projects_web\TeddysTale_with-BackEnd\venv\Lib\site-packages\django\core\handlers\exception.py", line 55, in inner
    response = get_response(request)
  File "C:\Users\Евгения\Desktop\Projects_web\TeddysTale_with-BackEnd\venv\Lib\site-packages\django\utils\deprecation.py", line 120, in __call__
    response = response or self.get_response(request)
  File "C:\Users\Евгения\Desktop\Projects_web\TeddysTale_with-BackEnd\venv\Lib\site-packages\django\core\handlers\exception.py", line 55, in inner
    response = get_response(request)
  File "C:\Users\Евгения\Desktop\Projects_web\TeddysTale_with-BackEnd\venv\Lib\site-packages\django\utils\deprecation.py", line 120, in __call__
    response = response or self.get_response(request)
  File "C:\Users\Евгения\Desktop\Projects_web\TeddysTale_with-BackEnd\venv\Lib\site-packages\django\core\handlers\exception.py", line 55, in inner
    response = get_response(request)
  File "C:\Users\Евгения\Desktop\Projects_web\TeddysTale_with-BackEnd\venv\Lib\site-packages\django\core\handlers\base.py", line 197, in _get_response
    response = wrapped_callback(request, *callback_args, **callback_kwargs)
  File "C:\Users\Евгения\Desktop\Projects_web\TeddysTale_with-BackEnd\TeddyTale\landing\views.py", line 146, in index
    logger.error(f"КРИТИЧЕСКАЯ ОШИБКА при загрузке данных главной страницы: {str(e)}",
[2026-01-02 11:52:53] WARNING landing.views - Используется резервный режим с безопасными значениями
[2026-01-02 12:14:45] DEBUG landing.views - Загружено товаров из базы: 9
[2026-01-02 12:14:45] DEBUG landing.views - Показывать статические карточки: False
[2026-01-02 12:14:45] WARNING landing.views - Секция 'contacts' не найдена в базе данных, используются значения по умолчанию
[2026-01-02 12:14:45] INFO landing.views - Главная страница успешно загружена. Товаров: 9, Координаты: 59.819987, 30.337649
[2026-01-02 12:15:01] DEBUG landing.views - Загружено товаров из базы: 9
[2026-01-02 12:15:01] DEBUG landing.views - Показывать статические карточки: False
[2026-01-02 12:15:01] WARNING landing.views - Секция 'contacts' не найдена в базе данных, используются значения по умолчанию
[2026-01-02 12:15:01] INFO landing.views - Главная страница успешно загружена. Товаров: 9, Координаты: 59.819987, 30.337649
[2026-01-02 12:15:07] DEBUG landing.views - Загружено товаров из базы: 9
[2026-01-02 12:15:07] DEBUG landing.views - Показывать статические карточки: False
[2026-01-02 12:15:07] WARNING landing.views - Секция 'contacts' не найдена в базе данных, используются значения по умолчанию
[2026-01-02 12:15:08] INFO landing.views - Главная страница успешно загружена. Товаров: 9, Координаты: 59.819987, 30.337649
[2026-01-02 12:15:27] DEBUG landing.views - Загружено товаров из базы: 9
[2026-01-02 12:15:27] DEBUG landing.views - Показывать статические карточки: False
[2026-01-02 12:15:27] WARNING landing.views - Секция 'contacts' не найдена в базе данных, используются значения по умолчанию
[2026-01-02 12:15:27] INFO landing.views - Главная страница успешно загружена. Товаров: 9, Координаты: 59.819987, 30.337649
[2026-01-02 12:15:34] DEBUG landing.views - Загружено товаров из базы: 9
[2026-01-02 12:15:34] DEBUG landing.views - Показывать статические карточки: False
[2026-01-02 12:15:34] WARNING landing.views - Секция 'contacts' не найдена в базе данных, используются значения по умолчанию
[2026-01-02 12:15:34] INFO landing.views - Главная страница успешно загружена. Товаров: 9, Координаты: 59.819987, 30.337649
[2026-01-02 12:15:54] DEBUG landing.views - Загружено товаров из базы: 9
[2026-01-02 12:15:54] DEBUG landing.views - Показывать статические карточки: False
[2026-01-02 12:16:13] ERROR landing.views - КРИТИЧЕСКАЯ ОШИБКА при загрузке данных главной страницы: server closed the connection unexpectedly
	This probably means the server terminated abnormally
	before or while processing the request.
server closed the connection unexpectedly
	This probably means the server terminated abnormally
	before or while processing the request.
Traceback (most recent call last):
  File "C:\Users\Евгения\Desktop\Projects_web\TeddysTale_with-BackEnd\venv\Lib\site-packages\django\db\backends\utils.py", line 105, in _execute
    return self.cursor.execute(sql, params)
           ~~~~~~~~~~~~~~~~~~~^^^^^^^^^^^^^
psycopg2.OperationalError: server closed the connection unexpectedly
	This probably means the server terminated abnormally
	before or while processing the request.
server closed the connection unexpectedly
	This probably means the server terminated abnormally
	before or while processing the request.


The above exception was the direct cause of the following exception:

Traceback (most recent call last):
  File "C:\Users\Евгения\Desktop\Projects_web\TeddysTale_with-BackEnd\TeddyTale\landing\views.py", line 65, in index
    about_section = PageSection.objects.filter(section_key='about').first()
  File "C:\Users\Евгения\Desktop\Projects_web\TeddysTale_with-BackEnd\venv\Lib\site-packages\django\db\models\query.py", line 1106, in first
    for obj in queryset[:1]:
               ~~~~~~~~^^^^
  File "C:\Users\Евгения\Desktop\Projects_web\TeddysTale_with-BackEnd\venv\Lib\site-packages\django\db\models\query.py", line 386, in __iter__
    self._fetch_all()
    ~~~~~~~~~~~~~~~^^
  File "C:\Users\Евгения\Desktop\Projects_web\TeddysTale_with-BackEnd\venv\Lib\site-packages\django\db\models\query.py", line 1954, in _fetch_all
    self._result_cache = list(self._iterable_class(self))
                         ~~~~^^^^^^^^^^^^^^^^^^^^^^^^^^^^
  File "C:\Users\Евгения\Desktop\Projects_web\TeddysTale_with-BackEnd\venv\Lib\site-packages\django\db\models\query.py", line 93, in __iter__
    results = compiler.execute_sql(
        chunked_fetch=self.chunked_fetch, chunk_size=self.chunk_size
    )
  File "C:\Users\Евгения\Desktop\Projects_web\TeddysTale_with-BackEnd\venv\Lib\site-packages\django\db\models\sql\compiler.py", line 1623, in execute_sql
    cursor.execute(sql, params)
    ~~~~~~~~~~~~~~^^^^^^^^^^^^^
  File "C:\Users\Евгения\Desktop\Projects_web\TeddysTale_with-BackEnd\venv\Lib\site-packages\django\db\backends\utils.py", line 122, in execute
    return super().execute(sql, params)
           ~~~~~~~~~~~~~~~^^^^^^^^^^^^^
  File "C:\Users\Евгения\Desktop\Projects_web\TeddysTale_with-BackEnd\venv\Lib\site-packages\django\db\backends\utils.py", line 79, in execute
    return self._execute_with_wrappers(
           ~~~~~~~~~~~~~~~~~~~~~~~~~~~^
        sql, params, many=False, executor=self._execute
        ^^^^^^^^^^^^^^^^^^^^^^^^^^^^^^^^^^^^^^^^^^^^^^^
    )
    ^
  File "C:\Users\Евгения\Desktop\Projects_web\TeddysTale_with-BackEnd\venv\Lib\site-packages\django\db\backends\utils.py", line 92, in _execute_with_wrappers
    return executor(sql, params, many, context)
  File "C:\Users\Евгения\Desktop\Projects_web\TeddysTale_with-BackEnd\venv\Lib\site-packages\django\db\backends\utils.py", line 100, in _execute
    with self.db.wrap_database_errors:
         ^^^^^^^^^^^^^^^^^^^^^^^^^^^^
  File "C:\Users\Евгения\Desktop\Projects_web\TeddysTale_with-BackEnd\venv\Lib\site-packages\django\db\utils.py", line 91, in __exit__
    raise dj_exc_value.with_traceback(traceback) from exc_value
  File "C:\Users\Евгения\Desktop\Projects_web\TeddysTale_with-BackEnd\venv\Lib\site-packages\django\db\backends\utils.py", line 105, in _execute
    return self.cursor.execute(sql, params)
           ~~~~~~~~~~~~~~~~~~~^^^^^^^^^^^^^
django.db.utils.OperationalError: server closed the connection unexpectedly
	This probably means the server terminated abnormally
	before or while processing the request.
server closed the connection unexpectedly
	This probably means the server terminated abnormally
	before or while processing the request.
Stack (most recent call last):
  File "C:\Users\Евгения\AppData\Local\Programs\Python\Python313\Lib\threading.py", line 1014, in _bootstrap
    self._bootstrap_inner()
  File "C:\Users\Евгения\AppData\Local\Programs\Python\Python313\Lib\threading.py", line 1043, in _bootstrap_inner
    self.run()
  File "C:\Users\Евгения\AppData\Local\Programs\Python\Python313\Lib\threading.py", line 994, in run
    self._target(*self._args, **self._kwargs)
  File "C:\Users\Евгения\AppData\Local\Programs\Python\Python313\Lib\socketserver.py", line 697, in process_request_thread
    self.finish_request(request, client_address)
  File "C:\Users\Евгения\AppData\Local\Programs\Python\Python313\Lib\socketserver.py", line 362, in finish_request
    self.RequestHandlerClass(request, client_address, self)
  File "C:\Users\Евгения\AppData\Local\Programs\Python\Python313\Lib\socketserver.py", line 766, in __init__
    self.handle()
  File "C:\Users\Евгения\Desktop\Projects_web\TeddysTale_with-BackEnd\venv\Lib\site-packages\django\core\servers\basehttp.py", line 230, in handle
    self.handle_one_request()
  File "C:\Users\Евгения\Desktop\Projects_web\TeddysTale_with-BackEnd\venv\Lib\site-packages\django\core\servers\basehttp.py", line 253, in handle_one_request
    handler.run(self.server.get_app())
  File "C:\Users\Евгения\AppData\Local\Programs\Python\Python313\Lib\wsgiref\handlers.py", line 137, in run
    self.result = application(self.environ, self.start_response)
  File "C:\Users\Евгения\Desktop\Projects_web\TeddysTale_with-BackEnd\venv\Lib\site-packages\django\contrib\staticfiles\handlers.py", line 80, in __call__
    return self.application(environ, start_response)
  File "C:\Users\Евгения\Desktop\Projects_web\TeddysTale_with-BackEnd\venv\Lib\site-packages\django\core\handlers\wsgi.py", line 124, in __call__
    response = self.get_response(request)
  File "C:\Users\Евгения\Desktop\Projects_web\TeddysTale_with-BackEnd\venv\Lib\site-packages\django\core\handlers\base.py", line 140, in get_response
    response = self._middleware_chain(request)
  File "C:\Users\Евгения\Desktop\Projects_web\TeddysTale_with-BackEnd\venv\Lib\site-packages\django\core\handlers\exception.py", line 55, in inner
    response = get_response(request)
  File "C:\Users\Евгения\Desktop\Projects_web\TeddysTale_with-BackEnd\venv\Lib\site-packages\django\utils\deprecation.py", line 120, in __call__
    response = response or self.get_response(request)
  File "C:\Users\Евгения\Desktop\Projects_web\TeddysTale_with-BackEnd\venv\Lib\site-packages\django\core\handlers\exception.py", line 55, in inner
    response = get_response(request)
  File "C:\Users\Евгения\Desktop\Projects_web\TeddysTale_with-BackEnd\venv\Lib\site-packages\whitenoise\middleware.py", line 123, in __call__
    return self.get_response(request)
  File "C:\Users\Евгения\Desktop\Projects_web\TeddysTale_with-BackEnd\venv\Lib\site-packages\django\core\handlers\exception.py", line 55, in inner
    response = get_response(request)
  File "C:\Users\Евгения\Desktop\Projects_web\TeddysTale_with-BackEnd\venv\Lib\site-packages\django\utils\deprecation.py", line 120, in __call__
    response = response or self.get_response(request)
  File "C:\Users\Евгения\Desktop\Projects_web\TeddysTale_with-BackEnd\venv\Lib\site-packages\django\core\handlers\exception.py", line 55, in inner
    response = get_response(request)
  File "C:\Users\Евгения\Desktop\Projects_web\TeddysTale_with-BackEnd\venv\Lib\site-packages\django\utils\deprecation.py", line 120, in __call__
    response = response or self.get_response(request)
  File "C:\Users\Евгения\Desktop\Projects_web\TeddysTale_with-BackEnd\venv\Lib\site-packages\django\core\handlers\exception.py", line 55, in inner
    response = get_response(request)
  File "C:\Users\Евгения\Desktop\Projects_web\TeddysTale_with-BackEnd\venv\Lib\site-packages\django\utils\deprecation.py", line 120, in __call__
    response = response or self.get_response(request)
  File "C:\Users\Евгения\Desktop\Projects_web\TeddysTale_with-BackEnd\venv\Lib\site-packages\django\core\handlers\exception.py", line 55, in inner
    response = get_response(request)
  File "C:\Users\Евгения\Desktop\Projects_web\TeddysTale_with-BackEnd\venv\Lib\site-packages\django\utils\deprecation.py", line 120, in __call__
    response = response or self.get_response(request)
  File "C:\Users\Евгения\Desktop\Projects_web\TeddysTale_with-BackEnd\venv\Lib\site-packages\django\core\handlers\exception.py", line 55, in inner
    response = get_response(request)
  File "C:\Users\Евгения\Desktop\Projects_web\TeddysTale_with-BackEnd\venv\Lib\site-packages\django\utils\deprecation.py", line 120, in __call__
    response = response or self.get_response(request)
  File "C:\Users\Евгения\Desktop\Projects_web\TeddysTale_with-BackEnd\venv\Lib\site-packages\django\core\handlers\exception.py", line 55, in inner
    response = get_response(request)
  File "C:\Users\Евгения\Desktop\Projects_web\TeddysTale_with-BackEnd\venv\Lib\site-packages\django\utils\deprecation.py", line 120, in __call__
    response = response or self.get_response(request)
  File "C:\Users\Евгения\Desktop\Projects_web\TeddysTale_with-BackEnd\venv\Lib\site-packages\django\core\handlers\exception.py", line 55, in inner
    response = get_response(request)
  File "C:\Users\Евгения\Desktop\Projects_web\TeddysTale_with-BackEnd\venv\Lib\site-packages\django\utils\deprecation.py", line 120, in __call__
    response = response or self.get_response(request)
  File "C:\Users\Евгения\Desktop\Projects_web\TeddysTale_with-BackEnd\venv\Lib\site-packages\django\core\handlers\exception.py", line 55, in inner
    response = get_response(request)
  File "C:\Users\Евгения\Desktop\Projects_web\TeddysTale_with-BackEnd\venv\Lib\site-packages\django\core\handlers\base.py", line 197, in _get_response
    response = wrapped_callback(request, *callback_args, **callback_kwargs)
  File "C:\Users\Евгения\Desktop\Projects_web\TeddysTale_with-BackEnd\TeddyTale\landing\views.py", line 146, in index
    logger.error(f"КРИТИЧЕСКАЯ ОШИБКА при загрузке данных главной страницы: {str(e)}",
[2026-01-02 12:16:13] WARNING landing.views - Используется резервный режим с безопасными значениями
[2026-01-02 12:17:41] DEBUG landing.views - Загружено товаров из базы: 9
[2026-01-02 12:17:41] DEBUG landing.views - Показывать статические карточки: False
[2026-01-02 12:17:41] WARNING landing.views - Секция 'contacts' не найдена в базе данных, используются значения по умолчанию
[2026-01-02 12:17:41] INFO landing.views - Главная страница успешно загружена. Товаров: 9, Координаты: 59.819987, 30.337649
[2026-01-02 12:18:23] DEBUG landing.views - Загружено товаров из базы: 9
[2026-01-02 12:18:23] DEBUG landing.views - Показывать статические карточки: False
[2026-01-02 12:18:23] WARNING landing.views - Секция 'contacts' не найдена в базе данных, используются значения по умолчанию
[2026-01-02 12:18:23] INFO landing.views - Главная страница успешно загружена. Товаров: 9, Координаты: 59.819987, 30.337649
[2026-01-02 12:29:21] ERROR landing.views - КРИТИЧЕСКАЯ ОШИБКА при загрузке данных главной страницы: server closed the connection unexpectedly
	This probably means the server terminated abnormally
	before or while processing the request.
server closed the connection unexpectedly
	This probably means the server terminated abnormally
	before or while processing the request.
Traceback (most recent call last):
  File "C:\Users\Евгения\Desktop\Projects_web\TeddysTale_with-BackEnd\venv\Lib\site-packages\django\db\backends\utils.py", line 105, in _execute
    return self.cursor.execute(sql, params)
           ~~~~~~~~~~~~~~~~~~~^^^^^^^^^^^^^
psycopg2.OperationalError: server closed the connection unexpectedly
	This probably means the server terminated abnormally
	before or while processing the request.
server closed the connection unexpectedly
	This probably means the server terminated abnormally
	before or while processing the request.


The above exception was the direct cause of the following exception:

Traceback (most recent call last):
  File "C:\Users\Евгения\Desktop\Projects_web\TeddysTale_with-BackEnd\TeddyTale\landing\views.py", line 61, in index
    logger.debug(f"Загружено товаров из базы: {shop_items.count()}")
                                               ~~~~~~~~~~~~~~~~^^
  File "C:\Users\Евгения\Desktop\Projects_web\TeddysTale_with-BackEnd\venv\Lib\site-packages\django\db\models\query.py", line 606, in count
    return self.query.get_count(using=self.db)
           ~~~~~~~~~~~~~~~~~~~~^^^^^^^^^^^^^^^
  File "C:\Users\Евгения\Desktop\Projects_web\TeddysTale_with-BackEnd\venv\Lib\site-packages\django\db\models\sql\query.py", line 644, in get_count
    return obj.get_aggregation(using, {"__count": Count("*")})["__count"]
           ~~~~~~~~~~~~~~~~~~~^^^^^^^^^^^^^^^^^^^^^^^^^^^^^^^^
  File "C:\Users\Евгения\Desktop\Projects_web\TeddysTale_with-BackEnd\venv\Lib\site-packages\django\db\models\sql\query.py", line 626, in get_aggregation
    result = compiler.execute_sql(SINGLE)
  File "C:\Users\Евгения\Desktop\Projects_web\TeddysTale_with-BackEnd\venv\Lib\site-packages\django\db\models\sql\compiler.py", line 1623, in execute_sql
    cursor.execute(sql, params)
    ~~~~~~~~~~~~~~^^^^^^^^^^^^^
  File "C:\Users\Евгения\Desktop\Projects_web\TeddysTale_with-BackEnd\venv\Lib\site-packages\django\db\backends\utils.py", line 122, in execute
    return super().execute(sql, params)
           ~~~~~~~~~~~~~~~^^^^^^^^^^^^^
  File "C:\Users\Евгения\Desktop\Projects_web\TeddysTale_with-BackEnd\venv\Lib\site-packages\django\db\backends\utils.py", line 79, in execute
    return self._execute_with_wrappers(
           ~~~~~~~~~~~~~~~~~~~~~~~~~~~^
        sql, params, many=False, executor=self._execute
        ^^^^^^^^^^^^^^^^^^^^^^^^^^^^^^^^^^^^^^^^^^^^^^^
    )
    ^
  File "C:\Users\Евгения\Desktop\Projects_web\TeddysTale_with-BackEnd\venv\Lib\site-packages\django\db\backends\utils.py", line 92, in _execute_with_wrappers
    return executor(sql, params, many, context)
  File "C:\Users\Евгения\Desktop\Projects_web\TeddysTale_with-BackEnd\venv\Lib\site-packages\django\db\backends\utils.py", line 100, in _execute
    with self.db.wrap_database_errors:
         ^^^^^^^^^^^^^^^^^^^^^^^^^^^^
  File "C:\Users\Евгения\Desktop\Projects_web\TeddysTale_with-BackEnd\venv\Lib\site-packages\django\db\utils.py", line 91, in __exit__
    raise dj_exc_value.with_traceback(traceback) from exc_value
  File "C:\Users\Евгения\Desktop\Projects_web\TeddysTale_with-BackEnd\venv\Lib\site-packages\django\db\backends\utils.py", line 105, in _execute
    return self.cursor.execute(sql, params)
           ~~~~~~~~~~~~~~~~~~~^^^^^^^^^^^^^
django.db.utils.OperationalError: server closed the connection unexpectedly
	This probably means the server terminated abnormally
	before or while processing the request.
server closed the connection unexpectedly
	This probably means the server terminated abnormally
	before or while processing the request.
Stack (most recent call last):
  File "C:\Users\Евгения\AppData\Local\Programs\Python\Python313\Lib\threading.py", line 1014, in _bootstrap
    self._bootstrap_inner()
  File "C:\Users\Евгения\AppData\Local\Programs\Python\Python313\Lib\threading.py", line 1043, in _bootstrap_inner
    self.run()
  File "C:\Users\Евгения\AppData\Local\Programs\Python\Python313\Lib\threading.py", line 994, in run
    self._target(*self._args, **self._kwargs)
  File "C:\Users\Евгения\AppData\Local\Programs\Python\Python313\Lib\socketserver.py", line 697, in process_request_thread
    self.finish_request(request, client_address)
  File "C:\Users\Евгения\AppData\Local\Programs\Python\Python313\Lib\socketserver.py", line 362, in finish_request
    self.RequestHandlerClass(request, client_address, self)
  File "C:\Users\Евгения\AppData\Local\Programs\Python\Python313\Lib\socketserver.py", line 766, in __init__
    self.handle()
  File "C:\Users\Евгения\Desktop\Projects_web\TeddysTale_with-BackEnd\venv\Lib\site-packages\django\core\servers\basehttp.py", line 228, in handle
    self.handle_one_request()
  File "C:\Users\Евгения\Desktop\Projects_web\TeddysTale_with-BackEnd\venv\Lib\site-packages\django\core\servers\basehttp.py", line 253, in handle_one_request
    handler.run(self.server.get_app())
  File "C:\Users\Евгения\AppData\Local\Programs\Python\Python313\Lib\wsgiref\handlers.py", line 137, in run
    self.result = application(self.environ, self.start_response)
  File "C:\Users\Евгения\Desktop\Projects_web\TeddysTale_with-BackEnd\venv\Lib\site-packages\django\contrib\staticfiles\handlers.py", line 80, in __call__
    return self.application(environ, start_response)
  File "C:\Users\Евгения\Desktop\Projects_web\TeddysTale_with-BackEnd\venv\Lib\site-packages\django\core\handlers\wsgi.py", line 124, in __call__
    response = self.get_response(request)
  File "C:\Users\Евгения\Desktop\Projects_web\TeddysTale_with-BackEnd\venv\Lib\site-packages\django\core\handlers\base.py", line 140, in get_response
    response = self._middleware_chain(request)
  File "C:\Users\Евгения\Desktop\Projects_web\TeddysTale_with-BackEnd\venv\Lib\site-packages\django\core\handlers\exception.py", line 55, in inner
    response = get_response(request)
  File "C:\Users\Евгения\Desktop\Projects_web\TeddysTale_with-BackEnd\venv\Lib\site-packages\django\utils\deprecation.py", line 120, in __call__
    response = response or self.get_response(request)
  File "C:\Users\Евгения\Desktop\Projects_web\TeddysTale_with-BackEnd\venv\Lib\site-packages\django\core\handlers\exception.py", line 55, in inner
    response = get_response(request)
  File "C:\Users\Евгения\Desktop\Projects_web\TeddysTale_with-BackEnd\venv\Lib\site-packages\whitenoise\middleware.py", line 123, in __call__
    return self.get_response(request)
  File "C:\Users\Евгения\Desktop\Projects_web\TeddysTale_with-BackEnd\venv\Lib\site-packages\django\core\handlers\exception.py", line 55, in inner
    response = get_response(request)
  File "C:\Users\Евгения\Desktop\Projects_web\TeddysTale_with-BackEnd\venv\Lib\site-packages\django\utils\deprecation.py", line 120, in __call__
    response = response or self.get_response(request)
  File "C:\Users\Евгения\Desktop\Projects_web\TeddysTale_with-BackEnd\venv\Lib\site-packages\django\core\handlers\exception.py", line 55, in inner
    response = get_response(request)
  File "C:\Users\Евгения\Desktop\Projects_web\TeddysTale_with-BackEnd\venv\Lib\site-packages\django\utils\deprecation.py", line 120, in __call__
    response = response or self.get_response(request)
  File "C:\Users\Евгения\Desktop\Projects_web\TeddysTale_with-BackEnd\venv\Lib\site-packages\django\core\handlers\exception.py", line 55, in inner
    response = get_response(request)
  File "C:\Users\Евгения\Desktop\Projects_web\TeddysTale_with-BackEnd\venv\Lib\site-packages\django\utils\deprecation.py", line 120, in __call__
    response = response or self.get_response(request)
  File "C:\Users\Евгения\Desktop\Projects_web\TeddysTale_with-BackEnd\venv\Lib\site-packages\django\core\handlers\exception.py", line 55, in inner
    response = get_response(request)
  File "C:\Users\Евгения\Desktop\Projects_web\TeddysTale_with-BackEnd\venv\Lib\site-packages\django\utils\deprecation.py", line 120, in __call__
    response = response or self.get_response(request)
  File "C:\Users\Евгения\Desktop\Projects_web\TeddysTale_with-BackEnd\venv\Lib\site-packages\django\core\handlers\exception.py", line 55, in inner
    response = get_response(request)
  File "C:\Users\Евгения\Desktop\Projects_web\TeddysTale_with-BackEnd\venv\Lib\site-packages\django\utils\deprecation.py", line 120, in __call__
    response = response or self.get_response(request)
  File "C:\Users\Евгения\Desktop\Projects_web\TeddysTale_with-BackEnd\venv\Lib\site-packages\django\core\handlers\exception.py", line 55, in inner
    response = get_response(request)
  File "C:\Users\Евгения\Desktop\Projects_web\TeddysTale_with-BackEnd\venv\Lib\site-packages\django\utils\deprecation.py", line 120, in __call__
    response = response or self.get_response(request)
  File "C:\Users\Евгения\Desktop\Projects_web\TeddysTale_with-BackEnd\venv\Lib\site-packages\django\core\handlers\exception.py", line 55, in inner
    response = get_response(request)
  File "C:\Users\Евгения\Desktop\Projects_web\TeddysTale_with-BackEnd\venv\Lib\site-packages\django\utils\deprecation.py", line 120, in __call__
    response = response or self.get_response(request)
  File "C:\Users\Евгения\Desktop\Projects_web\TeddysTale_with-BackEnd\venv\Lib\site-packages\django\core\handlers\exception.py", line 55, in inner
    response = get_response(request)
  File "C:\Users\Евгения\Desktop\Projects_web\TeddysTale_with-BackEnd\venv\Lib\site-packages\django\core\handlers\base.py", line 197, in _get_response
    response = wrapped_callback(request, *callback_args, **callback_kwargs)
  File "C:\Users\Евгения\Desktop\Projects_web\TeddysTale_with-BackEnd\TeddyTale\landing\views.py", line 146, in index
    logger.error(f"КРИТИЧЕСКАЯ ОШИБКА при загрузке данных главной страницы: {str(e)}",
[2026-01-02 12:29:22] WARNING landing.views - Используется резервный режим с безопасными значениями
[2026-01-02 12:29:35] DEBUG landing.views - Загружено товаров из базы: 9
[2026-01-02 12:29:35] DEBUG landing.views - Показывать статические карточки: False
[2026-01-02 12:29:35] WARNING landing.views - Секция 'contacts' не найдена в базе данных, используются значения по умолчанию
[2026-01-02 12:29:35] INFO landing.views - Главная страница успешно загружена. Товаров: 9, Координаты: 59.819987, 30.337649
[2026-01-02 12:35:04] DEBUG landing.views - Загружено товаров из базы: 9
[2026-01-02 12:35:04] DEBUG landing.views - Показывать статические карточки: False
[2026-01-02 12:35:04] WARNING landing.views - Секция 'contacts' не найдена в базе данных, используются значения по умолчанию
[2026-01-02 12:35:04] INFO landing.views - Главная страница успешно загружена. Товаров: 9, Координаты: 59.819987, 30.337649
[2026-01-02 12:39:47] ERROR landing.views - КРИТИЧЕСКАЯ ОШИБКА при загрузке данных главной страницы: server closed the connection unexpectedly
	This probably means the server terminated abnormally
	before or while processing the request.
server closed the connection unexpectedly
	This probably means the server terminated abnormally
	before or while processing the request.
Traceback (most recent call last):
  File "C:\Users\Евгения\Desktop\Projects_web\TeddysTale_with-BackEnd\venv\Lib\site-packages\django\db\backends\utils.py", line 105, in _execute
    return self.cursor.execute(sql, params)
           ~~~~~~~~~~~~~~~~~~~^^^^^^^^^^^^^
psycopg2.OperationalError: server closed the connection unexpectedly
	This probably means the server terminated abnormally
	before or while processing the request.
server closed the connection unexpectedly
	This probably means the server terminated abnormally
	before or while processing the request.


The above exception was the direct cause of the following exception:

Traceback (most recent call last):
  File "C:\Users\Евгения\Desktop\Projects_web\TeddysTale_with-BackEnd\TeddyTale\landing\views.py", line 61, in index
    logger.debug(f"Загружено товаров из базы: {shop_items.count()}")
                                               ~~~~~~~~~~~~~~~~^^
  File "C:\Users\Евгения\Desktop\Projects_web\TeddysTale_with-BackEnd\venv\Lib\site-packages\django\db\models\query.py", line 606, in count
    return self.query.get_count(using=self.db)
           ~~~~~~~~~~~~~~~~~~~~^^^^^^^^^^^^^^^
  File "C:\Users\Евгения\Desktop\Projects_web\TeddysTale_with-BackEnd\venv\Lib\site-packages\django\db\models\sql\query.py", line 644, in get_count
    return obj.get_aggregation(using, {"__count": Count("*")})["__count"]
           ~~~~~~~~~~~~~~~~~~~^^^^^^^^^^^^^^^^^^^^^^^^^^^^^^^^
  File "C:\Users\Евгения\Desktop\Projects_web\TeddysTale_with-BackEnd\venv\Lib\site-packages\django\db\models\sql\query.py", line 626, in get_aggregation
    result = compiler.execute_sql(SINGLE)
  File "C:\Users\Евгения\Desktop\Projects_web\TeddysTale_with-BackEnd\venv\Lib\site-packages\django\db\models\sql\compiler.py", line 1623, in execute_sql
    cursor.execute(sql, params)
    ~~~~~~~~~~~~~~^^^^^^^^^^^^^
  File "C:\Users\Евгения\Desktop\Projects_web\TeddysTale_with-BackEnd\venv\Lib\site-packages\django\db\backends\utils.py", line 122, in execute
    return super().execute(sql, params)
           ~~~~~~~~~~~~~~~^^^^^^^^^^^^^
  File "C:\Users\Евгения\Desktop\Projects_web\TeddysTale_with-BackEnd\venv\Lib\site-packages\django\db\backends\utils.py", line 79, in execute
    return self._execute_with_wrappers(
           ~~~~~~~~~~~~~~~~~~~~~~~~~~~^
        sql, params, many=False, executor=self._execute
        ^^^^^^^^^^^^^^^^^^^^^^^^^^^^^^^^^^^^^^^^^^^^^^^
    )
    ^
  File "C:\Users\Евгения\Desktop\Projects_web\TeddysTale_with-BackEnd\venv\Lib\site-packages\django\db\backends\utils.py", line 92, in _execute_with_wrappers
    return executor(sql, params, many, context)
  File "C:\Users\Евгения\Desktop\Projects_web\TeddysTale_with-BackEnd\venv\Lib\site-packages\django\db\backends\utils.py", line 100, in _execute
    with self.db.wrap_database_errors:
         ^^^^^^^^^^^^^^^^^^^^^^^^^^^^
  File "C:\Users\Евгения\Desktop\Projects_web\TeddysTale_with-BackEnd\venv\Lib\site-packages\django\db\utils.py", line 91, in __exit__
    raise dj_exc_value.with_traceback(traceback) from exc_value
  File "C:\Users\Евгения\Desktop\Projects_web\TeddysTale_with-BackEnd\venv\Lib\site-packages\django\db\backends\utils.py", line 105, in _execute
    return self.cursor.execute(sql, params)
           ~~~~~~~~~~~~~~~~~~~^^^^^^^^^^^^^
django.db.utils.OperationalError: server closed the connection unexpectedly
	This probably means the server terminated abnormally
	before or while processing the request.
server closed the connection unexpectedly
	This probably means the server terminated abnormally
	before or while processing the request.
Stack (most recent call last):
  File "C:\Users\Евгения\AppData\Local\Programs\Python\Python313\Lib\threading.py", line 1014, in _bootstrap
    self._bootstrap_inner()
  File "C:\Users\Евгения\AppData\Local\Programs\Python\Python313\Lib\threading.py", line 1043, in _bootstrap_inner
    self.run()
  File "C:\Users\Евгения\AppData\Local\Programs\Python\Python313\Lib\threading.py", line 994, in run
    self._target(*self._args, **self._kwargs)
  File "C:\Users\Евгения\AppData\Local\Programs\Python\Python313\Lib\socketserver.py", line 697, in process_request_thread
    self.finish_request(request, client_address)
  File "C:\Users\Евгения\AppData\Local\Programs\Python\Python313\Lib\socketserver.py", line 362, in finish_request
    self.RequestHandlerClass(request, client_address, self)
  File "C:\Users\Евгения\AppData\Local\Programs\Python\Python313\Lib\socketserver.py", line 766, in __init__
    self.handle()
  File "C:\Users\Евгения\Desktop\Projects_web\TeddysTale_with-BackEnd\venv\Lib\site-packages\django\core\servers\basehttp.py", line 228, in handle
    self.handle_one_request()
  File "C:\Users\Евгения\Desktop\Projects_web\TeddysTale_with-BackEnd\venv\Lib\site-packages\django\core\servers\basehttp.py", line 253, in handle_one_request
    handler.run(self.server.get_app())
  File "C:\Users\Евгения\AppData\Local\Programs\Python\Python313\Lib\wsgiref\handlers.py", line 137, in run
    self.result = application(self.environ, self.start_response)
  File "C:\Users\Евгения\Desktop\Projects_web\TeddysTale_with-BackEnd\venv\Lib\site-packages\django\contrib\staticfiles\handlers.py", line 80, in __call__
    return self.application(environ, start_response)
  File "C:\Users\Евгения\Desktop\Projects_web\TeddysTale_with-BackEnd\venv\Lib\site-packages\django\core\handlers\wsgi.py", line 124, in __call__
    response = self.get_response(request)
  File "C:\Users\Евгения\Desktop\Projects_web\TeddysTale_with-BackEnd\venv\Lib\site-packages\django\core\handlers\base.py", line 140, in get_response
    response = self._middleware_chain(request)
  File "C:\Users\Евгения\Desktop\Projects_web\TeddysTale_with-BackEnd\venv\Lib\site-packages\django\core\handlers\exception.py", line 55, in inner
    response = get_response(request)
  File "C:\Users\Евгения\Desktop\Projects_web\TeddysTale_with-BackEnd\venv\Lib\site-packages\django\utils\deprecation.py", line 120, in __call__
    response = response or self.get_response(request)
  File "C:\Users\Евгения\Desktop\Projects_web\TeddysTale_with-BackEnd\venv\Lib\site-packages\django\core\handlers\exception.py", line 55, in inner
    response = get_response(request)
  File "C:\Users\Евгения\Desktop\Projects_web\TeddysTale_with-BackEnd\venv\Lib\site-packages\whitenoise\middleware.py", line 123, in __call__
    return self.get_response(request)
  File "C:\Users\Евгения\Desktop\Projects_web\TeddysTale_with-BackEnd\venv\Lib\site-packages\django\core\handlers\exception.py", line 55, in inner
    response = get_response(request)
  File "C:\Users\Евгения\Desktop\Projects_web\TeddysTale_with-BackEnd\venv\Lib\site-packages\django\utils\deprecation.py", line 120, in __call__
    response = response or self.get_response(request)
  File "C:\Users\Евгения\Desktop\Projects_web\TeddysTale_with-BackEnd\venv\Lib\site-packages\django\core\handlers\exception.py", line 55, in inner
    response = get_response(request)
  File "C:\Users\Евгения\Desktop\Projects_web\TeddysTale_with-BackEnd\venv\Lib\site-packages\django\utils\deprecation.py", line 120, in __call__
    response = response or self.get_response(request)
  File "C:\Users\Евгения\Desktop\Projects_web\TeddysTale_with-BackEnd\venv\Lib\site-packages\django\core\handlers\exception.py", line 55, in inner
    response = get_response(request)
  File "C:\Users\Евгения\Desktop\Projects_web\TeddysTale_with-BackEnd\venv\Lib\site-packages\django\utils\deprecation.py", line 120, in __call__
    response = response or self.get_response(request)
  File "C:\Users\Евгения\Desktop\Projects_web\TeddysTale_with-BackEnd\venv\Lib\site-packages\django\core\handlers\exception.py", line 55, in inner
    response = get_response(request)
  File "C:\Users\Евгения\Desktop\Projects_web\TeddysTale_with-BackEnd\venv\Lib\site-packages\django\utils\deprecation.py", line 120, in __call__
    response = response or self.get_response(request)
  File "C:\Users\Евгения\Desktop\Projects_web\TeddysTale_with-BackEnd\venv\Lib\site-packages\django\core\handlers\exception.py", line 55, in inner
    response = get_response(request)
  File "C:\Users\Евгения\Desktop\Projects_web\TeddysTale_with-BackEnd\venv\Lib\site-packages\django\utils\deprecation.py", line 120, in __call__
    response = response or self.get_response(request)
  File "C:\Users\Евгения\Desktop\Projects_web\TeddysTale_with-BackEnd\venv\Lib\site-packages\django\core\handlers\exception.py", line 55, in inner
    response = get_response(request)
  File "C:\Users\Евгения\Desktop\Projects_web\TeddysTale_with-BackEnd\venv\Lib\site-packages\django\utils\deprecation.py", line 120, in __call__
    response = response or self.get_response(request)
  File "C:\Users\Евгения\Desktop\Projects_web\TeddysTale_with-BackEnd\venv\Lib\site-packages\django\core\handlers\exception.py", line 55, in inner
    response = get_response(request)
  File "C:\Users\Евгения\Desktop\Projects_web\TeddysTale_with-BackEnd\venv\Lib\site-packages\django\utils\deprecation.py", line 120, in __call__
    response = response or self.get_response(request)
  File "C:\Users\Евгения\Desktop\Projects_web\TeddysTale_with-BackEnd\venv\Lib\site-packages\django\core\handlers\exception.py", line 55, in inner
    response = get_response(request)
  File "C:\Users\Евгения\Desktop\Projects_web\TeddysTale_with-BackEnd\venv\Lib\site-packages\django\core\handlers\base.py", line 197, in _get_response
    response = wrapped_callback(request, *callback_args, **callback_kwargs)
  File "C:\Users\Евгения\Desktop\Projects_web\TeddysTale_with-BackEnd\TeddyTale\landing\views.py", line 146, in index
    logger.error(f"КРИТИЧЕСКАЯ ОШИБКА при загрузке данных главной страницы: {str(e)}",
[2026-01-02 12:39:48] WARNING landing.views - Используется резервный режим с безопасными значениями
[2026-01-02 12:39:52] ERROR landing.views - КРИТИЧЕСКАЯ ОШИБКА при загрузке данных главной страницы: server closed the connection unexpectedly
	This probably means the server terminated abnormally
	before or while processing the request.
server closed the connection unexpectedly
	This probably means the server terminated abnormally
	before or while processing the request.
Traceback (most recent call last):
  File "C:\Users\Евгения\Desktop\Projects_web\TeddysTale_with-BackEnd\venv\Lib\site-packages\django\db\backends\utils.py", line 105, in _execute
    return self.cursor.execute(sql, params)
           ~~~~~~~~~~~~~~~~~~~^^^^^^^^^^^^^
psycopg2.OperationalError: server closed the connection unexpectedly
	This probably means the server terminated abnormally
	before or while processing the request.
server closed the connection unexpectedly
	This probably means the server terminated abnormally
	before or while processing the request.


The above exception was the direct cause of the following exception:

Traceback (most recent call last):
  File "C:\Users\Евгения\Desktop\Projects_web\TeddysTale_with-BackEnd\TeddyTale\landing\views.py", line 61, in index
    logger.debug(f"Загружено товаров из базы: {shop_items.count()}")
                                               ~~~~~~~~~~~~~~~~^^
  File "C:\Users\Евгения\Desktop\Projects_web\TeddysTale_with-BackEnd\venv\Lib\site-packages\django\db\models\query.py", line 606, in count
    return self.query.get_count(using=self.db)
           ~~~~~~~~~~~~~~~~~~~~^^^^^^^^^^^^^^^
  File "C:\Users\Евгения\Desktop\Projects_web\TeddysTale_with-BackEnd\venv\Lib\site-packages\django\db\models\sql\query.py", line 644, in get_count
    return obj.get_aggregation(using, {"__count": Count("*")})["__count"]
           ~~~~~~~~~~~~~~~~~~~^^^^^^^^^^^^^^^^^^^^^^^^^^^^^^^^
  File "C:\Users\Евгения\Desktop\Projects_web\TeddysTale_with-BackEnd\venv\Lib\site-packages\django\db\models\sql\query.py", line 626, in get_aggregation
    result = compiler.execute_sql(SINGLE)
  File "C:\Users\Евгения\Desktop\Projects_web\TeddysTale_with-BackEnd\venv\Lib\site-packages\django\db\models\sql\compiler.py", line 1623, in execute_sql
    cursor.execute(sql, params)
    ~~~~~~~~~~~~~~^^^^^^^^^^^^^
  File "C:\Users\Евгения\Desktop\Projects_web\TeddysTale_with-BackEnd\venv\Lib\site-packages\django\db\backends\utils.py", line 122, in execute
    return super().execute(sql, params)
           ~~~~~~~~~~~~~~~^^^^^^^^^^^^^
  File "C:\Users\Евгения\Desktop\Projects_web\TeddysTale_with-BackEnd\venv\Lib\site-packages\django\db\backends\utils.py", line 79, in execute
    return self._execute_with_wrappers(
           ~~~~~~~~~~~~~~~~~~~~~~~~~~~^
        sql, params, many=False, executor=self._execute
        ^^^^^^^^^^^^^^^^^^^^^^^^^^^^^^^^^^^^^^^^^^^^^^^
    )
    ^
  File "C:\Users\Евгения\Desktop\Projects_web\TeddysTale_with-BackEnd\venv\Lib\site-packages\django\db\backends\utils.py", line 92, in _execute_with_wrappers
    return executor(sql, params, many, context)
  File "C:\Users\Евгения\Desktop\Projects_web\TeddysTale_with-BackEnd\venv\Lib\site-packages\django\db\backends\utils.py", line 100, in _execute
    with self.db.wrap_database_errors:
         ^^^^^^^^^^^^^^^^^^^^^^^^^^^^
  File "C:\Users\Евгения\Desktop\Projects_web\TeddysTale_with-BackEnd\venv\Lib\site-packages\django\db\utils.py", line 91, in __exit__
    raise dj_exc_value.with_traceback(traceback) from exc_value
  File "C:\Users\Евгения\Desktop\Projects_web\TeddysTale_with-BackEnd\venv\Lib\site-packages\django\db\backends\utils.py", line 105, in _execute
    return self.cursor.execute(sql, params)
           ~~~~~~~~~~~~~~~~~~~^^^^^^^^^^^^^
django.db.utils.OperationalError: server closed the connection unexpectedly
	This probably means the server terminated abnormally
	before or while processing the request.
server closed the connection unexpectedly
	This probably means the server terminated abnormally
	before or while processing the request.
Stack (most recent call last):
  File "C:\Users\Евгения\AppData\Local\Programs\Python\Python313\Lib\threading.py", line 1014, in _bootstrap
    self._bootstrap_inner()
  File "C:\Users\Евгения\AppData\Local\Programs\Python\Python313\Lib\threading.py", line 1043, in _bootstrap_inner
    self.run()
  File "C:\Users\Евгения\AppData\Local\Programs\Python\Python313\Lib\threading.py", line 994, in run
    self._target(*self._args, **self._kwargs)
  File "C:\Users\Евгения\AppData\Local\Programs\Python\Python313\Lib\socketserver.py", line 697, in process_request_thread
    self.finish_request(request, client_address)
  File "C:\Users\Евгения\AppData\Local\Programs\Python\Python313\Lib\socketserver.py", line 362, in finish_request
    self.RequestHandlerClass(request, client_address, self)
  File "C:\Users\Евгения\AppData\Local\Programs\Python\Python313\Lib\socketserver.py", line 766, in __init__
    self.handle()
  File "C:\Users\Евгения\Desktop\Projects_web\TeddysTale_with-BackEnd\venv\Lib\site-packages\django\core\servers\basehttp.py", line 228, in handle
    self.handle_one_request()
  File "C:\Users\Евгения\Desktop\Projects_web\TeddysTale_with-BackEnd\venv\Lib\site-packages\django\core\servers\basehttp.py", line 253, in handle_one_request
    handler.run(self.server.get_app())
  File "C:\Users\Евгения\AppData\Local\Programs\Python\Python313\Lib\wsgiref\handlers.py", line 137, in run
    self.result = application(self.environ, self.start_response)
  File "C:\Users\Евгения\Desktop\Projects_web\TeddysTale_with-BackEnd\venv\Lib\site-packages\django\contrib\staticfiles\handlers.py", line 80, in __call__
    return self.application(environ, start_response)
  File "C:\Users\Евгения\Desktop\Projects_web\TeddysTale_with-BackEnd\venv\Lib\site-packages\django\core\handlers\wsgi.py", line 124, in __call__
    response = self.get_response(request)
  File "C:\Users\Евгения\Desktop\Projects_web\TeddysTale_with-BackEnd\venv\Lib\site-packages\django\core\handlers\base.py", line 140, in get_response
    response = self._middleware_chain(request)
  File "C:\Users\Евгения\Desktop\Projects_web\TeddysTale_with-BackEnd\venv\Lib\site-packages\django\core\handlers\exception.py", line 55, in inner
    response = get_response(request)
  File "C:\Users\Евгения\Desktop\Projects_web\TeddysTale_with-BackEnd\venv\Lib\site-packages\django\utils\deprecation.py", line 120, in __call__
    response = response or self.get_response(request)
  File "C:\Users\Евгения\Desktop\Projects_web\TeddysTale_with-BackEnd\venv\Lib\site-packages\django\core\handlers\exception.py", line 55, in inner
    response = get_response(request)
  File "C:\Users\Евгения\Desktop\Projects_web\TeddysTale_with-BackEnd\venv\Lib\site-packages\whitenoise\middleware.py", line 123, in __call__
    return self.get_response(request)
  File "C:\Users\Евгения\Desktop\Projects_web\TeddysTale_with-BackEnd\venv\Lib\site-packages\django\core\handlers\exception.py", line 55, in inner
    response = get_response(request)
  File "C:\Users\Евгения\Desktop\Projects_web\TeddysTale_with-BackEnd\venv\Lib\site-packages\django\utils\deprecation.py", line 120, in __call__
    response = response or self.get_response(request)
  File "C:\Users\Евгения\Desktop\Projects_web\TeddysTale_with-BackEnd\venv\Lib\site-packages\django\core\handlers\exception.py", line 55, in inner
    response = get_response(request)
  File "C:\Users\Евгения\Desktop\Projects_web\TeddysTale_with-BackEnd\venv\Lib\site-packages\django\utils\deprecation.py", line 120, in __call__
    response = response or self.get_response(request)
  File "C:\Users\Евгения\Desktop\Projects_web\TeddysTale_with-BackEnd\venv\Lib\site-packages\django\core\handlers\exception.py", line 55, in inner
    response = get_response(request)
  File "C:\Users\Евгения\Desktop\Projects_web\TeddysTale_with-BackEnd\venv\Lib\site-packages\django\utils\deprecation.py", line 120, in __call__
    response = response or self.get_response(request)
  File "C:\Users\Евгения\Desktop\Projects_web\TeddysTale_with-BackEnd\venv\Lib\site-packages\django\core\handlers\exception.py", line 55, in inner
    response = get_response(request)
  File "C:\Users\Евгения\Desktop\Projects_web\TeddysTale_with-BackEnd\venv\Lib\site-packages\django\utils\deprecation.py", line 120, in __call__
    response = response or self.get_response(request)
  File "C:\Users\Евгения\Desktop\Projects_web\TeddysTale_with-BackEnd\venv\Lib\site-packages\django\core\handlers\exception.py", line 55, in inner
    response = get_response(request)
  File "C:\Users\Евгения\Desktop\Projects_web\TeddysTale_with-BackEnd\venv\Lib\site-packages\django\utils\deprecation.py", line 120, in __call__
    response = response or self.get_response(request)
  File "C:\Users\Евгения\Desktop\Projects_web\TeddysTale_with-BackEnd\venv\Lib\site-packages\django\core\handlers\exception.py", line 55, in inner
    response = get_response(request)
  File "C:\Users\Евгения\Desktop\Projects_web\TeddysTale_with-BackEnd\venv\Lib\site-packages\django\utils\deprecation.py", line 120, in __call__
    response = response or self.get_response(request)
  File "C:\Users\Евгения\Desktop\Projects_web\TeddysTale_with-BackEnd\venv\Lib\site-packages\django\core\handlers\exception.py", line 55, in inner
    response = get_response(request)
  File "C:\Users\Евгения\Desktop\Projects_web\TeddysTale_with-BackEnd\venv\Lib\site-packages\django\utils\deprecation.py", line 120, in __call__
    response = response or self.get_response(request)
  File "C:\Users\Евгения\Desktop\Projects_web\TeddysTale_with-BackEnd\venv\Lib\site-packages\django\core\handlers\exception.py", line 55, in inner
    response = get_response(request)
  File "C:\Users\Евгения\Desktop\Projects_web\TeddysTale_with-BackEnd\venv\Lib\site-packages\django\core\handlers\base.py", line 197, in _get_response
    response = wrapped_callback(request, *callback_args, **callback_kwargs)
  File "C:\Users\Евгения\Desktop\Projects_web\TeddysTale_with-BackEnd\TeddyTale\landing\views.py", line 146, in index
    logger.error(f"КРИТИЧЕСКАЯ ОШИБКА при загрузке данных главной страницы: {str(e)}",
[2026-01-02 12:39:52] WARNING landing.views - Используется резервный режим с безопасными значениями
[2026-01-02 12:45:00] DEBUG landing.views - Загружено товаров из базы: 9
[2026-01-02 12:45:00] DEBUG landing.views - Показывать статические карточки: False
[2026-01-02 12:45:01] WARNING landing.views - Секция 'contacts' не найдена в базе данных, используются значения по умолчанию
[2026-01-02 12:45:01] INFO landing.views - Главная страница успешно загружена. Товаров: 9, Координаты: 59.819987, 30.337649
[2026-01-02 12:49:07] ERROR landing.views - КРИТИЧЕСКАЯ ОШИБКА при загрузке данных главной страницы: server closed the connection unexpectedly
	This probably means the server terminated abnormally
	before or while processing the request.
server closed the connection unexpectedly
	This probably means the server terminated abnormally
	before or while processing the request.
Traceback (most recent call last):
  File "C:\Users\Евгения\Desktop\Projects_web\TeddysTale_with-BackEnd\venv\Lib\site-packages\django\db\backends\utils.py", line 105, in _execute
    return self.cursor.execute(sql, params)
           ~~~~~~~~~~~~~~~~~~~^^^^^^^^^^^^^
psycopg2.OperationalError: server closed the connection unexpectedly
	This probably means the server terminated abnormally
	before or while processing the request.
server closed the connection unexpectedly
	This probably means the server terminated abnormally
	before or while processing the request.


The above exception was the direct cause of the following exception:

Traceback (most recent call last):
  File "C:\Users\Евгения\Desktop\Projects_web\TeddysTale_with-BackEnd\TeddyTale\landing\views.py", line 61, in index
    logger.debug(f"Загружено товаров из базы: {shop_items.count()}")
                                               ~~~~~~~~~~~~~~~~^^
  File "C:\Users\Евгения\Desktop\Projects_web\TeddysTale_with-BackEnd\venv\Lib\site-packages\django\db\models\query.py", line 606, in count
    return self.query.get_count(using=self.db)
           ~~~~~~~~~~~~~~~~~~~~^^^^^^^^^^^^^^^
  File "C:\Users\Евгения\Desktop\Projects_web\TeddysTale_with-BackEnd\venv\Lib\site-packages\django\db\models\sql\query.py", line 644, in get_count
    return obj.get_aggregation(using, {"__count": Count("*")})["__count"]
           ~~~~~~~~~~~~~~~~~~~^^^^^^^^^^^^^^^^^^^^^^^^^^^^^^^^
  File "C:\Users\Евгения\Desktop\Projects_web\TeddysTale_with-BackEnd\venv\Lib\site-packages\django\db\models\sql\query.py", line 626, in get_aggregation
    result = compiler.execute_sql(SINGLE)
  File "C:\Users\Евгения\Desktop\Projects_web\TeddysTale_with-BackEnd\venv\Lib\site-packages\django\db\models\sql\compiler.py", line 1623, in execute_sql
    cursor.execute(sql, params)
    ~~~~~~~~~~~~~~^^^^^^^^^^^^^
  File "C:\Users\Евгения\Desktop\Projects_web\TeddysTale_with-BackEnd\venv\Lib\site-packages\django\db\backends\utils.py", line 122, in execute
    return super().execute(sql, params)
           ~~~~~~~~~~~~~~~^^^^^^^^^^^^^
  File "C:\Users\Евгения\Desktop\Projects_web\TeddysTale_with-BackEnd\venv\Lib\site-packages\django\db\backends\utils.py", line 79, in execute
    return self._execute_with_wrappers(
           ~~~~~~~~~~~~~~~~~~~~~~~~~~~^
        sql, params, many=False, executor=self._execute
        ^^^^^^^^^^^^^^^^^^^^^^^^^^^^^^^^^^^^^^^^^^^^^^^
    )
    ^
  File "C:\Users\Евгения\Desktop\Projects_web\TeddysTale_with-BackEnd\venv\Lib\site-packages\django\db\backends\utils.py", line 92, in _execute_with_wrappers
    return executor(sql, params, many, context)
  File "C:\Users\Евгения\Desktop\Projects_web\TeddysTale_with-BackEnd\venv\Lib\site-packages\django\db\backends\utils.py", line 100, in _execute
    with self.db.wrap_database_errors:
         ^^^^^^^^^^^^^^^^^^^^^^^^^^^^
  File "C:\Users\Евгения\Desktop\Projects_web\TeddysTale_with-BackEnd\venv\Lib\site-packages\django\db\utils.py", line 91, in __exit__
    raise dj_exc_value.with_traceback(traceback) from exc_value
  File "C:\Users\Евгения\Desktop\Projects_web\TeddysTale_with-BackEnd\venv\Lib\site-packages\django\db\backends\utils.py", line 105, in _execute
    return self.cursor.execute(sql, params)
           ~~~~~~~~~~~~~~~~~~~^^^^^^^^^^^^^
django.db.utils.OperationalError: server closed the connection unexpectedly
	This probably means the server terminated abnormally
	before or while processing the request.
server closed the connection unexpectedly
	This probably means the server terminated abnormally
	before or while processing the request.
Stack (most recent call last):
  File "C:\Users\Евгения\AppData\Local\Programs\Python\Python313\Lib\threading.py", line 1014, in _bootstrap
    self._bootstrap_inner()
  File "C:\Users\Евгения\AppData\Local\Programs\Python\Python313\Lib\threading.py", line 1043, in _bootstrap_inner
    self.run()
  File "C:\Users\Евгения\AppData\Local\Programs\Python\Python313\Lib\threading.py", line 994, in run
    self._target(*self._args, **self._kwargs)
  File "C:\Users\Евгения\AppData\Local\Programs\Python\Python313\Lib\socketserver.py", line 697, in process_request_thread
    self.finish_request(request, client_address)
  File "C:\Users\Евгения\AppData\Local\Programs\Python\Python313\Lib\socketserver.py", line 362, in finish_request
    self.RequestHandlerClass(request, client_address, self)
  File "C:\Users\Евгения\AppData\Local\Programs\Python\Python313\Lib\socketserver.py", line 766, in __init__
    self.handle()
  File "C:\Users\Евгения\Desktop\Projects_web\TeddysTale_with-BackEnd\venv\Lib\site-packages\django\core\servers\basehttp.py", line 228, in handle
    self.handle_one_request()
  File "C:\Users\Евгения\Desktop\Projects_web\TeddysTale_with-BackEnd\venv\Lib\site-packages\django\core\servers\basehttp.py", line 253, in handle_one_request
    handler.run(self.server.get_app())
  File "C:\Users\Евгения\AppData\Local\Programs\Python\Python313\Lib\wsgiref\handlers.py", line 137, in run
    self.result = application(self.environ, self.start_response)
  File "C:\Users\Евгения\Desktop\Projects_web\TeddysTale_with-BackEnd\venv\Lib\site-packages\django\contrib\staticfiles\handlers.py", line 80, in __call__
    return self.application(environ, start_response)
  File "C:\Users\Евгения\Desktop\Projects_web\TeddysTale_with-BackEnd\venv\Lib\site-packages\django\core\handlers\wsgi.py", line 124, in __call__
    response = self.get_response(request)
  File "C:\Users\Евгения\Desktop\Projects_web\TeddysTale_with-BackEnd\venv\Lib\site-packages\django\core\handlers\base.py", line 140, in get_response
    response = self._middleware_chain(request)
  File "C:\Users\Евгения\Desktop\Projects_web\TeddysTale_with-BackEnd\venv\Lib\site-packages\django\core\handlers\exception.py", line 55, in inner
    response = get_response(request)
  File "C:\Users\Евгения\Desktop\Projects_web\TeddysTale_with-BackEnd\venv\Lib\site-packages\django\utils\deprecation.py", line 120, in __call__
    response = response or self.get_response(request)
  File "C:\Users\Евгения\Desktop\Projects_web\TeddysTale_with-BackEnd\venv\Lib\site-packages\django\core\handlers\exception.py", line 55, in inner
    response = get_response(request)
  File "C:\Users\Евгения\Desktop\Projects_web\TeddysTale_with-BackEnd\venv\Lib\site-packages\whitenoise\middleware.py", line 123, in __call__
    return self.get_response(request)
  File "C:\Users\Евгения\Desktop\Projects_web\TeddysTale_with-BackEnd\venv\Lib\site-packages\django\core\handlers\exception.py", line 55, in inner
    response = get_response(request)
  File "C:\Users\Евгения\Desktop\Projects_web\TeddysTale_with-BackEnd\venv\Lib\site-packages\django\utils\deprecation.py", line 120, in __call__
    response = response or self.get_response(request)
  File "C:\Users\Евгения\Desktop\Projects_web\TeddysTale_with-BackEnd\venv\Lib\site-packages\django\core\handlers\exception.py", line 55, in inner
    response = get_response(request)
  File "C:\Users\Евгения\Desktop\Projects_web\TeddysTale_with-BackEnd\venv\Lib\site-packages\django\utils\deprecation.py", line 120, in __call__
    response = response or self.get_response(request)
  File "C:\Users\Евгения\Desktop\Projects_web\TeddysTale_with-BackEnd\venv\Lib\site-packages\django\core\handlers\exception.py", line 55, in inner
    response = get_response(request)
  File "C:\Users\Евгения\Desktop\Projects_web\TeddysTale_with-BackEnd\venv\Lib\site-packages\django\utils\deprecation.py", line 120, in __call__
    response = response or self.get_response(request)
  File "C:\Users\Евгения\Desktop\Projects_web\TeddysTale_with-BackEnd\venv\Lib\site-packages\django\core\handlers\exception.py", line 55, in inner
    response = get_response(request)
  File "C:\Users\Евгения\Desktop\Projects_web\TeddysTale_with-BackEnd\venv\Lib\site-packages\django\utils\deprecation.py", line 120, in __call__
    response = response or self.get_response(request)
  File "C:\Users\Евгения\Desktop\Projects_web\TeddysTale_with-BackEnd\venv\Lib\site-packages\django\core\handlers\exception.py", line 55, in inner
    response = get_response(request)
  File "C:\Users\Евгения\Desktop\Projects_web\TeddysTale_with-BackEnd\venv\Lib\site-packages\django\utils\deprecation.py", line 120, in __call__
    response = response or self.get_response(request)
  File "C:\Users\Евгения\Desktop\Projects_web\TeddysTale_with-BackEnd\venv\Lib\site-packages\django\core\handlers\exception.py", line 55, in inner
    response = get_response(request)
  File "C:\Users\Евгения\Desktop\Projects_web\TeddysTale_with-BackEnd\venv\Lib\site-packages\django\utils\deprecation.py", line 120, in __call__
    response = response or self.get_response(request)
  File "C:\Users\Евгения\Desktop\Projects_web\TeddysTale_with-BackEnd\venv\Lib\site-packages\django\core\handlers\exception.py", line 55, in inner
    response = get_response(request)
  File "C:\Users\Евгения\Desktop\Projects_web\TeddysTale_with-BackEnd\venv\Lib\site-packages\django\utils\deprecation.py", line 120, in __call__
    response = response or self.get_response(request)
  File "C:\Users\Евгения\Desktop\Projects_web\TeddysTale_with-BackEnd\venv\Lib\site-packages\django\core\handlers\exception.py", line 55, in inner
    response = get_response(request)
  File "C:\Users\Евгения\Desktop\Projects_web\TeddysTale_with-BackEnd\venv\Lib\site-packages\django\core\handlers\base.py", line 197, in _get_response
    response = wrapped_callback(request, *callback_args, **callback_kwargs)
  File "C:\Users\Евгения\Desktop\Projects_web\TeddysTale_with-BackEnd\TeddyTale\landing\views.py", line 146, in index
    logger.error(f"КРИТИЧЕСКАЯ ОШИБКА при загрузке данных главной страницы: {str(e)}",
[2026-01-02 12:49:07] WARNING landing.views - Используется резервный режим с безопасными значениями
[2026-01-02 12:49:32] ERROR landing.views - КРИТИЧЕСКАЯ ОШИБКА при загрузке данных главной страницы: server closed the connection unexpectedly
	This probably means the server terminated abnormally
	before or while processing the request.
server closed the connection unexpectedly
	This probably means the server terminated abnormally
	before or while processing the request.
Traceback (most recent call last):
  File "C:\Users\Евгения\Desktop\Projects_web\TeddysTale_with-BackEnd\venv\Lib\site-packages\django\db\backends\utils.py", line 105, in _execute
    return self.cursor.execute(sql, params)
           ~~~~~~~~~~~~~~~~~~~^^^^^^^^^^^^^
psycopg2.OperationalError: server closed the connection unexpectedly
	This probably means the server terminated abnormally
	before or while processing the request.
server closed the connection unexpectedly
	This probably means the server terminated abnormally
	before or while processing the request.


The above exception was the direct cause of the following exception:

Traceback (most recent call last):
  File "C:\Users\Евгения\Desktop\Projects_web\TeddysTale_with-BackEnd\TeddyTale\landing\views.py", line 61, in index
    logger.debug(f"Загружено товаров из базы: {shop_items.count()}")
                                               ~~~~~~~~~~~~~~~~^^
  File "C:\Users\Евгения\Desktop\Projects_web\TeddysTale_with-BackEnd\venv\Lib\site-packages\django\db\models\query.py", line 606, in count
    return self.query.get_count(using=self.db)
           ~~~~~~~~~~~~~~~~~~~~^^^^^^^^^^^^^^^
  File "C:\Users\Евгения\Desktop\Projects_web\TeddysTale_with-BackEnd\venv\Lib\site-packages\django\db\models\sql\query.py", line 644, in get_count
    return obj.get_aggregation(using, {"__count": Count("*")})["__count"]
           ~~~~~~~~~~~~~~~~~~~^^^^^^^^^^^^^^^^^^^^^^^^^^^^^^^^
  File "C:\Users\Евгения\Desktop\Projects_web\TeddysTale_with-BackEnd\venv\Lib\site-packages\django\db\models\sql\query.py", line 626, in get_aggregation
    result = compiler.execute_sql(SINGLE)
  File "C:\Users\Евгения\Desktop\Projects_web\TeddysTale_with-BackEnd\venv\Lib\site-packages\django\db\models\sql\compiler.py", line 1623, in execute_sql
    cursor.execute(sql, params)
    ~~~~~~~~~~~~~~^^^^^^^^^^^^^
  File "C:\Users\Евгения\Desktop\Projects_web\TeddysTale_with-BackEnd\venv\Lib\site-packages\django\db\backends\utils.py", line 122, in execute
    return super().execute(sql, params)
           ~~~~~~~~~~~~~~~^^^^^^^^^^^^^
  File "C:\Users\Евгения\Desktop\Projects_web\TeddysTale_with-BackEnd\venv\Lib\site-packages\django\db\backends\utils.py", line 79, in execute
    return self._execute_with_wrappers(
           ~~~~~~~~~~~~~~~~~~~~~~~~~~~^
        sql, params, many=False, executor=self._execute
        ^^^^^^^^^^^^^^^^^^^^^^^^^^^^^^^^^^^^^^^^^^^^^^^
    )
    ^
  File "C:\Users\Евгения\Desktop\Projects_web\TeddysTale_with-BackEnd\venv\Lib\site-packages\django\db\backends\utils.py", line 92, in _execute_with_wrappers
    return executor(sql, params, many, context)
  File "C:\Users\Евгения\Desktop\Projects_web\TeddysTale_with-BackEnd\venv\Lib\site-packages\django\db\backends\utils.py", line 100, in _execute
    with self.db.wrap_database_errors:
         ^^^^^^^^^^^^^^^^^^^^^^^^^^^^
  File "C:\Users\Евгения\Desktop\Projects_web\TeddysTale_with-BackEnd\venv\Lib\site-packages\django\db\utils.py", line 91, in __exit__
    raise dj_exc_value.with_traceback(traceback) from exc_value
  File "C:\Users\Евгения\Desktop\Projects_web\TeddysTale_with-BackEnd\venv\Lib\site-packages\django\db\backends\utils.py", line 105, in _execute
    return self.cursor.execute(sql, params)
           ~~~~~~~~~~~~~~~~~~~^^^^^^^^^^^^^
django.db.utils.OperationalError: server closed the connection unexpectedly
	This probably means the server terminated abnormally
	before or while processing the request.
server closed the connection unexpectedly
	This probably means the server terminated abnormally
	before or while processing the request.
Stack (most recent call last):
  File "C:\Users\Евгения\AppData\Local\Programs\Python\Python313\Lib\threading.py", line 1014, in _bootstrap
    self._bootstrap_inner()
  File "C:\Users\Евгения\AppData\Local\Programs\Python\Python313\Lib\threading.py", line 1043, in _bootstrap_inner
    self.run()
  File "C:\Users\Евгения\AppData\Local\Programs\Python\Python313\Lib\threading.py", line 994, in run
    self._target(*self._args, **self._kwargs)
  File "C:\Users\Евгения\AppData\Local\Programs\Python\Python313\Lib\socketserver.py", line 697, in process_request_thread
    self.finish_request(request, client_address)
  File "C:\Users\Евгения\AppData\Local\Programs\Python\Python313\Lib\socketserver.py", line 362, in finish_request
    self.RequestHandlerClass(request, client_address, self)
  File "C:\Users\Евгения\AppData\Local\Programs\Python\Python313\Lib\socketserver.py", line 766, in __init__
    self.handle()
  File "C:\Users\Евгения\Desktop\Projects_web\TeddysTale_with-BackEnd\venv\Lib\site-packages\django\core\servers\basehttp.py", line 228, in handle
    self.handle_one_request()
  File "C:\Users\Евгения\Desktop\Projects_web\TeddysTale_with-BackEnd\venv\Lib\site-packages\django\core\servers\basehttp.py", line 253, in handle_one_request
    handler.run(self.server.get_app())
  File "C:\Users\Евгения\AppData\Local\Programs\Python\Python313\Lib\wsgiref\handlers.py", line 137, in run
    self.result = application(self.environ, self.start_response)
  File "C:\Users\Евгения\Desktop\Projects_web\TeddysTale_with-BackEnd\venv\Lib\site-packages\django\contrib\staticfiles\handlers.py", line 80, in __call__
    return self.application(environ, start_response)
  File "C:\Users\Евгения\Desktop\Projects_web\TeddysTale_with-BackEnd\venv\Lib\site-packages\django\core\handlers\wsgi.py", line 124, in __call__
    response = self.get_response(request)
  File "C:\Users\Евгения\Desktop\Projects_web\TeddysTale_with-BackEnd\venv\Lib\site-packages\django\core\handlers\base.py", line 140, in get_response
    response = self._middleware_chain(request)
  File "C:\Users\Евгения\Desktop\Projects_web\TeddysTale_with-BackEnd\venv\Lib\site-packages\django\core\handlers\exception.py", line 55, in inner
    response = get_response(request)
  File "C:\Users\Евгения\Desktop\Projects_web\TeddysTale_with-BackEnd\venv\Lib\site-packages\django\utils\deprecation.py", line 120, in __call__
    response = response or self.get_response(request)
  File "C:\Users\Евгения\Desktop\Projects_web\TeddysTale_with-BackEnd\venv\Lib\site-packages\django\core\handlers\exception.py", line 55, in inner
    response = get_response(request)
  File "C:\Users\Евгения\Desktop\Projects_web\TeddysTale_with-BackEnd\venv\Lib\site-packages\whitenoise\middleware.py", line 123, in __call__
    return self.get_response(request)
  File "C:\Users\Евгения\Desktop\Projects_web\TeddysTale_with-BackEnd\venv\Lib\site-packages\django\core\handlers\exception.py", line 55, in inner
    response = get_response(request)
  File "C:\Users\Евгения\Desktop\Projects_web\TeddysTale_with-BackEnd\venv\Lib\site-packages\django\utils\deprecation.py", line 120, in __call__
    response = response or self.get_response(request)
  File "C:\Users\Евгения\Desktop\Projects_web\TeddysTale_with-BackEnd\venv\Lib\site-packages\django\core\handlers\exception.py", line 55, in inner
    response = get_response(request)
  File "C:\Users\Евгения\Desktop\Projects_web\TeddysTale_with-BackEnd\venv\Lib\site-packages\django\utils\deprecation.py", line 120, in __call__
    response = response or self.get_response(request)
  File "C:\Users\Евгения\Desktop\Projects_web\TeddysTale_with-BackEnd\venv\Lib\site-packages\django\core\handlers\exception.py", line 55, in inner
    response = get_response(request)
  File "C:\Users\Евгения\Desktop\Projects_web\TeddysTale_with-BackEnd\venv\Lib\site-packages\django\utils\deprecation.py", line 120, in __call__
    response = response or self.get_response(request)
  File "C:\Users\Евгения\Desktop\Projects_web\TeddysTale_with-BackEnd\venv\Lib\site-packages\django\core\handlers\exception.py", line 55, in inner
    response = get_response(request)
  File "C:\Users\Евгения\Desktop\Projects_web\TeddysTale_with-BackEnd\venv\Lib\site-packages\django\utils\deprecation.py", line 120, in __call__
    response = response or self.get_response(request)
  File "C:\Users\Евгения\Desktop\Projects_web\TeddysTale_with-BackEnd\venv\Lib\site-packages\django\core\handlers\exception.py", line 55, in inner
    response = get_response(request)
  File "C:\Users\Евгения\Desktop\Projects_web\TeddysTale_with-BackEnd\venv\Lib\site-packages\django\utils\deprecation.py", line 120, in __call__
    response = response or self.get_response(request)
  File "C:\Users\Евгения\Desktop\Projects_web\TeddysTale_with-BackEnd\venv\Lib\site-packages\django\core\handlers\exception.py", line 55, in inner
    response = get_response(request)
  File "C:\Users\Евгения\Desktop\Projects_web\TeddysTale_with-BackEnd\venv\Lib\site-packages\django\utils\deprecation.py", line 120, in __call__
    response = response or self.get_response(request)
  File "C:\Users\Евгения\Desktop\Projects_web\TeddysTale_with-BackEnd\venv\Lib\site-packages\django\core\handlers\exception.py", line 55, in inner
    response = get_response(request)
  File "C:\Users\Евгения\Desktop\Projects_web\TeddysTale_with-BackEnd\venv\Lib\site-packages\django\utils\deprecation.py", line 120, in __call__
    response = response or self.get_response(request)
  File "C:\Users\Евгения\Desktop\Projects_web\TeddysTale_with-BackEnd\venv\Lib\site-packages\django\core\handlers\exception.py", line 55, in inner
    response = get_response(request)
  File "C:\Users\Евгения\Desktop\Projects_web\TeddysTale_with-BackEnd\venv\Lib\site-packages\django\core\handlers\base.py", line 197, in _get_response
    response = wrapped_callback(request, *callback_args, **callback_kwargs)
  File "C:\Users\Евгения\Desktop\Projects_web\TeddysTale_with-BackEnd\TeddyTale\landing\views.py", line 146, in index
    logger.error(f"КРИТИЧЕСКАЯ ОШИБКА при загрузке данных главной страницы: {str(e)}",
[2026-01-02 12:49:32] WARNING landing.views - Используется резервный режим с безопасными значениями
[2026-01-02 12:51:37] DEBUG landing.views - Загружено товаров из базы: 9
[2026-01-02 12:51:37] DEBUG landing.views - Показывать статические карточки: False
[2026-01-02 12:51:37] WARNING landing.views - Секция 'contacts' не найдена в базе данных, используются значения по умолчанию
[2026-01-02 12:51:37] INFO landing.views - Главная страница успешно загружена. Товаров: 9, Координаты: 59.819987, 30.337649
[2026-01-02 12:51:58] DEBUG landing.views - Загружено товаров из базы: 9
[2026-01-02 12:51:58] DEBUG landing.views - Показывать статические карточки: False
[2026-01-02 12:51:58] WARNING landing.views - Секция 'contacts' не найдена в базе данных, используются значения по умолчанию
[2026-01-02 12:51:58] INFO landing.views - Главная страница успешно загружена. Товаров: 9, Координаты: 59.819987, 30.337649
[2026-01-02 12:52:25] DEBUG landing.views - Загружено товаров из базы: 9
[2026-01-02 12:52:25] DEBUG landing.views - Показывать статические карточки: False
[2026-01-02 12:52:25] WARNING landing.views - Секция 'contacts' не найдена в базе данных, используются значения по умолчанию
[2026-01-02 12:52:25] INFO landing.views - Главная страница успешно загружена. Товаров: 9, Координаты: 59.819987, 30.337649
[2026-01-02 13:02:52] DEBUG landing.views - Загружено товаров из базы: 9
[2026-01-02 13:02:52] DEBUG landing.views - Показывать статические карточки: False
[2026-01-02 13:02:52] WARNING landing.views - Секция 'contacts' не найдена в базе данных, используются значения по умолчанию
[2026-01-02 13:02:52] INFO landing.views - Главная страница успешно загружена. Товаров: 9, Координаты: 59.819987, 30.337649
[2026-01-02 13:03:19] WARNING landing.views - Секция 'contacts' не найдена в базе данных, используются значения по умолчанию для страницы privacy
[2026-01-02 13:16:17] DEBUG landing.views - Загружено товаров из базы: 9
[2026-01-02 13:16:17] DEBUG landing.views - Показывать заглушки: False, количество: 0
[2026-01-02 13:16:17] WARNING landing.views - Секция 'contacts' не найдена в базе данных, используются значения по умолчанию
[2026-01-02 13:16:17] INFO landing.views - Главная страница успешно загружена. Товаров: 9, Координаты: 59.819987, 30.337649
[2026-01-02 13:17:45] DEBUG landing.views - Загружено товаров из базы: 9
[2026-01-02 13:17:45] DEBUG landing.views - Показывать заглушки: False, количество: 0
[2026-01-02 13:17:45] WARNING landing.views - Секция 'contacts' не найдена в базе данных, используются значения по умолчанию
[2026-01-02 13:17:45] INFO landing.views - Главная страница успешно загружена. Товаров: 9, Координаты: 59.819987, 30.337649
[2026-01-02 13:22:07] DEBUG landing.views - Загружено товаров из базы: 9
[2026-01-02 13:22:07] DEBUG landing.views - Показывать заглушки: False, количество: 0
[2026-01-02 13:22:26] ERROR landing.views - КРИТИЧЕСКАЯ ОШИБКА при загрузке данных главной страницы: server closed the connection unexpectedly
	This probably means the server terminated abnormally
	before or while processing the request.
server closed the connection unexpectedly
	This probably means the server terminated abnormally
	before or while processing the request.
Traceback (most recent call last):
  File "C:\Users\Евгения\Desktop\Projects_web\TeddysTale_with-BackEnd\venv\Lib\site-packages\django\db\backends\utils.py", line 105, in _execute
    return self.cursor.execute(sql, params)
           ~~~~~~~~~~~~~~~~~~~^^^^^^^^^^^^^
psycopg2.OperationalError: server closed the connection unexpectedly
	This probably means the server terminated abnormally
	before or while processing the request.
server closed the connection unexpectedly
	This probably means the server terminated abnormally
	before or while processing the request.


The above exception was the direct cause of the following exception:

Traceback (most recent call last):
  File "C:\Users\Евгения\Desktop\Projects_web\TeddysTale_with-BackEnd\TeddyTale\landing\views.py", line 86, in index
    about_section = PageSection.objects.filter(section_key='about').first()
  File "C:\Users\Евгения\Desktop\Projects_web\TeddysTale_with-BackEnd\venv\Lib\site-packages\django\db\models\query.py", line 1106, in first
    for obj in queryset[:1]:
               ~~~~~~~~^^^^
  File "C:\Users\Евгения\Desktop\Projects_web\TeddysTale_with-BackEnd\venv\Lib\site-packages\django\db\models\query.py", line 386, in __iter__
    self._fetch_all()
    ~~~~~~~~~~~~~~~^^
  File "C:\Users\Евгения\Desktop\Projects_web\TeddysTale_with-BackEnd\venv\Lib\site-packages\django\db\models\query.py", line 1954, in _fetch_all
    self._result_cache = list(self._iterable_class(self))
                         ~~~~^^^^^^^^^^^^^^^^^^^^^^^^^^^^
  File "C:\Users\Евгения\Desktop\Projects_web\TeddysTale_with-BackEnd\venv\Lib\site-packages\django\db\models\query.py", line 93, in __iter__
    results = compiler.execute_sql(
        chunked_fetch=self.chunked_fetch, chunk_size=self.chunk_size
    )
  File "C:\Users\Евгения\Desktop\Projects_web\TeddysTale_with-BackEnd\venv\Lib\site-packages\django\db\models\sql\compiler.py", line 1623, in execute_sql
    cursor.execute(sql, params)
    ~~~~~~~~~~~~~~^^^^^^^^^^^^^
  File "C:\Users\Евгения\Desktop\Projects_web\TeddysTale_with-BackEnd\venv\Lib\site-packages\django\db\backends\utils.py", line 122, in execute
    return super().execute(sql, params)
           ~~~~~~~~~~~~~~~^^^^^^^^^^^^^
  File "C:\Users\Евгения\Desktop\Projects_web\TeddysTale_with-BackEnd\venv\Lib\site-packages\django\db\backends\utils.py", line 79, in execute
    return self._execute_with_wrappers(
           ~~~~~~~~~~~~~~~~~~~~~~~~~~~^
        sql, params, many=False, executor=self._execute
        ^^^^^^^^^^^^^^^^^^^^^^^^^^^^^^^^^^^^^^^^^^^^^^^
    )
    ^
  File "C:\Users\Евгения\Desktop\Projects_web\TeddysTale_with-BackEnd\venv\Lib\site-packages\django\db\backends\utils.py", line 92, in _execute_with_wrappers
    return executor(sql, params, many, context)
  File "C:\Users\Евгения\Desktop\Projects_web\TeddysTale_with-BackEnd\venv\Lib\site-packages\django\db\backends\utils.py", line 100, in _execute
    with self.db.wrap_database_errors:
         ^^^^^^^^^^^^^^^^^^^^^^^^^^^^
  File "C:\Users\Евгения\Desktop\Projects_web\TeddysTale_with-BackEnd\venv\Lib\site-packages\django\db\utils.py", line 91, in __exit__
    raise dj_exc_value.with_traceback(traceback) from exc_value
  File "C:\Users\Евгения\Desktop\Projects_web\TeddysTale_with-BackEnd\venv\Lib\site-packages\django\db\backends\utils.py", line 105, in _execute
    return self.cursor.execute(sql, params)
           ~~~~~~~~~~~~~~~~~~~^^^^^^^^^^^^^
django.db.utils.OperationalError: server closed the connection unexpectedly
	This probably means the server terminated abnormally
	before or while processing the request.
server closed the connection unexpectedly
	This probably means the server terminated abnormally
	before or while processing the request.
Stack (most recent call last):
  File "C:\Users\Евгения\AppData\Local\Programs\Python\Python313\Lib\threading.py", line 1014, in _bootstrap
    self._bootstrap_inner()
  File "C:\Users\Евгения\AppData\Local\Programs\Python\Python313\Lib\threading.py", line 1043, in _bootstrap_inner
    self.run()
  File "C:\Users\Евгения\AppData\Local\Programs\Python\Python313\Lib\threading.py", line 994, in run
    self._target(*self._args, **self._kwargs)
  File "C:\Users\Евгения\AppData\Local\Programs\Python\Python313\Lib\socketserver.py", line 697, in process_request_thread
    self.finish_request(request, client_address)
  File "C:\Users\Евгения\AppData\Local\Programs\Python\Python313\Lib\socketserver.py", line 362, in finish_request
    self.RequestHandlerClass(request, client_address, self)
  File "C:\Users\Евгения\AppData\Local\Programs\Python\Python313\Lib\socketserver.py", line 766, in __init__
    self.handle()
  File "C:\Users\Евгения\Desktop\Projects_web\TeddysTale_with-BackEnd\venv\Lib\site-packages\django\core\servers\basehttp.py", line 228, in handle
    self.handle_one_request()
  File "C:\Users\Евгения\Desktop\Projects_web\TeddysTale_with-BackEnd\venv\Lib\site-packages\django\core\servers\basehttp.py", line 253, in handle_one_request
    handler.run(self.server.get_app())
  File "C:\Users\Евгения\AppData\Local\Programs\Python\Python313\Lib\wsgiref\handlers.py", line 137, in run
    self.result = application(self.environ, self.start_response)
  File "C:\Users\Евгения\Desktop\Projects_web\TeddysTale_with-BackEnd\venv\Lib\site-packages\django\contrib\staticfiles\handlers.py", line 80, in __call__
    return self.application(environ, start_response)
  File "C:\Users\Евгения\Desktop\Projects_web\TeddysTale_with-BackEnd\venv\Lib\site-packages\django\core\handlers\wsgi.py", line 124, in __call__
    response = self.get_response(request)
  File "C:\Users\Евгения\Desktop\Projects_web\TeddysTale_with-BackEnd\venv\Lib\site-packages\django\core\handlers\base.py", line 140, in get_response
    response = self._middleware_chain(request)
  File "C:\Users\Евгения\Desktop\Projects_web\TeddysTale_with-BackEnd\venv\Lib\site-packages\django\core\handlers\exception.py", line 55, in inner
    response = get_response(request)
  File "C:\Users\Евгения\Desktop\Projects_web\TeddysTale_with-BackEnd\venv\Lib\site-packages\django\utils\deprecation.py", line 120, in __call__
    response = response or self.get_response(request)
  File "C:\Users\Евгения\Desktop\Projects_web\TeddysTale_with-BackEnd\venv\Lib\site-packages\django\core\handlers\exception.py", line 55, in inner
    response = get_response(request)
  File "C:\Users\Евгения\Desktop\Projects_web\TeddysTale_with-BackEnd\venv\Lib\site-packages\whitenoise\middleware.py", line 123, in __call__
    return self.get_response(request)
  File "C:\Users\Евгения\Desktop\Projects_web\TeddysTale_with-BackEnd\venv\Lib\site-packages\django\core\handlers\exception.py", line 55, in inner
    response = get_response(request)
  File "C:\Users\Евгения\Desktop\Projects_web\TeddysTale_with-BackEnd\venv\Lib\site-packages\django\utils\deprecation.py", line 120, in __call__
    response = response or self.get_response(request)
  File "C:\Users\Евгения\Desktop\Projects_web\TeddysTale_with-BackEnd\venv\Lib\site-packages\django\core\handlers\exception.py", line 55, in inner
    response = get_response(request)
  File "C:\Users\Евгения\Desktop\Projects_web\TeddysTale_with-BackEnd\venv\Lib\site-packages\django\utils\deprecation.py", line 120, in __call__
    response = response or self.get_response(request)
  File "C:\Users\Евгения\Desktop\Projects_web\TeddysTale_with-BackEnd\venv\Lib\site-packages\django\core\handlers\exception.py", line 55, in inner
    response = get_response(request)
  File "C:\Users\Евгения\Desktop\Projects_web\TeddysTale_with-BackEnd\venv\Lib\site-packages\django\utils\deprecation.py", line 120, in __call__
    response = response or self.get_response(request)
  File "C:\Users\Евгения\Desktop\Projects_web\TeddysTale_with-BackEnd\venv\Lib\site-packages\django\core\handlers\exception.py", line 55, in inner
    response = get_response(request)
  File "C:\Users\Евгения\Desktop\Projects_web\TeddysTale_with-BackEnd\venv\Lib\site-packages\django\utils\deprecation.py", line 120, in __call__
    response = response or self.get_response(request)
  File "C:\Users\Евгения\Desktop\Projects_web\TeddysTale_with-BackEnd\venv\Lib\site-packages\django\core\handlers\exception.py", line 55, in inner
    response = get_response(request)
  File "C:\Users\Евгения\Desktop\Projects_web\TeddysTale_with-BackEnd\venv\Lib\site-packages\django\utils\deprecation.py", line 120, in __call__
    response = response or self.get_response(request)
  File "C:\Users\Евгения\Desktop\Projects_web\TeddysTale_with-BackEnd\venv\Lib\site-packages\django\core\handlers\exception.py", line 55, in inner
    response = get_response(request)
  File "C:\Users\Евгения\Desktop\Projects_web\TeddysTale_with-BackEnd\venv\Lib\site-packages\django\utils\deprecation.py", line 120, in __call__
    response = response or self.get_response(request)
  File "C:\Users\Евгения\Desktop\Projects_web\TeddysTale_with-BackEnd\venv\Lib\site-packages\django\core\handlers\exception.py", line 55, in inner
    response = get_response(request)
  File "C:\Users\Евгения\Desktop\Projects_web\TeddysTale_with-BackEnd\venv\Lib\site-packages\django\utils\deprecation.py", line 120, in __call__
    response = response or self.get_response(request)
  File "C:\Users\Евгения\Desktop\Projects_web\TeddysTale_with-BackEnd\venv\Lib\site-packages\django\core\handlers\exception.py", line 55, in inner
    response = get_response(request)
  File "C:\Users\Евгения\Desktop\Projects_web\TeddysTale_with-BackEnd\venv\Lib\site-packages\django\core\handlers\base.py", line 197, in _get_response
    response = wrapped_callback(request, *callback_args, **callback_kwargs)
  File "C:\Users\Евгения\Desktop\Projects_web\TeddysTale_with-BackEnd\TeddyTale\landing\views.py", line 167, in index
    logger.error(f"КРИТИЧЕСКАЯ ОШИБКА при загрузке данных главной страницы: {str(e)}",
[2026-01-02 13:22:26] WARNING landing.views - Используется резервный режим с безопасными значениями
[2026-01-02 13:22:40] DEBUG landing.views - Загружено товаров из базы: 9
[2026-01-02 13:22:40] DEBUG landing.views - Показывать заглушки: False, количество: 0
[2026-01-02 13:22:59] ERROR landing.views - КРИТИЧЕСКАЯ ОШИБКА при загрузке данных главной страницы: server closed the connection unexpectedly
	This probably means the server terminated abnormally
	before or while processing the request.
server closed the connection unexpectedly
	This probably means the server terminated abnormally
	before or while processing the request.
Traceback (most recent call last):
  File "C:\Users\Евгения\Desktop\Projects_web\TeddysTale_with-BackEnd\venv\Lib\site-packages\django\db\backends\utils.py", line 105, in _execute
    return self.cursor.execute(sql, params)
           ~~~~~~~~~~~~~~~~~~~^^^^^^^^^^^^^
psycopg2.OperationalError: server closed the connection unexpectedly
	This probably means the server terminated abnormally
	before or while processing the request.
server closed the connection unexpectedly
	This probably means the server terminated abnormally
	before or while processing the request.


The above exception was the direct cause of the following exception:

Traceback (most recent call last):
  File "C:\Users\Евгения\Desktop\Projects_web\TeddysTale_with-BackEnd\TeddyTale\landing\views.py", line 86, in index
    about_section = PageSection.objects.filter(section_key='about').first()
  File "C:\Users\Евгения\Desktop\Projects_web\TeddysTale_with-BackEnd\venv\Lib\site-packages\django\db\models\query.py", line 1106, in first
    for obj in queryset[:1]:
               ~~~~~~~~^^^^
  File "C:\Users\Евгения\Desktop\Projects_web\TeddysTale_with-BackEnd\venv\Lib\site-packages\django\db\models\query.py", line 386, in __iter__
    self._fetch_all()
    ~~~~~~~~~~~~~~~^^
  File "C:\Users\Евгения\Desktop\Projects_web\TeddysTale_with-BackEnd\venv\Lib\site-packages\django\db\models\query.py", line 1954, in _fetch_all
    self._result_cache = list(self._iterable_class(self))
                         ~~~~^^^^^^^^^^^^^^^^^^^^^^^^^^^^
  File "C:\Users\Евгения\Desktop\Projects_web\TeddysTale_with-BackEnd\venv\Lib\site-packages\django\db\models\query.py", line 93, in __iter__
    results = compiler.execute_sql(
        chunked_fetch=self.chunked_fetch, chunk_size=self.chunk_size
    )
  File "C:\Users\Евгения\Desktop\Projects_web\TeddysTale_with-BackEnd\venv\Lib\site-packages\django\db\models\sql\compiler.py", line 1623, in execute_sql
    cursor.execute(sql, params)
    ~~~~~~~~~~~~~~^^^^^^^^^^^^^
  File "C:\Users\Евгения\Desktop\Projects_web\TeddysTale_with-BackEnd\venv\Lib\site-packages\django\db\backends\utils.py", line 122, in execute
    return super().execute(sql, params)
           ~~~~~~~~~~~~~~~^^^^^^^^^^^^^
  File "C:\Users\Евгения\Desktop\Projects_web\TeddysTale_with-BackEnd\venv\Lib\site-packages\django\db\backends\utils.py", line 79, in execute
    return self._execute_with_wrappers(
           ~~~~~~~~~~~~~~~~~~~~~~~~~~~^
        sql, params, many=False, executor=self._execute
        ^^^^^^^^^^^^^^^^^^^^^^^^^^^^^^^^^^^^^^^^^^^^^^^
    )
    ^
  File "C:\Users\Евгения\Desktop\Projects_web\TeddysTale_with-BackEnd\venv\Lib\site-packages\django\db\backends\utils.py", line 92, in _execute_with_wrappers
    return executor(sql, params, many, context)
  File "C:\Users\Евгения\Desktop\Projects_web\TeddysTale_with-BackEnd\venv\Lib\site-packages\django\db\backends\utils.py", line 100, in _execute
    with self.db.wrap_database_errors:
         ^^^^^^^^^^^^^^^^^^^^^^^^^^^^
  File "C:\Users\Евгения\Desktop\Projects_web\TeddysTale_with-BackEnd\venv\Lib\site-packages\django\db\utils.py", line 91, in __exit__
    raise dj_exc_value.with_traceback(traceback) from exc_value
  File "C:\Users\Евгения\Desktop\Projects_web\TeddysTale_with-BackEnd\venv\Lib\site-packages\django\db\backends\utils.py", line 105, in _execute
    return self.cursor.execute(sql, params)
           ~~~~~~~~~~~~~~~~~~~^^^^^^^^^^^^^
django.db.utils.OperationalError: server closed the connection unexpectedly
	This probably means the server terminated abnormally
	before or while processing the request.
server closed the connection unexpectedly
	This probably means the server terminated abnormally
	before or while processing the request.
Stack (most recent call last):
  File "C:\Users\Евгения\AppData\Local\Programs\Python\Python313\Lib\threading.py", line 1014, in _bootstrap
    self._bootstrap_inner()
  File "C:\Users\Евгения\AppData\Local\Programs\Python\Python313\Lib\threading.py", line 1043, in _bootstrap_inner
    self.run()
  File "C:\Users\Евгения\AppData\Local\Programs\Python\Python313\Lib\threading.py", line 994, in run
    self._target(*self._args, **self._kwargs)
  File "C:\Users\Евгения\AppData\Local\Programs\Python\Python313\Lib\socketserver.py", line 697, in process_request_thread
    self.finish_request(request, client_address)
  File "C:\Users\Евгения\AppData\Local\Programs\Python\Python313\Lib\socketserver.py", line 362, in finish_request
    self.RequestHandlerClass(request, client_address, self)
  File "C:\Users\Евгения\AppData\Local\Programs\Python\Python313\Lib\socketserver.py", line 766, in __init__
    self.handle()
  File "C:\Users\Евгения\Desktop\Projects_web\TeddysTale_with-BackEnd\venv\Lib\site-packages\django\core\servers\basehttp.py", line 228, in handle
    self.handle_one_request()
  File "C:\Users\Евгения\Desktop\Projects_web\TeddysTale_with-BackEnd\venv\Lib\site-packages\django\core\servers\basehttp.py", line 253, in handle_one_request
    handler.run(self.server.get_app())
  File "C:\Users\Евгения\AppData\Local\Programs\Python\Python313\Lib\wsgiref\handlers.py", line 137, in run
    self.result = application(self.environ, self.start_response)
  File "C:\Users\Евгения\Desktop\Projects_web\TeddysTale_with-BackEnd\venv\Lib\site-packages\django\contrib\staticfiles\handlers.py", line 80, in __call__
    return self.application(environ, start_response)
  File "C:\Users\Евгения\Desktop\Projects_web\TeddysTale_with-BackEnd\venv\Lib\site-packages\django\core\handlers\wsgi.py", line 124, in __call__
    response = self.get_response(request)
  File "C:\Users\Евгения\Desktop\Projects_web\TeddysTale_with-BackEnd\venv\Lib\site-packages\django\core\handlers\base.py", line 140, in get_response
    response = self._middleware_chain(request)
  File "C:\Users\Евгения\Desktop\Projects_web\TeddysTale_with-BackEnd\venv\Lib\site-packages\django\core\handlers\exception.py", line 55, in inner
    response = get_response(request)
  File "C:\Users\Евгения\Desktop\Projects_web\TeddysTale_with-BackEnd\venv\Lib\site-packages\django\utils\deprecation.py", line 120, in __call__
    response = response or self.get_response(request)
  File "C:\Users\Евгения\Desktop\Projects_web\TeddysTale_with-BackEnd\venv\Lib\site-packages\django\core\handlers\exception.py", line 55, in inner
    response = get_response(request)
  File "C:\Users\Евгения\Desktop\Projects_web\TeddysTale_with-BackEnd\venv\Lib\site-packages\whitenoise\middleware.py", line 123, in __call__
    return self.get_response(request)
  File "C:\Users\Евгения\Desktop\Projects_web\TeddysTale_with-BackEnd\venv\Lib\site-packages\django\core\handlers\exception.py", line 55, in inner
    response = get_response(request)
  File "C:\Users\Евгения\Desktop\Projects_web\TeddysTale_with-BackEnd\venv\Lib\site-packages\django\utils\deprecation.py", line 120, in __call__
    response = response or self.get_response(request)
  File "C:\Users\Евгения\Desktop\Projects_web\TeddysTale_with-BackEnd\venv\Lib\site-packages\django\core\handlers\exception.py", line 55, in inner
    response = get_response(request)
  File "C:\Users\Евгения\Desktop\Projects_web\TeddysTale_with-BackEnd\venv\Lib\site-packages\django\utils\deprecation.py", line 120, in __call__
    response = response or self.get_response(request)
  File "C:\Users\Евгения\Desktop\Projects_web\TeddysTale_with-BackEnd\venv\Lib\site-packages\django\core\handlers\exception.py", line 55, in inner
    response = get_response(request)
  File "C:\Users\Евгения\Desktop\Projects_web\TeddysTale_with-BackEnd\venv\Lib\site-packages\django\utils\deprecation.py", line 120, in __call__
    response = response or self.get_response(request)
  File "C:\Users\Евгения\Desktop\Projects_web\TeddysTale_with-BackEnd\venv\Lib\site-packages\django\core\handlers\exception.py", line 55, in inner
    response = get_response(request)
  File "C:\Users\Евгения\Desktop\Projects_web\TeddysTale_with-BackEnd\venv\Lib\site-packages\django\utils\deprecation.py", line 120, in __call__
    response = response or self.get_response(request)
  File "C:\Users\Евгения\Desktop\Projects_web\TeddysTale_with-BackEnd\venv\Lib\site-packages\django\core\handlers\exception.py", line 55, in inner
    response = get_response(request)
  File "C:\Users\Евгения\Desktop\Projects_web\TeddysTale_with-BackEnd\venv\Lib\site-packages\django\utils\deprecation.py", line 120, in __call__
    response = response or self.get_response(request)
  File "C:\Users\Евгения\Desktop\Projects_web\TeddysTale_with-BackEnd\venv\Lib\site-packages\django\core\handlers\exception.py", line 55, in inner
    response = get_response(request)
  File "C:\Users\Евгения\Desktop\Projects_web\TeddysTale_with-BackEnd\venv\Lib\site-packages\django\utils\deprecation.py", line 120, in __call__
    response = response or self.get_response(request)
  File "C:\Users\Евгения\Desktop\Projects_web\TeddysTale_with-BackEnd\venv\Lib\site-packages\django\core\handlers\exception.py", line 55, in inner
    response = get_response(request)
  File "C:\Users\Евгения\Desktop\Projects_web\TeddysTale_with-BackEnd\venv\Lib\site-packages\django\utils\deprecation.py", line 120, in __call__
    response = response or self.get_response(request)
  File "C:\Users\Евгения\Desktop\Projects_web\TeddysTale_with-BackEnd\venv\Lib\site-packages\django\core\handlers\exception.py", line 55, in inner
    response = get_response(request)
  File "C:\Users\Евгения\Desktop\Projects_web\TeddysTale_with-BackEnd\venv\Lib\site-packages\django\core\handlers\base.py", line 197, in _get_response
    response = wrapped_callback(request, *callback_args, **callback_kwargs)
  File "C:\Users\Евгения\Desktop\Projects_web\TeddysTale_with-BackEnd\TeddyTale\landing\views.py", line 167, in index
    logger.error(f"КРИТИЧЕСКАЯ ОШИБКА при загрузке данных главной страницы: {str(e)}",
[2026-01-02 13:22:59] WARNING landing.views - Используется резервный режим с безопасными значениями
[2026-01-02 13:26:44] ERROR landing.views - КРИТИЧЕСКАЯ ОШИБКА при загрузке данных главной страницы: server closed the connection unexpectedly
	This probably means the server terminated abnormally
	before or while processing the request.
server closed the connection unexpectedly
	This probably means the server terminated abnormally
	before or while processing the request.
Traceback (most recent call last):
  File "C:\Users\Евгения\Desktop\Projects_web\TeddysTale_with-BackEnd\venv\Lib\site-packages\django\db\backends\utils.py", line 105, in _execute
    return self.cursor.execute(sql, params)
           ~~~~~~~~~~~~~~~~~~~^^^^^^^^^^^^^
psycopg2.OperationalError: server closed the connection unexpectedly
	This probably means the server terminated abnormally
	before or while processing the request.
server closed the connection unexpectedly
	This probably means the server terminated abnormally
	before or while processing the request.


The above exception was the direct cause of the following exception:

Traceback (most recent call last):
  File "C:\Users\Евгения\Desktop\Projects_web\TeddysTale_with-BackEnd\TeddyTale\landing\views.py", line 50, in index
    shop_items = list(ShopItem.objects.filter(is_active=True).order_by('slot_number'))
  File "C:\Users\Евгения\Desktop\Projects_web\TeddysTale_with-BackEnd\venv\Lib\site-packages\django\db\models\query.py", line 386, in __iter__
    self._fetch_all()
    ~~~~~~~~~~~~~~~^^
  File "C:\Users\Евгения\Desktop\Projects_web\TeddysTale_with-BackEnd\venv\Lib\site-packages\django\db\models\query.py", line 1954, in _fetch_all
    self._result_cache = list(self._iterable_class(self))
                         ~~~~^^^^^^^^^^^^^^^^^^^^^^^^^^^^
  File "C:\Users\Евгения\Desktop\Projects_web\TeddysTale_with-BackEnd\venv\Lib\site-packages\django\db\models\query.py", line 93, in __iter__
    results = compiler.execute_sql(
        chunked_fetch=self.chunked_fetch, chunk_size=self.chunk_size
    )
  File "C:\Users\Евгения\Desktop\Projects_web\TeddysTale_with-BackEnd\venv\Lib\site-packages\django\db\models\sql\compiler.py", line 1623, in execute_sql
    cursor.execute(sql, params)
    ~~~~~~~~~~~~~~^^^^^^^^^^^^^
  File "C:\Users\Евгения\Desktop\Projects_web\TeddysTale_with-BackEnd\venv\Lib\site-packages\django\db\backends\utils.py", line 122, in execute
    return super().execute(sql, params)
           ~~~~~~~~~~~~~~~^^^^^^^^^^^^^
  File "C:\Users\Евгения\Desktop\Projects_web\TeddysTale_with-BackEnd\venv\Lib\site-packages\django\db\backends\utils.py", line 79, in execute
    return self._execute_with_wrappers(
           ~~~~~~~~~~~~~~~~~~~~~~~~~~~^
        sql, params, many=False, executor=self._execute
        ^^^^^^^^^^^^^^^^^^^^^^^^^^^^^^^^^^^^^^^^^^^^^^^
    )
    ^
  File "C:\Users\Евгения\Desktop\Projects_web\TeddysTale_with-BackEnd\venv\Lib\site-packages\django\db\backends\utils.py", line 92, in _execute_with_wrappers
    return executor(sql, params, many, context)
  File "C:\Users\Евгения\Desktop\Projects_web\TeddysTale_with-BackEnd\venv\Lib\site-packages\django\db\backends\utils.py", line 100, in _execute
    with self.db.wrap_database_errors:
         ^^^^^^^^^^^^^^^^^^^^^^^^^^^^
  File "C:\Users\Евгения\Desktop\Projects_web\TeddysTale_with-BackEnd\venv\Lib\site-packages\django\db\utils.py", line 91, in __exit__
    raise dj_exc_value.with_traceback(traceback) from exc_value
  File "C:\Users\Евгения\Desktop\Projects_web\TeddysTale_with-BackEnd\venv\Lib\site-packages\django\db\backends\utils.py", line 105, in _execute
    return self.cursor.execute(sql, params)
           ~~~~~~~~~~~~~~~~~~~^^^^^^^^^^^^^
django.db.utils.OperationalError: server closed the connection unexpectedly
	This probably means the server terminated abnormally
	before or while processing the request.
server closed the connection unexpectedly
	This probably means the server terminated abnormally
	before or while processing the request.
Stack (most recent call last):
  File "C:\Users\Евгения\AppData\Local\Programs\Python\Python313\Lib\threading.py", line 1014, in _bootstrap
    self._bootstrap_inner()
  File "C:\Users\Евгения\AppData\Local\Programs\Python\Python313\Lib\threading.py", line 1043, in _bootstrap_inner
    self.run()
  File "C:\Users\Евгения\AppData\Local\Programs\Python\Python313\Lib\threading.py", line 994, in run
    self._target(*self._args, **self._kwargs)
  File "C:\Users\Евгения\AppData\Local\Programs\Python\Python313\Lib\socketserver.py", line 697, in process_request_thread
    self.finish_request(request, client_address)
  File "C:\Users\Евгения\AppData\Local\Programs\Python\Python313\Lib\socketserver.py", line 362, in finish_request
    self.RequestHandlerClass(request, client_address, self)
  File "C:\Users\Евгения\AppData\Local\Programs\Python\Python313\Lib\socketserver.py", line 766, in __init__
    self.handle()
  File "C:\Users\Евгения\Desktop\Projects_web\TeddysTale_with-BackEnd\venv\Lib\site-packages\django\core\servers\basehttp.py", line 228, in handle
    self.handle_one_request()
  File "C:\Users\Евгения\Desktop\Projects_web\TeddysTale_with-BackEnd\venv\Lib\site-packages\django\core\servers\basehttp.py", line 253, in handle_one_request
    handler.run(self.server.get_app())
  File "C:\Users\Евгения\AppData\Local\Programs\Python\Python313\Lib\wsgiref\handlers.py", line 137, in run
    self.result = application(self.environ, self.start_response)
  File "C:\Users\Евгения\Desktop\Projects_web\TeddysTale_with-BackEnd\venv\Lib\site-packages\django\contrib\staticfiles\handlers.py", line 80, in __call__
    return self.application(environ, start_response)
  File "C:\Users\Евгения\Desktop\Projects_web\TeddysTale_with-BackEnd\venv\Lib\site-packages\django\core\handlers\wsgi.py", line 124, in __call__
    response = self.get_response(request)
  File "C:\Users\Евгения\Desktop\Projects_web\TeddysTale_with-BackEnd\venv\Lib\site-packages\django\core\handlers\base.py", line 140, in get_response
    response = self._middleware_chain(request)
  File "C:\Users\Евгения\Desktop\Projects_web\TeddysTale_with-BackEnd\venv\Lib\site-packages\django\core\handlers\exception.py", line 55, in inner
    response = get_response(request)
  File "C:\Users\Евгения\Desktop\Projects_web\TeddysTale_with-BackEnd\venv\Lib\site-packages\django\utils\deprecation.py", line 120, in __call__
    response = response or self.get_response(request)
  File "C:\Users\Евгения\Desktop\Projects_web\TeddysTale_with-BackEnd\venv\Lib\site-packages\django\core\handlers\exception.py", line 55, in inner
    response = get_response(request)
  File "C:\Users\Евгения\Desktop\Projects_web\TeddysTale_with-BackEnd\venv\Lib\site-packages\whitenoise\middleware.py", line 123, in __call__
    return self.get_response(request)
  File "C:\Users\Евгения\Desktop\Projects_web\TeddysTale_with-BackEnd\venv\Lib\site-packages\django\core\handlers\exception.py", line 55, in inner
    response = get_response(request)
  File "C:\Users\Евгения\Desktop\Projects_web\TeddysTale_with-BackEnd\venv\Lib\site-packages\django\utils\deprecation.py", line 120, in __call__
    response = response or self.get_response(request)
  File "C:\Users\Евгения\Desktop\Projects_web\TeddysTale_with-BackEnd\venv\Lib\site-packages\django\core\handlers\exception.py", line 55, in inner
    response = get_response(request)
  File "C:\Users\Евгения\Desktop\Projects_web\TeddysTale_with-BackEnd\venv\Lib\site-packages\django\utils\deprecation.py", line 120, in __call__
    response = response or self.get_response(request)
  File "C:\Users\Евгения\Desktop\Projects_web\TeddysTale_with-BackEnd\venv\Lib\site-packages\django\core\handlers\exception.py", line 55, in inner
    response = get_response(request)
  File "C:\Users\Евгения\Desktop\Projects_web\TeddysTale_with-BackEnd\venv\Lib\site-packages\django\utils\deprecation.py", line 120, in __call__
    response = response or self.get_response(request)
  File "C:\Users\Евгения\Desktop\Projects_web\TeddysTale_with-BackEnd\venv\Lib\site-packages\django\core\handlers\exception.py", line 55, in inner
    response = get_response(request)
  File "C:\Users\Евгения\Desktop\Projects_web\TeddysTale_with-BackEnd\venv\Lib\site-packages\django\utils\deprecation.py", line 120, in __call__
    response = response or self.get_response(request)
  File "C:\Users\Евгения\Desktop\Projects_web\TeddysTale_with-BackEnd\venv\Lib\site-packages\django\core\handlers\exception.py", line 55, in inner
    response = get_response(request)
  File "C:\Users\Евгения\Desktop\Projects_web\TeddysTale_with-BackEnd\venv\Lib\site-packages\django\utils\deprecation.py", line 120, in __call__
    response = response or self.get_response(request)
  File "C:\Users\Евгения\Desktop\Projects_web\TeddysTale_with-BackEnd\venv\Lib\site-packages\django\core\handlers\exception.py", line 55, in inner
    response = get_response(request)
  File "C:\Users\Евгения\Desktop\Projects_web\TeddysTale_with-BackEnd\venv\Lib\site-packages\django\utils\deprecation.py", line 120, in __call__
    response = response or self.get_response(request)
  File "C:\Users\Евгения\Desktop\Projects_web\TeddysTale_with-BackEnd\venv\Lib\site-packages\django\core\handlers\exception.py", line 55, in inner
    response = get_response(request)
  File "C:\Users\Евгения\Desktop\Projects_web\TeddysTale_with-BackEnd\venv\Lib\site-packages\django\utils\deprecation.py", line 120, in __call__
    response = response or self.get_response(request)
  File "C:\Users\Евгения\Desktop\Projects_web\TeddysTale_with-BackEnd\venv\Lib\site-packages\django\core\handlers\exception.py", line 55, in inner
    response = get_response(request)
  File "C:\Users\Евгения\Desktop\Projects_web\TeddysTale_with-BackEnd\venv\Lib\site-packages\django\core\handlers\base.py", line 197, in _get_response
    response = wrapped_callback(request, *callback_args, **callback_kwargs)
  File "C:\Users\Евгения\Desktop\Projects_web\TeddysTale_with-BackEnd\TeddyTale\landing\views.py", line 167, in index
    logger.error(f"КРИТИЧЕСКАЯ ОШИБКА при загрузке данных главной страницы: {str(e)}",
[2026-01-02 13:26:44] WARNING landing.views - Используется резервный режим с безопасными значениями
[2026-01-02 13:28:31] DEBUG landing.views - Загружено товаров из базы: 9
[2026-01-02 13:28:31] DEBUG landing.views - Показывать заглушки: False, количество: 0
[2026-01-02 13:28:50] ERROR landing.views - КРИТИЧЕСКАЯ ОШИБКА при загрузке данных главной страницы: server closed the connection unexpectedly
	This probably means the server terminated abnormally
	before or while processing the request.
server closed the connection unexpectedly
	This probably means the server terminated abnormally
	before or while processing the request.
Traceback (most recent call last):
  File "C:\Users\Евгения\Desktop\Projects_web\TeddysTale_with-BackEnd\venv\Lib\site-packages\django\db\backends\utils.py", line 105, in _execute
    return self.cursor.execute(sql, params)
           ~~~~~~~~~~~~~~~~~~~^^^^^^^^^^^^^
psycopg2.OperationalError: server closed the connection unexpectedly
	This probably means the server terminated abnormally
	before or while processing the request.
server closed the connection unexpectedly
	This probably means the server terminated abnormally
	before or while processing the request.


The above exception was the direct cause of the following exception:

Traceback (most recent call last):
  File "C:\Users\Евгения\Desktop\Projects_web\TeddysTale_with-BackEnd\TeddyTale\landing\views.py", line 86, in index
    about_section = PageSection.objects.filter(section_key='about').first()
  File "C:\Users\Евгения\Desktop\Projects_web\TeddysTale_with-BackEnd\venv\Lib\site-packages\django\db\models\query.py", line 1106, in first
    for obj in queryset[:1]:
               ~~~~~~~~^^^^
  File "C:\Users\Евгения\Desktop\Projects_web\TeddysTale_with-BackEnd\venv\Lib\site-packages\django\db\models\query.py", line 386, in __iter__
    self._fetch_all()
    ~~~~~~~~~~~~~~~^^
  File "C:\Users\Евгения\Desktop\Projects_web\TeddysTale_with-BackEnd\venv\Lib\site-packages\django\db\models\query.py", line 1954, in _fetch_all
    self._result_cache = list(self._iterable_class(self))
                         ~~~~^^^^^^^^^^^^^^^^^^^^^^^^^^^^
  File "C:\Users\Евгения\Desktop\Projects_web\TeddysTale_with-BackEnd\venv\Lib\site-packages\django\db\models\query.py", line 93, in __iter__
    results = compiler.execute_sql(
        chunked_fetch=self.chunked_fetch, chunk_size=self.chunk_size
    )
  File "C:\Users\Евгения\Desktop\Projects_web\TeddysTale_with-BackEnd\venv\Lib\site-packages\django\db\models\sql\compiler.py", line 1623, in execute_sql
    cursor.execute(sql, params)
    ~~~~~~~~~~~~~~^^^^^^^^^^^^^
  File "C:\Users\Евгения\Desktop\Projects_web\TeddysTale_with-BackEnd\venv\Lib\site-packages\django\db\backends\utils.py", line 122, in execute
    return super().execute(sql, params)
           ~~~~~~~~~~~~~~~^^^^^^^^^^^^^
  File "C:\Users\Евгения\Desktop\Projects_web\TeddysTale_with-BackEnd\venv\Lib\site-packages\django\db\backends\utils.py", line 79, in execute
    return self._execute_with_wrappers(
           ~~~~~~~~~~~~~~~~~~~~~~~~~~~^
        sql, params, many=False, executor=self._execute
        ^^^^^^^^^^^^^^^^^^^^^^^^^^^^^^^^^^^^^^^^^^^^^^^
    )
    ^
  File "C:\Users\Евгения\Desktop\Projects_web\TeddysTale_with-BackEnd\venv\Lib\site-packages\django\db\backends\utils.py", line 92, in _execute_with_wrappers
    return executor(sql, params, many, context)
  File "C:\Users\Евгения\Desktop\Projects_web\TeddysTale_with-BackEnd\venv\Lib\site-packages\django\db\backends\utils.py", line 100, in _execute
    with self.db.wrap_database_errors:
         ^^^^^^^^^^^^^^^^^^^^^^^^^^^^
  File "C:\Users\Евгения\Desktop\Projects_web\TeddysTale_with-BackEnd\venv\Lib\site-packages\django\db\utils.py", line 91, in __exit__
    raise dj_exc_value.with_traceback(traceback) from exc_value
  File "C:\Users\Евгения\Desktop\Projects_web\TeddysTale_with-BackEnd\venv\Lib\site-packages\django\db\backends\utils.py", line 105, in _execute
    return self.cursor.execute(sql, params)
           ~~~~~~~~~~~~~~~~~~~^^^^^^^^^^^^^
django.db.utils.OperationalError: server closed the connection unexpectedly
	This probably means the server terminated abnormally
	before or while processing the request.
server closed the connection unexpectedly
	This probably means the server terminated abnormally
	before or while processing the request.
Stack (most recent call last):
  File "C:\Users\Евгения\AppData\Local\Programs\Python\Python313\Lib\threading.py", line 1014, in _bootstrap
    self._bootstrap_inner()
  File "C:\Users\Евгения\AppData\Local\Programs\Python\Python313\Lib\threading.py", line 1043, in _bootstrap_inner
    self.run()
  File "C:\Users\Евгения\AppData\Local\Programs\Python\Python313\Lib\threading.py", line 994, in run
    self._target(*self._args, **self._kwargs)
  File "C:\Users\Евгения\AppData\Local\Programs\Python\Python313\Lib\socketserver.py", line 697, in process_request_thread
    self.finish_request(request, client_address)
  File "C:\Users\Евгения\AppData\Local\Programs\Python\Python313\Lib\socketserver.py", line 362, in finish_request
    self.RequestHandlerClass(request, client_address, self)
  File "C:\Users\Евгения\AppData\Local\Programs\Python\Python313\Lib\socketserver.py", line 766, in __init__
    self.handle()
  File "C:\Users\Евгения\Desktop\Projects_web\TeddysTale_with-BackEnd\venv\Lib\site-packages\django\core\servers\basehttp.py", line 228, in handle
    self.handle_one_request()
  File "C:\Users\Евгения\Desktop\Projects_web\TeddysTale_with-BackEnd\venv\Lib\site-packages\django\core\servers\basehttp.py", line 253, in handle_one_request
    handler.run(self.server.get_app())
  File "C:\Users\Евгения\AppData\Local\Programs\Python\Python313\Lib\wsgiref\handlers.py", line 137, in run
    self.result = application(self.environ, self.start_response)
  File "C:\Users\Евгения\Desktop\Projects_web\TeddysTale_with-BackEnd\venv\Lib\site-packages\django\contrib\staticfiles\handlers.py", line 80, in __call__
    return self.application(environ, start_response)
  File "C:\Users\Евгения\Desktop\Projects_web\TeddysTale_with-BackEnd\venv\Lib\site-packages\django\core\handlers\wsgi.py", line 124, in __call__
    response = self.get_response(request)
  File "C:\Users\Евгения\Desktop\Projects_web\TeddysTale_with-BackEnd\venv\Lib\site-packages\django\core\handlers\base.py", line 140, in get_response
    response = self._middleware_chain(request)
  File "C:\Users\Евгения\Desktop\Projects_web\TeddysTale_with-BackEnd\venv\Lib\site-packages\django\core\handlers\exception.py", line 55, in inner
    response = get_response(request)
  File "C:\Users\Евгения\Desktop\Projects_web\TeddysTale_with-BackEnd\venv\Lib\site-packages\django\utils\deprecation.py", line 120, in __call__
    response = response or self.get_response(request)
  File "C:\Users\Евгения\Desktop\Projects_web\TeddysTale_with-BackEnd\venv\Lib\site-packages\django\core\handlers\exception.py", line 55, in inner
    response = get_response(request)
  File "C:\Users\Евгения\Desktop\Projects_web\TeddysTale_with-BackEnd\venv\Lib\site-packages\whitenoise\middleware.py", line 123, in __call__
    return self.get_response(request)
  File "C:\Users\Евгения\Desktop\Projects_web\TeddysTale_with-BackEnd\venv\Lib\site-packages\django\core\handlers\exception.py", line 55, in inner
    response = get_response(request)
  File "C:\Users\Евгения\Desktop\Projects_web\TeddysTale_with-BackEnd\venv\Lib\site-packages\django\utils\deprecation.py", line 120, in __call__
    response = response or self.get_response(request)
  File "C:\Users\Евгения\Desktop\Projects_web\TeddysTale_with-BackEnd\venv\Lib\site-packages\django\core\handlers\exception.py", line 55, in inner
    response = get_response(request)
  File "C:\Users\Евгения\Desktop\Projects_web\TeddysTale_with-BackEnd\venv\Lib\site-packages\django\utils\deprecation.py", line 120, in __call__
    response = response or self.get_response(request)
  File "C:\Users\Евгения\Desktop\Projects_web\TeddysTale_with-BackEnd\venv\Lib\site-packages\django\core\handlers\exception.py", line 55, in inner
    response = get_response(request)
  File "C:\Users\Евгения\Desktop\Projects_web\TeddysTale_with-BackEnd\venv\Lib\site-packages\django\utils\deprecation.py", line 120, in __call__
    response = response or self.get_response(request)
  File "C:\Users\Евгения\Desktop\Projects_web\TeddysTale_with-BackEnd\venv\Lib\site-packages\django\core\handlers\exception.py", line 55, in inner
    response = get_response(request)
  File "C:\Users\Евгения\Desktop\Projects_web\TeddysTale_with-BackEnd\venv\Lib\site-packages\django\utils\deprecation.py", line 120, in __call__
    response = response or self.get_response(request)
  File "C:\Users\Евгения\Desktop\Projects_web\TeddysTale_with-BackEnd\venv\Lib\site-packages\django\core\handlers\exception.py", line 55, in inner
    response = get_response(request)
  File "C:\Users\Евгения\Desktop\Projects_web\TeddysTale_with-BackEnd\venv\Lib\site-packages\django\utils\deprecation.py", line 120, in __call__
    response = response or self.get_response(request)
  File "C:\Users\Евгения\Desktop\Projects_web\TeddysTale_with-BackEnd\venv\Lib\site-packages\django\core\handlers\exception.py", line 55, in inner
    response = get_response(request)
  File "C:\Users\Евгения\Desktop\Projects_web\TeddysTale_with-BackEnd\venv\Lib\site-packages\django\utils\deprecation.py", line 120, in __call__
    response = response or self.get_response(request)
  File "C:\Users\Евгения\Desktop\Projects_web\TeddysTale_with-BackEnd\venv\Lib\site-packages\django\core\handlers\exception.py", line 55, in inner
    response = get_response(request)
  File "C:\Users\Евгения\Desktop\Projects_web\TeddysTale_with-BackEnd\venv\Lib\site-packages\django\utils\deprecation.py", line 120, in __call__
    response = response or self.get_response(request)
  File "C:\Users\Евгения\Desktop\Projects_web\TeddysTale_with-BackEnd\venv\Lib\site-packages\django\core\handlers\exception.py", line 55, in inner
    response = get_response(request)
  File "C:\Users\Евгения\Desktop\Projects_web\TeddysTale_with-BackEnd\venv\Lib\site-packages\django\core\handlers\base.py", line 197, in _get_response
    response = wrapped_callback(request, *callback_args, **callback_kwargs)
  File "C:\Users\Евгения\Desktop\Projects_web\TeddysTale_with-BackEnd\TeddyTale\landing\views.py", line 167, in index
    logger.error(f"КРИТИЧЕСКАЯ ОШИБКА при загрузке данных главной страницы: {str(e)}",
[2026-01-02 13:28:50] WARNING landing.views - Используется резервный режим с безопасными значениями
[2026-01-02 13:56:30] DEBUG landing.views - Загружено товаров из базы: 9
[2026-01-02 13:56:30] DEBUG landing.views - Показывать заглушки: False, количество: 0
[2026-01-02 13:56:30] WARNING landing.views - Секция 'contacts' не найдена в базе данных, используются значения по умолчанию
[2026-01-02 13:56:30] INFO landing.views - Главная страница успешно загружена. Товаров: 9, Координаты: 59.819987, 30.337649
[2026-01-02 13:56:52] DEBUG landing.views - Загружено товаров из базы: 9
[2026-01-02 13:56:52] DEBUG landing.views - Показывать заглушки: False, количество: 0
[2026-01-02 13:56:52] WARNING landing.views - Секция 'contacts' не найдена в базе данных, используются значения по умолчанию
[2026-01-02 13:56:52] INFO landing.views - Главная страница успешно загружена. Товаров: 9, Координаты: 59.819987, 30.337649
[2026-01-02 13:57:21] DEBUG landing.views - Загружено товаров из базы: 8
[2026-01-02 13:57:21] DEBUG landing.views - Показывать заглушки: True, количество: 1
[2026-01-02 13:57:21] WARNING landing.views - Секция 'contacts' не найдена в базе данных, используются значения по умолчанию
[2026-01-02 13:57:21] INFO landing.views - Главная страница успешно загружена. Товаров: 8, Координаты: 59.819987, 30.337649
[2026-01-02 13:59:44] ERROR landing.views - КРИТИЧЕСКАЯ ОШИБКА при загрузке данных главной страницы: server closed the connection unexpectedly
	This probably means the server terminated abnormally
	before or while processing the request.
server closed the connection unexpectedly
	This probably means the server terminated abnormally
	before or while processing the request.
Traceback (most recent call last):
  File "C:\Users\Евгения\Desktop\Projects_web\TeddysTale_with-BackEnd\venv\Lib\site-packages\django\db\backends\utils.py", line 105, in _execute
    return self.cursor.execute(sql, params)
           ~~~~~~~~~~~~~~~~~~~^^^^^^^^^^^^^
psycopg2.OperationalError: server closed the connection unexpectedly
	This probably means the server terminated abnormally
	before or while processing the request.
server closed the connection unexpectedly
	This probably means the server terminated abnormally
	before or while processing the request.


The above exception was the direct cause of the following exception:

Traceback (most recent call last):
  File "C:\Users\Евгения\Desktop\Projects_web\TeddysTale_with-BackEnd\TeddyTale\landing\views.py", line 50, in index
    shop_items = list(ShopItem.objects.filter(is_active=True).order_by('slot_number'))
  File "C:\Users\Евгения\Desktop\Projects_web\TeddysTale_with-BackEnd\venv\Lib\site-packages\django\db\models\query.py", line 386, in __iter__
    self._fetch_all()
    ~~~~~~~~~~~~~~~^^
  File "C:\Users\Евгения\Desktop\Projects_web\TeddysTale_with-BackEnd\venv\Lib\site-packages\django\db\models\query.py", line 1954, in _fetch_all
    self._result_cache = list(self._iterable_class(self))
                         ~~~~^^^^^^^^^^^^^^^^^^^^^^^^^^^^
  File "C:\Users\Евгения\Desktop\Projects_web\TeddysTale_with-BackEnd\venv\Lib\site-packages\django\db\models\query.py", line 93, in __iter__
    results = compiler.execute_sql(
        chunked_fetch=self.chunked_fetch, chunk_size=self.chunk_size
    )
  File "C:\Users\Евгения\Desktop\Projects_web\TeddysTale_with-BackEnd\venv\Lib\site-packages\django\db\models\sql\compiler.py", line 1623, in execute_sql
    cursor.execute(sql, params)
    ~~~~~~~~~~~~~~^^^^^^^^^^^^^
  File "C:\Users\Евгения\Desktop\Projects_web\TeddysTale_with-BackEnd\venv\Lib\site-packages\django\db\backends\utils.py", line 122, in execute
    return super().execute(sql, params)
           ~~~~~~~~~~~~~~~^^^^^^^^^^^^^
  File "C:\Users\Евгения\Desktop\Projects_web\TeddysTale_with-BackEnd\venv\Lib\site-packages\django\db\backends\utils.py", line 79, in execute
    return self._execute_with_wrappers(
           ~~~~~~~~~~~~~~~~~~~~~~~~~~~^
        sql, params, many=False, executor=self._execute
        ^^^^^^^^^^^^^^^^^^^^^^^^^^^^^^^^^^^^^^^^^^^^^^^
    )
    ^
  File "C:\Users\Евгения\Desktop\Projects_web\TeddysTale_with-BackEnd\venv\Lib\site-packages\django\db\backends\utils.py", line 92, in _execute_with_wrappers
    return executor(sql, params, many, context)
  File "C:\Users\Евгения\Desktop\Projects_web\TeddysTale_with-BackEnd\venv\Lib\site-packages\django\db\backends\utils.py", line 100, in _execute
    with self.db.wrap_database_errors:
         ^^^^^^^^^^^^^^^^^^^^^^^^^^^^
  File "C:\Users\Евгения\Desktop\Projects_web\TeddysTale_with-BackEnd\venv\Lib\site-packages\django\db\utils.py", line 91, in __exit__
    raise dj_exc_value.with_traceback(traceback) from exc_value
  File "C:\Users\Евгения\Desktop\Projects_web\TeddysTale_with-BackEnd\venv\Lib\site-packages\django\db\backends\utils.py", line 105, in _execute
    return self.cursor.execute(sql, params)
           ~~~~~~~~~~~~~~~~~~~^^^^^^^^^^^^^
django.db.utils.OperationalError: server closed the connection unexpectedly
	This probably means the server terminated abnormally
	before or while processing the request.
server closed the connection unexpectedly
	This probably means the server terminated abnormally
	before or while processing the request.
Stack (most recent call last):
  File "C:\Users\Евгения\AppData\Local\Programs\Python\Python313\Lib\threading.py", line 1014, in _bootstrap
    self._bootstrap_inner()
  File "C:\Users\Евгения\AppData\Local\Programs\Python\Python313\Lib\threading.py", line 1043, in _bootstrap_inner
    self.run()
  File "C:\Users\Евгения\AppData\Local\Programs\Python\Python313\Lib\threading.py", line 994, in run
    self._target(*self._args, **self._kwargs)
  File "C:\Users\Евгения\AppData\Local\Programs\Python\Python313\Lib\socketserver.py", line 697, in process_request_thread
    self.finish_request(request, client_address)
  File "C:\Users\Евгения\AppData\Local\Programs\Python\Python313\Lib\socketserver.py", line 362, in finish_request
    self.RequestHandlerClass(request, client_address, self)
  File "C:\Users\Евгения\AppData\Local\Programs\Python\Python313\Lib\socketserver.py", line 766, in __init__
    self.handle()
  File "C:\Users\Евгения\Desktop\Projects_web\TeddysTale_with-BackEnd\venv\Lib\site-packages\django\core\servers\basehttp.py", line 230, in handle
    self.handle_one_request()
  File "C:\Users\Евгения\Desktop\Projects_web\TeddysTale_with-BackEnd\venv\Lib\site-packages\django\core\servers\basehttp.py", line 253, in handle_one_request
    handler.run(self.server.get_app())
  File "C:\Users\Евгения\AppData\Local\Programs\Python\Python313\Lib\wsgiref\handlers.py", line 137, in run
    self.result = application(self.environ, self.start_response)
  File "C:\Users\Евгения\Desktop\Projects_web\TeddysTale_with-BackEnd\venv\Lib\site-packages\django\contrib\staticfiles\handlers.py", line 80, in __call__
    return self.application(environ, start_response)
  File "C:\Users\Евгения\Desktop\Projects_web\TeddysTale_with-BackEnd\venv\Lib\site-packages\django\core\handlers\wsgi.py", line 124, in __call__
    response = self.get_response(request)
  File "C:\Users\Евгения\Desktop\Projects_web\TeddysTale_with-BackEnd\venv\Lib\site-packages\django\core\handlers\base.py", line 140, in get_response
    response = self._middleware_chain(request)
  File "C:\Users\Евгения\Desktop\Projects_web\TeddysTale_with-BackEnd\venv\Lib\site-packages\django\core\handlers\exception.py", line 55, in inner
    response = get_response(request)
  File "C:\Users\Евгения\Desktop\Projects_web\TeddysTale_with-BackEnd\venv\Lib\site-packages\django\utils\deprecation.py", line 120, in __call__
    response = response or self.get_response(request)
  File "C:\Users\Евгения\Desktop\Projects_web\TeddysTale_with-BackEnd\venv\Lib\site-packages\django\core\handlers\exception.py", line 55, in inner
    response = get_response(request)
  File "C:\Users\Евгения\Desktop\Projects_web\TeddysTale_with-BackEnd\venv\Lib\site-packages\whitenoise\middleware.py", line 123, in __call__
    return self.get_response(request)
  File "C:\Users\Евгения\Desktop\Projects_web\TeddysTale_with-BackEnd\venv\Lib\site-packages\django\core\handlers\exception.py", line 55, in inner
    response = get_response(request)
  File "C:\Users\Евгения\Desktop\Projects_web\TeddysTale_with-BackEnd\venv\Lib\site-packages\django\utils\deprecation.py", line 120, in __call__
    response = response or self.get_response(request)
  File "C:\Users\Евгения\Desktop\Projects_web\TeddysTale_with-BackEnd\venv\Lib\site-packages\django\core\handlers\exception.py", line 55, in inner
    response = get_response(request)
  File "C:\Users\Евгения\Desktop\Projects_web\TeddysTale_with-BackEnd\venv\Lib\site-packages\django\utils\deprecation.py", line 120, in __call__
    response = response or self.get_response(request)
  File "C:\Users\Евгения\Desktop\Projects_web\TeddysTale_with-BackEnd\venv\Lib\site-packages\django\core\handlers\exception.py", line 55, in inner
    response = get_response(request)
  File "C:\Users\Евгения\Desktop\Projects_web\TeddysTale_with-BackEnd\venv\Lib\site-packages\django\utils\deprecation.py", line 120, in __call__
    response = response or self.get_response(request)
  File "C:\Users\Евгения\Desktop\Projects_web\TeddysTale_with-BackEnd\venv\Lib\site-packages\django\core\handlers\exception.py", line 55, in inner
    response = get_response(request)
  File "C:\Users\Евгения\Desktop\Projects_web\TeddysTale_with-BackEnd\venv\Lib\site-packages\django\utils\deprecation.py", line 120, in __call__
    response = response or self.get_response(request)
  File "C:\Users\Евгения\Desktop\Projects_web\TeddysTale_with-BackEnd\venv\Lib\site-packages\django\core\handlers\exception.py", line 55, in inner
    response = get_response(request)
  File "C:\Users\Евгения\Desktop\Projects_web\TeddysTale_with-BackEnd\venv\Lib\site-packages\django\utils\deprecation.py", line 120, in __call__
    response = response or self.get_response(request)
  File "C:\Users\Евгения\Desktop\Projects_web\TeddysTale_with-BackEnd\venv\Lib\site-packages\django\core\handlers\exception.py", line 55, in inner
    response = get_response(request)
  File "C:\Users\Евгения\Desktop\Projects_web\TeddysTale_with-BackEnd\venv\Lib\site-packages\django\utils\deprecation.py", line 120, in __call__
    response = response or self.get_response(request)
  File "C:\Users\Евгения\Desktop\Projects_web\TeddysTale_with-BackEnd\venv\Lib\site-packages\django\core\handlers\exception.py", line 55, in inner
    response = get_response(request)
  File "C:\Users\Евгения\Desktop\Projects_web\TeddysTale_with-BackEnd\venv\Lib\site-packages\django\utils\deprecation.py", line 120, in __call__
    response = response or self.get_response(request)
  File "C:\Users\Евгения\Desktop\Projects_web\TeddysTale_with-BackEnd\venv\Lib\site-packages\django\core\handlers\exception.py", line 55, in inner
    response = get_response(request)
  File "C:\Users\Евгения\Desktop\Projects_web\TeddysTale_with-BackEnd\TeddyTale\TeddyTale\middleware.py", line 24, in __call__
    response = self.get_response(request)
  File "C:\Users\Евгения\Desktop\Projects_web\TeddysTale_with-BackEnd\venv\Lib\site-packages\django\core\handlers\exception.py", line 55, in inner
    response = get_response(request)
  File "C:\Users\Евгения\Desktop\Projects_web\TeddysTale_with-BackEnd\venv\Lib\site-packages\django\core\handlers\base.py", line 197, in _get_response
    response = wrapped_callback(request, *callback_args, **callback_kwargs)
  File "C:\Users\Евгения\Desktop\Projects_web\TeddysTale_with-BackEnd\TeddyTale\landing\views.py", line 167, in index
    logger.error(f"КРИТИЧЕСКАЯ ОШИБКА при загрузке данных главной страницы: {str(e)}",
[2026-01-02 13:59:44] WARNING landing.views - Используется резервный режим с безопасными значениями
[2026-01-02 14:00:18] ERROR landing.views - КРИТИЧЕСКАЯ ОШИБКА при загрузке данных главной страницы: server closed the connection unexpectedly
	This probably means the server terminated abnormally
	before or while processing the request.
server closed the connection unexpectedly
	This probably means the server terminated abnormally
	before or while processing the request.
Traceback (most recent call last):
  File "C:\Users\Евгения\Desktop\Projects_web\TeddysTale_with-BackEnd\venv\Lib\site-packages\django\db\backends\utils.py", line 105, in _execute
    return self.cursor.execute(sql, params)
           ~~~~~~~~~~~~~~~~~~~^^^^^^^^^^^^^
psycopg2.OperationalError: server closed the connection unexpectedly
	This probably means the server terminated abnormally
	before or while processing the request.
server closed the connection unexpectedly
	This probably means the server terminated abnormally
	before or while processing the request.


The above exception was the direct cause of the following exception:

Traceback (most recent call last):
  File "C:\Users\Евгения\Desktop\Projects_web\TeddysTale_with-BackEnd\TeddyTale\landing\views.py", line 50, in index
    shop_items = list(ShopItem.objects.filter(is_active=True).order_by('slot_number'))
  File "C:\Users\Евгения\Desktop\Projects_web\TeddysTale_with-BackEnd\venv\Lib\site-packages\django\db\models\query.py", line 386, in __iter__
    self._fetch_all()
    ~~~~~~~~~~~~~~~^^
  File "C:\Users\Евгения\Desktop\Projects_web\TeddysTale_with-BackEnd\venv\Lib\site-packages\django\db\models\query.py", line 1954, in _fetch_all
    self._result_cache = list(self._iterable_class(self))
                         ~~~~^^^^^^^^^^^^^^^^^^^^^^^^^^^^
  File "C:\Users\Евгения\Desktop\Projects_web\TeddysTale_with-BackEnd\venv\Lib\site-packages\django\db\models\query.py", line 93, in __iter__
    results = compiler.execute_sql(
        chunked_fetch=self.chunked_fetch, chunk_size=self.chunk_size
    )
  File "C:\Users\Евгения\Desktop\Projects_web\TeddysTale_with-BackEnd\venv\Lib\site-packages\django\db\models\sql\compiler.py", line 1623, in execute_sql
    cursor.execute(sql, params)
    ~~~~~~~~~~~~~~^^^^^^^^^^^^^
  File "C:\Users\Евгения\Desktop\Projects_web\TeddysTale_with-BackEnd\venv\Lib\site-packages\django\db\backends\utils.py", line 122, in execute
    return super().execute(sql, params)
           ~~~~~~~~~~~~~~~^^^^^^^^^^^^^
  File "C:\Users\Евгения\Desktop\Projects_web\TeddysTale_with-BackEnd\venv\Lib\site-packages\django\db\backends\utils.py", line 79, in execute
    return self._execute_with_wrappers(
           ~~~~~~~~~~~~~~~~~~~~~~~~~~~^
        sql, params, many=False, executor=self._execute
        ^^^^^^^^^^^^^^^^^^^^^^^^^^^^^^^^^^^^^^^^^^^^^^^
    )
    ^
  File "C:\Users\Евгения\Desktop\Projects_web\TeddysTale_with-BackEnd\venv\Lib\site-packages\django\db\backends\utils.py", line 92, in _execute_with_wrappers
    return executor(sql, params, many, context)
  File "C:\Users\Евгения\Desktop\Projects_web\TeddysTale_with-BackEnd\venv\Lib\site-packages\django\db\backends\utils.py", line 100, in _execute
    with self.db.wrap_database_errors:
         ^^^^^^^^^^^^^^^^^^^^^^^^^^^^
  File "C:\Users\Евгения\Desktop\Projects_web\TeddysTale_with-BackEnd\venv\Lib\site-packages\django\db\utils.py", line 91, in __exit__
    raise dj_exc_value.with_traceback(traceback) from exc_value
  File "C:\Users\Евгения\Desktop\Projects_web\TeddysTale_with-BackEnd\venv\Lib\site-packages\django\db\backends\utils.py", line 105, in _execute
    return self.cursor.execute(sql, params)
           ~~~~~~~~~~~~~~~~~~~^^^^^^^^^^^^^
django.db.utils.OperationalError: server closed the connection unexpectedly
	This probably means the server terminated abnormally
	before or while processing the request.
server closed the connection unexpectedly
	This probably means the server terminated abnormally
	before or while processing the request.
Stack (most recent call last):
  File "C:\Users\Евгения\AppData\Local\Programs\Python\Python313\Lib\threading.py", line 1014, in _bootstrap
    self._bootstrap_inner()
  File "C:\Users\Евгения\AppData\Local\Programs\Python\Python313\Lib\threading.py", line 1043, in _bootstrap_inner
    self.run()
  File "C:\Users\Евгения\AppData\Local\Programs\Python\Python313\Lib\threading.py", line 994, in run
    self._target(*self._args, **self._kwargs)
  File "C:\Users\Евгения\AppData\Local\Programs\Python\Python313\Lib\socketserver.py", line 697, in process_request_thread
    self.finish_request(request, client_address)
  File "C:\Users\Евгения\AppData\Local\Programs\Python\Python313\Lib\socketserver.py", line 362, in finish_request
    self.RequestHandlerClass(request, client_address, self)
  File "C:\Users\Евгения\AppData\Local\Programs\Python\Python313\Lib\socketserver.py", line 766, in __init__
    self.handle()
  File "C:\Users\Евгения\Desktop\Projects_web\TeddysTale_with-BackEnd\venv\Lib\site-packages\django\core\servers\basehttp.py", line 228, in handle
    self.handle_one_request()
  File "C:\Users\Евгения\Desktop\Projects_web\TeddysTale_with-BackEnd\venv\Lib\site-packages\django\core\servers\basehttp.py", line 253, in handle_one_request
    handler.run(self.server.get_app())
  File "C:\Users\Евгения\AppData\Local\Programs\Python\Python313\Lib\wsgiref\handlers.py", line 137, in run
    self.result = application(self.environ, self.start_response)
  File "C:\Users\Евгения\Desktop\Projects_web\TeddysTale_with-BackEnd\venv\Lib\site-packages\django\contrib\staticfiles\handlers.py", line 80, in __call__
    return self.application(environ, start_response)
  File "C:\Users\Евгения\Desktop\Projects_web\TeddysTale_with-BackEnd\venv\Lib\site-packages\django\core\handlers\wsgi.py", line 124, in __call__
    response = self.get_response(request)
  File "C:\Users\Евгения\Desktop\Projects_web\TeddysTale_with-BackEnd\venv\Lib\site-packages\django\core\handlers\base.py", line 140, in get_response
    response = self._middleware_chain(request)
  File "C:\Users\Евгения\Desktop\Projects_web\TeddysTale_with-BackEnd\venv\Lib\site-packages\django\core\handlers\exception.py", line 55, in inner
    response = get_response(request)
  File "C:\Users\Евгения\Desktop\Projects_web\TeddysTale_with-BackEnd\venv\Lib\site-packages\django\utils\deprecation.py", line 120, in __call__
    response = response or self.get_response(request)
  File "C:\Users\Евгения\Desktop\Projects_web\TeddysTale_with-BackEnd\venv\Lib\site-packages\django\core\handlers\exception.py", line 55, in inner
    response = get_response(request)
  File "C:\Users\Евгения\Desktop\Projects_web\TeddysTale_with-BackEnd\venv\Lib\site-packages\whitenoise\middleware.py", line 123, in __call__
    return self.get_response(request)
  File "C:\Users\Евгения\Desktop\Projects_web\TeddysTale_with-BackEnd\venv\Lib\site-packages\django\core\handlers\exception.py", line 55, in inner
    response = get_response(request)
  File "C:\Users\Евгения\Desktop\Projects_web\TeddysTale_with-BackEnd\venv\Lib\site-packages\django\utils\deprecation.py", line 120, in __call__
    response = response or self.get_response(request)
  File "C:\Users\Евгения\Desktop\Projects_web\TeddysTale_with-BackEnd\venv\Lib\site-packages\django\core\handlers\exception.py", line 55, in inner
    response = get_response(request)
  File "C:\Users\Евгения\Desktop\Projects_web\TeddysTale_with-BackEnd\venv\Lib\site-packages\django\utils\deprecation.py", line 120, in __call__
    response = response or self.get_response(request)
  File "C:\Users\Евгения\Desktop\Projects_web\TeddysTale_with-BackEnd\venv\Lib\site-packages\django\core\handlers\exception.py", line 55, in inner
    response = get_response(request)
  File "C:\Users\Евгения\Desktop\Projects_web\TeddysTale_with-BackEnd\venv\Lib\site-packages\django\utils\deprecation.py", line 120, in __call__
    response = response or self.get_response(request)
  File "C:\Users\Евгения\Desktop\Projects_web\TeddysTale_with-BackEnd\venv\Lib\site-packages\django\core\handlers\exception.py", line 55, in inner
    response = get_response(request)
  File "C:\Users\Евгения\Desktop\Projects_web\TeddysTale_with-BackEnd\venv\Lib\site-packages\django\utils\deprecation.py", line 120, in __call__
    response = response or self.get_response(request)
  File "C:\Users\Евгения\Desktop\Projects_web\TeddysTale_with-BackEnd\venv\Lib\site-packages\django\core\handlers\exception.py", line 55, in inner
    response = get_response(request)
  File "C:\Users\Евгения\Desktop\Projects_web\TeddysTale_with-BackEnd\venv\Lib\site-packages\django\utils\deprecation.py", line 120, in __call__
    response = response or self.get_response(request)
  File "C:\Users\Евгения\Desktop\Projects_web\TeddysTale_with-BackEnd\venv\Lib\site-packages\django\core\handlers\exception.py", line 55, in inner
    response = get_response(request)
  File "C:\Users\Евгения\Desktop\Projects_web\TeddysTale_with-BackEnd\venv\Lib\site-packages\django\utils\deprecation.py", line 120, in __call__
    response = response or self.get_response(request)
  File "C:\Users\Евгения\Desktop\Projects_web\TeddysTale_with-BackEnd\venv\Lib\site-packages\django\core\handlers\exception.py", line 55, in inner
    response = get_response(request)
  File "C:\Users\Евгения\Desktop\Projects_web\TeddysTale_with-BackEnd\venv\Lib\site-packages\django\utils\deprecation.py", line 120, in __call__
    response = response or self.get_response(request)
  File "C:\Users\Евгения\Desktop\Projects_web\TeddysTale_with-BackEnd\venv\Lib\site-packages\django\core\handlers\exception.py", line 55, in inner
    response = get_response(request)
  File "C:\Users\Евгения\Desktop\Projects_web\TeddysTale_with-BackEnd\TeddyTale\TeddyTale\middleware.py", line 24, in __call__
    response = self.get_response(request)
  File "C:\Users\Евгения\Desktop\Projects_web\TeddysTale_with-BackEnd\venv\Lib\site-packages\django\core\handlers\exception.py", line 55, in inner
    response = get_response(request)
  File "C:\Users\Евгения\Desktop\Projects_web\TeddysTale_with-BackEnd\venv\Lib\site-packages\django\core\handlers\base.py", line 197, in _get_response
    response = wrapped_callback(request, *callback_args, **callback_kwargs)
  File "C:\Users\Евгения\Desktop\Projects_web\TeddysTale_with-BackEnd\TeddyTale\landing\views.py", line 167, in index
    logger.error(f"КРИТИЧЕСКАЯ ОШИБКА при загрузке данных главной страницы: {str(e)}",
[2026-01-02 14:00:18] WARNING landing.views - Используется резервный режим с безопасными значениями
[2026-01-02 14:00:30] ERROR landing.views - КРИТИЧЕСКАЯ ОШИБКА при загрузке данных главной страницы: server closed the connection unexpectedly
	This probably means the server terminated abnormally
	before or while processing the request.
server closed the connection unexpectedly
	This probably means the server terminated abnormally
	before or while processing the request.
Traceback (most recent call last):
  File "C:\Users\Евгения\Desktop\Projects_web\TeddysTale_with-BackEnd\venv\Lib\site-packages\django\db\backends\utils.py", line 105, in _execute
    return self.cursor.execute(sql, params)
           ~~~~~~~~~~~~~~~~~~~^^^^^^^^^^^^^
psycopg2.OperationalError: server closed the connection unexpectedly
	This probably means the server terminated abnormally
	before or while processing the request.
server closed the connection unexpectedly
	This probably means the server terminated abnormally
	before or while processing the request.


The above exception was the direct cause of the following exception:

Traceback (most recent call last):
  File "C:\Users\Евгения\Desktop\Projects_web\TeddysTale_with-BackEnd\TeddyTale\landing\views.py", line 50, in index
    shop_items = list(ShopItem.objects.filter(is_active=True).order_by('slot_number'))
  File "C:\Users\Евгения\Desktop\Projects_web\TeddysTale_with-BackEnd\venv\Lib\site-packages\django\db\models\query.py", line 386, in __iter__
    self._fetch_all()
    ~~~~~~~~~~~~~~~^^
  File "C:\Users\Евгения\Desktop\Projects_web\TeddysTale_with-BackEnd\venv\Lib\site-packages\django\db\models\query.py", line 1954, in _fetch_all
    self._result_cache = list(self._iterable_class(self))
                         ~~~~^^^^^^^^^^^^^^^^^^^^^^^^^^^^
  File "C:\Users\Евгения\Desktop\Projects_web\TeddysTale_with-BackEnd\venv\Lib\site-packages\django\db\models\query.py", line 93, in __iter__
    results = compiler.execute_sql(
        chunked_fetch=self.chunked_fetch, chunk_size=self.chunk_size
    )
  File "C:\Users\Евгения\Desktop\Projects_web\TeddysTale_with-BackEnd\venv\Lib\site-packages\django\db\models\sql\compiler.py", line 1623, in execute_sql
    cursor.execute(sql, params)
    ~~~~~~~~~~~~~~^^^^^^^^^^^^^
  File "C:\Users\Евгения\Desktop\Projects_web\TeddysTale_with-BackEnd\venv\Lib\site-packages\django\db\backends\utils.py", line 122, in execute
    return super().execute(sql, params)
           ~~~~~~~~~~~~~~~^^^^^^^^^^^^^
  File "C:\Users\Евгения\Desktop\Projects_web\TeddysTale_with-BackEnd\venv\Lib\site-packages\django\db\backends\utils.py", line 79, in execute
    return self._execute_with_wrappers(
           ~~~~~~~~~~~~~~~~~~~~~~~~~~~^
        sql, params, many=False, executor=self._execute
        ^^^^^^^^^^^^^^^^^^^^^^^^^^^^^^^^^^^^^^^^^^^^^^^
    )
    ^
  File "C:\Users\Евгения\Desktop\Projects_web\TeddysTale_with-BackEnd\venv\Lib\site-packages\django\db\backends\utils.py", line 92, in _execute_with_wrappers
    return executor(sql, params, many, context)
  File "C:\Users\Евгения\Desktop\Projects_web\TeddysTale_with-BackEnd\venv\Lib\site-packages\django\db\backends\utils.py", line 100, in _execute
    with self.db.wrap_database_errors:
         ^^^^^^^^^^^^^^^^^^^^^^^^^^^^
  File "C:\Users\Евгения\Desktop\Projects_web\TeddysTale_with-BackEnd\venv\Lib\site-packages\django\db\utils.py", line 91, in __exit__
    raise dj_exc_value.with_traceback(traceback) from exc_value
  File "C:\Users\Евгения\Desktop\Projects_web\TeddysTale_with-BackEnd\venv\Lib\site-packages\django\db\backends\utils.py", line 105, in _execute
    return self.cursor.execute(sql, params)
           ~~~~~~~~~~~~~~~~~~~^^^^^^^^^^^^^
django.db.utils.OperationalError: server closed the connection unexpectedly
	This probably means the server terminated abnormally
	before or while processing the request.
server closed the connection unexpectedly
	This probably means the server terminated abnormally
	before or while processing the request.
Stack (most recent call last):
  File "C:\Users\Евгения\AppData\Local\Programs\Python\Python313\Lib\threading.py", line 1014, in _bootstrap
    self._bootstrap_inner()
  File "C:\Users\Евгения\AppData\Local\Programs\Python\Python313\Lib\threading.py", line 1043, in _bootstrap_inner
    self.run()
  File "C:\Users\Евгения\AppData\Local\Programs\Python\Python313\Lib\threading.py", line 994, in run
    self._target(*self._args, **self._kwargs)
  File "C:\Users\Евгения\AppData\Local\Programs\Python\Python313\Lib\socketserver.py", line 697, in process_request_thread
    self.finish_request(request, client_address)
  File "C:\Users\Евгения\AppData\Local\Programs\Python\Python313\Lib\socketserver.py", line 362, in finish_request
    self.RequestHandlerClass(request, client_address, self)
  File "C:\Users\Евгения\AppData\Local\Programs\Python\Python313\Lib\socketserver.py", line 766, in __init__
    self.handle()
  File "C:\Users\Евгения\Desktop\Projects_web\TeddysTale_with-BackEnd\venv\Lib\site-packages\django\core\servers\basehttp.py", line 228, in handle
    self.handle_one_request()
  File "C:\Users\Евгения\Desktop\Projects_web\TeddysTale_with-BackEnd\venv\Lib\site-packages\django\core\servers\basehttp.py", line 253, in handle_one_request
    handler.run(self.server.get_app())
  File "C:\Users\Евгения\AppData\Local\Programs\Python\Python313\Lib\wsgiref\handlers.py", line 137, in run
    self.result = application(self.environ, self.start_response)
  File "C:\Users\Евгения\Desktop\Projects_web\TeddysTale_with-BackEnd\venv\Lib\site-packages\django\contrib\staticfiles\handlers.py", line 80, in __call__
    return self.application(environ, start_response)
  File "C:\Users\Евгения\Desktop\Projects_web\TeddysTale_with-BackEnd\venv\Lib\site-packages\django\core\handlers\wsgi.py", line 124, in __call__
    response = self.get_response(request)
  File "C:\Users\Евгения\Desktop\Projects_web\TeddysTale_with-BackEnd\venv\Lib\site-packages\django\core\handlers\base.py", line 140, in get_response
    response = self._middleware_chain(request)
  File "C:\Users\Евгения\Desktop\Projects_web\TeddysTale_with-BackEnd\venv\Lib\site-packages\django\core\handlers\exception.py", line 55, in inner
    response = get_response(request)
  File "C:\Users\Евгения\Desktop\Projects_web\TeddysTale_with-BackEnd\venv\Lib\site-packages\django\utils\deprecation.py", line 120, in __call__
    response = response or self.get_response(request)
  File "C:\Users\Евгения\Desktop\Projects_web\TeddysTale_with-BackEnd\venv\Lib\site-packages\django\core\handlers\exception.py", line 55, in inner
    response = get_response(request)
  File "C:\Users\Евгения\Desktop\Projects_web\TeddysTale_with-BackEnd\venv\Lib\site-packages\whitenoise\middleware.py", line 123, in __call__
    return self.get_response(request)
  File "C:\Users\Евгения\Desktop\Projects_web\TeddysTale_with-BackEnd\venv\Lib\site-packages\django\core\handlers\exception.py", line 55, in inner
    response = get_response(request)
  File "C:\Users\Евгения\Desktop\Projects_web\TeddysTale_with-BackEnd\venv\Lib\site-packages\django\utils\deprecation.py", line 120, in __call__
    response = response or self.get_response(request)
  File "C:\Users\Евгения\Desktop\Projects_web\TeddysTale_with-BackEnd\venv\Lib\site-packages\django\core\handlers\exception.py", line 55, in inner
    response = get_response(request)
  File "C:\Users\Евгения\Desktop\Projects_web\TeddysTale_with-BackEnd\venv\Lib\site-packages\django\utils\deprecation.py", line 120, in __call__
    response = response or self.get_response(request)
  File "C:\Users\Евгения\Desktop\Projects_web\TeddysTale_with-BackEnd\venv\Lib\site-packages\django\core\handlers\exception.py", line 55, in inner
    response = get_response(request)
  File "C:\Users\Евгения\Desktop\Projects_web\TeddysTale_with-BackEnd\venv\Lib\site-packages\django\utils\deprecation.py", line 120, in __call__
    response = response or self.get_response(request)
  File "C:\Users\Евгения\Desktop\Projects_web\TeddysTale_with-BackEnd\venv\Lib\site-packages\django\core\handlers\exception.py", line 55, in inner
    response = get_response(request)
  File "C:\Users\Евгения\Desktop\Projects_web\TeddysTale_with-BackEnd\venv\Lib\site-packages\django\utils\deprecation.py", line 120, in __call__
    response = response or self.get_response(request)
  File "C:\Users\Евгения\Desktop\Projects_web\TeddysTale_with-BackEnd\venv\Lib\site-packages\django\core\handlers\exception.py", line 55, in inner
    response = get_response(request)
  File "C:\Users\Евгения\Desktop\Projects_web\TeddysTale_with-BackEnd\venv\Lib\site-packages\django\utils\deprecation.py", line 120, in __call__
    response = response or self.get_response(request)
  File "C:\Users\Евгения\Desktop\Projects_web\TeddysTale_with-BackEnd\venv\Lib\site-packages\django\core\handlers\exception.py", line 55, in inner
    response = get_response(request)
  File "C:\Users\Евгения\Desktop\Projects_web\TeddysTale_with-BackEnd\venv\Lib\site-packages\django\utils\deprecation.py", line 120, in __call__
    response = response or self.get_response(request)
  File "C:\Users\Евгения\Desktop\Projects_web\TeddysTale_with-BackEnd\venv\Lib\site-packages\django\core\handlers\exception.py", line 55, in inner
    response = get_response(request)
  File "C:\Users\Евгения\Desktop\Projects_web\TeddysTale_with-BackEnd\venv\Lib\site-packages\django\utils\deprecation.py", line 120, in __call__
    response = response or self.get_response(request)
  File "C:\Users\Евгения\Desktop\Projects_web\TeddysTale_with-BackEnd\venv\Lib\site-packages\django\core\handlers\exception.py", line 55, in inner
    response = get_response(request)
  File "C:\Users\Евгения\Desktop\Projects_web\TeddysTale_with-BackEnd\TeddyTale\TeddyTale\middleware.py", line 24, in __call__
    response = self.get_response(request)
  File "C:\Users\Евгения\Desktop\Projects_web\TeddysTale_with-BackEnd\venv\Lib\site-packages\django\core\handlers\exception.py", line 55, in inner
    response = get_response(request)
  File "C:\Users\Евгения\Desktop\Projects_web\TeddysTale_with-BackEnd\venv\Lib\site-packages\django\core\handlers\base.py", line 197, in _get_response
    response = wrapped_callback(request, *callback_args, **callback_kwargs)
  File "C:\Users\Евгения\Desktop\Projects_web\TeddysTale_with-BackEnd\TeddyTale\landing\views.py", line 167, in index
    logger.error(f"КРИТИЧЕСКАЯ ОШИБКА при загрузке данных главной страницы: {str(e)}",
[2026-01-02 14:00:31] WARNING landing.views - Используется резервный режим с безопасными значениями
[2026-01-02 14:00:39] ERROR landing.views - КРИТИЧЕСКАЯ ОШИБКА при загрузке данных главной страницы: server closed the connection unexpectedly
	This probably means the server terminated abnormally
	before or while processing the request.
server closed the connection unexpectedly
	This probably means the server terminated abnormally
	before or while processing the request.
Traceback (most recent call last):
  File "C:\Users\Евгения\Desktop\Projects_web\TeddysTale_with-BackEnd\venv\Lib\site-packages\django\db\backends\utils.py", line 105, in _execute
    return self.cursor.execute(sql, params)
           ~~~~~~~~~~~~~~~~~~~^^^^^^^^^^^^^
psycopg2.OperationalError: server closed the connection unexpectedly
	This probably means the server terminated abnormally
	before or while processing the request.
server closed the connection unexpectedly
	This probably means the server terminated abnormally
	before or while processing the request.


The above exception was the direct cause of the following exception:

Traceback (most recent call last):
  File "C:\Users\Евгения\Desktop\Projects_web\TeddysTale_with-BackEnd\TeddyTale\landing\views.py", line 50, in index
    shop_items = list(ShopItem.objects.filter(is_active=True).order_by('slot_number'))
  File "C:\Users\Евгения\Desktop\Projects_web\TeddysTale_with-BackEnd\venv\Lib\site-packages\django\db\models\query.py", line 386, in __iter__
    self._fetch_all()
    ~~~~~~~~~~~~~~~^^
  File "C:\Users\Евгения\Desktop\Projects_web\TeddysTale_with-BackEnd\venv\Lib\site-packages\django\db\models\query.py", line 1954, in _fetch_all
    self._result_cache = list(self._iterable_class(self))
                         ~~~~^^^^^^^^^^^^^^^^^^^^^^^^^^^^
  File "C:\Users\Евгения\Desktop\Projects_web\TeddysTale_with-BackEnd\venv\Lib\site-packages\django\db\models\query.py", line 93, in __iter__
    results = compiler.execute_sql(
        chunked_fetch=self.chunked_fetch, chunk_size=self.chunk_size
    )
  File "C:\Users\Евгения\Desktop\Projects_web\TeddysTale_with-BackEnd\venv\Lib\site-packages\django\db\models\sql\compiler.py", line 1623, in execute_sql
    cursor.execute(sql, params)
    ~~~~~~~~~~~~~~^^^^^^^^^^^^^
  File "C:\Users\Евгения\Desktop\Projects_web\TeddysTale_with-BackEnd\venv\Lib\site-packages\django\db\backends\utils.py", line 122, in execute
    return super().execute(sql, params)
           ~~~~~~~~~~~~~~~^^^^^^^^^^^^^
  File "C:\Users\Евгения\Desktop\Projects_web\TeddysTale_with-BackEnd\venv\Lib\site-packages\django\db\backends\utils.py", line 79, in execute
    return self._execute_with_wrappers(
           ~~~~~~~~~~~~~~~~~~~~~~~~~~~^
        sql, params, many=False, executor=self._execute
        ^^^^^^^^^^^^^^^^^^^^^^^^^^^^^^^^^^^^^^^^^^^^^^^
    )
    ^
  File "C:\Users\Евгения\Desktop\Projects_web\TeddysTale_with-BackEnd\venv\Lib\site-packages\django\db\backends\utils.py", line 92, in _execute_with_wrappers
    return executor(sql, params, many, context)
  File "C:\Users\Евгения\Desktop\Projects_web\TeddysTale_with-BackEnd\venv\Lib\site-packages\django\db\backends\utils.py", line 100, in _execute
    with self.db.wrap_database_errors:
         ^^^^^^^^^^^^^^^^^^^^^^^^^^^^
  File "C:\Users\Евгения\Desktop\Projects_web\TeddysTale_with-BackEnd\venv\Lib\site-packages\django\db\utils.py", line 91, in __exit__
    raise dj_exc_value.with_traceback(traceback) from exc_value
  File "C:\Users\Евгения\Desktop\Projects_web\TeddysTale_with-BackEnd\venv\Lib\site-packages\django\db\backends\utils.py", line 105, in _execute
    return self.cursor.execute(sql, params)
           ~~~~~~~~~~~~~~~~~~~^^^^^^^^^^^^^
django.db.utils.OperationalError: server closed the connection unexpectedly
	This probably means the server terminated abnormally
	before or while processing the request.
server closed the connection unexpectedly
	This probably means the server terminated abnormally
	before or while processing the request.
Stack (most recent call last):
  File "C:\Users\Евгения\AppData\Local\Programs\Python\Python313\Lib\threading.py", line 1014, in _bootstrap
    self._bootstrap_inner()
  File "C:\Users\Евгения\AppData\Local\Programs\Python\Python313\Lib\threading.py", line 1043, in _bootstrap_inner
    self.run()
  File "C:\Users\Евгения\AppData\Local\Programs\Python\Python313\Lib\threading.py", line 994, in run
    self._target(*self._args, **self._kwargs)
  File "C:\Users\Евгения\AppData\Local\Programs\Python\Python313\Lib\socketserver.py", line 697, in process_request_thread
    self.finish_request(request, client_address)
  File "C:\Users\Евгения\AppData\Local\Programs\Python\Python313\Lib\socketserver.py", line 362, in finish_request
    self.RequestHandlerClass(request, client_address, self)
  File "C:\Users\Евгения\AppData\Local\Programs\Python\Python313\Lib\socketserver.py", line 766, in __init__
    self.handle()
  File "C:\Users\Евгения\Desktop\Projects_web\TeddysTale_with-BackEnd\venv\Lib\site-packages\django\core\servers\basehttp.py", line 228, in handle
    self.handle_one_request()
  File "C:\Users\Евгения\Desktop\Projects_web\TeddysTale_with-BackEnd\venv\Lib\site-packages\django\core\servers\basehttp.py", line 253, in handle_one_request
    handler.run(self.server.get_app())
  File "C:\Users\Евгения\AppData\Local\Programs\Python\Python313\Lib\wsgiref\handlers.py", line 137, in run
    self.result = application(self.environ, self.start_response)
  File "C:\Users\Евгения\Desktop\Projects_web\TeddysTale_with-BackEnd\venv\Lib\site-packages\django\contrib\staticfiles\handlers.py", line 80, in __call__
    return self.application(environ, start_response)
  File "C:\Users\Евгения\Desktop\Projects_web\TeddysTale_with-BackEnd\venv\Lib\site-packages\django\core\handlers\wsgi.py", line 124, in __call__
    response = self.get_response(request)
  File "C:\Users\Евгения\Desktop\Projects_web\TeddysTale_with-BackEnd\venv\Lib\site-packages\django\core\handlers\base.py", line 140, in get_response
    response = self._middleware_chain(request)
  File "C:\Users\Евгения\Desktop\Projects_web\TeddysTale_with-BackEnd\venv\Lib\site-packages\django\core\handlers\exception.py", line 55, in inner
    response = get_response(request)
  File "C:\Users\Евгения\Desktop\Projects_web\TeddysTale_with-BackEnd\venv\Lib\site-packages\django\utils\deprecation.py", line 120, in __call__
    response = response or self.get_response(request)
  File "C:\Users\Евгения\Desktop\Projects_web\TeddysTale_with-BackEnd\venv\Lib\site-packages\django\core\handlers\exception.py", line 55, in inner
    response = get_response(request)
  File "C:\Users\Евгения\Desktop\Projects_web\TeddysTale_with-BackEnd\venv\Lib\site-packages\whitenoise\middleware.py", line 123, in __call__
    return self.get_response(request)
  File "C:\Users\Евгения\Desktop\Projects_web\TeddysTale_with-BackEnd\venv\Lib\site-packages\django\core\handlers\exception.py", line 55, in inner
    response = get_response(request)
  File "C:\Users\Евгения\Desktop\Projects_web\TeddysTale_with-BackEnd\venv\Lib\site-packages\django\utils\deprecation.py", line 120, in __call__
    response = response or self.get_response(request)
  File "C:\Users\Евгения\Desktop\Projects_web\TeddysTale_with-BackEnd\venv\Lib\site-packages\django\core\handlers\exception.py", line 55, in inner
    response = get_response(request)
  File "C:\Users\Евгения\Desktop\Projects_web\TeddysTale_with-BackEnd\venv\Lib\site-packages\django\utils\deprecation.py", line 120, in __call__
    response = response or self.get_response(request)
  File "C:\Users\Евгения\Desktop\Projects_web\TeddysTale_with-BackEnd\venv\Lib\site-packages\django\core\handlers\exception.py", line 55, in inner
    response = get_response(request)
  File "C:\Users\Евгения\Desktop\Projects_web\TeddysTale_with-BackEnd\venv\Lib\site-packages\django\utils\deprecation.py", line 120, in __call__
    response = response or self.get_response(request)
  File "C:\Users\Евгения\Desktop\Projects_web\TeddysTale_with-BackEnd\venv\Lib\site-packages\django\core\handlers\exception.py", line 55, in inner
    response = get_response(request)
  File "C:\Users\Евгения\Desktop\Projects_web\TeddysTale_with-BackEnd\venv\Lib\site-packages\django\utils\deprecation.py", line 120, in __call__
    response = response or self.get_response(request)
  File "C:\Users\Евгения\Desktop\Projects_web\TeddysTale_with-BackEnd\venv\Lib\site-packages\django\core\handlers\exception.py", line 55, in inner
    response = get_response(request)
  File "C:\Users\Евгения\Desktop\Projects_web\TeddysTale_with-BackEnd\venv\Lib\site-packages\django\utils\deprecation.py", line 120, in __call__
    response = response or self.get_response(request)
  File "C:\Users\Евгения\Desktop\Projects_web\TeddysTale_with-BackEnd\venv\Lib\site-packages\django\core\handlers\exception.py", line 55, in inner
    response = get_response(request)
  File "C:\Users\Евгения\Desktop\Projects_web\TeddysTale_with-BackEnd\venv\Lib\site-packages\django\utils\deprecation.py", line 120, in __call__
    response = response or self.get_response(request)
  File "C:\Users\Евгения\Desktop\Projects_web\TeddysTale_with-BackEnd\venv\Lib\site-packages\django\core\handlers\exception.py", line 55, in inner
    response = get_response(request)
  File "C:\Users\Евгения\Desktop\Projects_web\TeddysTale_with-BackEnd\venv\Lib\site-packages\django\utils\deprecation.py", line 120, in __call__
    response = response or self.get_response(request)
  File "C:\Users\Евгения\Desktop\Projects_web\TeddysTale_with-BackEnd\venv\Lib\site-packages\django\core\handlers\exception.py", line 55, in inner
    response = get_response(request)
  File "C:\Users\Евгения\Desktop\Projects_web\TeddysTale_with-BackEnd\TeddyTale\TeddyTale\middleware.py", line 24, in __call__
    response = self.get_response(request)
  File "C:\Users\Евгения\Desktop\Projects_web\TeddysTale_with-BackEnd\venv\Lib\site-packages\django\core\handlers\exception.py", line 55, in inner
    response = get_response(request)
  File "C:\Users\Евгения\Desktop\Projects_web\TeddysTale_with-BackEnd\venv\Lib\site-packages\django\core\handlers\base.py", line 197, in _get_response
    response = wrapped_callback(request, *callback_args, **callback_kwargs)
  File "C:\Users\Евгения\Desktop\Projects_web\TeddysTale_with-BackEnd\TeddyTale\landing\views.py", line 167, in index
    logger.error(f"КРИТИЧЕСКАЯ ОШИБКА при загрузке данных главной страницы: {str(e)}",
[2026-01-02 14:00:39] WARNING landing.views - Используется резервный режим с безопасными значениями
[2026-01-02 14:00:52] DEBUG landing.views - Загружено товаров из базы: 8
[2026-01-02 14:00:52] DEBUG landing.views - Показывать заглушки: True, количество: 1
[2026-01-02 14:00:52] WARNING landing.views - Секция 'contacts' не найдена в базе данных, используются значения по умолчанию
[2026-01-02 14:00:52] INFO landing.views - Главная страница успешно загружена. Товаров: 8, Координаты: 59.819987, 30.337649
[2026-01-02 14:03:00] ERROR landing.views - КРИТИЧЕСКАЯ ОШИБКА при загрузке данных главной страницы: server closed the connection unexpectedly
	This probably means the server terminated abnormally
	before or while processing the request.
server closed the connection unexpectedly
	This probably means the server terminated abnormally
	before or while processing the request.
Traceback (most recent call last):
  File "C:\Users\Евгения\Desktop\Projects_web\TeddysTale_with-BackEnd\venv\Lib\site-packages\django\db\backends\utils.py", line 105, in _execute
    return self.cursor.execute(sql, params)
           ~~~~~~~~~~~~~~~~~~~^^^^^^^^^^^^^
psycopg2.OperationalError: server closed the connection unexpectedly
	This probably means the server terminated abnormally
	before or while processing the request.
server closed the connection unexpectedly
	This probably means the server terminated abnormally
	before or while processing the request.


The above exception was the direct cause of the following exception:

Traceback (most recent call last):
  File "C:\Users\Евгения\Desktop\Projects_web\TeddysTale_with-BackEnd\TeddyTale\landing\views.py", line 50, in index
    shop_items = list(ShopItem.objects.filter(is_active=True).order_by('slot_number'))
  File "C:\Users\Евгения\Desktop\Projects_web\TeddysTale_with-BackEnd\venv\Lib\site-packages\django\db\models\query.py", line 386, in __iter__
    self._fetch_all()
    ~~~~~~~~~~~~~~~^^
  File "C:\Users\Евгения\Desktop\Projects_web\TeddysTale_with-BackEnd\venv\Lib\site-packages\django\db\models\query.py", line 1954, in _fetch_all
    self._result_cache = list(self._iterable_class(self))
                         ~~~~^^^^^^^^^^^^^^^^^^^^^^^^^^^^
  File "C:\Users\Евгения\Desktop\Projects_web\TeddysTale_with-BackEnd\venv\Lib\site-packages\django\db\models\query.py", line 93, in __iter__
    results = compiler.execute_sql(
        chunked_fetch=self.chunked_fetch, chunk_size=self.chunk_size
    )
  File "C:\Users\Евгения\Desktop\Projects_web\TeddysTale_with-BackEnd\venv\Lib\site-packages\django\db\models\sql\compiler.py", line 1623, in execute_sql
    cursor.execute(sql, params)
    ~~~~~~~~~~~~~~^^^^^^^^^^^^^
  File "C:\Users\Евгения\Desktop\Projects_web\TeddysTale_with-BackEnd\venv\Lib\site-packages\django\db\backends\utils.py", line 122, in execute
    return super().execute(sql, params)
           ~~~~~~~~~~~~~~~^^^^^^^^^^^^^
  File "C:\Users\Евгения\Desktop\Projects_web\TeddysTale_with-BackEnd\venv\Lib\site-packages\django\db\backends\utils.py", line 79, in execute
    return self._execute_with_wrappers(
           ~~~~~~~~~~~~~~~~~~~~~~~~~~~^
        sql, params, many=False, executor=self._execute
        ^^^^^^^^^^^^^^^^^^^^^^^^^^^^^^^^^^^^^^^^^^^^^^^
    )
    ^
  File "C:\Users\Евгения\Desktop\Projects_web\TeddysTale_with-BackEnd\venv\Lib\site-packages\django\db\backends\utils.py", line 92, in _execute_with_wrappers
    return executor(sql, params, many, context)
  File "C:\Users\Евгения\Desktop\Projects_web\TeddysTale_with-BackEnd\venv\Lib\site-packages\django\db\backends\utils.py", line 100, in _execute
    with self.db.wrap_database_errors:
         ^^^^^^^^^^^^^^^^^^^^^^^^^^^^
  File "C:\Users\Евгения\Desktop\Projects_web\TeddysTale_with-BackEnd\venv\Lib\site-packages\django\db\utils.py", line 91, in __exit__
    raise dj_exc_value.with_traceback(traceback) from exc_value
  File "C:\Users\Евгения\Desktop\Projects_web\TeddysTale_with-BackEnd\venv\Lib\site-packages\django\db\backends\utils.py", line 105, in _execute
    return self.cursor.execute(sql, params)
           ~~~~~~~~~~~~~~~~~~~^^^^^^^^^^^^^
django.db.utils.OperationalError: server closed the connection unexpectedly
	This probably means the server terminated abnormally
	before or while processing the request.
server closed the connection unexpectedly
	This probably means the server terminated abnormally
	before or while processing the request.
Stack (most recent call last):
  File "C:\Users\Евгения\AppData\Local\Programs\Python\Python313\Lib\threading.py", line 1014, in _bootstrap
    self._bootstrap_inner()
  File "C:\Users\Евгения\AppData\Local\Programs\Python\Python313\Lib\threading.py", line 1043, in _bootstrap_inner
    self.run()
  File "C:\Users\Евгения\AppData\Local\Programs\Python\Python313\Lib\threading.py", line 994, in run
    self._target(*self._args, **self._kwargs)
  File "C:\Users\Евгения\AppData\Local\Programs\Python\Python313\Lib\socketserver.py", line 697, in process_request_thread
    self.finish_request(request, client_address)
  File "C:\Users\Евгения\AppData\Local\Programs\Python\Python313\Lib\socketserver.py", line 362, in finish_request
    self.RequestHandlerClass(request, client_address, self)
  File "C:\Users\Евгения\AppData\Local\Programs\Python\Python313\Lib\socketserver.py", line 766, in __init__
    self.handle()
  File "C:\Users\Евгения\Desktop\Projects_web\TeddysTale_with-BackEnd\venv\Lib\site-packages\django\core\servers\basehttp.py", line 228, in handle
    self.handle_one_request()
  File "C:\Users\Евгения\Desktop\Projects_web\TeddysTale_with-BackEnd\venv\Lib\site-packages\django\core\servers\basehttp.py", line 253, in handle_one_request
    handler.run(self.server.get_app())
  File "C:\Users\Евгения\AppData\Local\Programs\Python\Python313\Lib\wsgiref\handlers.py", line 137, in run
    self.result = application(self.environ, self.start_response)
  File "C:\Users\Евгения\Desktop\Projects_web\TeddysTale_with-BackEnd\venv\Lib\site-packages\django\contrib\staticfiles\handlers.py", line 80, in __call__
    return self.application(environ, start_response)
  File "C:\Users\Евгения\Desktop\Projects_web\TeddysTale_with-BackEnd\venv\Lib\site-packages\django\core\handlers\wsgi.py", line 124, in __call__
    response = self.get_response(request)
  File "C:\Users\Евгения\Desktop\Projects_web\TeddysTale_with-BackEnd\venv\Lib\site-packages\django\core\handlers\base.py", line 140, in get_response
    response = self._middleware_chain(request)
  File "C:\Users\Евгения\Desktop\Projects_web\TeddysTale_with-BackEnd\venv\Lib\site-packages\django\core\handlers\exception.py", line 55, in inner
    response = get_response(request)
  File "C:\Users\Евгения\Desktop\Projects_web\TeddysTale_with-BackEnd\venv\Lib\site-packages\django\utils\deprecation.py", line 120, in __call__
    response = response or self.get_response(request)
  File "C:\Users\Евгения\Desktop\Projects_web\TeddysTale_with-BackEnd\venv\Lib\site-packages\django\core\handlers\exception.py", line 55, in inner
    response = get_response(request)
  File "C:\Users\Евгения\Desktop\Projects_web\TeddysTale_with-BackEnd\venv\Lib\site-packages\whitenoise\middleware.py", line 123, in __call__
    return self.get_response(request)
  File "C:\Users\Евгения\Desktop\Projects_web\TeddysTale_with-BackEnd\venv\Lib\site-packages\django\core\handlers\exception.py", line 55, in inner
    response = get_response(request)
  File "C:\Users\Евгения\Desktop\Projects_web\TeddysTale_with-BackEnd\venv\Lib\site-packages\django\utils\deprecation.py", line 120, in __call__
    response = response or self.get_response(request)
  File "C:\Users\Евгения\Desktop\Projects_web\TeddysTale_with-BackEnd\venv\Lib\site-packages\django\core\handlers\exception.py", line 55, in inner
    response = get_response(request)
  File "C:\Users\Евгения\Desktop\Projects_web\TeddysTale_with-BackEnd\venv\Lib\site-packages\django\utils\deprecation.py", line 120, in __call__
    response = response or self.get_response(request)
  File "C:\Users\Евгения\Desktop\Projects_web\TeddysTale_with-BackEnd\venv\Lib\site-packages\django\core\handlers\exception.py", line 55, in inner
    response = get_response(request)
  File "C:\Users\Евгения\Desktop\Projects_web\TeddysTale_with-BackEnd\venv\Lib\site-packages\django\utils\deprecation.py", line 120, in __call__
    response = response or self.get_response(request)
  File "C:\Users\Евгения\Desktop\Projects_web\TeddysTale_with-BackEnd\venv\Lib\site-packages\django\core\handlers\exception.py", line 55, in inner
    response = get_response(request)
  File "C:\Users\Евгения\Desktop\Projects_web\TeddysTale_with-BackEnd\venv\Lib\site-packages\django\utils\deprecation.py", line 120, in __call__
    response = response or self.get_response(request)
  File "C:\Users\Евгения\Desktop\Projects_web\TeddysTale_with-BackEnd\venv\Lib\site-packages\django\core\handlers\exception.py", line 55, in inner
    response = get_response(request)
  File "C:\Users\Евгения\Desktop\Projects_web\TeddysTale_with-BackEnd\venv\Lib\site-packages\django\utils\deprecation.py", line 120, in __call__
    response = response or self.get_response(request)
  File "C:\Users\Евгения\Desktop\Projects_web\TeddysTale_with-BackEnd\venv\Lib\site-packages\django\core\handlers\exception.py", line 55, in inner
    response = get_response(request)
  File "C:\Users\Евгения\Desktop\Projects_web\TeddysTale_with-BackEnd\venv\Lib\site-packages\django\utils\deprecation.py", line 120, in __call__
    response = response or self.get_response(request)
  File "C:\Users\Евгения\Desktop\Projects_web\TeddysTale_with-BackEnd\venv\Lib\site-packages\django\core\handlers\exception.py", line 55, in inner
    response = get_response(request)
  File "C:\Users\Евгения\Desktop\Projects_web\TeddysTale_with-BackEnd\venv\Lib\site-packages\django\utils\deprecation.py", line 120, in __call__
    response = response or self.get_response(request)
  File "C:\Users\Евгения\Desktop\Projects_web\TeddysTale_with-BackEnd\venv\Lib\site-packages\django\core\handlers\exception.py", line 55, in inner
    response = get_response(request)
  File "C:\Users\Евгения\Desktop\Projects_web\TeddysTale_with-BackEnd\TeddyTale\TeddyTale\middleware.py", line 24, in __call__
    response = self.get_response(request)
  File "C:\Users\Евгения\Desktop\Projects_web\TeddysTale_with-BackEnd\venv\Lib\site-packages\django\core\handlers\exception.py", line 55, in inner
    response = get_response(request)
  File "C:\Users\Евгения\Desktop\Projects_web\TeddysTale_with-BackEnd\venv\Lib\site-packages\django\core\handlers\base.py", line 197, in _get_response
    response = wrapped_callback(request, *callback_args, **callback_kwargs)
  File "C:\Users\Евгения\Desktop\Projects_web\TeddysTale_with-BackEnd\TeddyTale\landing\views.py", line 167, in index
    logger.error(f"КРИТИЧЕСКАЯ ОШИБКА при загрузке данных главной страницы: {str(e)}",
[2026-01-02 14:03:00] WARNING landing.views - Используется резервный режим с безопасными значениями
[2026-01-02 14:03:04] ERROR landing.views - КРИТИЧЕСКАЯ ОШИБКА при загрузке данных главной страницы: server closed the connection unexpectedly
	This probably means the server terminated abnormally
	before or while processing the request.
server closed the connection unexpectedly
	This probably means the server terminated abnormally
	before or while processing the request.
Traceback (most recent call last):
  File "C:\Users\Евгения\Desktop\Projects_web\TeddysTale_with-BackEnd\venv\Lib\site-packages\django\db\backends\utils.py", line 105, in _execute
    return self.cursor.execute(sql, params)
           ~~~~~~~~~~~~~~~~~~~^^^^^^^^^^^^^
psycopg2.OperationalError: server closed the connection unexpectedly
	This probably means the server terminated abnormally
	before or while processing the request.
server closed the connection unexpectedly
	This probably means the server terminated abnormally
	before or while processing the request.


The above exception was the direct cause of the following exception:

Traceback (most recent call last):
  File "C:\Users\Евгения\Desktop\Projects_web\TeddysTale_with-BackEnd\TeddyTale\landing\views.py", line 50, in index
    shop_items = list(ShopItem.objects.filter(is_active=True).order_by('slot_number'))
  File "C:\Users\Евгения\Desktop\Projects_web\TeddysTale_with-BackEnd\venv\Lib\site-packages\django\db\models\query.py", line 386, in __iter__
    self._fetch_all()
    ~~~~~~~~~~~~~~~^^
  File "C:\Users\Евгения\Desktop\Projects_web\TeddysTale_with-BackEnd\venv\Lib\site-packages\django\db\models\query.py", line 1954, in _fetch_all
    self._result_cache = list(self._iterable_class(self))
                         ~~~~^^^^^^^^^^^^^^^^^^^^^^^^^^^^
  File "C:\Users\Евгения\Desktop\Projects_web\TeddysTale_with-BackEnd\venv\Lib\site-packages\django\db\models\query.py", line 93, in __iter__
    results = compiler.execute_sql(
        chunked_fetch=self.chunked_fetch, chunk_size=self.chunk_size
    )
  File "C:\Users\Евгения\Desktop\Projects_web\TeddysTale_with-BackEnd\venv\Lib\site-packages\django\db\models\sql\compiler.py", line 1623, in execute_sql
    cursor.execute(sql, params)
    ~~~~~~~~~~~~~~^^^^^^^^^^^^^
  File "C:\Users\Евгения\Desktop\Projects_web\TeddysTale_with-BackEnd\venv\Lib\site-packages\django\db\backends\utils.py", line 122, in execute
    return super().execute(sql, params)
           ~~~~~~~~~~~~~~~^^^^^^^^^^^^^
  File "C:\Users\Евгения\Desktop\Projects_web\TeddysTale_with-BackEnd\venv\Lib\site-packages\django\db\backends\utils.py", line 79, in execute
    return self._execute_with_wrappers(
           ~~~~~~~~~~~~~~~~~~~~~~~~~~~^
        sql, params, many=False, executor=self._execute
        ^^^^^^^^^^^^^^^^^^^^^^^^^^^^^^^^^^^^^^^^^^^^^^^
    )
    ^
  File "C:\Users\Евгения\Desktop\Projects_web\TeddysTale_with-BackEnd\venv\Lib\site-packages\django\db\backends\utils.py", line 92, in _execute_with_wrappers
    return executor(sql, params, many, context)
  File "C:\Users\Евгения\Desktop\Projects_web\TeddysTale_with-BackEnd\venv\Lib\site-packages\django\db\backends\utils.py", line 100, in _execute
    with self.db.wrap_database_errors:
         ^^^^^^^^^^^^^^^^^^^^^^^^^^^^
  File "C:\Users\Евгения\Desktop\Projects_web\TeddysTale_with-BackEnd\venv\Lib\site-packages\django\db\utils.py", line 91, in __exit__
    raise dj_exc_value.with_traceback(traceback) from exc_value
  File "C:\Users\Евгения\Desktop\Projects_web\TeddysTale_with-BackEnd\venv\Lib\site-packages\django\db\backends\utils.py", line 105, in _execute
    return self.cursor.execute(sql, params)
           ~~~~~~~~~~~~~~~~~~~^^^^^^^^^^^^^
django.db.utils.OperationalError: server closed the connection unexpectedly
	This probably means the server terminated abnormally
	before or while processing the request.
server closed the connection unexpectedly
	This probably means the server terminated abnormally
	before or while processing the request.
Stack (most recent call last):
  File "C:\Users\Евгения\AppData\Local\Programs\Python\Python313\Lib\threading.py", line 1014, in _bootstrap
    self._bootstrap_inner()
  File "C:\Users\Евгения\AppData\Local\Programs\Python\Python313\Lib\threading.py", line 1043, in _bootstrap_inner
    self.run()
  File "C:\Users\Евгения\AppData\Local\Programs\Python\Python313\Lib\threading.py", line 994, in run
    self._target(*self._args, **self._kwargs)
  File "C:\Users\Евгения\AppData\Local\Programs\Python\Python313\Lib\socketserver.py", line 697, in process_request_thread
    self.finish_request(request, client_address)
  File "C:\Users\Евгения\AppData\Local\Programs\Python\Python313\Lib\socketserver.py", line 362, in finish_request
    self.RequestHandlerClass(request, client_address, self)
  File "C:\Users\Евгения\AppData\Local\Programs\Python\Python313\Lib\socketserver.py", line 766, in __init__
    self.handle()
  File "C:\Users\Евгения\Desktop\Projects_web\TeddysTale_with-BackEnd\venv\Lib\site-packages\django\core\servers\basehttp.py", line 228, in handle
    self.handle_one_request()
  File "C:\Users\Евгения\Desktop\Projects_web\TeddysTale_with-BackEnd\venv\Lib\site-packages\django\core\servers\basehttp.py", line 253, in handle_one_request
    handler.run(self.server.get_app())
  File "C:\Users\Евгения\AppData\Local\Programs\Python\Python313\Lib\wsgiref\handlers.py", line 137, in run
    self.result = application(self.environ, self.start_response)
  File "C:\Users\Евгения\Desktop\Projects_web\TeddysTale_with-BackEnd\venv\Lib\site-packages\django\contrib\staticfiles\handlers.py", line 80, in __call__
    return self.application(environ, start_response)
  File "C:\Users\Евгения\Desktop\Projects_web\TeddysTale_with-BackEnd\venv\Lib\site-packages\django\core\handlers\wsgi.py", line 124, in __call__
    response = self.get_response(request)
  File "C:\Users\Евгения\Desktop\Projects_web\TeddysTale_with-BackEnd\venv\Lib\site-packages\django\core\handlers\base.py", line 140, in get_response
    response = self._middleware_chain(request)
  File "C:\Users\Евгения\Desktop\Projects_web\TeddysTale_with-BackEnd\venv\Lib\site-packages\django\core\handlers\exception.py", line 55, in inner
    response = get_response(request)
  File "C:\Users\Евгения\Desktop\Projects_web\TeddysTale_with-BackEnd\venv\Lib\site-packages\django\utils\deprecation.py", line 120, in __call__
    response = response or self.get_response(request)
  File "C:\Users\Евгения\Desktop\Projects_web\TeddysTale_with-BackEnd\venv\Lib\site-packages\django\core\handlers\exception.py", line 55, in inner
    response = get_response(request)
  File "C:\Users\Евгения\Desktop\Projects_web\TeddysTale_with-BackEnd\venv\Lib\site-packages\whitenoise\middleware.py", line 123, in __call__
    return self.get_response(request)
  File "C:\Users\Евгения\Desktop\Projects_web\TeddysTale_with-BackEnd\venv\Lib\site-packages\django\core\handlers\exception.py", line 55, in inner
    response = get_response(request)
  File "C:\Users\Евгения\Desktop\Projects_web\TeddysTale_with-BackEnd\venv\Lib\site-packages\django\utils\deprecation.py", line 120, in __call__
    response = response or self.get_response(request)
  File "C:\Users\Евгения\Desktop\Projects_web\TeddysTale_with-BackEnd\venv\Lib\site-packages\django\core\handlers\exception.py", line 55, in inner
    response = get_response(request)
  File "C:\Users\Евгения\Desktop\Projects_web\TeddysTale_with-BackEnd\venv\Lib\site-packages\django\utils\deprecation.py", line 120, in __call__
    response = response or self.get_response(request)
  File "C:\Users\Евгения\Desktop\Projects_web\TeddysTale_with-BackEnd\venv\Lib\site-packages\django\core\handlers\exception.py", line 55, in inner
    response = get_response(request)
  File "C:\Users\Евгения\Desktop\Projects_web\TeddysTale_with-BackEnd\venv\Lib\site-packages\django\utils\deprecation.py", line 120, in __call__
    response = response or self.get_response(request)
  File "C:\Users\Евгения\Desktop\Projects_web\TeddysTale_with-BackEnd\venv\Lib\site-packages\django\core\handlers\exception.py", line 55, in inner
    response = get_response(request)
  File "C:\Users\Евгения\Desktop\Projects_web\TeddysTale_with-BackEnd\venv\Lib\site-packages\django\utils\deprecation.py", line 120, in __call__
    response = response or self.get_response(request)
  File "C:\Users\Евгения\Desktop\Projects_web\TeddysTale_with-BackEnd\venv\Lib\site-packages\django\core\handlers\exception.py", line 55, in inner
    response = get_response(request)
  File "C:\Users\Евгения\Desktop\Projects_web\TeddysTale_with-BackEnd\venv\Lib\site-packages\django\utils\deprecation.py", line 120, in __call__
    response = response or self.get_response(request)
  File "C:\Users\Евгения\Desktop\Projects_web\TeddysTale_with-BackEnd\venv\Lib\site-packages\django\core\handlers\exception.py", line 55, in inner
    response = get_response(request)
  File "C:\Users\Евгения\Desktop\Projects_web\TeddysTale_with-BackEnd\venv\Lib\site-packages\django\utils\deprecation.py", line 120, in __call__
    response = response or self.get_response(request)
  File "C:\Users\Евгения\Desktop\Projects_web\TeddysTale_with-BackEnd\venv\Lib\site-packages\django\core\handlers\exception.py", line 55, in inner
    response = get_response(request)
  File "C:\Users\Евгения\Desktop\Projects_web\TeddysTale_with-BackEnd\venv\Lib\site-packages\django\utils\deprecation.py", line 120, in __call__
    response = response or self.get_response(request)
  File "C:\Users\Евгения\Desktop\Projects_web\TeddysTale_with-BackEnd\venv\Lib\site-packages\django\core\handlers\exception.py", line 55, in inner
    response = get_response(request)
  File "C:\Users\Евгения\Desktop\Projects_web\TeddysTale_with-BackEnd\TeddyTale\TeddyTale\middleware.py", line 24, in __call__
    response = self.get_response(request)
  File "C:\Users\Евгения\Desktop\Projects_web\TeddysTale_with-BackEnd\venv\Lib\site-packages\django\core\handlers\exception.py", line 55, in inner
    response = get_response(request)
  File "C:\Users\Евгения\Desktop\Projects_web\TeddysTale_with-BackEnd\venv\Lib\site-packages\django\core\handlers\base.py", line 197, in _get_response
    response = wrapped_callback(request, *callback_args, **callback_kwargs)
  File "C:\Users\Евгения\Desktop\Projects_web\TeddysTale_with-BackEnd\TeddyTale\landing\views.py", line 167, in index
    logger.error(f"КРИТИЧЕСКАЯ ОШИБКА при загрузке данных главной страницы: {str(e)}",
[2026-01-02 14:03:04] WARNING landing.views - Используется резервный режим с безопасными значениями
[2026-01-02 14:03:16] ERROR landing.views - КРИТИЧЕСКАЯ ОШИБКА при загрузке данных главной страницы: server closed the connection unexpectedly
	This probably means the server terminated abnormally
	before or while processing the request.
server closed the connection unexpectedly
	This probably means the server terminated abnormally
	before or while processing the request.
Traceback (most recent call last):
  File "C:\Users\Евгения\Desktop\Projects_web\TeddysTale_with-BackEnd\venv\Lib\site-packages\django\db\backends\utils.py", line 105, in _execute
    return self.cursor.execute(sql, params)
           ~~~~~~~~~~~~~~~~~~~^^^^^^^^^^^^^
psycopg2.OperationalError: server closed the connection unexpectedly
	This probably means the server terminated abnormally
	before or while processing the request.
server closed the connection unexpectedly
	This probably means the server terminated abnormally
	before or while processing the request.


The above exception was the direct cause of the following exception:

Traceback (most recent call last):
  File "C:\Users\Евгения\Desktop\Projects_web\TeddysTale_with-BackEnd\TeddyTale\landing\views.py", line 50, in index
    shop_items = list(ShopItem.objects.filter(is_active=True).order_by('slot_number'))
  File "C:\Users\Евгения\Desktop\Projects_web\TeddysTale_with-BackEnd\venv\Lib\site-packages\django\db\models\query.py", line 386, in __iter__
    self._fetch_all()
    ~~~~~~~~~~~~~~~^^
  File "C:\Users\Евгения\Desktop\Projects_web\TeddysTale_with-BackEnd\venv\Lib\site-packages\django\db\models\query.py", line 1954, in _fetch_all
    self._result_cache = list(self._iterable_class(self))
                         ~~~~^^^^^^^^^^^^^^^^^^^^^^^^^^^^
  File "C:\Users\Евгения\Desktop\Projects_web\TeddysTale_with-BackEnd\venv\Lib\site-packages\django\db\models\query.py", line 93, in __iter__
    results = compiler.execute_sql(
        chunked_fetch=self.chunked_fetch, chunk_size=self.chunk_size
    )
  File "C:\Users\Евгения\Desktop\Projects_web\TeddysTale_with-BackEnd\venv\Lib\site-packages\django\db\models\sql\compiler.py", line 1623, in execute_sql
    cursor.execute(sql, params)
    ~~~~~~~~~~~~~~^^^^^^^^^^^^^
  File "C:\Users\Евгения\Desktop\Projects_web\TeddysTale_with-BackEnd\venv\Lib\site-packages\django\db\backends\utils.py", line 122, in execute
    return super().execute(sql, params)
           ~~~~~~~~~~~~~~~^^^^^^^^^^^^^
  File "C:\Users\Евгения\Desktop\Projects_web\TeddysTale_with-BackEnd\venv\Lib\site-packages\django\db\backends\utils.py", line 79, in execute
    return self._execute_with_wrappers(
           ~~~~~~~~~~~~~~~~~~~~~~~~~~~^
        sql, params, many=False, executor=self._execute
        ^^^^^^^^^^^^^^^^^^^^^^^^^^^^^^^^^^^^^^^^^^^^^^^
    )
    ^
  File "C:\Users\Евгения\Desktop\Projects_web\TeddysTale_with-BackEnd\venv\Lib\site-packages\django\db\backends\utils.py", line 92, in _execute_with_wrappers
    return executor(sql, params, many, context)
  File "C:\Users\Евгения\Desktop\Projects_web\TeddysTale_with-BackEnd\venv\Lib\site-packages\django\db\backends\utils.py", line 100, in _execute
    with self.db.wrap_database_errors:
         ^^^^^^^^^^^^^^^^^^^^^^^^^^^^
  File "C:\Users\Евгения\Desktop\Projects_web\TeddysTale_with-BackEnd\venv\Lib\site-packages\django\db\utils.py", line 91, in __exit__
    raise dj_exc_value.with_traceback(traceback) from exc_value
  File "C:\Users\Евгения\Desktop\Projects_web\TeddysTale_with-BackEnd\venv\Lib\site-packages\django\db\backends\utils.py", line 105, in _execute
    return self.cursor.execute(sql, params)
           ~~~~~~~~~~~~~~~~~~~^^^^^^^^^^^^^
django.db.utils.OperationalError: server closed the connection unexpectedly
	This probably means the server terminated abnormally
	before or while processing the request.
server closed the connection unexpectedly
	This probably means the server terminated abnormally
	before or while processing the request.
Stack (most recent call last):
  File "C:\Users\Евгения\AppData\Local\Programs\Python\Python313\Lib\threading.py", line 1014, in _bootstrap
    self._bootstrap_inner()
  File "C:\Users\Евгения\AppData\Local\Programs\Python\Python313\Lib\threading.py", line 1043, in _bootstrap_inner
    self.run()
  File "C:\Users\Евгения\AppData\Local\Programs\Python\Python313\Lib\threading.py", line 994, in run
    self._target(*self._args, **self._kwargs)
  File "C:\Users\Евгения\AppData\Local\Programs\Python\Python313\Lib\socketserver.py", line 697, in process_request_thread
    self.finish_request(request, client_address)
  File "C:\Users\Евгения\AppData\Local\Programs\Python\Python313\Lib\socketserver.py", line 362, in finish_request
    self.RequestHandlerClass(request, client_address, self)
  File "C:\Users\Евгения\AppData\Local\Programs\Python\Python313\Lib\socketserver.py", line 766, in __init__
    self.handle()
  File "C:\Users\Евгения\Desktop\Projects_web\TeddysTale_with-BackEnd\venv\Lib\site-packages\django\core\servers\basehttp.py", line 228, in handle
    self.handle_one_request()
  File "C:\Users\Евгения\Desktop\Projects_web\TeddysTale_with-BackEnd\venv\Lib\site-packages\django\core\servers\basehttp.py", line 253, in handle_one_request
    handler.run(self.server.get_app())
  File "C:\Users\Евгения\AppData\Local\Programs\Python\Python313\Lib\wsgiref\handlers.py", line 137, in run
    self.result = application(self.environ, self.start_response)
  File "C:\Users\Евгения\Desktop\Projects_web\TeddysTale_with-BackEnd\venv\Lib\site-packages\django\contrib\staticfiles\handlers.py", line 80, in __call__
    return self.application(environ, start_response)
  File "C:\Users\Евгения\Desktop\Projects_web\TeddysTale_with-BackEnd\venv\Lib\site-packages\django\core\handlers\wsgi.py", line 124, in __call__
    response = self.get_response(request)
  File "C:\Users\Евгения\Desktop\Projects_web\TeddysTale_with-BackEnd\venv\Lib\site-packages\django\core\handlers\base.py", line 140, in get_response
    response = self._middleware_chain(request)
  File "C:\Users\Евгения\Desktop\Projects_web\TeddysTale_with-BackEnd\venv\Lib\site-packages\django\core\handlers\exception.py", line 55, in inner
    response = get_response(request)
  File "C:\Users\Евгения\Desktop\Projects_web\TeddysTale_with-BackEnd\venv\Lib\site-packages\django\utils\deprecation.py", line 120, in __call__
    response = response or self.get_response(request)
  File "C:\Users\Евгения\Desktop\Projects_web\TeddysTale_with-BackEnd\venv\Lib\site-packages\django\core\handlers\exception.py", line 55, in inner
    response = get_response(request)
  File "C:\Users\Евгения\Desktop\Projects_web\TeddysTale_with-BackEnd\venv\Lib\site-packages\whitenoise\middleware.py", line 123, in __call__
    return self.get_response(request)
  File "C:\Users\Евгения\Desktop\Projects_web\TeddysTale_with-BackEnd\venv\Lib\site-packages\django\core\handlers\exception.py", line 55, in inner
    response = get_response(request)
  File "C:\Users\Евгения\Desktop\Projects_web\TeddysTale_with-BackEnd\venv\Lib\site-packages\django\utils\deprecation.py", line 120, in __call__
    response = response or self.get_response(request)
  File "C:\Users\Евгения\Desktop\Projects_web\TeddysTale_with-BackEnd\venv\Lib\site-packages\django\core\handlers\exception.py", line 55, in inner
    response = get_response(request)
  File "C:\Users\Евгения\Desktop\Projects_web\TeddysTale_with-BackEnd\venv\Lib\site-packages\django\utils\deprecation.py", line 120, in __call__
    response = response or self.get_response(request)
  File "C:\Users\Евгения\Desktop\Projects_web\TeddysTale_with-BackEnd\venv\Lib\site-packages\django\core\handlers\exception.py", line 55, in inner
    response = get_response(request)
  File "C:\Users\Евгения\Desktop\Projects_web\TeddysTale_with-BackEnd\venv\Lib\site-packages\django\utils\deprecation.py", line 120, in __call__
    response = response or self.get_response(request)
  File "C:\Users\Евгения\Desktop\Projects_web\TeddysTale_with-BackEnd\venv\Lib\site-packages\django\core\handlers\exception.py", line 55, in inner
    response = get_response(request)
  File "C:\Users\Евгения\Desktop\Projects_web\TeddysTale_with-BackEnd\venv\Lib\site-packages\django\utils\deprecation.py", line 120, in __call__
    response = response or self.get_response(request)
  File "C:\Users\Евгения\Desktop\Projects_web\TeddysTale_with-BackEnd\venv\Lib\site-packages\django\core\handlers\exception.py", line 55, in inner
    response = get_response(request)
  File "C:\Users\Евгения\Desktop\Projects_web\TeddysTale_with-BackEnd\venv\Lib\site-packages\django\utils\deprecation.py", line 120, in __call__
    response = response or self.get_response(request)
  File "C:\Users\Евгения\Desktop\Projects_web\TeddysTale_with-BackEnd\venv\Lib\site-packages\django\core\handlers\exception.py", line 55, in inner
    response = get_response(request)
  File "C:\Users\Евгения\Desktop\Projects_web\TeddysTale_with-BackEnd\venv\Lib\site-packages\django\utils\deprecation.py", line 120, in __call__
    response = response or self.get_response(request)
  File "C:\Users\Евгения\Desktop\Projects_web\TeddysTale_with-BackEnd\venv\Lib\site-packages\django\core\handlers\exception.py", line 55, in inner
    response = get_response(request)
  File "C:\Users\Евгения\Desktop\Projects_web\TeddysTale_with-BackEnd\venv\Lib\site-packages\django\utils\deprecation.py", line 120, in __call__
    response = response or self.get_response(request)
  File "C:\Users\Евгения\Desktop\Projects_web\TeddysTale_with-BackEnd\venv\Lib\site-packages\django\core\handlers\exception.py", line 55, in inner
    response = get_response(request)
  File "C:\Users\Евгения\Desktop\Projects_web\TeddysTale_with-BackEnd\TeddyTale\TeddyTale\middleware.py", line 24, in __call__
    response = self.get_response(request)
  File "C:\Users\Евгения\Desktop\Projects_web\TeddysTale_with-BackEnd\venv\Lib\site-packages\django\core\handlers\exception.py", line 55, in inner
    response = get_response(request)
  File "C:\Users\Евгения\Desktop\Projects_web\TeddysTale_with-BackEnd\venv\Lib\site-packages\django\core\handlers\base.py", line 197, in _get_response
    response = wrapped_callback(request, *callback_args, **callback_kwargs)
  File "C:\Users\Евгения\Desktop\Projects_web\TeddysTale_with-BackEnd\TeddyTale\landing\views.py", line 167, in index
    logger.error(f"КРИТИЧЕСКАЯ ОШИБКА при загрузке данных главной страницы: {str(e)}",
[2026-01-02 14:03:16] WARNING landing.views - Используется резервный режим с безопасными значениями
[2026-01-02 14:38:45] ERROR landing.views - КРИТИЧЕСКАЯ ОШИБКА при загрузке данных главной страницы: server closed the connection unexpectedly
	This probably means the server terminated abnormally
	before or while processing the request.
server closed the connection unexpectedly
	This probably means the server terminated abnormally
	before or while processing the request.
Traceback (most recent call last):
  File "C:\Users\Евгения\Desktop\Projects_web\TeddysTale_with-BackEnd\venv\Lib\site-packages\django\db\backends\utils.py", line 105, in _execute
    return self.cursor.execute(sql, params)
           ~~~~~~~~~~~~~~~~~~~^^^^^^^^^^^^^
psycopg2.OperationalError: server closed the connection unexpectedly
	This probably means the server terminated abnormally
	before or while processing the request.
server closed the connection unexpectedly
	This probably means the server terminated abnormally
	before or while processing the request.


The above exception was the direct cause of the following exception:

Traceback (most recent call last):
  File "C:\Users\Евгения\Desktop\Projects_web\TeddysTale_with-BackEnd\TeddyTale\landing\views.py", line 52, in index
    shop_items = list(ShopItem.objects.filter(is_active=True).order_by('slot_number'))
  File "C:\Users\Евгения\Desktop\Projects_web\TeddysTale_with-BackEnd\venv\Lib\site-packages\django\db\models\query.py", line 386, in __iter__
    self._fetch_all()
    ~~~~~~~~~~~~~~~^^
  File "C:\Users\Евгения\Desktop\Projects_web\TeddysTale_with-BackEnd\venv\Lib\site-packages\django\db\models\query.py", line 1954, in _fetch_all
    self._result_cache = list(self._iterable_class(self))
                         ~~~~^^^^^^^^^^^^^^^^^^^^^^^^^^^^
  File "C:\Users\Евгения\Desktop\Projects_web\TeddysTale_with-BackEnd\venv\Lib\site-packages\django\db\models\query.py", line 93, in __iter__
    results = compiler.execute_sql(
        chunked_fetch=self.chunked_fetch, chunk_size=self.chunk_size
    )
  File "C:\Users\Евгения\Desktop\Projects_web\TeddysTale_with-BackEnd\venv\Lib\site-packages\django\db\models\sql\compiler.py", line 1623, in execute_sql
    cursor.execute(sql, params)
    ~~~~~~~~~~~~~~^^^^^^^^^^^^^
  File "C:\Users\Евгения\Desktop\Projects_web\TeddysTale_with-BackEnd\venv\Lib\site-packages\django\db\backends\utils.py", line 122, in execute
    return super().execute(sql, params)
           ~~~~~~~~~~~~~~~^^^^^^^^^^^^^
  File "C:\Users\Евгения\Desktop\Projects_web\TeddysTale_with-BackEnd\venv\Lib\site-packages\django\db\backends\utils.py", line 79, in execute
    return self._execute_with_wrappers(
           ~~~~~~~~~~~~~~~~~~~~~~~~~~~^
        sql, params, many=False, executor=self._execute
        ^^^^^^^^^^^^^^^^^^^^^^^^^^^^^^^^^^^^^^^^^^^^^^^
    )
    ^
  File "C:\Users\Евгения\Desktop\Projects_web\TeddysTale_with-BackEnd\venv\Lib\site-packages\django\db\backends\utils.py", line 92, in _execute_with_wrappers
    return executor(sql, params, many, context)
  File "C:\Users\Евгения\Desktop\Projects_web\TeddysTale_with-BackEnd\venv\Lib\site-packages\django\db\backends\utils.py", line 100, in _execute
    with self.db.wrap_database_errors:
         ^^^^^^^^^^^^^^^^^^^^^^^^^^^^
  File "C:\Users\Евгения\Desktop\Projects_web\TeddysTale_with-BackEnd\venv\Lib\site-packages\django\db\utils.py", line 91, in __exit__
    raise dj_exc_value.with_traceback(traceback) from exc_value
  File "C:\Users\Евгения\Desktop\Projects_web\TeddysTale_with-BackEnd\venv\Lib\site-packages\django\db\backends\utils.py", line 105, in _execute
    return self.cursor.execute(sql, params)
           ~~~~~~~~~~~~~~~~~~~^^^^^^^^^^^^^
django.db.utils.OperationalError: server closed the connection unexpectedly
	This probably means the server terminated abnormally
	before or while processing the request.
server closed the connection unexpectedly
	This probably means the server terminated abnormally
	before or while processing the request.
Stack (most recent call last):
  File "C:\Users\Евгения\AppData\Local\Programs\Python\Python313\Lib\threading.py", line 1014, in _bootstrap
    self._bootstrap_inner()
  File "C:\Users\Евгения\AppData\Local\Programs\Python\Python313\Lib\threading.py", line 1043, in _bootstrap_inner
    self.run()
  File "C:\Users\Евгения\AppData\Local\Programs\Python\Python313\Lib\threading.py", line 994, in run
    self._target(*self._args, **self._kwargs)
  File "C:\Users\Евгения\AppData\Local\Programs\Python\Python313\Lib\socketserver.py", line 697, in process_request_thread
    self.finish_request(request, client_address)
  File "C:\Users\Евгения\AppData\Local\Programs\Python\Python313\Lib\socketserver.py", line 362, in finish_request
    self.RequestHandlerClass(request, client_address, self)
  File "C:\Users\Евгения\AppData\Local\Programs\Python\Python313\Lib\socketserver.py", line 766, in __init__
    self.handle()
  File "C:\Users\Евгения\Desktop\Projects_web\TeddysTale_with-BackEnd\venv\Lib\site-packages\django\core\servers\basehttp.py", line 228, in handle
    self.handle_one_request()
  File "C:\Users\Евгения\Desktop\Projects_web\TeddysTale_with-BackEnd\venv\Lib\site-packages\django\core\servers\basehttp.py", line 253, in handle_one_request
    handler.run(self.server.get_app())
  File "C:\Users\Евгения\AppData\Local\Programs\Python\Python313\Lib\wsgiref\handlers.py", line 137, in run
    self.result = application(self.environ, self.start_response)
  File "C:\Users\Евгения\Desktop\Projects_web\TeddysTale_with-BackEnd\venv\Lib\site-packages\django\contrib\staticfiles\handlers.py", line 80, in __call__
    return self.application(environ, start_response)
  File "C:\Users\Евгения\Desktop\Projects_web\TeddysTale_with-BackEnd\venv\Lib\site-packages\django\core\handlers\wsgi.py", line 124, in __call__
    response = self.get_response(request)
  File "C:\Users\Евгения\Desktop\Projects_web\TeddysTale_with-BackEnd\venv\Lib\site-packages\django\core\handlers\base.py", line 140, in get_response
    response = self._middleware_chain(request)
  File "C:\Users\Евгения\Desktop\Projects_web\TeddysTale_with-BackEnd\venv\Lib\site-packages\django\core\handlers\exception.py", line 55, in inner
    response = get_response(request)
  File "C:\Users\Евгения\Desktop\Projects_web\TeddysTale_with-BackEnd\venv\Lib\site-packages\django\utils\deprecation.py", line 120, in __call__
    response = response or self.get_response(request)
  File "C:\Users\Евгения\Desktop\Projects_web\TeddysTale_with-BackEnd\venv\Lib\site-packages\django\core\handlers\exception.py", line 55, in inner
    response = get_response(request)
  File "C:\Users\Евгения\Desktop\Projects_web\TeddysTale_with-BackEnd\venv\Lib\site-packages\whitenoise\middleware.py", line 123, in __call__
    return self.get_response(request)
  File "C:\Users\Евгения\Desktop\Projects_web\TeddysTale_with-BackEnd\venv\Lib\site-packages\django\core\handlers\exception.py", line 55, in inner
    response = get_response(request)
  File "C:\Users\Евгения\Desktop\Projects_web\TeddysTale_with-BackEnd\venv\Lib\site-packages\django\utils\deprecation.py", line 120, in __call__
    response = response or self.get_response(request)
  File "C:\Users\Евгения\Desktop\Projects_web\TeddysTale_with-BackEnd\venv\Lib\site-packages\django\core\handlers\exception.py", line 55, in inner
    response = get_response(request)
  File "C:\Users\Евгения\Desktop\Projects_web\TeddysTale_with-BackEnd\venv\Lib\site-packages\django\utils\deprecation.py", line 120, in __call__
    response = response or self.get_response(request)
  File "C:\Users\Евгения\Desktop\Projects_web\TeddysTale_with-BackEnd\venv\Lib\site-packages\django\core\handlers\exception.py", line 55, in inner
    response = get_response(request)
  File "C:\Users\Евгения\Desktop\Projects_web\TeddysTale_with-BackEnd\venv\Lib\site-packages\django\utils\deprecation.py", line 120, in __call__
    response = response or self.get_response(request)
  File "C:\Users\Евгения\Desktop\Projects_web\TeddysTale_with-BackEnd\venv\Lib\site-packages\django\core\handlers\exception.py", line 55, in inner
    response = get_response(request)
  File "C:\Users\Евгения\Desktop\Projects_web\TeddysTale_with-BackEnd\venv\Lib\site-packages\django\utils\deprecation.py", line 120, in __call__
    response = response or self.get_response(request)
  File "C:\Users\Евгения\Desktop\Projects_web\TeddysTale_with-BackEnd\venv\Lib\site-packages\django\core\handlers\exception.py", line 55, in inner
    response = get_response(request)
  File "C:\Users\Евгения\Desktop\Projects_web\TeddysTale_with-BackEnd\venv\Lib\site-packages\django\utils\deprecation.py", line 120, in __call__
    response = response or self.get_response(request)
  File "C:\Users\Евгения\Desktop\Projects_web\TeddysTale_with-BackEnd\venv\Lib\site-packages\django\core\handlers\exception.py", line 55, in inner
    response = get_response(request)
  File "C:\Users\Евгения\Desktop\Projects_web\TeddysTale_with-BackEnd\venv\Lib\site-packages\django\utils\deprecation.py", line 120, in __call__
    response = response or self.get_response(request)
  File "C:\Users\Евгения\Desktop\Projects_web\TeddysTale_with-BackEnd\venv\Lib\site-packages\django\core\handlers\exception.py", line 55, in inner
    response = get_response(request)
  File "C:\Users\Евгения\Desktop\Projects_web\TeddysTale_with-BackEnd\venv\Lib\site-packages\django\utils\deprecation.py", line 120, in __call__
    response = response or self.get_response(request)
  File "C:\Users\Евгения\Desktop\Projects_web\TeddysTale_with-BackEnd\venv\Lib\site-packages\django\core\handlers\exception.py", line 55, in inner
    response = get_response(request)
  File "C:\Users\Евгения\Desktop\Projects_web\TeddysTale_with-BackEnd\TeddyTale\TeddyTale\middleware.py", line 25, in __call__
    response = self.get_response(request)
  File "C:\Users\Евгения\Desktop\Projects_web\TeddysTale_with-BackEnd\venv\Lib\site-packages\django\core\handlers\exception.py", line 55, in inner
    response = get_response(request)
  File "C:\Users\Евгения\Desktop\Projects_web\TeddysTale_with-BackEnd\venv\Lib\site-packages\django\core\handlers\base.py", line 197, in _get_response
    response = wrapped_callback(request, *callback_args, **callback_kwargs)
  File "C:\Users\Евгения\Desktop\Projects_web\TeddysTale_with-BackEnd\TeddyTale\landing\db_utils.py", line 21, in wrapper
    return func(*args, **kwargs)
  File "C:\Users\Евгения\Desktop\Projects_web\TeddysTale_with-BackEnd\TeddyTale\landing\views.py", line 169, in index
    logger.error(f"КРИТИЧЕСКАЯ ОШИБКА при загрузке данных главной страницы: {str(e)}",
[2026-01-02 14:38:45] WARNING landing.views - Используется резервный режим с безопасными значениями
[2026-01-02 14:41:41] DEBUG landing.views - Загружено товаров из базы: 8
[2026-01-02 14:41:41] DEBUG landing.views - Показывать заглушки: True, количество: 1
[2026-01-02 14:41:42] WARNING landing.views - Секция 'contacts' не найдена в базе данных, используются значения по умолчанию
[2026-01-02 14:41:42] INFO landing.views - Главная страница успешно загружена. Товаров: 8, Координаты: 59.819987, 30.337649
[2026-01-02 14:42:44] DEBUG landing.views - Загружено товаров из базы: 8
[2026-01-02 14:42:44] DEBUG landing.views - Показывать заглушки: True, количество: 1
[2026-01-02 14:42:45] WARNING landing.views - Секция 'contacts' не найдена в базе данных, используются значения по умолчанию
[2026-01-02 14:42:45] INFO landing.views - Главная страница успешно загружена. Товаров: 8, Координаты: 59.819987, 30.337649
[2026-01-02 14:50:41] DEBUG landing.views - Загружено товаров из базы: 8
[2026-01-02 14:50:41] DEBUG landing.views - Показывать заглушки: True, количество: 1
[2026-01-02 14:50:41] WARNING landing.views - Секция 'contacts' не найдена в базе данных, используются значения по умолчанию
[2026-01-02 14:50:41] INFO landing.views - Главная страница успешно загружена. Товаров: 8, Координаты: 59.819987, 30.337649
[2026-01-02 14:59:40] DEBUG landing.views - Загружено товаров из базы: 8
[2026-01-02 14:59:40] DEBUG landing.views - Показывать заглушки: True, количество: 1
[2026-01-02 14:59:40] WARNING landing.views - Секция 'contacts' не найдена в базе данных, используются значения по умолчанию
[2026-01-02 14:59:40] INFO landing.views - Главная страница успешно загружена. Товаров: 8, Координаты: 59.819987, 30.337649
[2026-01-02 15:00:35] DEBUG landing.views - Загружено товаров из базы: 8
[2026-01-02 15:00:35] DEBUG landing.views - Показывать заглушки: True, количество: 1
[2026-01-02 15:00:35] WARNING landing.views - Секция 'contacts' не найдена в базе данных, используются значения по умолчанию
[2026-01-02 15:00:35] INFO landing.views - Главная страница успешно загружена. Товаров: 8, Координаты: 59.819987, 30.337649
[2026-01-02 15:02:44] DEBUG landing.views - Загружено товаров из базы: 8
[2026-01-02 15:02:44] DEBUG landing.views - Показывать заглушки: True, количество: 1
[2026-01-02 15:02:44] WARNING landing.views - Секция 'contacts' не найдена в базе данных, используются значения по умолчанию
[2026-01-02 15:02:44] INFO landing.views - Главная страница успешно загружена. Товаров: 8, Координаты: 59.819987, 30.337649
[2026-01-02 15:03:21] DEBUG landing.views - Загружено товаров из базы: 8
[2026-01-02 15:03:21] DEBUG landing.views - Показывать заглушки: True, количество: 1
[2026-01-02 15:03:21] WARNING landing.views - Секция 'contacts' не найдена в базе данных, используются значения по умолчанию
[2026-01-02 15:03:21] INFO landing.views - Главная страница успешно загружена. Товаров: 8, Координаты: 59.819987, 30.337649
[2026-01-02 15:03:39] DEBUG landing.views - Загружено товаров из базы: 8
[2026-01-02 15:03:39] DEBUG landing.views - Показывать заглушки: True, количество: 1
[2026-01-02 15:03:39] WARNING landing.views - Секция 'contacts' не найдена в базе данных, используются значения по умолчанию
[2026-01-02 15:03:39] INFO landing.views - Главная страница успешно загружена. Товаров: 8, Координаты: 59.819987, 30.337649
[2026-01-02 15:04:06] DEBUG landing.views - Загружено товаров из базы: 8
[2026-01-02 15:04:06] DEBUG landing.views - Показывать заглушки: True, количество: 1
[2026-01-02 15:04:25] ERROR landing.views - КРИТИЧЕСКАЯ ОШИБКА при загрузке данных главной страницы: server closed the connection unexpectedly
	This probably means the server terminated abnormally
	before or while processing the request.
server closed the connection unexpectedly
	This probably means the server terminated abnormally
	before or while processing the request.
Traceback (most recent call last):
  File "C:\Users\Евгения\Desktop\Projects_web\TeddysTale_with-BackEnd\venv\Lib\site-packages\django\db\backends\utils.py", line 105, in _execute
    return self.cursor.execute(sql, params)
           ~~~~~~~~~~~~~~~~~~~^^^^^^^^^^^^^
psycopg2.OperationalError: server closed the connection unexpectedly
	This probably means the server terminated abnormally
	before or while processing the request.
server closed the connection unexpectedly
	This probably means the server terminated abnormally
	before or while processing the request.


The above exception was the direct cause of the following exception:

Traceback (most recent call last):
  File "C:\Users\Евгения\Desktop\Projects_web\TeddysTale_with-BackEnd\TeddyTale\landing\views.py", line 140, in index
    contacts_section = PageSection.objects.filter(section_key='contacts').first()
  File "C:\Users\Евгения\Desktop\Projects_web\TeddysTale_with-BackEnd\venv\Lib\site-packages\django\db\models\query.py", line 1106, in first
    for obj in queryset[:1]:
               ~~~~~~~~^^^^
  File "C:\Users\Евгения\Desktop\Projects_web\TeddysTale_with-BackEnd\venv\Lib\site-packages\django\db\models\query.py", line 386, in __iter__
    self._fetch_all()
    ~~~~~~~~~~~~~~~^^
  File "C:\Users\Евгения\Desktop\Projects_web\TeddysTale_with-BackEnd\venv\Lib\site-packages\django\db\models\query.py", line 1954, in _fetch_all
    self._result_cache = list(self._iterable_class(self))
                         ~~~~^^^^^^^^^^^^^^^^^^^^^^^^^^^^
  File "C:\Users\Евгения\Desktop\Projects_web\TeddysTale_with-BackEnd\venv\Lib\site-packages\django\db\models\query.py", line 93, in __iter__
    results = compiler.execute_sql(
        chunked_fetch=self.chunked_fetch, chunk_size=self.chunk_size
    )
  File "C:\Users\Евгения\Desktop\Projects_web\TeddysTale_with-BackEnd\venv\Lib\site-packages\django\db\models\sql\compiler.py", line 1623, in execute_sql
    cursor.execute(sql, params)
    ~~~~~~~~~~~~~~^^^^^^^^^^^^^
  File "C:\Users\Евгения\Desktop\Projects_web\TeddysTale_with-BackEnd\venv\Lib\site-packages\django\db\backends\utils.py", line 122, in execute
    return super().execute(sql, params)
           ~~~~~~~~~~~~~~~^^^^^^^^^^^^^
  File "C:\Users\Евгения\Desktop\Projects_web\TeddysTale_with-BackEnd\venv\Lib\site-packages\django\db\backends\utils.py", line 79, in execute
    return self._execute_with_wrappers(
           ~~~~~~~~~~~~~~~~~~~~~~~~~~~^
        sql, params, many=False, executor=self._execute
        ^^^^^^^^^^^^^^^^^^^^^^^^^^^^^^^^^^^^^^^^^^^^^^^
    )
    ^
  File "C:\Users\Евгения\Desktop\Projects_web\TeddysTale_with-BackEnd\venv\Lib\site-packages\django\db\backends\utils.py", line 92, in _execute_with_wrappers
    return executor(sql, params, many, context)
  File "C:\Users\Евгения\Desktop\Projects_web\TeddysTale_with-BackEnd\venv\Lib\site-packages\django\db\backends\utils.py", line 100, in _execute
    with self.db.wrap_database_errors:
         ^^^^^^^^^^^^^^^^^^^^^^^^^^^^
  File "C:\Users\Евгения\Desktop\Projects_web\TeddysTale_with-BackEnd\venv\Lib\site-packages\django\db\utils.py", line 91, in __exit__
    raise dj_exc_value.with_traceback(traceback) from exc_value
  File "C:\Users\Евгения\Desktop\Projects_web\TeddysTale_with-BackEnd\venv\Lib\site-packages\django\db\backends\utils.py", line 105, in _execute
    return self.cursor.execute(sql, params)
           ~~~~~~~~~~~~~~~~~~~^^^^^^^^^^^^^
django.db.utils.OperationalError: server closed the connection unexpectedly
	This probably means the server terminated abnormally
	before or while processing the request.
server closed the connection unexpectedly
	This probably means the server terminated abnormally
	before or while processing the request.
Stack (most recent call last):
  File "C:\Users\Евгения\AppData\Local\Programs\Python\Python313\Lib\threading.py", line 1014, in _bootstrap
    self._bootstrap_inner()
  File "C:\Users\Евгения\AppData\Local\Programs\Python\Python313\Lib\threading.py", line 1043, in _bootstrap_inner
    self.run()
  File "C:\Users\Евгения\AppData\Local\Programs\Python\Python313\Lib\threading.py", line 994, in run
    self._target(*self._args, **self._kwargs)
  File "C:\Users\Евгения\AppData\Local\Programs\Python\Python313\Lib\socketserver.py", line 697, in process_request_thread
    self.finish_request(request, client_address)
  File "C:\Users\Евгения\AppData\Local\Programs\Python\Python313\Lib\socketserver.py", line 362, in finish_request
    self.RequestHandlerClass(request, client_address, self)
  File "C:\Users\Евгения\AppData\Local\Programs\Python\Python313\Lib\socketserver.py", line 766, in __init__
    self.handle()
  File "C:\Users\Евгения\Desktop\Projects_web\TeddysTale_with-BackEnd\venv\Lib\site-packages\django\core\servers\basehttp.py", line 228, in handle
    self.handle_one_request()
  File "C:\Users\Евгения\Desktop\Projects_web\TeddysTale_with-BackEnd\venv\Lib\site-packages\django\core\servers\basehttp.py", line 253, in handle_one_request
    handler.run(self.server.get_app())
  File "C:\Users\Евгения\AppData\Local\Programs\Python\Python313\Lib\wsgiref\handlers.py", line 137, in run
    self.result = application(self.environ, self.start_response)
  File "C:\Users\Евгения\Desktop\Projects_web\TeddysTale_with-BackEnd\venv\Lib\site-packages\django\contrib\staticfiles\handlers.py", line 80, in __call__
    return self.application(environ, start_response)
  File "C:\Users\Евгения\Desktop\Projects_web\TeddysTale_with-BackEnd\venv\Lib\site-packages\django\core\handlers\wsgi.py", line 124, in __call__
    response = self.get_response(request)
  File "C:\Users\Евгения\Desktop\Projects_web\TeddysTale_with-BackEnd\venv\Lib\site-packages\django\core\handlers\base.py", line 140, in get_response
    response = self._middleware_chain(request)
  File "C:\Users\Евгения\Desktop\Projects_web\TeddysTale_with-BackEnd\venv\Lib\site-packages\django\core\handlers\exception.py", line 55, in inner
    response = get_response(request)
  File "C:\Users\Евгения\Desktop\Projects_web\TeddysTale_with-BackEnd\venv\Lib\site-packages\django\utils\deprecation.py", line 120, in __call__
    response = response or self.get_response(request)
  File "C:\Users\Евгения\Desktop\Projects_web\TeddysTale_with-BackEnd\venv\Lib\site-packages\django\core\handlers\exception.py", line 55, in inner
    response = get_response(request)
  File "C:\Users\Евгения\Desktop\Projects_web\TeddysTale_with-BackEnd\venv\Lib\site-packages\whitenoise\middleware.py", line 123, in __call__
    return self.get_response(request)
  File "C:\Users\Евгения\Desktop\Projects_web\TeddysTale_with-BackEnd\venv\Lib\site-packages\django\core\handlers\exception.py", line 55, in inner
    response = get_response(request)
  File "C:\Users\Евгения\Desktop\Projects_web\TeddysTale_with-BackEnd\venv\Lib\site-packages\django\utils\deprecation.py", line 120, in __call__
    response = response or self.get_response(request)
  File "C:\Users\Евгения\Desktop\Projects_web\TeddysTale_with-BackEnd\venv\Lib\site-packages\django\core\handlers\exception.py", line 55, in inner
    response = get_response(request)
  File "C:\Users\Евгения\Desktop\Projects_web\TeddysTale_with-BackEnd\venv\Lib\site-packages\django\utils\deprecation.py", line 120, in __call__
    response = response or self.get_response(request)
  File "C:\Users\Евгения\Desktop\Projects_web\TeddysTale_with-BackEnd\venv\Lib\site-packages\django\core\handlers\exception.py", line 55, in inner
    response = get_response(request)
  File "C:\Users\Евгения\Desktop\Projects_web\TeddysTale_with-BackEnd\venv\Lib\site-packages\django\utils\deprecation.py", line 120, in __call__
    response = response or self.get_response(request)
  File "C:\Users\Евгения\Desktop\Projects_web\TeddysTale_with-BackEnd\venv\Lib\site-packages\django\core\handlers\exception.py", line 55, in inner
    response = get_response(request)
  File "C:\Users\Евгения\Desktop\Projects_web\TeddysTale_with-BackEnd\venv\Lib\site-packages\django\utils\deprecation.py", line 120, in __call__
    response = response or self.get_response(request)
  File "C:\Users\Евгения\Desktop\Projects_web\TeddysTale_with-BackEnd\venv\Lib\site-packages\django\core\handlers\exception.py", line 55, in inner
    response = get_response(request)
  File "C:\Users\Евгения\Desktop\Projects_web\TeddysTale_with-BackEnd\venv\Lib\site-packages\django\utils\deprecation.py", line 120, in __call__
    response = response or self.get_response(request)
  File "C:\Users\Евгения\Desktop\Projects_web\TeddysTale_with-BackEnd\venv\Lib\site-packages\django\core\handlers\exception.py", line 55, in inner
    response = get_response(request)
  File "C:\Users\Евгения\Desktop\Projects_web\TeddysTale_with-BackEnd\venv\Lib\site-packages\django\utils\deprecation.py", line 120, in __call__
    response = response or self.get_response(request)
  File "C:\Users\Евгения\Desktop\Projects_web\TeddysTale_with-BackEnd\venv\Lib\site-packages\django\core\handlers\exception.py", line 55, in inner
    response = get_response(request)
  File "C:\Users\Евгения\Desktop\Projects_web\TeddysTale_with-BackEnd\venv\Lib\site-packages\django\utils\deprecation.py", line 120, in __call__
    response = response or self.get_response(request)
  File "C:\Users\Евгения\Desktop\Projects_web\TeddysTale_with-BackEnd\venv\Lib\site-packages\django\core\handlers\exception.py", line 55, in inner
    response = get_response(request)
  File "C:\Users\Евгения\Desktop\Projects_web\TeddysTale_with-BackEnd\TeddyTale\TeddyTale\middleware.py", line 25, in __call__
    response = self.get_response(request)
  File "C:\Users\Евгения\Desktop\Projects_web\TeddysTale_with-BackEnd\venv\Lib\site-packages\django\core\handlers\exception.py", line 55, in inner
    response = get_response(request)
  File "C:\Users\Евгения\Desktop\Projects_web\TeddysTale_with-BackEnd\venv\Lib\site-packages\django\core\handlers\base.py", line 197, in _get_response
    response = wrapped_callback(request, *callback_args, **callback_kwargs)
  File "C:\Users\Евгения\Desktop\Projects_web\TeddysTale_with-BackEnd\TeddyTale\landing\db_utils.py", line 21, in wrapper
    return func(*args, **kwargs)
  File "C:\Users\Евгения\Desktop\Projects_web\TeddysTale_with-BackEnd\TeddyTale\landing\views.py", line 169, in index
    logger.error(f"КРИТИЧЕСКАЯ ОШИБКА при загрузке данных главной страницы: {str(e)}",
[2026-01-02 15:04:25] WARNING landing.views - Используется резервный режим с безопасными значениями
[2026-01-02 15:04:39] DEBUG landing.views - Загружено товаров из базы: 8
[2026-01-02 15:04:39] DEBUG landing.views - Показывать заглушки: True, количество: 1
[2026-01-02 15:04:58] ERROR landing.views - КРИТИЧЕСКАЯ ОШИБКА при загрузке данных главной страницы: server closed the connection unexpectedly
	This probably means the server terminated abnormally
	before or while processing the request.
server closed the connection unexpectedly
	This probably means the server terminated abnormally
	before or while processing the request.
Traceback (most recent call last):
  File "C:\Users\Евгения\Desktop\Projects_web\TeddysTale_with-BackEnd\venv\Lib\site-packages\django\db\backends\utils.py", line 105, in _execute
    return self.cursor.execute(sql, params)
           ~~~~~~~~~~~~~~~~~~~^^^^^^^^^^^^^
psycopg2.OperationalError: server closed the connection unexpectedly
	This probably means the server terminated abnormally
	before or while processing the request.
server closed the connection unexpectedly
	This probably means the server terminated abnormally
	before or while processing the request.


The above exception was the direct cause of the following exception:

Traceback (most recent call last):
  File "C:\Users\Евгения\Desktop\Projects_web\TeddysTale_with-BackEnd\TeddyTale\landing\views.py", line 140, in index
    contacts_section = PageSection.objects.filter(section_key='contacts').first()
  File "C:\Users\Евгения\Desktop\Projects_web\TeddysTale_with-BackEnd\venv\Lib\site-packages\django\db\models\query.py", line 1106, in first
    for obj in queryset[:1]:
               ~~~~~~~~^^^^
  File "C:\Users\Евгения\Desktop\Projects_web\TeddysTale_with-BackEnd\venv\Lib\site-packages\django\db\models\query.py", line 386, in __iter__
    self._fetch_all()
    ~~~~~~~~~~~~~~~^^
  File "C:\Users\Евгения\Desktop\Projects_web\TeddysTale_with-BackEnd\venv\Lib\site-packages\django\db\models\query.py", line 1954, in _fetch_all
    self._result_cache = list(self._iterable_class(self))
                         ~~~~^^^^^^^^^^^^^^^^^^^^^^^^^^^^
  File "C:\Users\Евгения\Desktop\Projects_web\TeddysTale_with-BackEnd\venv\Lib\site-packages\django\db\models\query.py", line 93, in __iter__
    results = compiler.execute_sql(
        chunked_fetch=self.chunked_fetch, chunk_size=self.chunk_size
    )
  File "C:\Users\Евгения\Desktop\Projects_web\TeddysTale_with-BackEnd\venv\Lib\site-packages\django\db\models\sql\compiler.py", line 1623, in execute_sql
    cursor.execute(sql, params)
    ~~~~~~~~~~~~~~^^^^^^^^^^^^^
  File "C:\Users\Евгения\Desktop\Projects_web\TeddysTale_with-BackEnd\venv\Lib\site-packages\django\db\backends\utils.py", line 122, in execute
    return super().execute(sql, params)
           ~~~~~~~~~~~~~~~^^^^^^^^^^^^^
  File "C:\Users\Евгения\Desktop\Projects_web\TeddysTale_with-BackEnd\venv\Lib\site-packages\django\db\backends\utils.py", line 79, in execute
    return self._execute_with_wrappers(
           ~~~~~~~~~~~~~~~~~~~~~~~~~~~^
        sql, params, many=False, executor=self._execute
        ^^^^^^^^^^^^^^^^^^^^^^^^^^^^^^^^^^^^^^^^^^^^^^^
    )
    ^
  File "C:\Users\Евгения\Desktop\Projects_web\TeddysTale_with-BackEnd\venv\Lib\site-packages\django\db\backends\utils.py", line 92, in _execute_with_wrappers
    return executor(sql, params, many, context)
  File "C:\Users\Евгения\Desktop\Projects_web\TeddysTale_with-BackEnd\venv\Lib\site-packages\django\db\backends\utils.py", line 100, in _execute
    with self.db.wrap_database_errors:
         ^^^^^^^^^^^^^^^^^^^^^^^^^^^^
  File "C:\Users\Евгения\Desktop\Projects_web\TeddysTale_with-BackEnd\venv\Lib\site-packages\django\db\utils.py", line 91, in __exit__
    raise dj_exc_value.with_traceback(traceback) from exc_value
  File "C:\Users\Евгения\Desktop\Projects_web\TeddysTale_with-BackEnd\venv\Lib\site-packages\django\db\backends\utils.py", line 105, in _execute
    return self.cursor.execute(sql, params)
           ~~~~~~~~~~~~~~~~~~~^^^^^^^^^^^^^
django.db.utils.OperationalError: server closed the connection unexpectedly
	This probably means the server terminated abnormally
	before or while processing the request.
server closed the connection unexpectedly
	This probably means the server terminated abnormally
	before or while processing the request.
Stack (most recent call last):
  File "C:\Users\Евгения\AppData\Local\Programs\Python\Python313\Lib\threading.py", line 1014, in _bootstrap
    self._bootstrap_inner()
  File "C:\Users\Евгения\AppData\Local\Programs\Python\Python313\Lib\threading.py", line 1043, in _bootstrap_inner
    self.run()
  File "C:\Users\Евгения\AppData\Local\Programs\Python\Python313\Lib\threading.py", line 994, in run
    self._target(*self._args, **self._kwargs)
  File "C:\Users\Евгения\AppData\Local\Programs\Python\Python313\Lib\socketserver.py", line 697, in process_request_thread
    self.finish_request(request, client_address)
  File "C:\Users\Евгения\AppData\Local\Programs\Python\Python313\Lib\socketserver.py", line 362, in finish_request
    self.RequestHandlerClass(request, client_address, self)
  File "C:\Users\Евгения\AppData\Local\Programs\Python\Python313\Lib\socketserver.py", line 766, in __init__
    self.handle()
  File "C:\Users\Евгения\Desktop\Projects_web\TeddysTale_with-BackEnd\venv\Lib\site-packages\django\core\servers\basehttp.py", line 228, in handle
    self.handle_one_request()
  File "C:\Users\Евгения\Desktop\Projects_web\TeddysTale_with-BackEnd\venv\Lib\site-packages\django\core\servers\basehttp.py", line 253, in handle_one_request
    handler.run(self.server.get_app())
  File "C:\Users\Евгения\AppData\Local\Programs\Python\Python313\Lib\wsgiref\handlers.py", line 137, in run
    self.result = application(self.environ, self.start_response)
  File "C:\Users\Евгения\Desktop\Projects_web\TeddysTale_with-BackEnd\venv\Lib\site-packages\django\contrib\staticfiles\handlers.py", line 80, in __call__
    return self.application(environ, start_response)
  File "C:\Users\Евгения\Desktop\Projects_web\TeddysTale_with-BackEnd\venv\Lib\site-packages\django\core\handlers\wsgi.py", line 124, in __call__
    response = self.get_response(request)
  File "C:\Users\Евгения\Desktop\Projects_web\TeddysTale_with-BackEnd\venv\Lib\site-packages\django\core\handlers\base.py", line 140, in get_response
    response = self._middleware_chain(request)
  File "C:\Users\Евгения\Desktop\Projects_web\TeddysTale_with-BackEnd\venv\Lib\site-packages\django\core\handlers\exception.py", line 55, in inner
    response = get_response(request)
  File "C:\Users\Евгения\Desktop\Projects_web\TeddysTale_with-BackEnd\venv\Lib\site-packages\django\utils\deprecation.py", line 120, in __call__
    response = response or self.get_response(request)
  File "C:\Users\Евгения\Desktop\Projects_web\TeddysTale_with-BackEnd\venv\Lib\site-packages\django\core\handlers\exception.py", line 55, in inner
    response = get_response(request)
  File "C:\Users\Евгения\Desktop\Projects_web\TeddysTale_with-BackEnd\venv\Lib\site-packages\whitenoise\middleware.py", line 123, in __call__
    return self.get_response(request)
  File "C:\Users\Евгения\Desktop\Projects_web\TeddysTale_with-BackEnd\venv\Lib\site-packages\django\core\handlers\exception.py", line 55, in inner
    response = get_response(request)
  File "C:\Users\Евгения\Desktop\Projects_web\TeddysTale_with-BackEnd\venv\Lib\site-packages\django\utils\deprecation.py", line 120, in __call__
    response = response or self.get_response(request)
  File "C:\Users\Евгения\Desktop\Projects_web\TeddysTale_with-BackEnd\venv\Lib\site-packages\django\core\handlers\exception.py", line 55, in inner
    response = get_response(request)
  File "C:\Users\Евгения\Desktop\Projects_web\TeddysTale_with-BackEnd\venv\Lib\site-packages\django\utils\deprecation.py", line 120, in __call__
    response = response or self.get_response(request)
  File "C:\Users\Евгения\Desktop\Projects_web\TeddysTale_with-BackEnd\venv\Lib\site-packages\django\core\handlers\exception.py", line 55, in inner
    response = get_response(request)
  File "C:\Users\Евгения\Desktop\Projects_web\TeddysTale_with-BackEnd\venv\Lib\site-packages\django\utils\deprecation.py", line 120, in __call__
    response = response or self.get_response(request)
  File "C:\Users\Евгения\Desktop\Projects_web\TeddysTale_with-BackEnd\venv\Lib\site-packages\django\core\handlers\exception.py", line 55, in inner
    response = get_response(request)
  File "C:\Users\Евгения\Desktop\Projects_web\TeddysTale_with-BackEnd\venv\Lib\site-packages\django\utils\deprecation.py", line 120, in __call__
    response = response or self.get_response(request)
  File "C:\Users\Евгения\Desktop\Projects_web\TeddysTale_with-BackEnd\venv\Lib\site-packages\django\core\handlers\exception.py", line 55, in inner
    response = get_response(request)
  File "C:\Users\Евгения\Desktop\Projects_web\TeddysTale_with-BackEnd\venv\Lib\site-packages\django\utils\deprecation.py", line 120, in __call__
    response = response or self.get_response(request)
  File "C:\Users\Евгения\Desktop\Projects_web\TeddysTale_with-BackEnd\venv\Lib\site-packages\django\core\handlers\exception.py", line 55, in inner
    response = get_response(request)
  File "C:\Users\Евгения\Desktop\Projects_web\TeddysTale_with-BackEnd\venv\Lib\site-packages\django\utils\deprecation.py", line 120, in __call__
    response = response or self.get_response(request)
  File "C:\Users\Евгения\Desktop\Projects_web\TeddysTale_with-BackEnd\venv\Lib\site-packages\django\core\handlers\exception.py", line 55, in inner
    response = get_response(request)
  File "C:\Users\Евгения\Desktop\Projects_web\TeddysTale_with-BackEnd\venv\Lib\site-packages\django\utils\deprecation.py", line 120, in __call__
    response = response or self.get_response(request)
  File "C:\Users\Евгения\Desktop\Projects_web\TeddysTale_with-BackEnd\venv\Lib\site-packages\django\core\handlers\exception.py", line 55, in inner
    response = get_response(request)
  File "C:\Users\Евгения\Desktop\Projects_web\TeddysTale_with-BackEnd\TeddyTale\TeddyTale\middleware.py", line 25, in __call__
    response = self.get_response(request)
  File "C:\Users\Евгения\Desktop\Projects_web\TeddysTale_with-BackEnd\venv\Lib\site-packages\django\core\handlers\exception.py", line 55, in inner
    response = get_response(request)
  File "C:\Users\Евгения\Desktop\Projects_web\TeddysTale_with-BackEnd\venv\Lib\site-packages\django\core\handlers\base.py", line 197, in _get_response
    response = wrapped_callback(request, *callback_args, **callback_kwargs)
  File "C:\Users\Евгения\Desktop\Projects_web\TeddysTale_with-BackEnd\TeddyTale\landing\db_utils.py", line 21, in wrapper
    return func(*args, **kwargs)
  File "C:\Users\Евгения\Desktop\Projects_web\TeddysTale_with-BackEnd\TeddyTale\landing\views.py", line 169, in index
    logger.error(f"КРИТИЧЕСКАЯ ОШИБКА при загрузке данных главной страницы: {str(e)}",
[2026-01-02 15:04:58] WARNING landing.views - Используется резервный режим с безопасными значениями
[2026-01-02 15:05:49] DEBUG landing.views - Загружено товаров из базы: 8
[2026-01-02 15:05:49] DEBUG landing.views - Показывать заглушки: True, количество: 1
[2026-01-02 15:05:50] WARNING landing.views - Секция 'contacts' не найдена в базе данных, используются значения по умолчанию
[2026-01-02 15:05:50] INFO landing.views - Главная страница успешно загружена. Товаров: 8, Координаты: 59.819987, 30.337649
[2026-01-02 15:13:17] DEBUG landing.views - Загружено товаров из базы: 8
[2026-01-02 15:13:17] DEBUG landing.views - Показывать заглушки: True, количество: 1
[2026-01-02 15:13:17] WARNING landing.views - Секция 'contacts' не найдена в базе данных, используются значения по умолчанию
[2026-01-02 15:13:17] INFO landing.views - Главная страница успешно загружена. Товаров: 8, Координаты: 59.819987, 30.337649
[2026-01-02 15:13:59] DEBUG landing.views - Загружено товаров из базы: 8
[2026-01-02 15:13:59] DEBUG landing.views - Показывать заглушки: True, количество: 1
[2026-01-02 15:13:59] WARNING landing.views - Секция 'contacts' не найдена в базе данных, используются значения по умолчанию
[2026-01-02 15:13:59] INFO landing.views - Главная страница успешно загружена. Товаров: 8, Координаты: 59.819987, 30.337649
[2026-01-02 15:14:21] DEBUG landing.views - Загружено товаров из базы: 8
[2026-01-02 15:14:21] DEBUG landing.views - Показывать заглушки: True, количество: 1
[2026-01-02 15:14:21] WARNING landing.views - Секция 'contacts' не найдена в базе данных, используются значения по умолчанию
[2026-01-02 15:14:21] INFO landing.views - Главная страница успешно загружена. Товаров: 8, Координаты: 59.819987, 30.337649
[2026-01-02 15:16:06] DEBUG landing.views - Загружено товаров из базы: 8
[2026-01-02 15:16:06] DEBUG landing.views - Показывать заглушки: True, количество: 1
[2026-01-02 15:16:06] WARNING landing.views - Секция 'contacts' не найдена в базе данных, используются значения по умолчанию
[2026-01-02 15:16:06] INFO landing.views - Главная страница успешно загружена. Товаров: 8, Координаты: 59.819987, 30.337649
[2026-01-02 15:16:41] DEBUG landing.views - Загружено товаров из базы: 8
[2026-01-02 15:16:41] DEBUG landing.views - Показывать заглушки: True, количество: 1
[2026-01-02 15:16:41] WARNING landing.views - Секция 'contacts' не найдена в базе данных, используются значения по умолчанию
[2026-01-02 15:16:41] INFO landing.views - Главная страница успешно загружена. Товаров: 8, Координаты: 59.819987, 30.337649
[2026-01-02 15:17:11] DEBUG landing.views - Загружено товаров из базы: 8
[2026-01-02 15:17:11] DEBUG landing.views - Показывать заглушки: True, количество: 1
[2026-01-02 15:17:31] ERROR landing.views - КРИТИЧЕСКАЯ ОШИБКА при загрузке данных главной страницы: server closed the connection unexpectedly
	This probably means the server terminated abnormally
	before or while processing the request.
server closed the connection unexpectedly
	This probably means the server terminated abnormally
	before or while processing the request.
Traceback (most recent call last):
  File "C:\Users\Евгения\Desktop\Projects_web\TeddysTale_with-BackEnd\venv\Lib\site-packages\django\db\backends\utils.py", line 105, in _execute
    return self.cursor.execute(sql, params)
           ~~~~~~~~~~~~~~~~~~~^^^^^^^^^^^^^
psycopg2.OperationalError: server closed the connection unexpectedly
	This probably means the server terminated abnormally
	before or while processing the request.
server closed the connection unexpectedly
	This probably means the server terminated abnormally
	before or while processing the request.


The above exception was the direct cause of the following exception:

Traceback (most recent call last):
  File "C:\Users\Евгения\Desktop\Projects_web\TeddysTale_with-BackEnd\TeddyTale\landing\views.py", line 140, in index
    contacts_section = PageSection.objects.filter(section_key='contacts').first()
  File "C:\Users\Евгения\Desktop\Projects_web\TeddysTale_with-BackEnd\venv\Lib\site-packages\django\db\models\query.py", line 1106, in first
    for obj in queryset[:1]:
               ~~~~~~~~^^^^
  File "C:\Users\Евгения\Desktop\Projects_web\TeddysTale_with-BackEnd\venv\Lib\site-packages\django\db\models\query.py", line 386, in __iter__
    self._fetch_all()
    ~~~~~~~~~~~~~~~^^
  File "C:\Users\Евгения\Desktop\Projects_web\TeddysTale_with-BackEnd\venv\Lib\site-packages\django\db\models\query.py", line 1954, in _fetch_all
    self._result_cache = list(self._iterable_class(self))
                         ~~~~^^^^^^^^^^^^^^^^^^^^^^^^^^^^
  File "C:\Users\Евгения\Desktop\Projects_web\TeddysTale_with-BackEnd\venv\Lib\site-packages\django\db\models\query.py", line 93, in __iter__
    results = compiler.execute_sql(
        chunked_fetch=self.chunked_fetch, chunk_size=self.chunk_size
    )
  File "C:\Users\Евгения\Desktop\Projects_web\TeddysTale_with-BackEnd\venv\Lib\site-packages\django\db\models\sql\compiler.py", line 1623, in execute_sql
    cursor.execute(sql, params)
    ~~~~~~~~~~~~~~^^^^^^^^^^^^^
  File "C:\Users\Евгения\Desktop\Projects_web\TeddysTale_with-BackEnd\venv\Lib\site-packages\django\db\backends\utils.py", line 122, in execute
    return super().execute(sql, params)
           ~~~~~~~~~~~~~~~^^^^^^^^^^^^^
  File "C:\Users\Евгения\Desktop\Projects_web\TeddysTale_with-BackEnd\venv\Lib\site-packages\django\db\backends\utils.py", line 79, in execute
    return self._execute_with_wrappers(
           ~~~~~~~~~~~~~~~~~~~~~~~~~~~^
        sql, params, many=False, executor=self._execute
        ^^^^^^^^^^^^^^^^^^^^^^^^^^^^^^^^^^^^^^^^^^^^^^^
    )
    ^
  File "C:\Users\Евгения\Desktop\Projects_web\TeddysTale_with-BackEnd\venv\Lib\site-packages\django\db\backends\utils.py", line 92, in _execute_with_wrappers
    return executor(sql, params, many, context)
  File "C:\Users\Евгения\Desktop\Projects_web\TeddysTale_with-BackEnd\venv\Lib\site-packages\django\db\backends\utils.py", line 100, in _execute
    with self.db.wrap_database_errors:
         ^^^^^^^^^^^^^^^^^^^^^^^^^^^^
  File "C:\Users\Евгения\Desktop\Projects_web\TeddysTale_with-BackEnd\venv\Lib\site-packages\django\db\utils.py", line 91, in __exit__
    raise dj_exc_value.with_traceback(traceback) from exc_value
  File "C:\Users\Евгения\Desktop\Projects_web\TeddysTale_with-BackEnd\venv\Lib\site-packages\django\db\backends\utils.py", line 105, in _execute
    return self.cursor.execute(sql, params)
           ~~~~~~~~~~~~~~~~~~~^^^^^^^^^^^^^
django.db.utils.OperationalError: server closed the connection unexpectedly
	This probably means the server terminated abnormally
	before or while processing the request.
server closed the connection unexpectedly
	This probably means the server terminated abnormally
	before or while processing the request.
Stack (most recent call last):
  File "C:\Users\Евгения\AppData\Local\Programs\Python\Python313\Lib\threading.py", line 1014, in _bootstrap
    self._bootstrap_inner()
  File "C:\Users\Евгения\AppData\Local\Programs\Python\Python313\Lib\threading.py", line 1043, in _bootstrap_inner
    self.run()
  File "C:\Users\Евгения\AppData\Local\Programs\Python\Python313\Lib\threading.py", line 994, in run
    self._target(*self._args, **self._kwargs)
  File "C:\Users\Евгения\AppData\Local\Programs\Python\Python313\Lib\socketserver.py", line 697, in process_request_thread
    self.finish_request(request, client_address)
  File "C:\Users\Евгения\AppData\Local\Programs\Python\Python313\Lib\socketserver.py", line 362, in finish_request
    self.RequestHandlerClass(request, client_address, self)
  File "C:\Users\Евгения\AppData\Local\Programs\Python\Python313\Lib\socketserver.py", line 766, in __init__
    self.handle()
  File "C:\Users\Евгения\Desktop\Projects_web\TeddysTale_with-BackEnd\venv\Lib\site-packages\django\core\servers\basehttp.py", line 228, in handle
    self.handle_one_request()
  File "C:\Users\Евгения\Desktop\Projects_web\TeddysTale_with-BackEnd\venv\Lib\site-packages\django\core\servers\basehttp.py", line 253, in handle_one_request
    handler.run(self.server.get_app())
  File "C:\Users\Евгения\AppData\Local\Programs\Python\Python313\Lib\wsgiref\handlers.py", line 137, in run
    self.result = application(self.environ, self.start_response)
  File "C:\Users\Евгения\Desktop\Projects_web\TeddysTale_with-BackEnd\venv\Lib\site-packages\django\contrib\staticfiles\handlers.py", line 80, in __call__
    return self.application(environ, start_response)
  File "C:\Users\Евгения\Desktop\Projects_web\TeddysTale_with-BackEnd\venv\Lib\site-packages\django\core\handlers\wsgi.py", line 124, in __call__
    response = self.get_response(request)
  File "C:\Users\Евгения\Desktop\Projects_web\TeddysTale_with-BackEnd\venv\Lib\site-packages\django\core\handlers\base.py", line 140, in get_response
    response = self._middleware_chain(request)
  File "C:\Users\Евгения\Desktop\Projects_web\TeddysTale_with-BackEnd\venv\Lib\site-packages\django\core\handlers\exception.py", line 55, in inner
    response = get_response(request)
  File "C:\Users\Евгения\Desktop\Projects_web\TeddysTale_with-BackEnd\venv\Lib\site-packages\django\utils\deprecation.py", line 120, in __call__
    response = response or self.get_response(request)
  File "C:\Users\Евгения\Desktop\Projects_web\TeddysTale_with-BackEnd\venv\Lib\site-packages\django\core\handlers\exception.py", line 55, in inner
    response = get_response(request)
  File "C:\Users\Евгения\Desktop\Projects_web\TeddysTale_with-BackEnd\venv\Lib\site-packages\whitenoise\middleware.py", line 123, in __call__
    return self.get_response(request)
  File "C:\Users\Евгения\Desktop\Projects_web\TeddysTale_with-BackEnd\venv\Lib\site-packages\django\core\handlers\exception.py", line 55, in inner
    response = get_response(request)
  File "C:\Users\Евгения\Desktop\Projects_web\TeddysTale_with-BackEnd\venv\Lib\site-packages\django\utils\deprecation.py", line 120, in __call__
    response = response or self.get_response(request)
  File "C:\Users\Евгения\Desktop\Projects_web\TeddysTale_with-BackEnd\venv\Lib\site-packages\django\core\handlers\exception.py", line 55, in inner
    response = get_response(request)
  File "C:\Users\Евгения\Desktop\Projects_web\TeddysTale_with-BackEnd\venv\Lib\site-packages\django\utils\deprecation.py", line 120, in __call__
    response = response or self.get_response(request)
  File "C:\Users\Евгения\Desktop\Projects_web\TeddysTale_with-BackEnd\venv\Lib\site-packages\django\core\handlers\exception.py", line 55, in inner
    response = get_response(request)
  File "C:\Users\Евгения\Desktop\Projects_web\TeddysTale_with-BackEnd\venv\Lib\site-packages\django\utils\deprecation.py", line 120, in __call__
    response = response or self.get_response(request)
  File "C:\Users\Евгения\Desktop\Projects_web\TeddysTale_with-BackEnd\venv\Lib\site-packages\django\core\handlers\exception.py", line 55, in inner
    response = get_response(request)
  File "C:\Users\Евгения\Desktop\Projects_web\TeddysTale_with-BackEnd\venv\Lib\site-packages\django\utils\deprecation.py", line 120, in __call__
    response = response or self.get_response(request)
  File "C:\Users\Евгения\Desktop\Projects_web\TeddysTale_with-BackEnd\venv\Lib\site-packages\django\core\handlers\exception.py", line 55, in inner
    response = get_response(request)
  File "C:\Users\Евгения\Desktop\Projects_web\TeddysTale_with-BackEnd\venv\Lib\site-packages\django\utils\deprecation.py", line 120, in __call__
    response = response or self.get_response(request)
  File "C:\Users\Евгения\Desktop\Projects_web\TeddysTale_with-BackEnd\venv\Lib\site-packages\django\core\handlers\exception.py", line 55, in inner
    response = get_response(request)
  File "C:\Users\Евгения\Desktop\Projects_web\TeddysTale_with-BackEnd\venv\Lib\site-packages\django\utils\deprecation.py", line 120, in __call__
    response = response or self.get_response(request)
  File "C:\Users\Евгения\Desktop\Projects_web\TeddysTale_with-BackEnd\venv\Lib\site-packages\django\core\handlers\exception.py", line 55, in inner
    response = get_response(request)
  File "C:\Users\Евгения\Desktop\Projects_web\TeddysTale_with-BackEnd\venv\Lib\site-packages\django\utils\deprecation.py", line 120, in __call__
    response = response or self.get_response(request)
  File "C:\Users\Евгения\Desktop\Projects_web\TeddysTale_with-BackEnd\venv\Lib\site-packages\django\core\handlers\exception.py", line 55, in inner
    response = get_response(request)
  File "C:\Users\Евгения\Desktop\Projects_web\TeddysTale_with-BackEnd\TeddyTale\TeddyTale\middleware.py", line 25, in __call__
    response = self.get_response(request)
  File "C:\Users\Евгения\Desktop\Projects_web\TeddysTale_with-BackEnd\venv\Lib\site-packages\django\core\handlers\exception.py", line 55, in inner
    response = get_response(request)
  File "C:\Users\Евгения\Desktop\Projects_web\TeddysTale_with-BackEnd\venv\Lib\site-packages\django\core\handlers\base.py", line 197, in _get_response
    response = wrapped_callback(request, *callback_args, **callback_kwargs)
  File "C:\Users\Евгения\Desktop\Projects_web\TeddysTale_with-BackEnd\TeddyTale\landing\db_utils.py", line 21, in wrapper
    return func(*args, **kwargs)
  File "C:\Users\Евгения\Desktop\Projects_web\TeddysTale_with-BackEnd\TeddyTale\landing\views.py", line 169, in index
    logger.error(f"КРИТИЧЕСКАЯ ОШИБКА при загрузке данных главной страницы: {str(e)}",
[2026-01-02 15:17:31] WARNING landing.views - Используется резервный режим с безопасными значениями
[2026-01-02 15:18:31] DEBUG landing.views - Загружено товаров из базы: 8
[2026-01-02 15:18:31] DEBUG landing.views - Показывать заглушки: True, количество: 1
[2026-01-02 15:18:31] WARNING landing.views - Секция 'contacts' не найдена в базе данных, используются значения по умолчанию
[2026-01-02 15:18:31] INFO landing.views - Главная страница успешно загружена. Товаров: 8, Координаты: 59.819987, 30.337649
[2026-01-02 15:19:05] DEBUG landing.views - Загружено товаров из базы: 8
[2026-01-02 15:19:05] DEBUG landing.views - Показывать заглушки: True, количество: 1
[2026-01-02 15:19:05] WARNING landing.views - Секция 'contacts' не найдена в базе данных, используются значения по умолчанию
[2026-01-02 15:19:05] INFO landing.views - Главная страница успешно загружена. Товаров: 8, Координаты: 59.819987, 30.337649
[2026-01-02 15:19:29] DEBUG landing.views - Загружено товаров из базы: 8
[2026-01-02 15:19:29] DEBUG landing.views - Показывать заглушки: True, количество: 1
[2026-01-02 15:19:30] WARNING landing.views - Секция 'contacts' не найдена в базе данных, используются значения по умолчанию
[2026-01-02 15:19:30] INFO landing.views - Главная страница успешно загружена. Товаров: 8, Координаты: 59.819987, 30.337649
[2026-01-02 15:19:51] DEBUG landing.views - Загружено товаров из базы: 8
[2026-01-02 15:19:51] DEBUG landing.views - Показывать заглушки: True, количество: 1
[2026-01-02 15:20:10] ERROR landing.views - КРИТИЧЕСКАЯ ОШИБКА при загрузке данных главной страницы: server closed the connection unexpectedly
	This probably means the server terminated abnormally
	before or while processing the request.
server closed the connection unexpectedly
	This probably means the server terminated abnormally
	before or while processing the request.
Traceback (most recent call last):
  File "C:\Users\Евгения\Desktop\Projects_web\TeddysTale_with-BackEnd\venv\Lib\site-packages\django\db\backends\utils.py", line 105, in _execute
    return self.cursor.execute(sql, params)
           ~~~~~~~~~~~~~~~~~~~^^^^^^^^^^^^^
psycopg2.OperationalError: server closed the connection unexpectedly
	This probably means the server terminated abnormally
	before or while processing the request.
server closed the connection unexpectedly
	This probably means the server terminated abnormally
	before or while processing the request.


The above exception was the direct cause of the following exception:

Traceback (most recent call last):
  File "C:\Users\Евгения\Desktop\Projects_web\TeddysTale_with-BackEnd\TeddyTale\landing\views.py", line 140, in index
    contacts_section = PageSection.objects.filter(section_key='contacts').first()
  File "C:\Users\Евгения\Desktop\Projects_web\TeddysTale_with-BackEnd\venv\Lib\site-packages\django\db\models\query.py", line 1106, in first
    for obj in queryset[:1]:
               ~~~~~~~~^^^^
  File "C:\Users\Евгения\Desktop\Projects_web\TeddysTale_with-BackEnd\venv\Lib\site-packages\django\db\models\query.py", line 386, in __iter__
    self._fetch_all()
    ~~~~~~~~~~~~~~~^^
  File "C:\Users\Евгения\Desktop\Projects_web\TeddysTale_with-BackEnd\venv\Lib\site-packages\django\db\models\query.py", line 1954, in _fetch_all
    self._result_cache = list(self._iterable_class(self))
                         ~~~~^^^^^^^^^^^^^^^^^^^^^^^^^^^^
  File "C:\Users\Евгения\Desktop\Projects_web\TeddysTale_with-BackEnd\venv\Lib\site-packages\django\db\models\query.py", line 93, in __iter__
    results = compiler.execute_sql(
        chunked_fetch=self.chunked_fetch, chunk_size=self.chunk_size
    )
  File "C:\Users\Евгения\Desktop\Projects_web\TeddysTale_with-BackEnd\venv\Lib\site-packages\django\db\models\sql\compiler.py", line 1623, in execute_sql
    cursor.execute(sql, params)
    ~~~~~~~~~~~~~~^^^^^^^^^^^^^
  File "C:\Users\Евгения\Desktop\Projects_web\TeddysTale_with-BackEnd\venv\Lib\site-packages\django\db\backends\utils.py", line 122, in execute
    return super().execute(sql, params)
           ~~~~~~~~~~~~~~~^^^^^^^^^^^^^
  File "C:\Users\Евгения\Desktop\Projects_web\TeddysTale_with-BackEnd\venv\Lib\site-packages\django\db\backends\utils.py", line 79, in execute
    return self._execute_with_wrappers(
           ~~~~~~~~~~~~~~~~~~~~~~~~~~~^
        sql, params, many=False, executor=self._execute
        ^^^^^^^^^^^^^^^^^^^^^^^^^^^^^^^^^^^^^^^^^^^^^^^
    )
    ^
  File "C:\Users\Евгения\Desktop\Projects_web\TeddysTale_with-BackEnd\venv\Lib\site-packages\django\db\backends\utils.py", line 92, in _execute_with_wrappers
    return executor(sql, params, many, context)
  File "C:\Users\Евгения\Desktop\Projects_web\TeddysTale_with-BackEnd\venv\Lib\site-packages\django\db\backends\utils.py", line 100, in _execute
    with self.db.wrap_database_errors:
         ^^^^^^^^^^^^^^^^^^^^^^^^^^^^
  File "C:\Users\Евгения\Desktop\Projects_web\TeddysTale_with-BackEnd\venv\Lib\site-packages\django\db\utils.py", line 91, in __exit__
    raise dj_exc_value.with_traceback(traceback) from exc_value
  File "C:\Users\Евгения\Desktop\Projects_web\TeddysTale_with-BackEnd\venv\Lib\site-packages\django\db\backends\utils.py", line 105, in _execute
    return self.cursor.execute(sql, params)
           ~~~~~~~~~~~~~~~~~~~^^^^^^^^^^^^^
django.db.utils.OperationalError: server closed the connection unexpectedly
	This probably means the server terminated abnormally
	before or while processing the request.
server closed the connection unexpectedly
	This probably means the server terminated abnormally
	before or while processing the request.
Stack (most recent call last):
  File "C:\Users\Евгения\AppData\Local\Programs\Python\Python313\Lib\threading.py", line 1014, in _bootstrap
    self._bootstrap_inner()
  File "C:\Users\Евгения\AppData\Local\Programs\Python\Python313\Lib\threading.py", line 1043, in _bootstrap_inner
    self.run()
  File "C:\Users\Евгения\AppData\Local\Programs\Python\Python313\Lib\threading.py", line 994, in run
    self._target(*self._args, **self._kwargs)
  File "C:\Users\Евгения\AppData\Local\Programs\Python\Python313\Lib\socketserver.py", line 697, in process_request_thread
    self.finish_request(request, client_address)
  File "C:\Users\Евгения\AppData\Local\Programs\Python\Python313\Lib\socketserver.py", line 362, in finish_request
    self.RequestHandlerClass(request, client_address, self)
  File "C:\Users\Евгения\AppData\Local\Programs\Python\Python313\Lib\socketserver.py", line 766, in __init__
    self.handle()
  File "C:\Users\Евгения\Desktop\Projects_web\TeddysTale_with-BackEnd\venv\Lib\site-packages\django\core\servers\basehttp.py", line 228, in handle
    self.handle_one_request()
  File "C:\Users\Евгения\Desktop\Projects_web\TeddysTale_with-BackEnd\venv\Lib\site-packages\django\core\servers\basehttp.py", line 253, in handle_one_request
    handler.run(self.server.get_app())
  File "C:\Users\Евгения\AppData\Local\Programs\Python\Python313\Lib\wsgiref\handlers.py", line 137, in run
    self.result = application(self.environ, self.start_response)
  File "C:\Users\Евгения\Desktop\Projects_web\TeddysTale_with-BackEnd\venv\Lib\site-packages\django\contrib\staticfiles\handlers.py", line 80, in __call__
    return self.application(environ, start_response)
  File "C:\Users\Евгения\Desktop\Projects_web\TeddysTale_with-BackEnd\venv\Lib\site-packages\django\core\handlers\wsgi.py", line 124, in __call__
    response = self.get_response(request)
  File "C:\Users\Евгения\Desktop\Projects_web\TeddysTale_with-BackEnd\venv\Lib\site-packages\django\core\handlers\base.py", line 140, in get_response
    response = self._middleware_chain(request)
  File "C:\Users\Евгения\Desktop\Projects_web\TeddysTale_with-BackEnd\venv\Lib\site-packages\django\core\handlers\exception.py", line 55, in inner
    response = get_response(request)
  File "C:\Users\Евгения\Desktop\Projects_web\TeddysTale_with-BackEnd\venv\Lib\site-packages\django\utils\deprecation.py", line 120, in __call__
    response = response or self.get_response(request)
  File "C:\Users\Евгения\Desktop\Projects_web\TeddysTale_with-BackEnd\venv\Lib\site-packages\django\core\handlers\exception.py", line 55, in inner
    response = get_response(request)
  File "C:\Users\Евгения\Desktop\Projects_web\TeddysTale_with-BackEnd\venv\Lib\site-packages\whitenoise\middleware.py", line 123, in __call__
    return self.get_response(request)
  File "C:\Users\Евгения\Desktop\Projects_web\TeddysTale_with-BackEnd\venv\Lib\site-packages\django\core\handlers\exception.py", line 55, in inner
    response = get_response(request)
  File "C:\Users\Евгения\Desktop\Projects_web\TeddysTale_with-BackEnd\venv\Lib\site-packages\django\utils\deprecation.py", line 120, in __call__
    response = response or self.get_response(request)
  File "C:\Users\Евгения\Desktop\Projects_web\TeddysTale_with-BackEnd\venv\Lib\site-packages\django\core\handlers\exception.py", line 55, in inner
    response = get_response(request)
  File "C:\Users\Евгения\Desktop\Projects_web\TeddysTale_with-BackEnd\venv\Lib\site-packages\django\utils\deprecation.py", line 120, in __call__
    response = response or self.get_response(request)
  File "C:\Users\Евгения\Desktop\Projects_web\TeddysTale_with-BackEnd\venv\Lib\site-packages\django\core\handlers\exception.py", line 55, in inner
    response = get_response(request)
  File "C:\Users\Евгения\Desktop\Projects_web\TeddysTale_with-BackEnd\venv\Lib\site-packages\django\utils\deprecation.py", line 120, in __call__
    response = response or self.get_response(request)
  File "C:\Users\Евгения\Desktop\Projects_web\TeddysTale_with-BackEnd\venv\Lib\site-packages\django\core\handlers\exception.py", line 55, in inner
    response = get_response(request)
  File "C:\Users\Евгения\Desktop\Projects_web\TeddysTale_with-BackEnd\venv\Lib\site-packages\django\utils\deprecation.py", line 120, in __call__
    response = response or self.get_response(request)
  File "C:\Users\Евгения\Desktop\Projects_web\TeddysTale_with-BackEnd\venv\Lib\site-packages\django\core\handlers\exception.py", line 55, in inner
    response = get_response(request)
  File "C:\Users\Евгения\Desktop\Projects_web\TeddysTale_with-BackEnd\venv\Lib\site-packages\django\utils\deprecation.py", line 120, in __call__
    response = response or self.get_response(request)
  File "C:\Users\Евгения\Desktop\Projects_web\TeddysTale_with-BackEnd\venv\Lib\site-packages\django\core\handlers\exception.py", line 55, in inner
    response = get_response(request)
  File "C:\Users\Евгения\Desktop\Projects_web\TeddysTale_with-BackEnd\venv\Lib\site-packages\django\utils\deprecation.py", line 120, in __call__
    response = response or self.get_response(request)
  File "C:\Users\Евгения\Desktop\Projects_web\TeddysTale_with-BackEnd\venv\Lib\site-packages\django\core\handlers\exception.py", line 55, in inner
    response = get_response(request)
  File "C:\Users\Евгения\Desktop\Projects_web\TeddysTale_with-BackEnd\venv\Lib\site-packages\django\utils\deprecation.py", line 120, in __call__
    response = response or self.get_response(request)
  File "C:\Users\Евгения\Desktop\Projects_web\TeddysTale_with-BackEnd\venv\Lib\site-packages\django\core\handlers\exception.py", line 55, in inner
    response = get_response(request)
  File "C:\Users\Евгения\Desktop\Projects_web\TeddysTale_with-BackEnd\TeddyTale\TeddyTale\middleware.py", line 25, in __call__
    response = self.get_response(request)
  File "C:\Users\Евгения\Desktop\Projects_web\TeddysTale_with-BackEnd\venv\Lib\site-packages\django\core\handlers\exception.py", line 55, in inner
    response = get_response(request)
  File "C:\Users\Евгения\Desktop\Projects_web\TeddysTale_with-BackEnd\venv\Lib\site-packages\django\core\handlers\base.py", line 197, in _get_response
    response = wrapped_callback(request, *callback_args, **callback_kwargs)
  File "C:\Users\Евгения\Desktop\Projects_web\TeddysTale_with-BackEnd\TeddyTale\landing\db_utils.py", line 21, in wrapper
    return func(*args, **kwargs)
  File "C:\Users\Евгения\Desktop\Projects_web\TeddysTale_with-BackEnd\TeddyTale\landing\views.py", line 169, in index
    logger.error(f"КРИТИЧЕСКАЯ ОШИБКА при загрузке данных главной страницы: {str(e)}",
[2026-01-02 15:20:10] WARNING landing.views - Используется резервный режим с безопасными значениями
[2026-01-02 15:21:04] DEBUG landing.views - Загружено товаров из базы: 8
[2026-01-02 15:21:04] DEBUG landing.views - Показывать заглушки: True, количество: 1
[2026-01-02 15:21:04] WARNING landing.views - Секция 'contacts' не найдена в базе данных, используются значения по умолчанию
[2026-01-02 15:21:04] INFO landing.views - Главная страница успешно загружена. Товаров: 8, Координаты: 59.819987, 30.337649
[2026-01-02 15:22:05] DEBUG landing.views - Загружено товаров из базы: 8
[2026-01-02 15:22:05] DEBUG landing.views - Показывать заглушки: True, количество: 1
[2026-01-02 15:22:24] ERROR landing.views - КРИТИЧЕСКАЯ ОШИБКА при загрузке данных главной страницы: server closed the connection unexpectedly
	This probably means the server terminated abnormally
	before or while processing the request.
server closed the connection unexpectedly
	This probably means the server terminated abnormally
	before or while processing the request.
Traceback (most recent call last):
  File "C:\Users\Евгения\Desktop\Projects_web\TeddysTale_with-BackEnd\venv\Lib\site-packages\django\db\backends\utils.py", line 105, in _execute
    return self.cursor.execute(sql, params)
           ~~~~~~~~~~~~~~~~~~~^^^^^^^^^^^^^
psycopg2.OperationalError: server closed the connection unexpectedly
	This probably means the server terminated abnormally
	before or while processing the request.
server closed the connection unexpectedly
	This probably means the server terminated abnormally
	before or while processing the request.


The above exception was the direct cause of the following exception:

Traceback (most recent call last):
  File "C:\Users\Евгения\Desktop\Projects_web\TeddysTale_with-BackEnd\TeddyTale\landing\views.py", line 140, in index
    contacts_section = PageSection.objects.filter(section_key='contacts').first()
  File "C:\Users\Евгения\Desktop\Projects_web\TeddysTale_with-BackEnd\venv\Lib\site-packages\django\db\models\query.py", line 1106, in first
    for obj in queryset[:1]:
               ~~~~~~~~^^^^
  File "C:\Users\Евгения\Desktop\Projects_web\TeddysTale_with-BackEnd\venv\Lib\site-packages\django\db\models\query.py", line 386, in __iter__
    self._fetch_all()
    ~~~~~~~~~~~~~~~^^
  File "C:\Users\Евгения\Desktop\Projects_web\TeddysTale_with-BackEnd\venv\Lib\site-packages\django\db\models\query.py", line 1954, in _fetch_all
    self._result_cache = list(self._iterable_class(self))
                         ~~~~^^^^^^^^^^^^^^^^^^^^^^^^^^^^
  File "C:\Users\Евгения\Desktop\Projects_web\TeddysTale_with-BackEnd\venv\Lib\site-packages\django\db\models\query.py", line 93, in __iter__
    results = compiler.execute_sql(
        chunked_fetch=self.chunked_fetch, chunk_size=self.chunk_size
    )
  File "C:\Users\Евгения\Desktop\Projects_web\TeddysTale_with-BackEnd\venv\Lib\site-packages\django\db\models\sql\compiler.py", line 1623, in execute_sql
    cursor.execute(sql, params)
    ~~~~~~~~~~~~~~^^^^^^^^^^^^^
  File "C:\Users\Евгения\Desktop\Projects_web\TeddysTale_with-BackEnd\venv\Lib\site-packages\django\db\backends\utils.py", line 122, in execute
    return super().execute(sql, params)
           ~~~~~~~~~~~~~~~^^^^^^^^^^^^^
  File "C:\Users\Евгения\Desktop\Projects_web\TeddysTale_with-BackEnd\venv\Lib\site-packages\django\db\backends\utils.py", line 79, in execute
    return self._execute_with_wrappers(
           ~~~~~~~~~~~~~~~~~~~~~~~~~~~^
        sql, params, many=False, executor=self._execute
        ^^^^^^^^^^^^^^^^^^^^^^^^^^^^^^^^^^^^^^^^^^^^^^^
    )
    ^
  File "C:\Users\Евгения\Desktop\Projects_web\TeddysTale_with-BackEnd\venv\Lib\site-packages\django\db\backends\utils.py", line 92, in _execute_with_wrappers
    return executor(sql, params, many, context)
  File "C:\Users\Евгения\Desktop\Projects_web\TeddysTale_with-BackEnd\venv\Lib\site-packages\django\db\backends\utils.py", line 100, in _execute
    with self.db.wrap_database_errors:
         ^^^^^^^^^^^^^^^^^^^^^^^^^^^^
  File "C:\Users\Евгения\Desktop\Projects_web\TeddysTale_with-BackEnd\venv\Lib\site-packages\django\db\utils.py", line 91, in __exit__
    raise dj_exc_value.with_traceback(traceback) from exc_value
  File "C:\Users\Евгения\Desktop\Projects_web\TeddysTale_with-BackEnd\venv\Lib\site-packages\django\db\backends\utils.py", line 105, in _execute
    return self.cursor.execute(sql, params)
           ~~~~~~~~~~~~~~~~~~~^^^^^^^^^^^^^
django.db.utils.OperationalError: server closed the connection unexpectedly
	This probably means the server terminated abnormally
	before or while processing the request.
server closed the connection unexpectedly
	This probably means the server terminated abnormally
	before or while processing the request.
Stack (most recent call last):
  File "C:\Users\Евгения\AppData\Local\Programs\Python\Python313\Lib\threading.py", line 1014, in _bootstrap
    self._bootstrap_inner()
  File "C:\Users\Евгения\AppData\Local\Programs\Python\Python313\Lib\threading.py", line 1043, in _bootstrap_inner
    self.run()
  File "C:\Users\Евгения\AppData\Local\Programs\Python\Python313\Lib\threading.py", line 994, in run
    self._target(*self._args, **self._kwargs)
  File "C:\Users\Евгения\AppData\Local\Programs\Python\Python313\Lib\socketserver.py", line 697, in process_request_thread
    self.finish_request(request, client_address)
  File "C:\Users\Евгения\AppData\Local\Programs\Python\Python313\Lib\socketserver.py", line 362, in finish_request
    self.RequestHandlerClass(request, client_address, self)
  File "C:\Users\Евгения\AppData\Local\Programs\Python\Python313\Lib\socketserver.py", line 766, in __init__
    self.handle()
  File "C:\Users\Евгения\Desktop\Projects_web\TeddysTale_with-BackEnd\venv\Lib\site-packages\django\core\servers\basehttp.py", line 230, in handle
    self.handle_one_request()
  File "C:\Users\Евгения\Desktop\Projects_web\TeddysTale_with-BackEnd\venv\Lib\site-packages\django\core\servers\basehttp.py", line 253, in handle_one_request
    handler.run(self.server.get_app())
  File "C:\Users\Евгения\AppData\Local\Programs\Python\Python313\Lib\wsgiref\handlers.py", line 137, in run
    self.result = application(self.environ, self.start_response)
  File "C:\Users\Евгения\Desktop\Projects_web\TeddysTale_with-BackEnd\venv\Lib\site-packages\django\contrib\staticfiles\handlers.py", line 80, in __call__
    return self.application(environ, start_response)
  File "C:\Users\Евгения\Desktop\Projects_web\TeddysTale_with-BackEnd\venv\Lib\site-packages\django\core\handlers\wsgi.py", line 124, in __call__
    response = self.get_response(request)
  File "C:\Users\Евгения\Desktop\Projects_web\TeddysTale_with-BackEnd\venv\Lib\site-packages\django\core\handlers\base.py", line 140, in get_response
    response = self._middleware_chain(request)
  File "C:\Users\Евгения\Desktop\Projects_web\TeddysTale_with-BackEnd\venv\Lib\site-packages\django\core\handlers\exception.py", line 55, in inner
    response = get_response(request)
  File "C:\Users\Евгения\Desktop\Projects_web\TeddysTale_with-BackEnd\venv\Lib\site-packages\django\utils\deprecation.py", line 120, in __call__
    response = response or self.get_response(request)
  File "C:\Users\Евгения\Desktop\Projects_web\TeddysTale_with-BackEnd\venv\Lib\site-packages\django\core\handlers\exception.py", line 55, in inner
    response = get_response(request)
  File "C:\Users\Евгения\Desktop\Projects_web\TeddysTale_with-BackEnd\venv\Lib\site-packages\whitenoise\middleware.py", line 123, in __call__
    return self.get_response(request)
  File "C:\Users\Евгения\Desktop\Projects_web\TeddysTale_with-BackEnd\venv\Lib\site-packages\django\core\handlers\exception.py", line 55, in inner
    response = get_response(request)
  File "C:\Users\Евгения\Desktop\Projects_web\TeddysTale_with-BackEnd\venv\Lib\site-packages\django\utils\deprecation.py", line 120, in __call__
    response = response or self.get_response(request)
  File "C:\Users\Евгения\Desktop\Projects_web\TeddysTale_with-BackEnd\venv\Lib\site-packages\django\core\handlers\exception.py", line 55, in inner
    response = get_response(request)
  File "C:\Users\Евгения\Desktop\Projects_web\TeddysTale_with-BackEnd\venv\Lib\site-packages\django\utils\deprecation.py", line 120, in __call__
    response = response or self.get_response(request)
  File "C:\Users\Евгения\Desktop\Projects_web\TeddysTale_with-BackEnd\venv\Lib\site-packages\django\core\handlers\exception.py", line 55, in inner
    response = get_response(request)
  File "C:\Users\Евгения\Desktop\Projects_web\TeddysTale_with-BackEnd\venv\Lib\site-packages\django\utils\deprecation.py", line 120, in __call__
    response = response or self.get_response(request)
  File "C:\Users\Евгения\Desktop\Projects_web\TeddysTale_with-BackEnd\venv\Lib\site-packages\django\core\handlers\exception.py", line 55, in inner
    response = get_response(request)
  File "C:\Users\Евгения\Desktop\Projects_web\TeddysTale_with-BackEnd\venv\Lib\site-packages\django\utils\deprecation.py", line 120, in __call__
    response = response or self.get_response(request)
  File "C:\Users\Евгения\Desktop\Projects_web\TeddysTale_with-BackEnd\venv\Lib\site-packages\django\core\handlers\exception.py", line 55, in inner
    response = get_response(request)
  File "C:\Users\Евгения\Desktop\Projects_web\TeddysTale_with-BackEnd\venv\Lib\site-packages\django\utils\deprecation.py", line 120, in __call__
    response = response or self.get_response(request)
  File "C:\Users\Евгения\Desktop\Projects_web\TeddysTale_with-BackEnd\venv\Lib\site-packages\django\core\handlers\exception.py", line 55, in inner
    response = get_response(request)
  File "C:\Users\Евгения\Desktop\Projects_web\TeddysTale_with-BackEnd\venv\Lib\site-packages\django\utils\deprecation.py", line 120, in __call__
    response = response or self.get_response(request)
  File "C:\Users\Евгения\Desktop\Projects_web\TeddysTale_with-BackEnd\venv\Lib\site-packages\django\core\handlers\exception.py", line 55, in inner
    response = get_response(request)
  File "C:\Users\Евгения\Desktop\Projects_web\TeddysTale_with-BackEnd\venv\Lib\site-packages\django\utils\deprecation.py", line 120, in __call__
    response = response or self.get_response(request)
  File "C:\Users\Евгения\Desktop\Projects_web\TeddysTale_with-BackEnd\venv\Lib\site-packages\django\core\handlers\exception.py", line 55, in inner
    response = get_response(request)
  File "C:\Users\Евгения\Desktop\Projects_web\TeddysTale_with-BackEnd\TeddyTale\TeddyTale\middleware.py", line 25, in __call__
    response = self.get_response(request)
  File "C:\Users\Евгения\Desktop\Projects_web\TeddysTale_with-BackEnd\venv\Lib\site-packages\django\core\handlers\exception.py", line 55, in inner
    response = get_response(request)
  File "C:\Users\Евгения\Desktop\Projects_web\TeddysTale_with-BackEnd\venv\Lib\site-packages\django\core\handlers\base.py", line 197, in _get_response
    response = wrapped_callback(request, *callback_args, **callback_kwargs)
  File "C:\Users\Евгения\Desktop\Projects_web\TeddysTale_with-BackEnd\TeddyTale\landing\db_utils.py", line 21, in wrapper
    return func(*args, **kwargs)
  File "C:\Users\Евгения\Desktop\Projects_web\TeddysTale_with-BackEnd\TeddyTale\landing\views.py", line 169, in index
    logger.error(f"КРИТИЧЕСКАЯ ОШИБКА при загрузке данных главной страницы: {str(e)}",
[2026-01-02 15:22:24] WARNING landing.views - Используется резервный режим с безопасными значениями
[2026-01-02 15:22:31] DEBUG landing.views - Загружено товаров из базы: 8
[2026-01-02 15:22:31] DEBUG landing.views - Показывать заглушки: True, количество: 1
[2026-01-02 15:22:50] ERROR landing.views - КРИТИЧЕСКАЯ ОШИБКА при загрузке данных главной страницы: server closed the connection unexpectedly
	This probably means the server terminated abnormally
	before or while processing the request.
server closed the connection unexpectedly
	This probably means the server terminated abnormally
	before or while processing the request.
Traceback (most recent call last):
  File "C:\Users\Евгения\Desktop\Projects_web\TeddysTale_with-BackEnd\venv\Lib\site-packages\django\db\backends\utils.py", line 105, in _execute
    return self.cursor.execute(sql, params)
           ~~~~~~~~~~~~~~~~~~~^^^^^^^^^^^^^
psycopg2.OperationalError: server closed the connection unexpectedly
	This probably means the server terminated abnormally
	before or while processing the request.
server closed the connection unexpectedly
	This probably means the server terminated abnormally
	before or while processing the request.


The above exception was the direct cause of the following exception:

Traceback (most recent call last):
  File "C:\Users\Евгения\Desktop\Projects_web\TeddysTale_with-BackEnd\TeddyTale\landing\views.py", line 140, in index
    contacts_section = PageSection.objects.filter(section_key='contacts').first()
  File "C:\Users\Евгения\Desktop\Projects_web\TeddysTale_with-BackEnd\venv\Lib\site-packages\django\db\models\query.py", line 1106, in first
    for obj in queryset[:1]:
               ~~~~~~~~^^^^
  File "C:\Users\Евгения\Desktop\Projects_web\TeddysTale_with-BackEnd\venv\Lib\site-packages\django\db\models\query.py", line 386, in __iter__
    self._fetch_all()
    ~~~~~~~~~~~~~~~^^
  File "C:\Users\Евгения\Desktop\Projects_web\TeddysTale_with-BackEnd\venv\Lib\site-packages\django\db\models\query.py", line 1954, in _fetch_all
    self._result_cache = list(self._iterable_class(self))
                         ~~~~^^^^^^^^^^^^^^^^^^^^^^^^^^^^
  File "C:\Users\Евгения\Desktop\Projects_web\TeddysTale_with-BackEnd\venv\Lib\site-packages\django\db\models\query.py", line 93, in __iter__
    results = compiler.execute_sql(
        chunked_fetch=self.chunked_fetch, chunk_size=self.chunk_size
    )
  File "C:\Users\Евгения\Desktop\Projects_web\TeddysTale_with-BackEnd\venv\Lib\site-packages\django\db\models\sql\compiler.py", line 1623, in execute_sql
    cursor.execute(sql, params)
    ~~~~~~~~~~~~~~^^^^^^^^^^^^^
  File "C:\Users\Евгения\Desktop\Projects_web\TeddysTale_with-BackEnd\venv\Lib\site-packages\django\db\backends\utils.py", line 122, in execute
    return super().execute(sql, params)
           ~~~~~~~~~~~~~~~^^^^^^^^^^^^^
  File "C:\Users\Евгения\Desktop\Projects_web\TeddysTale_with-BackEnd\venv\Lib\site-packages\django\db\backends\utils.py", line 79, in execute
    return self._execute_with_wrappers(
           ~~~~~~~~~~~~~~~~~~~~~~~~~~~^
        sql, params, many=False, executor=self._execute
        ^^^^^^^^^^^^^^^^^^^^^^^^^^^^^^^^^^^^^^^^^^^^^^^
    )
    ^
  File "C:\Users\Евгения\Desktop\Projects_web\TeddysTale_with-BackEnd\venv\Lib\site-packages\django\db\backends\utils.py", line 92, in _execute_with_wrappers
    return executor(sql, params, many, context)
  File "C:\Users\Евгения\Desktop\Projects_web\TeddysTale_with-BackEnd\venv\Lib\site-packages\django\db\backends\utils.py", line 100, in _execute
    with self.db.wrap_database_errors:
         ^^^^^^^^^^^^^^^^^^^^^^^^^^^^
  File "C:\Users\Евгения\Desktop\Projects_web\TeddysTale_with-BackEnd\venv\Lib\site-packages\django\db\utils.py", line 91, in __exit__
    raise dj_exc_value.with_traceback(traceback) from exc_value
  File "C:\Users\Евгения\Desktop\Projects_web\TeddysTale_with-BackEnd\venv\Lib\site-packages\django\db\backends\utils.py", line 105, in _execute
    return self.cursor.execute(sql, params)
           ~~~~~~~~~~~~~~~~~~~^^^^^^^^^^^^^
django.db.utils.OperationalError: server closed the connection unexpectedly
	This probably means the server terminated abnormally
	before or while processing the request.
server closed the connection unexpectedly
	This probably means the server terminated abnormally
	before or while processing the request.
Stack (most recent call last):
  File "C:\Users\Евгения\AppData\Local\Programs\Python\Python313\Lib\threading.py", line 1014, in _bootstrap
    self._bootstrap_inner()
  File "C:\Users\Евгения\AppData\Local\Programs\Python\Python313\Lib\threading.py", line 1043, in _bootstrap_inner
    self.run()
  File "C:\Users\Евгения\AppData\Local\Programs\Python\Python313\Lib\threading.py", line 994, in run
    self._target(*self._args, **self._kwargs)
  File "C:\Users\Евгения\AppData\Local\Programs\Python\Python313\Lib\socketserver.py", line 697, in process_request_thread
    self.finish_request(request, client_address)
  File "C:\Users\Евгения\AppData\Local\Programs\Python\Python313\Lib\socketserver.py", line 362, in finish_request
    self.RequestHandlerClass(request, client_address, self)
  File "C:\Users\Евгения\AppData\Local\Programs\Python\Python313\Lib\socketserver.py", line 766, in __init__
    self.handle()
  File "C:\Users\Евгения\Desktop\Projects_web\TeddysTale_with-BackEnd\venv\Lib\site-packages\django\core\servers\basehttp.py", line 228, in handle
    self.handle_one_request()
  File "C:\Users\Евгения\Desktop\Projects_web\TeddysTale_with-BackEnd\venv\Lib\site-packages\django\core\servers\basehttp.py", line 253, in handle_one_request
    handler.run(self.server.get_app())
  File "C:\Users\Евгения\AppData\Local\Programs\Python\Python313\Lib\wsgiref\handlers.py", line 137, in run
    self.result = application(self.environ, self.start_response)
  File "C:\Users\Евгения\Desktop\Projects_web\TeddysTale_with-BackEnd\venv\Lib\site-packages\django\contrib\staticfiles\handlers.py", line 80, in __call__
    return self.application(environ, start_response)
  File "C:\Users\Евгения\Desktop\Projects_web\TeddysTale_with-BackEnd\venv\Lib\site-packages\django\core\handlers\wsgi.py", line 124, in __call__
    response = self.get_response(request)
  File "C:\Users\Евгения\Desktop\Projects_web\TeddysTale_with-BackEnd\venv\Lib\site-packages\django\core\handlers\base.py", line 140, in get_response
    response = self._middleware_chain(request)
  File "C:\Users\Евгения\Desktop\Projects_web\TeddysTale_with-BackEnd\venv\Lib\site-packages\django\core\handlers\exception.py", line 55, in inner
    response = get_response(request)
  File "C:\Users\Евгения\Desktop\Projects_web\TeddysTale_with-BackEnd\venv\Lib\site-packages\django\utils\deprecation.py", line 120, in __call__
    response = response or self.get_response(request)
  File "C:\Users\Евгения\Desktop\Projects_web\TeddysTale_with-BackEnd\venv\Lib\site-packages\django\core\handlers\exception.py", line 55, in inner
    response = get_response(request)
  File "C:\Users\Евгения\Desktop\Projects_web\TeddysTale_with-BackEnd\venv\Lib\site-packages\whitenoise\middleware.py", line 123, in __call__
    return self.get_response(request)
  File "C:\Users\Евгения\Desktop\Projects_web\TeddysTale_with-BackEnd\venv\Lib\site-packages\django\core\handlers\exception.py", line 55, in inner
    response = get_response(request)
  File "C:\Users\Евгения\Desktop\Projects_web\TeddysTale_with-BackEnd\venv\Lib\site-packages\django\utils\deprecation.py", line 120, in __call__
    response = response or self.get_response(request)
  File "C:\Users\Евгения\Desktop\Projects_web\TeddysTale_with-BackEnd\venv\Lib\site-packages\django\core\handlers\exception.py", line 55, in inner
    response = get_response(request)
  File "C:\Users\Евгения\Desktop\Projects_web\TeddysTale_with-BackEnd\venv\Lib\site-packages\django\utils\deprecation.py", line 120, in __call__
    response = response or self.get_response(request)
  File "C:\Users\Евгения\Desktop\Projects_web\TeddysTale_with-BackEnd\venv\Lib\site-packages\django\core\handlers\exception.py", line 55, in inner
    response = get_response(request)
  File "C:\Users\Евгения\Desktop\Projects_web\TeddysTale_with-BackEnd\venv\Lib\site-packages\django\utils\deprecation.py", line 120, in __call__
    response = response or self.get_response(request)
  File "C:\Users\Евгения\Desktop\Projects_web\TeddysTale_with-BackEnd\venv\Lib\site-packages\django\core\handlers\exception.py", line 55, in inner
    response = get_response(request)
  File "C:\Users\Евгения\Desktop\Projects_web\TeddysTale_with-BackEnd\venv\Lib\site-packages\django\utils\deprecation.py", line 120, in __call__
    response = response or self.get_response(request)
  File "C:\Users\Евгения\Desktop\Projects_web\TeddysTale_with-BackEnd\venv\Lib\site-packages\django\core\handlers\exception.py", line 55, in inner
    response = get_response(request)
  File "C:\Users\Евгения\Desktop\Projects_web\TeddysTale_with-BackEnd\venv\Lib\site-packages\django\utils\deprecation.py", line 120, in __call__
    response = response or self.get_response(request)
  File "C:\Users\Евгения\Desktop\Projects_web\TeddysTale_with-BackEnd\venv\Lib\site-packages\django\core\handlers\exception.py", line 55, in inner
    response = get_response(request)
  File "C:\Users\Евгения\Desktop\Projects_web\TeddysTale_with-BackEnd\venv\Lib\site-packages\django\utils\deprecation.py", line 120, in __call__
    response = response or self.get_response(request)
  File "C:\Users\Евгения\Desktop\Projects_web\TeddysTale_with-BackEnd\venv\Lib\site-packages\django\core\handlers\exception.py", line 55, in inner
    response = get_response(request)
  File "C:\Users\Евгения\Desktop\Projects_web\TeddysTale_with-BackEnd\venv\Lib\site-packages\django\utils\deprecation.py", line 120, in __call__
    response = response or self.get_response(request)
  File "C:\Users\Евгения\Desktop\Projects_web\TeddysTale_with-BackEnd\venv\Lib\site-packages\django\core\handlers\exception.py", line 55, in inner
    response = get_response(request)
  File "C:\Users\Евгения\Desktop\Projects_web\TeddysTale_with-BackEnd\TeddyTale\TeddyTale\middleware.py", line 25, in __call__
    response = self.get_response(request)
  File "C:\Users\Евгения\Desktop\Projects_web\TeddysTale_with-BackEnd\venv\Lib\site-packages\django\core\handlers\exception.py", line 55, in inner
    response = get_response(request)
  File "C:\Users\Евгения\Desktop\Projects_web\TeddysTale_with-BackEnd\venv\Lib\site-packages\django\core\handlers\base.py", line 197, in _get_response
    response = wrapped_callback(request, *callback_args, **callback_kwargs)
  File "C:\Users\Евгения\Desktop\Projects_web\TeddysTale_with-BackEnd\TeddyTale\landing\db_utils.py", line 21, in wrapper
    return func(*args, **kwargs)
  File "C:\Users\Евгения\Desktop\Projects_web\TeddysTale_with-BackEnd\TeddyTale\landing\views.py", line 169, in index
    logger.error(f"КРИТИЧЕСКАЯ ОШИБКА при загрузке данных главной страницы: {str(e)}",
[2026-01-02 15:22:50] WARNING landing.views - Используется резервный режим с безопасными значениями
[2026-01-02 15:28:49] DEBUG landing.views - Загружено товаров из базы: 8
[2026-01-02 15:28:49] DEBUG landing.views - Показывать заглушки: True, количество: 1
[2026-01-02 15:28:49] WARNING landing.views - Секция 'contacts' не найдена в базе данных, используются значения по умолчанию
[2026-01-02 15:28:49] INFO landing.views - Главная страница успешно загружена. Товаров: 8, Координаты: 59.819987, 30.337649
[2026-01-02 15:29:46] DEBUG landing.views - Загружено товаров из базы: 8
[2026-01-02 15:29:46] DEBUG landing.views - Показывать заглушки: True, количество: 1
[2026-01-02 15:29:46] WARNING landing.views - Секция 'contacts' не найдена в базе данных, используются значения по умолчанию
[2026-01-02 15:29:46] INFO landing.views - Главная страница успешно загружена. Товаров: 8, Координаты: 59.819987, 30.337649
[2026-01-02 15:30:29] DEBUG landing.views - Загружено товаров из базы: 8
[2026-01-02 15:30:29] DEBUG landing.views - Показывать заглушки: True, количество: 1
[2026-01-02 15:30:48] ERROR landing.views - КРИТИЧЕСКАЯ ОШИБКА при загрузке данных главной страницы: server closed the connection unexpectedly
	This probably means the server terminated abnormally
	before or while processing the request.
server closed the connection unexpectedly
	This probably means the server terminated abnormally
	before or while processing the request.
Traceback (most recent call last):
  File "C:\Users\Евгения\Desktop\Projects_web\TeddysTale_with-BackEnd\venv\Lib\site-packages\django\db\backends\utils.py", line 105, in _execute
    return self.cursor.execute(sql, params)
           ~~~~~~~~~~~~~~~~~~~^^^^^^^^^^^^^
psycopg2.OperationalError: server closed the connection unexpectedly
	This probably means the server terminated abnormally
	before or while processing the request.
server closed the connection unexpectedly
	This probably means the server terminated abnormally
	before or while processing the request.


The above exception was the direct cause of the following exception:

Traceback (most recent call last):
  File "C:\Users\Евгения\Desktop\Projects_web\TeddysTale_with-BackEnd\TeddyTale\landing\views.py", line 140, in index
    contacts_section = PageSection.objects.filter(section_key='contacts').first()
  File "C:\Users\Евгения\Desktop\Projects_web\TeddysTale_with-BackEnd\venv\Lib\site-packages\django\db\models\query.py", line 1106, in first
    for obj in queryset[:1]:
               ~~~~~~~~^^^^
  File "C:\Users\Евгения\Desktop\Projects_web\TeddysTale_with-BackEnd\venv\Lib\site-packages\django\db\models\query.py", line 386, in __iter__
    self._fetch_all()
    ~~~~~~~~~~~~~~~^^
  File "C:\Users\Евгения\Desktop\Projects_web\TeddysTale_with-BackEnd\venv\Lib\site-packages\django\db\models\query.py", line 1954, in _fetch_all
    self._result_cache = list(self._iterable_class(self))
                         ~~~~^^^^^^^^^^^^^^^^^^^^^^^^^^^^
  File "C:\Users\Евгения\Desktop\Projects_web\TeddysTale_with-BackEnd\venv\Lib\site-packages\django\db\models\query.py", line 93, in __iter__
    results = compiler.execute_sql(
        chunked_fetch=self.chunked_fetch, chunk_size=self.chunk_size
    )
  File "C:\Users\Евгения\Desktop\Projects_web\TeddysTale_with-BackEnd\venv\Lib\site-packages\django\db\models\sql\compiler.py", line 1623, in execute_sql
    cursor.execute(sql, params)
    ~~~~~~~~~~~~~~^^^^^^^^^^^^^
  File "C:\Users\Евгения\Desktop\Projects_web\TeddysTale_with-BackEnd\venv\Lib\site-packages\django\db\backends\utils.py", line 122, in execute
    return super().execute(sql, params)
           ~~~~~~~~~~~~~~~^^^^^^^^^^^^^
  File "C:\Users\Евгения\Desktop\Projects_web\TeddysTale_with-BackEnd\venv\Lib\site-packages\django\db\backends\utils.py", line 79, in execute
    return self._execute_with_wrappers(
           ~~~~~~~~~~~~~~~~~~~~~~~~~~~^
        sql, params, many=False, executor=self._execute
        ^^^^^^^^^^^^^^^^^^^^^^^^^^^^^^^^^^^^^^^^^^^^^^^
    )
    ^
  File "C:\Users\Евгения\Desktop\Projects_web\TeddysTale_with-BackEnd\venv\Lib\site-packages\django\db\backends\utils.py", line 92, in _execute_with_wrappers
    return executor(sql, params, many, context)
  File "C:\Users\Евгения\Desktop\Projects_web\TeddysTale_with-BackEnd\venv\Lib\site-packages\django\db\backends\utils.py", line 100, in _execute
    with self.db.wrap_database_errors:
         ^^^^^^^^^^^^^^^^^^^^^^^^^^^^
  File "C:\Users\Евгения\Desktop\Projects_web\TeddysTale_with-BackEnd\venv\Lib\site-packages\django\db\utils.py", line 91, in __exit__
    raise dj_exc_value.with_traceback(traceback) from exc_value
  File "C:\Users\Евгения\Desktop\Projects_web\TeddysTale_with-BackEnd\venv\Lib\site-packages\django\db\backends\utils.py", line 105, in _execute
    return self.cursor.execute(sql, params)
           ~~~~~~~~~~~~~~~~~~~^^^^^^^^^^^^^
django.db.utils.OperationalError: server closed the connection unexpectedly
	This probably means the server terminated abnormally
	before or while processing the request.
server closed the connection unexpectedly
	This probably means the server terminated abnormally
	before or while processing the request.
Stack (most recent call last):
  File "C:\Users\Евгения\AppData\Local\Programs\Python\Python313\Lib\threading.py", line 1014, in _bootstrap
    self._bootstrap_inner()
  File "C:\Users\Евгения\AppData\Local\Programs\Python\Python313\Lib\threading.py", line 1043, in _bootstrap_inner
    self.run()
  File "C:\Users\Евгения\AppData\Local\Programs\Python\Python313\Lib\threading.py", line 994, in run
    self._target(*self._args, **self._kwargs)
  File "C:\Users\Евгения\AppData\Local\Programs\Python\Python313\Lib\socketserver.py", line 697, in process_request_thread
    self.finish_request(request, client_address)
  File "C:\Users\Евгения\AppData\Local\Programs\Python\Python313\Lib\socketserver.py", line 362, in finish_request
    self.RequestHandlerClass(request, client_address, self)
  File "C:\Users\Евгения\AppData\Local\Programs\Python\Python313\Lib\socketserver.py", line 766, in __init__
    self.handle()
  File "C:\Users\Евгения\Desktop\Projects_web\TeddysTale_with-BackEnd\venv\Lib\site-packages\django\core\servers\basehttp.py", line 228, in handle
    self.handle_one_request()
  File "C:\Users\Евгения\Desktop\Projects_web\TeddysTale_with-BackEnd\venv\Lib\site-packages\django\core\servers\basehttp.py", line 253, in handle_one_request
    handler.run(self.server.get_app())
  File "C:\Users\Евгения\AppData\Local\Programs\Python\Python313\Lib\wsgiref\handlers.py", line 137, in run
    self.result = application(self.environ, self.start_response)
  File "C:\Users\Евгения\Desktop\Projects_web\TeddysTale_with-BackEnd\venv\Lib\site-packages\django\contrib\staticfiles\handlers.py", line 80, in __call__
    return self.application(environ, start_response)
  File "C:\Users\Евгения\Desktop\Projects_web\TeddysTale_with-BackEnd\venv\Lib\site-packages\django\core\handlers\wsgi.py", line 124, in __call__
    response = self.get_response(request)
  File "C:\Users\Евгения\Desktop\Projects_web\TeddysTale_with-BackEnd\venv\Lib\site-packages\django\core\handlers\base.py", line 140, in get_response
    response = self._middleware_chain(request)
  File "C:\Users\Евгения\Desktop\Projects_web\TeddysTale_with-BackEnd\venv\Lib\site-packages\django\core\handlers\exception.py", line 55, in inner
    response = get_response(request)
  File "C:\Users\Евгения\Desktop\Projects_web\TeddysTale_with-BackEnd\venv\Lib\site-packages\django\utils\deprecation.py", line 120, in __call__
    response = response or self.get_response(request)
  File "C:\Users\Евгения\Desktop\Projects_web\TeddysTale_with-BackEnd\venv\Lib\site-packages\django\core\handlers\exception.py", line 55, in inner
    response = get_response(request)
  File "C:\Users\Евгения\Desktop\Projects_web\TeddysTale_with-BackEnd\venv\Lib\site-packages\whitenoise\middleware.py", line 123, in __call__
    return self.get_response(request)
  File "C:\Users\Евгения\Desktop\Projects_web\TeddysTale_with-BackEnd\venv\Lib\site-packages\django\core\handlers\exception.py", line 55, in inner
    response = get_response(request)
  File "C:\Users\Евгения\Desktop\Projects_web\TeddysTale_with-BackEnd\venv\Lib\site-packages\django\utils\deprecation.py", line 120, in __call__
    response = response or self.get_response(request)
  File "C:\Users\Евгения\Desktop\Projects_web\TeddysTale_with-BackEnd\venv\Lib\site-packages\django\core\handlers\exception.py", line 55, in inner
    response = get_response(request)
  File "C:\Users\Евгения\Desktop\Projects_web\TeddysTale_with-BackEnd\venv\Lib\site-packages\django\utils\deprecation.py", line 120, in __call__
    response = response or self.get_response(request)
  File "C:\Users\Евгения\Desktop\Projects_web\TeddysTale_with-BackEnd\venv\Lib\site-packages\django\core\handlers\exception.py", line 55, in inner
    response = get_response(request)
  File "C:\Users\Евгения\Desktop\Projects_web\TeddysTale_with-BackEnd\venv\Lib\site-packages\django\utils\deprecation.py", line 120, in __call__
    response = response or self.get_response(request)
  File "C:\Users\Евгения\Desktop\Projects_web\TeddysTale_with-BackEnd\venv\Lib\site-packages\django\core\handlers\exception.py", line 55, in inner
    response = get_response(request)
  File "C:\Users\Евгения\Desktop\Projects_web\TeddysTale_with-BackEnd\venv\Lib\site-packages\django\utils\deprecation.py", line 120, in __call__
    response = response or self.get_response(request)
  File "C:\Users\Евгения\Desktop\Projects_web\TeddysTale_with-BackEnd\venv\Lib\site-packages\django\core\handlers\exception.py", line 55, in inner
    response = get_response(request)
  File "C:\Users\Евгения\Desktop\Projects_web\TeddysTale_with-BackEnd\venv\Lib\site-packages\django\utils\deprecation.py", line 120, in __call__
    response = response or self.get_response(request)
  File "C:\Users\Евгения\Desktop\Projects_web\TeddysTale_with-BackEnd\venv\Lib\site-packages\django\core\handlers\exception.py", line 55, in inner
    response = get_response(request)
  File "C:\Users\Евгения\Desktop\Projects_web\TeddysTale_with-BackEnd\venv\Lib\site-packages\django\utils\deprecation.py", line 120, in __call__
    response = response or self.get_response(request)
  File "C:\Users\Евгения\Desktop\Projects_web\TeddysTale_with-BackEnd\venv\Lib\site-packages\django\core\handlers\exception.py", line 55, in inner
    response = get_response(request)
  File "C:\Users\Евгения\Desktop\Projects_web\TeddysTale_with-BackEnd\venv\Lib\site-packages\django\utils\deprecation.py", line 120, in __call__
    response = response or self.get_response(request)
  File "C:\Users\Евгения\Desktop\Projects_web\TeddysTale_with-BackEnd\venv\Lib\site-packages\django\core\handlers\exception.py", line 55, in inner
    response = get_response(request)
  File "C:\Users\Евгения\Desktop\Projects_web\TeddysTale_with-BackEnd\TeddyTale\TeddyTale\middleware.py", line 25, in __call__
    response = self.get_response(request)
  File "C:\Users\Евгения\Desktop\Projects_web\TeddysTale_with-BackEnd\venv\Lib\site-packages\django\core\handlers\exception.py", line 55, in inner
    response = get_response(request)
  File "C:\Users\Евгения\Desktop\Projects_web\TeddysTale_with-BackEnd\venv\Lib\site-packages\django\core\handlers\base.py", line 197, in _get_response
    response = wrapped_callback(request, *callback_args, **callback_kwargs)
  File "C:\Users\Евгения\Desktop\Projects_web\TeddysTale_with-BackEnd\TeddyTale\landing\db_utils.py", line 21, in wrapper
    return func(*args, **kwargs)
  File "C:\Users\Евгения\Desktop\Projects_web\TeddysTale_with-BackEnd\TeddyTale\landing\views.py", line 169, in index
    logger.error(f"КРИТИЧЕСКАЯ ОШИБКА при загрузке данных главной страницы: {str(e)}",
[2026-01-02 15:30:48] WARNING landing.views - Используется резервный режим с безопасными значениями
[2026-01-02 15:30:55] DEBUG landing.views - Загружено товаров из базы: 8
[2026-01-02 15:30:55] DEBUG landing.views - Показывать заглушки: True, количество: 1
[2026-01-02 15:31:15] ERROR landing.views - КРИТИЧЕСКАЯ ОШИБКА при загрузке данных главной страницы: server closed the connection unexpectedly
	This probably means the server terminated abnormally
	before or while processing the request.
server closed the connection unexpectedly
	This probably means the server terminated abnormally
	before or while processing the request.
Traceback (most recent call last):
  File "C:\Users\Евгения\Desktop\Projects_web\TeddysTale_with-BackEnd\venv\Lib\site-packages\django\db\backends\utils.py", line 105, in _execute
    return self.cursor.execute(sql, params)
           ~~~~~~~~~~~~~~~~~~~^^^^^^^^^^^^^
psycopg2.OperationalError: server closed the connection unexpectedly
	This probably means the server terminated abnormally
	before or while processing the request.
server closed the connection unexpectedly
	This probably means the server terminated abnormally
	before or while processing the request.


The above exception was the direct cause of the following exception:

Traceback (most recent call last):
  File "C:\Users\Евгения\Desktop\Projects_web\TeddysTale_with-BackEnd\TeddyTale\landing\views.py", line 140, in index
    contacts_section = PageSection.objects.filter(section_key='contacts').first()
  File "C:\Users\Евгения\Desktop\Projects_web\TeddysTale_with-BackEnd\venv\Lib\site-packages\django\db\models\query.py", line 1106, in first
    for obj in queryset[:1]:
               ~~~~~~~~^^^^
  File "C:\Users\Евгения\Desktop\Projects_web\TeddysTale_with-BackEnd\venv\Lib\site-packages\django\db\models\query.py", line 386, in __iter__
    self._fetch_all()
    ~~~~~~~~~~~~~~~^^
  File "C:\Users\Евгения\Desktop\Projects_web\TeddysTale_with-BackEnd\venv\Lib\site-packages\django\db\models\query.py", line 1954, in _fetch_all
    self._result_cache = list(self._iterable_class(self))
                         ~~~~^^^^^^^^^^^^^^^^^^^^^^^^^^^^
  File "C:\Users\Евгения\Desktop\Projects_web\TeddysTale_with-BackEnd\venv\Lib\site-packages\django\db\models\query.py", line 93, in __iter__
    results = compiler.execute_sql(
        chunked_fetch=self.chunked_fetch, chunk_size=self.chunk_size
    )
  File "C:\Users\Евгения\Desktop\Projects_web\TeddysTale_with-BackEnd\venv\Lib\site-packages\django\db\models\sql\compiler.py", line 1623, in execute_sql
    cursor.execute(sql, params)
    ~~~~~~~~~~~~~~^^^^^^^^^^^^^
  File "C:\Users\Евгения\Desktop\Projects_web\TeddysTale_with-BackEnd\venv\Lib\site-packages\django\db\backends\utils.py", line 122, in execute
    return super().execute(sql, params)
           ~~~~~~~~~~~~~~~^^^^^^^^^^^^^
  File "C:\Users\Евгения\Desktop\Projects_web\TeddysTale_with-BackEnd\venv\Lib\site-packages\django\db\backends\utils.py", line 79, in execute
    return self._execute_with_wrappers(
           ~~~~~~~~~~~~~~~~~~~~~~~~~~~^
        sql, params, many=False, executor=self._execute
        ^^^^^^^^^^^^^^^^^^^^^^^^^^^^^^^^^^^^^^^^^^^^^^^
    )
    ^
  File "C:\Users\Евгения\Desktop\Projects_web\TeddysTale_with-BackEnd\venv\Lib\site-packages\django\db\backends\utils.py", line 92, in _execute_with_wrappers
    return executor(sql, params, many, context)
  File "C:\Users\Евгения\Desktop\Projects_web\TeddysTale_with-BackEnd\venv\Lib\site-packages\django\db\backends\utils.py", line 100, in _execute
    with self.db.wrap_database_errors:
         ^^^^^^^^^^^^^^^^^^^^^^^^^^^^
  File "C:\Users\Евгения\Desktop\Projects_web\TeddysTale_with-BackEnd\venv\Lib\site-packages\django\db\utils.py", line 91, in __exit__
    raise dj_exc_value.with_traceback(traceback) from exc_value
  File "C:\Users\Евгения\Desktop\Projects_web\TeddysTale_with-BackEnd\venv\Lib\site-packages\django\db\backends\utils.py", line 105, in _execute
    return self.cursor.execute(sql, params)
           ~~~~~~~~~~~~~~~~~~~^^^^^^^^^^^^^
django.db.utils.OperationalError: server closed the connection unexpectedly
	This probably means the server terminated abnormally
	before or while processing the request.
server closed the connection unexpectedly
	This probably means the server terminated abnormally
	before or while processing the request.
Stack (most recent call last):
  File "C:\Users\Евгения\AppData\Local\Programs\Python\Python313\Lib\threading.py", line 1014, in _bootstrap
    self._bootstrap_inner()
  File "C:\Users\Евгения\AppData\Local\Programs\Python\Python313\Lib\threading.py", line 1043, in _bootstrap_inner
    self.run()
  File "C:\Users\Евгения\AppData\Local\Programs\Python\Python313\Lib\threading.py", line 994, in run
    self._target(*self._args, **self._kwargs)
  File "C:\Users\Евгения\AppData\Local\Programs\Python\Python313\Lib\socketserver.py", line 697, in process_request_thread
    self.finish_request(request, client_address)
  File "C:\Users\Евгения\AppData\Local\Programs\Python\Python313\Lib\socketserver.py", line 362, in finish_request
    self.RequestHandlerClass(request, client_address, self)
  File "C:\Users\Евгения\AppData\Local\Programs\Python\Python313\Lib\socketserver.py", line 766, in __init__
    self.handle()
  File "C:\Users\Евгения\Desktop\Projects_web\TeddysTale_with-BackEnd\venv\Lib\site-packages\django\core\servers\basehttp.py", line 228, in handle
    self.handle_one_request()
  File "C:\Users\Евгения\Desktop\Projects_web\TeddysTale_with-BackEnd\venv\Lib\site-packages\django\core\servers\basehttp.py", line 253, in handle_one_request
    handler.run(self.server.get_app())
  File "C:\Users\Евгения\AppData\Local\Programs\Python\Python313\Lib\wsgiref\handlers.py", line 137, in run
    self.result = application(self.environ, self.start_response)
  File "C:\Users\Евгения\Desktop\Projects_web\TeddysTale_with-BackEnd\venv\Lib\site-packages\django\contrib\staticfiles\handlers.py", line 80, in __call__
    return self.application(environ, start_response)
  File "C:\Users\Евгения\Desktop\Projects_web\TeddysTale_with-BackEnd\venv\Lib\site-packages\django\core\handlers\wsgi.py", line 124, in __call__
    response = self.get_response(request)
  File "C:\Users\Евгения\Desktop\Projects_web\TeddysTale_with-BackEnd\venv\Lib\site-packages\django\core\handlers\base.py", line 140, in get_response
    response = self._middleware_chain(request)
  File "C:\Users\Евгения\Desktop\Projects_web\TeddysTale_with-BackEnd\venv\Lib\site-packages\django\core\handlers\exception.py", line 55, in inner
    response = get_response(request)
  File "C:\Users\Евгения\Desktop\Projects_web\TeddysTale_with-BackEnd\venv\Lib\site-packages\django\utils\deprecation.py", line 120, in __call__
    response = response or self.get_response(request)
  File "C:\Users\Евгения\Desktop\Projects_web\TeddysTale_with-BackEnd\venv\Lib\site-packages\django\core\handlers\exception.py", line 55, in inner
    response = get_response(request)
  File "C:\Users\Евгения\Desktop\Projects_web\TeddysTale_with-BackEnd\venv\Lib\site-packages\whitenoise\middleware.py", line 123, in __call__
    return self.get_response(request)
  File "C:\Users\Евгения\Desktop\Projects_web\TeddysTale_with-BackEnd\venv\Lib\site-packages\django\core\handlers\exception.py", line 55, in inner
    response = get_response(request)
  File "C:\Users\Евгения\Desktop\Projects_web\TeddysTale_with-BackEnd\venv\Lib\site-packages\django\utils\deprecation.py", line 120, in __call__
    response = response or self.get_response(request)
  File "C:\Users\Евгения\Desktop\Projects_web\TeddysTale_with-BackEnd\venv\Lib\site-packages\django\core\handlers\exception.py", line 55, in inner
    response = get_response(request)
  File "C:\Users\Евгения\Desktop\Projects_web\TeddysTale_with-BackEnd\venv\Lib\site-packages\django\utils\deprecation.py", line 120, in __call__
    response = response or self.get_response(request)
  File "C:\Users\Евгения\Desktop\Projects_web\TeddysTale_with-BackEnd\venv\Lib\site-packages\django\core\handlers\exception.py", line 55, in inner
    response = get_response(request)
  File "C:\Users\Евгения\Desktop\Projects_web\TeddysTale_with-BackEnd\venv\Lib\site-packages\django\utils\deprecation.py", line 120, in __call__
    response = response or self.get_response(request)
  File "C:\Users\Евгения\Desktop\Projects_web\TeddysTale_with-BackEnd\venv\Lib\site-packages\django\core\handlers\exception.py", line 55, in inner
    response = get_response(request)
  File "C:\Users\Евгения\Desktop\Projects_web\TeddysTale_with-BackEnd\venv\Lib\site-packages\django\utils\deprecation.py", line 120, in __call__
    response = response or self.get_response(request)
  File "C:\Users\Евгения\Desktop\Projects_web\TeddysTale_with-BackEnd\venv\Lib\site-packages\django\core\handlers\exception.py", line 55, in inner
    response = get_response(request)
  File "C:\Users\Евгения\Desktop\Projects_web\TeddysTale_with-BackEnd\venv\Lib\site-packages\django\utils\deprecation.py", line 120, in __call__
    response = response or self.get_response(request)
  File "C:\Users\Евгения\Desktop\Projects_web\TeddysTale_with-BackEnd\venv\Lib\site-packages\django\core\handlers\exception.py", line 55, in inner
    response = get_response(request)
  File "C:\Users\Евгения\Desktop\Projects_web\TeddysTale_with-BackEnd\venv\Lib\site-packages\django\utils\deprecation.py", line 120, in __call__
    response = response or self.get_response(request)
  File "C:\Users\Евгения\Desktop\Projects_web\TeddysTale_with-BackEnd\venv\Lib\site-packages\django\core\handlers\exception.py", line 55, in inner
    response = get_response(request)
  File "C:\Users\Евгения\Desktop\Projects_web\TeddysTale_with-BackEnd\venv\Lib\site-packages\django\utils\deprecation.py", line 120, in __call__
    response = response or self.get_response(request)
  File "C:\Users\Евгения\Desktop\Projects_web\TeddysTale_with-BackEnd\venv\Lib\site-packages\django\core\handlers\exception.py", line 55, in inner
    response = get_response(request)
  File "C:\Users\Евгения\Desktop\Projects_web\TeddysTale_with-BackEnd\TeddyTale\TeddyTale\middleware.py", line 25, in __call__
    response = self.get_response(request)
  File "C:\Users\Евгения\Desktop\Projects_web\TeddysTale_with-BackEnd\venv\Lib\site-packages\django\core\handlers\exception.py", line 55, in inner
    response = get_response(request)
  File "C:\Users\Евгения\Desktop\Projects_web\TeddysTale_with-BackEnd\venv\Lib\site-packages\django\core\handlers\base.py", line 197, in _get_response
    response = wrapped_callback(request, *callback_args, **callback_kwargs)
  File "C:\Users\Евгения\Desktop\Projects_web\TeddysTale_with-BackEnd\TeddyTale\landing\db_utils.py", line 21, in wrapper
    return func(*args, **kwargs)
  File "C:\Users\Евгения\Desktop\Projects_web\TeddysTale_with-BackEnd\TeddyTale\landing\views.py", line 169, in index
    logger.error(f"КРИТИЧЕСКАЯ ОШИБКА при загрузке данных главной страницы: {str(e)}",
[2026-01-02 15:31:15] WARNING landing.views - Используется резервный режим с безопасными значениями
[2026-01-02 15:31:31] DEBUG landing.views - Загружено товаров из базы: 8
[2026-01-02 15:31:31] DEBUG landing.views - Показывать заглушки: True, количество: 1
[2026-01-02 15:31:51] ERROR landing.views - КРИТИЧЕСКАЯ ОШИБКА при загрузке данных главной страницы: server closed the connection unexpectedly
	This probably means the server terminated abnormally
	before or while processing the request.
server closed the connection unexpectedly
	This probably means the server terminated abnormally
	before or while processing the request.
Traceback (most recent call last):
  File "C:\Users\Евгения\Desktop\Projects_web\TeddysTale_with-BackEnd\venv\Lib\site-packages\django\db\backends\utils.py", line 105, in _execute
    return self.cursor.execute(sql, params)
           ~~~~~~~~~~~~~~~~~~~^^^^^^^^^^^^^
psycopg2.OperationalError: server closed the connection unexpectedly
	This probably means the server terminated abnormally
	before or while processing the request.
server closed the connection unexpectedly
	This probably means the server terminated abnormally
	before or while processing the request.


The above exception was the direct cause of the following exception:

Traceback (most recent call last):
  File "C:\Users\Евгения\Desktop\Projects_web\TeddysTale_with-BackEnd\TeddyTale\landing\views.py", line 140, in index
    contacts_section = PageSection.objects.filter(section_key='contacts').first()
  File "C:\Users\Евгения\Desktop\Projects_web\TeddysTale_with-BackEnd\venv\Lib\site-packages\django\db\models\query.py", line 1106, in first
    for obj in queryset[:1]:
               ~~~~~~~~^^^^
  File "C:\Users\Евгения\Desktop\Projects_web\TeddysTale_with-BackEnd\venv\Lib\site-packages\django\db\models\query.py", line 386, in __iter__
    self._fetch_all()
    ~~~~~~~~~~~~~~~^^
  File "C:\Users\Евгения\Desktop\Projects_web\TeddysTale_with-BackEnd\venv\Lib\site-packages\django\db\models\query.py", line 1954, in _fetch_all
    self._result_cache = list(self._iterable_class(self))
                         ~~~~^^^^^^^^^^^^^^^^^^^^^^^^^^^^
  File "C:\Users\Евгения\Desktop\Projects_web\TeddysTale_with-BackEnd\venv\Lib\site-packages\django\db\models\query.py", line 93, in __iter__
    results = compiler.execute_sql(
        chunked_fetch=self.chunked_fetch, chunk_size=self.chunk_size
    )
  File "C:\Users\Евгения\Desktop\Projects_web\TeddysTale_with-BackEnd\venv\Lib\site-packages\django\db\models\sql\compiler.py", line 1623, in execute_sql
    cursor.execute(sql, params)
    ~~~~~~~~~~~~~~^^^^^^^^^^^^^
  File "C:\Users\Евгения\Desktop\Projects_web\TeddysTale_with-BackEnd\venv\Lib\site-packages\django\db\backends\utils.py", line 122, in execute
    return super().execute(sql, params)
           ~~~~~~~~~~~~~~~^^^^^^^^^^^^^
  File "C:\Users\Евгения\Desktop\Projects_web\TeddysTale_with-BackEnd\venv\Lib\site-packages\django\db\backends\utils.py", line 79, in execute
    return self._execute_with_wrappers(
           ~~~~~~~~~~~~~~~~~~~~~~~~~~~^
        sql, params, many=False, executor=self._execute
        ^^^^^^^^^^^^^^^^^^^^^^^^^^^^^^^^^^^^^^^^^^^^^^^
    )
    ^
  File "C:\Users\Евгения\Desktop\Projects_web\TeddysTale_with-BackEnd\venv\Lib\site-packages\django\db\backends\utils.py", line 92, in _execute_with_wrappers
    return executor(sql, params, many, context)
  File "C:\Users\Евгения\Desktop\Projects_web\TeddysTale_with-BackEnd\venv\Lib\site-packages\django\db\backends\utils.py", line 100, in _execute
    with self.db.wrap_database_errors:
         ^^^^^^^^^^^^^^^^^^^^^^^^^^^^
  File "C:\Users\Евгения\Desktop\Projects_web\TeddysTale_with-BackEnd\venv\Lib\site-packages\django\db\utils.py", line 91, in __exit__
    raise dj_exc_value.with_traceback(traceback) from exc_value
  File "C:\Users\Евгения\Desktop\Projects_web\TeddysTale_with-BackEnd\venv\Lib\site-packages\django\db\backends\utils.py", line 105, in _execute
    return self.cursor.execute(sql, params)
           ~~~~~~~~~~~~~~~~~~~^^^^^^^^^^^^^
django.db.utils.OperationalError: server closed the connection unexpectedly
	This probably means the server terminated abnormally
	before or while processing the request.
server closed the connection unexpectedly
	This probably means the server terminated abnormally
	before or while processing the request.
Stack (most recent call last):
  File "C:\Users\Евгения\AppData\Local\Programs\Python\Python313\Lib\threading.py", line 1014, in _bootstrap
    self._bootstrap_inner()
  File "C:\Users\Евгения\AppData\Local\Programs\Python\Python313\Lib\threading.py", line 1043, in _bootstrap_inner
    self.run()
  File "C:\Users\Евгения\AppData\Local\Programs\Python\Python313\Lib\threading.py", line 994, in run
    self._target(*self._args, **self._kwargs)
  File "C:\Users\Евгения\AppData\Local\Programs\Python\Python313\Lib\socketserver.py", line 697, in process_request_thread
    self.finish_request(request, client_address)
  File "C:\Users\Евгения\AppData\Local\Programs\Python\Python313\Lib\socketserver.py", line 362, in finish_request
    self.RequestHandlerClass(request, client_address, self)
  File "C:\Users\Евгения\AppData\Local\Programs\Python\Python313\Lib\socketserver.py", line 766, in __init__
    self.handle()
  File "C:\Users\Евгения\Desktop\Projects_web\TeddysTale_with-BackEnd\venv\Lib\site-packages\django\core\servers\basehttp.py", line 228, in handle
    self.handle_one_request()
  File "C:\Users\Евгения\Desktop\Projects_web\TeddysTale_with-BackEnd\venv\Lib\site-packages\django\core\servers\basehttp.py", line 253, in handle_one_request
    handler.run(self.server.get_app())
  File "C:\Users\Евгения\AppData\Local\Programs\Python\Python313\Lib\wsgiref\handlers.py", line 137, in run
    self.result = application(self.environ, self.start_response)
  File "C:\Users\Евгения\Desktop\Projects_web\TeddysTale_with-BackEnd\venv\Lib\site-packages\django\contrib\staticfiles\handlers.py", line 80, in __call__
    return self.application(environ, start_response)
  File "C:\Users\Евгения\Desktop\Projects_web\TeddysTale_with-BackEnd\venv\Lib\site-packages\django\core\handlers\wsgi.py", line 124, in __call__
    response = self.get_response(request)
  File "C:\Users\Евгения\Desktop\Projects_web\TeddysTale_with-BackEnd\venv\Lib\site-packages\django\core\handlers\base.py", line 140, in get_response
    response = self._middleware_chain(request)
  File "C:\Users\Евгения\Desktop\Projects_web\TeddysTale_with-BackEnd\venv\Lib\site-packages\django\core\handlers\exception.py", line 55, in inner
    response = get_response(request)
  File "C:\Users\Евгения\Desktop\Projects_web\TeddysTale_with-BackEnd\venv\Lib\site-packages\django\utils\deprecation.py", line 120, in __call__
    response = response or self.get_response(request)
  File "C:\Users\Евгения\Desktop\Projects_web\TeddysTale_with-BackEnd\venv\Lib\site-packages\django\core\handlers\exception.py", line 55, in inner
    response = get_response(request)
  File "C:\Users\Евгения\Desktop\Projects_web\TeddysTale_with-BackEnd\venv\Lib\site-packages\whitenoise\middleware.py", line 123, in __call__
    return self.get_response(request)
  File "C:\Users\Евгения\Desktop\Projects_web\TeddysTale_with-BackEnd\venv\Lib\site-packages\django\core\handlers\exception.py", line 55, in inner
    response = get_response(request)
  File "C:\Users\Евгения\Desktop\Projects_web\TeddysTale_with-BackEnd\venv\Lib\site-packages\django\utils\deprecation.py", line 120, in __call__
    response = response or self.get_response(request)
  File "C:\Users\Евгения\Desktop\Projects_web\TeddysTale_with-BackEnd\venv\Lib\site-packages\django\core\handlers\exception.py", line 55, in inner
    response = get_response(request)
  File "C:\Users\Евгения\Desktop\Projects_web\TeddysTale_with-BackEnd\venv\Lib\site-packages\django\utils\deprecation.py", line 120, in __call__
    response = response or self.get_response(request)
  File "C:\Users\Евгения\Desktop\Projects_web\TeddysTale_with-BackEnd\venv\Lib\site-packages\django\core\handlers\exception.py", line 55, in inner
    response = get_response(request)
  File "C:\Users\Евгения\Desktop\Projects_web\TeddysTale_with-BackEnd\venv\Lib\site-packages\django\utils\deprecation.py", line 120, in __call__
    response = response or self.get_response(request)
  File "C:\Users\Евгения\Desktop\Projects_web\TeddysTale_with-BackEnd\venv\Lib\site-packages\django\core\handlers\exception.py", line 55, in inner
    response = get_response(request)
  File "C:\Users\Евгения\Desktop\Projects_web\TeddysTale_with-BackEnd\venv\Lib\site-packages\django\utils\deprecation.py", line 120, in __call__
    response = response or self.get_response(request)
  File "C:\Users\Евгения\Desktop\Projects_web\TeddysTale_with-BackEnd\venv\Lib\site-packages\django\core\handlers\exception.py", line 55, in inner
    response = get_response(request)
  File "C:\Users\Евгения\Desktop\Projects_web\TeddysTale_with-BackEnd\venv\Lib\site-packages\django\utils\deprecation.py", line 120, in __call__
    response = response or self.get_response(request)
  File "C:\Users\Евгения\Desktop\Projects_web\TeddysTale_with-BackEnd\venv\Lib\site-packages\django\core\handlers\exception.py", line 55, in inner
    response = get_response(request)
  File "C:\Users\Евгения\Desktop\Projects_web\TeddysTale_with-BackEnd\venv\Lib\site-packages\django\utils\deprecation.py", line 120, in __call__
    response = response or self.get_response(request)
  File "C:\Users\Евгения\Desktop\Projects_web\TeddysTale_with-BackEnd\venv\Lib\site-packages\django\core\handlers\exception.py", line 55, in inner
    response = get_response(request)
  File "C:\Users\Евгения\Desktop\Projects_web\TeddysTale_with-BackEnd\venv\Lib\site-packages\django\utils\deprecation.py", line 120, in __call__
    response = response or self.get_response(request)
  File "C:\Users\Евгения\Desktop\Projects_web\TeddysTale_with-BackEnd\venv\Lib\site-packages\django\core\handlers\exception.py", line 55, in inner
    response = get_response(request)
  File "C:\Users\Евгения\Desktop\Projects_web\TeddysTale_with-BackEnd\TeddyTale\TeddyTale\middleware.py", line 25, in __call__
    response = self.get_response(request)
  File "C:\Users\Евгения\Desktop\Projects_web\TeddysTale_with-BackEnd\venv\Lib\site-packages\django\core\handlers\exception.py", line 55, in inner
    response = get_response(request)
  File "C:\Users\Евгения\Desktop\Projects_web\TeddysTale_with-BackEnd\venv\Lib\site-packages\django\core\handlers\base.py", line 197, in _get_response
    response = wrapped_callback(request, *callback_args, **callback_kwargs)
  File "C:\Users\Евгения\Desktop\Projects_web\TeddysTale_with-BackEnd\TeddyTale\landing\db_utils.py", line 21, in wrapper
    return func(*args, **kwargs)
  File "C:\Users\Евгения\Desktop\Projects_web\TeddysTale_with-BackEnd\TeddyTale\landing\views.py", line 169, in index
    logger.error(f"КРИТИЧЕСКАЯ ОШИБКА при загрузке данных главной страницы: {str(e)}",
[2026-01-02 15:31:51] WARNING landing.views - Используется резервный режим с безопасными значениями
[2026-01-02 15:32:22] ERROR landing.views - КРИТИЧЕСКАЯ ОШИБКА при загрузке данных главной страницы: connection to server at "aws-1-eu-west-1.pooler.supabase.com" (18.202.64.2), port 5432 failed: FATAL:  MaxClientsInSessionMode: max clients reached - in Session mode max clients are limited to pool_size
Traceback (most recent call last):
  File "C:\Users\Евгения\Desktop\Projects_web\TeddysTale_with-BackEnd\venv\Lib\site-packages\django\db\backends\base\base.py", line 279, in ensure_connection
    self.connect()
    ~~~~~~~~~~~~^^
  File "C:\Users\Евгения\Desktop\Projects_web\TeddysTale_with-BackEnd\venv\Lib\site-packages\django\utils\asyncio.py", line 26, in inner
    return func(*args, **kwargs)
  File "C:\Users\Евгения\Desktop\Projects_web\TeddysTale_with-BackEnd\venv\Lib\site-packages\django\db\backends\base\base.py", line 256, in connect
    self.connection = self.get_new_connection(conn_params)
                      ~~~~~~~~~~~~~~~~~~~~~~~^^^^^^^^^^^^^
  File "C:\Users\Евгения\Desktop\Projects_web\TeddysTale_with-BackEnd\venv\Lib\site-packages\django\utils\asyncio.py", line 26, in inner
    return func(*args, **kwargs)
  File "C:\Users\Евгения\Desktop\Projects_web\TeddysTale_with-BackEnd\venv\Lib\site-packages\django\db\backends\postgresql\base.py", line 332, in get_new_connection
    connection = self.Database.connect(**conn_params)
  File "C:\Users\Евгения\Desktop\Projects_web\TeddysTale_with-BackEnd\venv\Lib\site-packages\psycopg2\__init__.py", line 135, in connect
    conn = _connect(dsn, connection_factory=connection_factory, **kwasync)
psycopg2.OperationalError: connection to server at "aws-1-eu-west-1.pooler.supabase.com" (18.202.64.2), port 5432 failed: FATAL:  MaxClientsInSessionMode: max clients reached - in Session mode max clients are limited to pool_size


The above exception was the direct cause of the following exception:

Traceback (most recent call last):
  File "C:\Users\Евгения\Desktop\Projects_web\TeddysTale_with-BackEnd\TeddyTale\landing\views.py", line 20, in index
    meta_section = PageSection.objects.filter(section_key='meta').first()
  File "C:\Users\Евгения\Desktop\Projects_web\TeddysTale_with-BackEnd\venv\Lib\site-packages\django\db\models\query.py", line 1106, in first
    for obj in queryset[:1]:
               ~~~~~~~~^^^^
  File "C:\Users\Евгения\Desktop\Projects_web\TeddysTale_with-BackEnd\venv\Lib\site-packages\django\db\models\query.py", line 386, in __iter__
    self._fetch_all()
    ~~~~~~~~~~~~~~~^^
  File "C:\Users\Евгения\Desktop\Projects_web\TeddysTale_with-BackEnd\venv\Lib\site-packages\django\db\models\query.py", line 1954, in _fetch_all
    self._result_cache = list(self._iterable_class(self))
                         ~~~~^^^^^^^^^^^^^^^^^^^^^^^^^^^^
  File "C:\Users\Евгения\Desktop\Projects_web\TeddysTale_with-BackEnd\venv\Lib\site-packages\django\db\models\query.py", line 93, in __iter__
    results = compiler.execute_sql(
        chunked_fetch=self.chunked_fetch, chunk_size=self.chunk_size
    )
  File "C:\Users\Евгения\Desktop\Projects_web\TeddysTale_with-BackEnd\venv\Lib\site-packages\django\db\models\sql\compiler.py", line 1621, in execute_sql
    cursor = self.connection.cursor()
  File "C:\Users\Евгения\Desktop\Projects_web\TeddysTale_with-BackEnd\venv\Lib\site-packages\django\utils\asyncio.py", line 26, in inner
    return func(*args, **kwargs)
  File "C:\Users\Евгения\Desktop\Projects_web\TeddysTale_with-BackEnd\venv\Lib\site-packages\django\db\backends\base\base.py", line 320, in cursor
    return self._cursor()
           ~~~~~~~~~~~~^^
  File "C:\Users\Евгения\Desktop\Projects_web\TeddysTale_with-BackEnd\venv\Lib\site-packages\django\db\backends\base\base.py", line 296, in _cursor
    self.ensure_connection()
    ~~~~~~~~~~~~~~~~~~~~~~^^
  File "C:\Users\Евгения\Desktop\Projects_web\TeddysTale_with-BackEnd\venv\Lib\site-packages\django\utils\asyncio.py", line 26, in inner
    return func(*args, **kwargs)
  File "C:\Users\Евгения\Desktop\Projects_web\TeddysTale_with-BackEnd\venv\Lib\site-packages\django\db\backends\base\base.py", line 278, in ensure_connection
    with self.wrap_database_errors:
         ^^^^^^^^^^^^^^^^^^^^^^^^^
  File "C:\Users\Евгения\Desktop\Projects_web\TeddysTale_with-BackEnd\venv\Lib\site-packages\django\db\utils.py", line 91, in __exit__
    raise dj_exc_value.with_traceback(traceback) from exc_value
  File "C:\Users\Евгения\Desktop\Projects_web\TeddysTale_with-BackEnd\venv\Lib\site-packages\django\db\backends\base\base.py", line 279, in ensure_connection
    self.connect()
    ~~~~~~~~~~~~^^
  File "C:\Users\Евгения\Desktop\Projects_web\TeddysTale_with-BackEnd\venv\Lib\site-packages\django\utils\asyncio.py", line 26, in inner
    return func(*args, **kwargs)
  File "C:\Users\Евгения\Desktop\Projects_web\TeddysTale_with-BackEnd\venv\Lib\site-packages\django\db\backends\base\base.py", line 256, in connect
    self.connection = self.get_new_connection(conn_params)
                      ~~~~~~~~~~~~~~~~~~~~~~~^^^^^^^^^^^^^
  File "C:\Users\Евгения\Desktop\Projects_web\TeddysTale_with-BackEnd\venv\Lib\site-packages\django\utils\asyncio.py", line 26, in inner
    return func(*args, **kwargs)
  File "C:\Users\Евгения\Desktop\Projects_web\TeddysTale_with-BackEnd\venv\Lib\site-packages\django\db\backends\postgresql\base.py", line 332, in get_new_connection
    connection = self.Database.connect(**conn_params)
  File "C:\Users\Евгения\Desktop\Projects_web\TeddysTale_with-BackEnd\venv\Lib\site-packages\psycopg2\__init__.py", line 135, in connect
    conn = _connect(dsn, connection_factory=connection_factory, **kwasync)
django.db.utils.OperationalError: connection to server at "aws-1-eu-west-1.pooler.supabase.com" (18.202.64.2), port 5432 failed: FATAL:  MaxClientsInSessionMode: max clients reached - in Session mode max clients are limited to pool_size
Stack (most recent call last):
  File "C:\Users\Евгения\AppData\Local\Programs\Python\Python313\Lib\threading.py", line 1014, in _bootstrap
    self._bootstrap_inner()
  File "C:\Users\Евгения\AppData\Local\Programs\Python\Python313\Lib\threading.py", line 1043, in _bootstrap_inner
    self.run()
  File "C:\Users\Евгения\AppData\Local\Programs\Python\Python313\Lib\threading.py", line 994, in run
    self._target(*self._args, **self._kwargs)
  File "C:\Users\Евгения\AppData\Local\Programs\Python\Python313\Lib\socketserver.py", line 697, in process_request_thread
    self.finish_request(request, client_address)
  File "C:\Users\Евгения\AppData\Local\Programs\Python\Python313\Lib\socketserver.py", line 362, in finish_request
    self.RequestHandlerClass(request, client_address, self)
  File "C:\Users\Евгения\AppData\Local\Programs\Python\Python313\Lib\socketserver.py", line 766, in __init__
    self.handle()
  File "C:\Users\Евгения\Desktop\Projects_web\TeddysTale_with-BackEnd\venv\Lib\site-packages\django\core\servers\basehttp.py", line 228, in handle
    self.handle_one_request()
  File "C:\Users\Евгения\Desktop\Projects_web\TeddysTale_with-BackEnd\venv\Lib\site-packages\django\core\servers\basehttp.py", line 253, in handle_one_request
    handler.run(self.server.get_app())
  File "C:\Users\Евгения\AppData\Local\Programs\Python\Python313\Lib\wsgiref\handlers.py", line 137, in run
    self.result = application(self.environ, self.start_response)
  File "C:\Users\Евгения\Desktop\Projects_web\TeddysTale_with-BackEnd\venv\Lib\site-packages\django\contrib\staticfiles\handlers.py", line 80, in __call__
    return self.application(environ, start_response)
  File "C:\Users\Евгения\Desktop\Projects_web\TeddysTale_with-BackEnd\venv\Lib\site-packages\django\core\handlers\wsgi.py", line 124, in __call__
    response = self.get_response(request)
  File "C:\Users\Евгения\Desktop\Projects_web\TeddysTale_with-BackEnd\venv\Lib\site-packages\django\core\handlers\base.py", line 140, in get_response
    response = self._middleware_chain(request)
  File "C:\Users\Евгения\Desktop\Projects_web\TeddysTale_with-BackEnd\venv\Lib\site-packages\django\core\handlers\exception.py", line 55, in inner
    response = get_response(request)
  File "C:\Users\Евгения\Desktop\Projects_web\TeddysTale_with-BackEnd\venv\Lib\site-packages\django\utils\deprecation.py", line 120, in __call__
    response = response or self.get_response(request)
  File "C:\Users\Евгения\Desktop\Projects_web\TeddysTale_with-BackEnd\venv\Lib\site-packages\django\core\handlers\exception.py", line 55, in inner
    response = get_response(request)
  File "C:\Users\Евгения\Desktop\Projects_web\TeddysTale_with-BackEnd\venv\Lib\site-packages\whitenoise\middleware.py", line 123, in __call__
    return self.get_response(request)
  File "C:\Users\Евгения\Desktop\Projects_web\TeddysTale_with-BackEnd\venv\Lib\site-packages\django\core\handlers\exception.py", line 55, in inner
    response = get_response(request)
  File "C:\Users\Евгения\Desktop\Projects_web\TeddysTale_with-BackEnd\venv\Lib\site-packages\django\utils\deprecation.py", line 120, in __call__
    response = response or self.get_response(request)
  File "C:\Users\Евгения\Desktop\Projects_web\TeddysTale_with-BackEnd\venv\Lib\site-packages\django\core\handlers\exception.py", line 55, in inner
    response = get_response(request)
  File "C:\Users\Евгения\Desktop\Projects_web\TeddysTale_with-BackEnd\venv\Lib\site-packages\django\utils\deprecation.py", line 120, in __call__
    response = response or self.get_response(request)
  File "C:\Users\Евгения\Desktop\Projects_web\TeddysTale_with-BackEnd\venv\Lib\site-packages\django\core\handlers\exception.py", line 55, in inner
    response = get_response(request)
  File "C:\Users\Евгения\Desktop\Projects_web\TeddysTale_with-BackEnd\venv\Lib\site-packages\django\utils\deprecation.py", line 120, in __call__
    response = response or self.get_response(request)
  File "C:\Users\Евгения\Desktop\Projects_web\TeddysTale_with-BackEnd\venv\Lib\site-packages\django\core\handlers\exception.py", line 55, in inner
    response = get_response(request)
  File "C:\Users\Евгения\Desktop\Projects_web\TeddysTale_with-BackEnd\venv\Lib\site-packages\django\utils\deprecation.py", line 120, in __call__
    response = response or self.get_response(request)
  File "C:\Users\Евгения\Desktop\Projects_web\TeddysTale_with-BackEnd\venv\Lib\site-packages\django\core\handlers\exception.py", line 55, in inner
    response = get_response(request)
  File "C:\Users\Евгения\Desktop\Projects_web\TeddysTale_with-BackEnd\venv\Lib\site-packages\django\utils\deprecation.py", line 120, in __call__
    response = response or self.get_response(request)
  File "C:\Users\Евгения\Desktop\Projects_web\TeddysTale_with-BackEnd\venv\Lib\site-packages\django\core\handlers\exception.py", line 55, in inner
    response = get_response(request)
  File "C:\Users\Евгения\Desktop\Projects_web\TeddysTale_with-BackEnd\venv\Lib\site-packages\django\utils\deprecation.py", line 120, in __call__
    response = response or self.get_response(request)
  File "C:\Users\Евгения\Desktop\Projects_web\TeddysTale_with-BackEnd\venv\Lib\site-packages\django\core\handlers\exception.py", line 55, in inner
    response = get_response(request)
  File "C:\Users\Евгения\Desktop\Projects_web\TeddysTale_with-BackEnd\venv\Lib\site-packages\django\utils\deprecation.py", line 120, in __call__
    response = response or self.get_response(request)
  File "C:\Users\Евгения\Desktop\Projects_web\TeddysTale_with-BackEnd\venv\Lib\site-packages\django\core\handlers\exception.py", line 55, in inner
    response = get_response(request)
  File "C:\Users\Евгения\Desktop\Projects_web\TeddysTale_with-BackEnd\TeddyTale\TeddyTale\middleware.py", line 25, in __call__
    response = self.get_response(request)
  File "C:\Users\Евгения\Desktop\Projects_web\TeddysTale_with-BackEnd\venv\Lib\site-packages\django\core\handlers\exception.py", line 55, in inner
    response = get_response(request)
  File "C:\Users\Евгения\Desktop\Projects_web\TeddysTale_with-BackEnd\venv\Lib\site-packages\django\core\handlers\base.py", line 197, in _get_response
    response = wrapped_callback(request, *callback_args, **callback_kwargs)
  File "C:\Users\Евгения\Desktop\Projects_web\TeddysTale_with-BackEnd\TeddyTale\landing\db_utils.py", line 21, in wrapper
    return func(*args, **kwargs)
  File "C:\Users\Евгения\Desktop\Projects_web\TeddysTale_with-BackEnd\TeddyTale\landing\views.py", line 169, in index
    logger.error(f"КРИТИЧЕСКАЯ ОШИБКА при загрузке данных главной страницы: {str(e)}",
[2026-01-02 15:32:22] WARNING landing.views - Используется резервный режим с безопасными значениями
[2026-01-02 15:32:51] ERROR landing.views - КРИТИЧЕСКАЯ ОШИБКА при загрузке данных главной страницы: connection to server at "aws-1-eu-west-1.pooler.supabase.com" (54.247.26.119), port 5432 failed: FATAL:  MaxClientsInSessionMode: max clients reached - in Session mode max clients are limited to pool_size
Traceback (most recent call last):
  File "C:\Users\Евгения\Desktop\Projects_web\TeddysTale_with-BackEnd\venv\Lib\site-packages\django\db\backends\base\base.py", line 279, in ensure_connection
    self.connect()
    ~~~~~~~~~~~~^^
  File "C:\Users\Евгения\Desktop\Projects_web\TeddysTale_with-BackEnd\venv\Lib\site-packages\django\utils\asyncio.py", line 26, in inner
    return func(*args, **kwargs)
  File "C:\Users\Евгения\Desktop\Projects_web\TeddysTale_with-BackEnd\venv\Lib\site-packages\django\db\backends\base\base.py", line 256, in connect
    self.connection = self.get_new_connection(conn_params)
                      ~~~~~~~~~~~~~~~~~~~~~~~^^^^^^^^^^^^^
  File "C:\Users\Евгения\Desktop\Projects_web\TeddysTale_with-BackEnd\venv\Lib\site-packages\django\utils\asyncio.py", line 26, in inner
    return func(*args, **kwargs)
  File "C:\Users\Евгения\Desktop\Projects_web\TeddysTale_with-BackEnd\venv\Lib\site-packages\django\db\backends\postgresql\base.py", line 332, in get_new_connection
    connection = self.Database.connect(**conn_params)
  File "C:\Users\Евгения\Desktop\Projects_web\TeddysTale_with-BackEnd\venv\Lib\site-packages\psycopg2\__init__.py", line 135, in connect
    conn = _connect(dsn, connection_factory=connection_factory, **kwasync)
psycopg2.OperationalError: connection to server at "aws-1-eu-west-1.pooler.supabase.com" (54.247.26.119), port 5432 failed: FATAL:  MaxClientsInSessionMode: max clients reached - in Session mode max clients are limited to pool_size


The above exception was the direct cause of the following exception:

Traceback (most recent call last):
  File "C:\Users\Евгения\Desktop\Projects_web\TeddysTale_with-BackEnd\TeddyTale\landing\views.py", line 20, in index
    meta_section = PageSection.objects.filter(section_key='meta').first()
  File "C:\Users\Евгения\Desktop\Projects_web\TeddysTale_with-BackEnd\venv\Lib\site-packages\django\db\models\query.py", line 1106, in first
    for obj in queryset[:1]:
               ~~~~~~~~^^^^
  File "C:\Users\Евгения\Desktop\Projects_web\TeddysTale_with-BackEnd\venv\Lib\site-packages\django\db\models\query.py", line 386, in __iter__
    self._fetch_all()
    ~~~~~~~~~~~~~~~^^
  File "C:\Users\Евгения\Desktop\Projects_web\TeddysTale_with-BackEnd\venv\Lib\site-packages\django\db\models\query.py", line 1954, in _fetch_all
    self._result_cache = list(self._iterable_class(self))
                         ~~~~^^^^^^^^^^^^^^^^^^^^^^^^^^^^
  File "C:\Users\Евгения\Desktop\Projects_web\TeddysTale_with-BackEnd\venv\Lib\site-packages\django\db\models\query.py", line 93, in __iter__
    results = compiler.execute_sql(
        chunked_fetch=self.chunked_fetch, chunk_size=self.chunk_size
    )
  File "C:\Users\Евгения\Desktop\Projects_web\TeddysTale_with-BackEnd\venv\Lib\site-packages\django\db\models\sql\compiler.py", line 1621, in execute_sql
    cursor = self.connection.cursor()
  File "C:\Users\Евгения\Desktop\Projects_web\TeddysTale_with-BackEnd\venv\Lib\site-packages\django\utils\asyncio.py", line 26, in inner
    return func(*args, **kwargs)
  File "C:\Users\Евгения\Desktop\Projects_web\TeddysTale_with-BackEnd\venv\Lib\site-packages\django\db\backends\base\base.py", line 320, in cursor
    return self._cursor()
           ~~~~~~~~~~~~^^
  File "C:\Users\Евгения\Desktop\Projects_web\TeddysTale_with-BackEnd\venv\Lib\site-packages\django\db\backends\base\base.py", line 296, in _cursor
    self.ensure_connection()
    ~~~~~~~~~~~~~~~~~~~~~~^^
  File "C:\Users\Евгения\Desktop\Projects_web\TeddysTale_with-BackEnd\venv\Lib\site-packages\django\utils\asyncio.py", line 26, in inner
    return func(*args, **kwargs)
  File "C:\Users\Евгения\Desktop\Projects_web\TeddysTale_with-BackEnd\venv\Lib\site-packages\django\db\backends\base\base.py", line 278, in ensure_connection
    with self.wrap_database_errors:
         ^^^^^^^^^^^^^^^^^^^^^^^^^
  File "C:\Users\Евгения\Desktop\Projects_web\TeddysTale_with-BackEnd\venv\Lib\site-packages\django\db\utils.py", line 91, in __exit__
    raise dj_exc_value.with_traceback(traceback) from exc_value
  File "C:\Users\Евгения\Desktop\Projects_web\TeddysTale_with-BackEnd\venv\Lib\site-packages\django\db\backends\base\base.py", line 279, in ensure_connection
    self.connect()
    ~~~~~~~~~~~~^^
  File "C:\Users\Евгения\Desktop\Projects_web\TeddysTale_with-BackEnd\venv\Lib\site-packages\django\utils\asyncio.py", line 26, in inner
    return func(*args, **kwargs)
  File "C:\Users\Евгения\Desktop\Projects_web\TeddysTale_with-BackEnd\venv\Lib\site-packages\django\db\backends\base\base.py", line 256, in connect
    self.connection = self.get_new_connection(conn_params)
                      ~~~~~~~~~~~~~~~~~~~~~~~^^^^^^^^^^^^^
  File "C:\Users\Евгения\Desktop\Projects_web\TeddysTale_with-BackEnd\venv\Lib\site-packages\django\utils\asyncio.py", line 26, in inner
    return func(*args, **kwargs)
  File "C:\Users\Евгения\Desktop\Projects_web\TeddysTale_with-BackEnd\venv\Lib\site-packages\django\db\backends\postgresql\base.py", line 332, in get_new_connection
    connection = self.Database.connect(**conn_params)
  File "C:\Users\Евгения\Desktop\Projects_web\TeddysTale_with-BackEnd\venv\Lib\site-packages\psycopg2\__init__.py", line 135, in connect
    conn = _connect(dsn, connection_factory=connection_factory, **kwasync)
django.db.utils.OperationalError: connection to server at "aws-1-eu-west-1.pooler.supabase.com" (54.247.26.119), port 5432 failed: FATAL:  MaxClientsInSessionMode: max clients reached - in Session mode max clients are limited to pool_size
Stack (most recent call last):
  File "C:\Users\Евгения\AppData\Local\Programs\Python\Python313\Lib\threading.py", line 1014, in _bootstrap
    self._bootstrap_inner()
  File "C:\Users\Евгения\AppData\Local\Programs\Python\Python313\Lib\threading.py", line 1043, in _bootstrap_inner
    self.run()
  File "C:\Users\Евгения\AppData\Local\Programs\Python\Python313\Lib\threading.py", line 994, in run
    self._target(*self._args, **self._kwargs)
  File "C:\Users\Евгения\AppData\Local\Programs\Python\Python313\Lib\socketserver.py", line 697, in process_request_thread
    self.finish_request(request, client_address)
  File "C:\Users\Евгения\AppData\Local\Programs\Python\Python313\Lib\socketserver.py", line 362, in finish_request
    self.RequestHandlerClass(request, client_address, self)
  File "C:\Users\Евгения\AppData\Local\Programs\Python\Python313\Lib\socketserver.py", line 766, in __init__
    self.handle()
  File "C:\Users\Евгения\Desktop\Projects_web\TeddysTale_with-BackEnd\venv\Lib\site-packages\django\core\servers\basehttp.py", line 228, in handle
    self.handle_one_request()
  File "C:\Users\Евгения\Desktop\Projects_web\TeddysTale_with-BackEnd\venv\Lib\site-packages\django\core\servers\basehttp.py", line 253, in handle_one_request
    handler.run(self.server.get_app())
  File "C:\Users\Евгения\AppData\Local\Programs\Python\Python313\Lib\wsgiref\handlers.py", line 137, in run
    self.result = application(self.environ, self.start_response)
  File "C:\Users\Евгения\Desktop\Projects_web\TeddysTale_with-BackEnd\venv\Lib\site-packages\django\contrib\staticfiles\handlers.py", line 80, in __call__
    return self.application(environ, start_response)
  File "C:\Users\Евгения\Desktop\Projects_web\TeddysTale_with-BackEnd\venv\Lib\site-packages\django\core\handlers\wsgi.py", line 124, in __call__
    response = self.get_response(request)
  File "C:\Users\Евгения\Desktop\Projects_web\TeddysTale_with-BackEnd\venv\Lib\site-packages\django\core\handlers\base.py", line 140, in get_response
    response = self._middleware_chain(request)
  File "C:\Users\Евгения\Desktop\Projects_web\TeddysTale_with-BackEnd\venv\Lib\site-packages\django\core\handlers\exception.py", line 55, in inner
    response = get_response(request)
  File "C:\Users\Евгения\Desktop\Projects_web\TeddysTale_with-BackEnd\venv\Lib\site-packages\django\utils\deprecation.py", line 120, in __call__
    response = response or self.get_response(request)
  File "C:\Users\Евгения\Desktop\Projects_web\TeddysTale_with-BackEnd\venv\Lib\site-packages\django\core\handlers\exception.py", line 55, in inner
    response = get_response(request)
  File "C:\Users\Евгения\Desktop\Projects_web\TeddysTale_with-BackEnd\venv\Lib\site-packages\whitenoise\middleware.py", line 123, in __call__
    return self.get_response(request)
  File "C:\Users\Евгения\Desktop\Projects_web\TeddysTale_with-BackEnd\venv\Lib\site-packages\django\core\handlers\exception.py", line 55, in inner
    response = get_response(request)
  File "C:\Users\Евгения\Desktop\Projects_web\TeddysTale_with-BackEnd\venv\Lib\site-packages\django\utils\deprecation.py", line 120, in __call__
    response = response or self.get_response(request)
  File "C:\Users\Евгения\Desktop\Projects_web\TeddysTale_with-BackEnd\venv\Lib\site-packages\django\core\handlers\exception.py", line 55, in inner
    response = get_response(request)
  File "C:\Users\Евгения\Desktop\Projects_web\TeddysTale_with-BackEnd\venv\Lib\site-packages\django\utils\deprecation.py", line 120, in __call__
    response = response or self.get_response(request)
  File "C:\Users\Евгения\Desktop\Projects_web\TeddysTale_with-BackEnd\venv\Lib\site-packages\django\core\handlers\exception.py", line 55, in inner
    response = get_response(request)
  File "C:\Users\Евгения\Desktop\Projects_web\TeddysTale_with-BackEnd\venv\Lib\site-packages\django\utils\deprecation.py", line 120, in __call__
    response = response or self.get_response(request)
  File "C:\Users\Евгения\Desktop\Projects_web\TeddysTale_with-BackEnd\venv\Lib\site-packages\django\core\handlers\exception.py", line 55, in inner
    response = get_response(request)
  File "C:\Users\Евгения\Desktop\Projects_web\TeddysTale_with-BackEnd\venv\Lib\site-packages\django\utils\deprecation.py", line 120, in __call__
    response = response or self.get_response(request)
  File "C:\Users\Евгения\Desktop\Projects_web\TeddysTale_with-BackEnd\venv\Lib\site-packages\django\core\handlers\exception.py", line 55, in inner
    response = get_response(request)
  File "C:\Users\Евгения\Desktop\Projects_web\TeddysTale_with-BackEnd\venv\Lib\site-packages\django\utils\deprecation.py", line 120, in __call__
    response = response or self.get_response(request)
  File "C:\Users\Евгения\Desktop\Projects_web\TeddysTale_with-BackEnd\venv\Lib\site-packages\django\core\handlers\exception.py", line 55, in inner
    response = get_response(request)
  File "C:\Users\Евгения\Desktop\Projects_web\TeddysTale_with-BackEnd\venv\Lib\site-packages\django\utils\deprecation.py", line 120, in __call__
    response = response or self.get_response(request)
  File "C:\Users\Евгения\Desktop\Projects_web\TeddysTale_with-BackEnd\venv\Lib\site-packages\django\core\handlers\exception.py", line 55, in inner
    response = get_response(request)
  File "C:\Users\Евгения\Desktop\Projects_web\TeddysTale_with-BackEnd\venv\Lib\site-packages\django\utils\deprecation.py", line 120, in __call__
    response = response or self.get_response(request)
  File "C:\Users\Евгения\Desktop\Projects_web\TeddysTale_with-BackEnd\venv\Lib\site-packages\django\core\handlers\exception.py", line 55, in inner
    response = get_response(request)
  File "C:\Users\Евгения\Desktop\Projects_web\TeddysTale_with-BackEnd\TeddyTale\TeddyTale\middleware.py", line 25, in __call__
    response = self.get_response(request)
  File "C:\Users\Евгения\Desktop\Projects_web\TeddysTale_with-BackEnd\venv\Lib\site-packages\django\core\handlers\exception.py", line 55, in inner
    response = get_response(request)
  File "C:\Users\Евгения\Desktop\Projects_web\TeddysTale_with-BackEnd\venv\Lib\site-packages\django\core\handlers\base.py", line 197, in _get_response
    response = wrapped_callback(request, *callback_args, **callback_kwargs)
  File "C:\Users\Евгения\Desktop\Projects_web\TeddysTale_with-BackEnd\TeddyTale\landing\db_utils.py", line 21, in wrapper
    return func(*args, **kwargs)
  File "C:\Users\Евгения\Desktop\Projects_web\TeddysTale_with-BackEnd\TeddyTale\landing\views.py", line 169, in index
    logger.error(f"КРИТИЧЕСКАЯ ОШИБКА при загрузке данных главной страницы: {str(e)}",
[2026-01-02 15:32:51] WARNING landing.views - Используется резервный режим с безопасными значениями
[2026-01-02 15:37:53] DEBUG landing.views - Загружено товаров из базы: 8
[2026-01-02 15:37:53] DEBUG landing.views - Показывать заглушки: True, количество: 1
[2026-01-02 15:37:54] WARNING landing.views - Секция 'contacts' не найдена в базе данных, используются значения по умолчанию
[2026-01-02 15:37:54] INFO landing.views - Главная страница успешно загружена. Товаров: 8, Координаты: 59.819987, 30.337649
[2026-01-02 16:19:32] ERROR landing.views - КРИТИЧЕСКАЯ ОШИБКА при загрузке данных главной страницы: server closed the connection unexpectedly
	This probably means the server terminated abnormally
	before or while processing the request.
server closed the connection unexpectedly
	This probably means the server terminated abnormally
	before or while processing the request.
Traceback (most recent call last):
  File "C:\Users\Евгения\Desktop\Projects_web\TeddysTale_with-BackEnd\venv\Lib\site-packages\django\db\backends\utils.py", line 105, in _execute
    return self.cursor.execute(sql, params)
           ~~~~~~~~~~~~~~~~~~~^^^^^^^^^^^^^
psycopg2.OperationalError: server closed the connection unexpectedly
	This probably means the server terminated abnormally
	before or while processing the request.
server closed the connection unexpectedly
	This probably means the server terminated abnormally
	before or while processing the request.


The above exception was the direct cause of the following exception:

Traceback (most recent call last):
  File "C:\Users\Евгения\Desktop\Projects_web\TeddysTale_with-BackEnd\TeddyTale\landing\views.py", line 52, in index
    shop_items = list(ShopItem.objects.filter(is_active=True).order_by('slot_number'))
  File "C:\Users\Евгения\Desktop\Projects_web\TeddysTale_with-BackEnd\venv\Lib\site-packages\django\db\models\query.py", line 386, in __iter__
    self._fetch_all()
    ~~~~~~~~~~~~~~~^^
  File "C:\Users\Евгения\Desktop\Projects_web\TeddysTale_with-BackEnd\venv\Lib\site-packages\django\db\models\query.py", line 1954, in _fetch_all
    self._result_cache = list(self._iterable_class(self))
                         ~~~~^^^^^^^^^^^^^^^^^^^^^^^^^^^^
  File "C:\Users\Евгения\Desktop\Projects_web\TeddysTale_with-BackEnd\venv\Lib\site-packages\django\db\models\query.py", line 93, in __iter__
    results = compiler.execute_sql(
        chunked_fetch=self.chunked_fetch, chunk_size=self.chunk_size
    )
  File "C:\Users\Евгения\Desktop\Projects_web\TeddysTale_with-BackEnd\venv\Lib\site-packages\django\db\models\sql\compiler.py", line 1623, in execute_sql
    cursor.execute(sql, params)
    ~~~~~~~~~~~~~~^^^^^^^^^^^^^
  File "C:\Users\Евгения\Desktop\Projects_web\TeddysTale_with-BackEnd\venv\Lib\site-packages\django\db\backends\utils.py", line 122, in execute
    return super().execute(sql, params)
           ~~~~~~~~~~~~~~~^^^^^^^^^^^^^
  File "C:\Users\Евгения\Desktop\Projects_web\TeddysTale_with-BackEnd\venv\Lib\site-packages\django\db\backends\utils.py", line 79, in execute
    return self._execute_with_wrappers(
           ~~~~~~~~~~~~~~~~~~~~~~~~~~~^
        sql, params, many=False, executor=self._execute
        ^^^^^^^^^^^^^^^^^^^^^^^^^^^^^^^^^^^^^^^^^^^^^^^
    )
    ^
  File "C:\Users\Евгения\Desktop\Projects_web\TeddysTale_with-BackEnd\venv\Lib\site-packages\django\db\backends\utils.py", line 92, in _execute_with_wrappers
    return executor(sql, params, many, context)
  File "C:\Users\Евгения\Desktop\Projects_web\TeddysTale_with-BackEnd\venv\Lib\site-packages\django\db\backends\utils.py", line 100, in _execute
    with self.db.wrap_database_errors:
         ^^^^^^^^^^^^^^^^^^^^^^^^^^^^
  File "C:\Users\Евгения\Desktop\Projects_web\TeddysTale_with-BackEnd\venv\Lib\site-packages\django\db\utils.py", line 91, in __exit__
    raise dj_exc_value.with_traceback(traceback) from exc_value
  File "C:\Users\Евгения\Desktop\Projects_web\TeddysTale_with-BackEnd\venv\Lib\site-packages\django\db\backends\utils.py", line 105, in _execute
    return self.cursor.execute(sql, params)
           ~~~~~~~~~~~~~~~~~~~^^^^^^^^^^^^^
django.db.utils.OperationalError: server closed the connection unexpectedly
	This probably means the server terminated abnormally
	before or while processing the request.
server closed the connection unexpectedly
	This probably means the server terminated abnormally
	before or while processing the request.
Stack (most recent call last):
  File "C:\Users\Евгения\AppData\Local\Programs\Python\Python313\Lib\threading.py", line 1014, in _bootstrap
    self._bootstrap_inner()
  File "C:\Users\Евгения\AppData\Local\Programs\Python\Python313\Lib\threading.py", line 1043, in _bootstrap_inner
    self.run()
  File "C:\Users\Евгения\AppData\Local\Programs\Python\Python313\Lib\threading.py", line 994, in run
    self._target(*self._args, **self._kwargs)
  File "C:\Users\Евгения\AppData\Local\Programs\Python\Python313\Lib\socketserver.py", line 697, in process_request_thread
    self.finish_request(request, client_address)
  File "C:\Users\Евгения\AppData\Local\Programs\Python\Python313\Lib\socketserver.py", line 362, in finish_request
    self.RequestHandlerClass(request, client_address, self)
  File "C:\Users\Евгения\AppData\Local\Programs\Python\Python313\Lib\socketserver.py", line 766, in __init__
    self.handle()
  File "C:\Users\Евгения\Desktop\Projects_web\TeddysTale_with-BackEnd\venv\Lib\site-packages\django\core\servers\basehttp.py", line 228, in handle
    self.handle_one_request()
  File "C:\Users\Евгения\Desktop\Projects_web\TeddysTale_with-BackEnd\venv\Lib\site-packages\django\core\servers\basehttp.py", line 253, in handle_one_request
    handler.run(self.server.get_app())
  File "C:\Users\Евгения\AppData\Local\Programs\Python\Python313\Lib\wsgiref\handlers.py", line 137, in run
    self.result = application(self.environ, self.start_response)
  File "C:\Users\Евгения\Desktop\Projects_web\TeddysTale_with-BackEnd\venv\Lib\site-packages\django\contrib\staticfiles\handlers.py", line 80, in __call__
    return self.application(environ, start_response)
  File "C:\Users\Евгения\Desktop\Projects_web\TeddysTale_with-BackEnd\venv\Lib\site-packages\django\core\handlers\wsgi.py", line 124, in __call__
    response = self.get_response(request)
  File "C:\Users\Евгения\Desktop\Projects_web\TeddysTale_with-BackEnd\venv\Lib\site-packages\django\core\handlers\base.py", line 140, in get_response
    response = self._middleware_chain(request)
  File "C:\Users\Евгения\Desktop\Projects_web\TeddysTale_with-BackEnd\venv\Lib\site-packages\django\core\handlers\exception.py", line 55, in inner
    response = get_response(request)
  File "C:\Users\Евгения\Desktop\Projects_web\TeddysTale_with-BackEnd\venv\Lib\site-packages\django\utils\deprecation.py", line 120, in __call__
    response = response or self.get_response(request)
  File "C:\Users\Евгения\Desktop\Projects_web\TeddysTale_with-BackEnd\venv\Lib\site-packages\django\core\handlers\exception.py", line 55, in inner
    response = get_response(request)
  File "C:\Users\Евгения\Desktop\Projects_web\TeddysTale_with-BackEnd\venv\Lib\site-packages\whitenoise\middleware.py", line 123, in __call__
    return self.get_response(request)
  File "C:\Users\Евгения\Desktop\Projects_web\TeddysTale_with-BackEnd\venv\Lib\site-packages\django\core\handlers\exception.py", line 55, in inner
    response = get_response(request)
  File "C:\Users\Евгения\Desktop\Projects_web\TeddysTale_with-BackEnd\venv\Lib\site-packages\django\utils\deprecation.py", line 120, in __call__
    response = response or self.get_response(request)
  File "C:\Users\Евгения\Desktop\Projects_web\TeddysTale_with-BackEnd\venv\Lib\site-packages\django\core\handlers\exception.py", line 55, in inner
    response = get_response(request)
  File "C:\Users\Евгения\Desktop\Projects_web\TeddysTale_with-BackEnd\venv\Lib\site-packages\django\utils\deprecation.py", line 120, in __call__
    response = response or self.get_response(request)
  File "C:\Users\Евгения\Desktop\Projects_web\TeddysTale_with-BackEnd\venv\Lib\site-packages\django\core\handlers\exception.py", line 55, in inner
    response = get_response(request)
  File "C:\Users\Евгения\Desktop\Projects_web\TeddysTale_with-BackEnd\venv\Lib\site-packages\django\utils\deprecation.py", line 120, in __call__
    response = response or self.get_response(request)
  File "C:\Users\Евгения\Desktop\Projects_web\TeddysTale_with-BackEnd\venv\Lib\site-packages\django\core\handlers\exception.py", line 55, in inner
    response = get_response(request)
  File "C:\Users\Евгения\Desktop\Projects_web\TeddysTale_with-BackEnd\venv\Lib\site-packages\django\utils\deprecation.py", line 120, in __call__
    response = response or self.get_response(request)
  File "C:\Users\Евгения\Desktop\Projects_web\TeddysTale_with-BackEnd\venv\Lib\site-packages\django\core\handlers\exception.py", line 55, in inner
    response = get_response(request)
  File "C:\Users\Евгения\Desktop\Projects_web\TeddysTale_with-BackEnd\venv\Lib\site-packages\django\utils\deprecation.py", line 120, in __call__
    response = response or self.get_response(request)
  File "C:\Users\Евгения\Desktop\Projects_web\TeddysTale_with-BackEnd\venv\Lib\site-packages\django\core\handlers\exception.py", line 55, in inner
    response = get_response(request)
  File "C:\Users\Евгения\Desktop\Projects_web\TeddysTale_with-BackEnd\venv\Lib\site-packages\django\utils\deprecation.py", line 120, in __call__
    response = response or self.get_response(request)
  File "C:\Users\Евгения\Desktop\Projects_web\TeddysTale_with-BackEnd\venv\Lib\site-packages\django\core\handlers\exception.py", line 55, in inner
    response = get_response(request)
  File "C:\Users\Евгения\Desktop\Projects_web\TeddysTale_with-BackEnd\venv\Lib\site-packages\django\utils\deprecation.py", line 120, in __call__
    response = response or self.get_response(request)
  File "C:\Users\Евгения\Desktop\Projects_web\TeddysTale_with-BackEnd\venv\Lib\site-packages\django\core\handlers\exception.py", line 55, in inner
    response = get_response(request)
  File "C:\Users\Евгения\Desktop\Projects_web\TeddysTale_with-BackEnd\TeddyTale\TeddyTale\middleware.py", line 25, in __call__
    response = self.get_response(request)
  File "C:\Users\Евгения\Desktop\Projects_web\TeddysTale_with-BackEnd\venv\Lib\site-packages\django\core\handlers\exception.py", line 55, in inner
    response = get_response(request)
  File "C:\Users\Евгения\Desktop\Projects_web\TeddysTale_with-BackEnd\venv\Lib\site-packages\django\core\handlers\base.py", line 197, in _get_response
    response = wrapped_callback(request, *callback_args, **callback_kwargs)
  File "C:\Users\Евгения\Desktop\Projects_web\TeddysTale_with-BackEnd\TeddyTale\landing\db_utils.py", line 21, in wrapper
    return func(*args, **kwargs)
  File "C:\Users\Евгения\Desktop\Projects_web\TeddysTale_with-BackEnd\TeddyTale\landing\views.py", line 169, in index
    logger.error(f"КРИТИЧЕСКАЯ ОШИБКА при загрузке данных главной страницы: {str(e)}",
[2026-01-02 16:19:32] WARNING landing.views - Используется резервный режим с безопасными значениями
[2026-01-02 16:19:57] ERROR landing.views - КРИТИЧЕСКАЯ ОШИБКА при загрузке данных главной страницы: server closed the connection unexpectedly
	This probably means the server terminated abnormally
	before or while processing the request.
server closed the connection unexpectedly
	This probably means the server terminated abnormally
	before or while processing the request.
Traceback (most recent call last):
  File "C:\Users\Евгения\Desktop\Projects_web\TeddysTale_with-BackEnd\venv\Lib\site-packages\django\db\backends\utils.py", line 105, in _execute
    return self.cursor.execute(sql, params)
           ~~~~~~~~~~~~~~~~~~~^^^^^^^^^^^^^
psycopg2.OperationalError: server closed the connection unexpectedly
	This probably means the server terminated abnormally
	before or while processing the request.
server closed the connection unexpectedly
	This probably means the server terminated abnormally
	before or while processing the request.


The above exception was the direct cause of the following exception:

Traceback (most recent call last):
  File "C:\Users\Евгения\Desktop\Projects_web\TeddysTale_with-BackEnd\TeddyTale\landing\views.py", line 52, in index
    shop_items = list(ShopItem.objects.filter(is_active=True).order_by('slot_number'))
  File "C:\Users\Евгения\Desktop\Projects_web\TeddysTale_with-BackEnd\venv\Lib\site-packages\django\db\models\query.py", line 386, in __iter__
    self._fetch_all()
    ~~~~~~~~~~~~~~~^^
  File "C:\Users\Евгения\Desktop\Projects_web\TeddysTale_with-BackEnd\venv\Lib\site-packages\django\db\models\query.py", line 1954, in _fetch_all
    self._result_cache = list(self._iterable_class(self))
                         ~~~~^^^^^^^^^^^^^^^^^^^^^^^^^^^^
  File "C:\Users\Евгения\Desktop\Projects_web\TeddysTale_with-BackEnd\venv\Lib\site-packages\django\db\models\query.py", line 93, in __iter__
    results = compiler.execute_sql(
        chunked_fetch=self.chunked_fetch, chunk_size=self.chunk_size
    )
  File "C:\Users\Евгения\Desktop\Projects_web\TeddysTale_with-BackEnd\venv\Lib\site-packages\django\db\models\sql\compiler.py", line 1623, in execute_sql
    cursor.execute(sql, params)
    ~~~~~~~~~~~~~~^^^^^^^^^^^^^
  File "C:\Users\Евгения\Desktop\Projects_web\TeddysTale_with-BackEnd\venv\Lib\site-packages\django\db\backends\utils.py", line 122, in execute
    return super().execute(sql, params)
           ~~~~~~~~~~~~~~~^^^^^^^^^^^^^
  File "C:\Users\Евгения\Desktop\Projects_web\TeddysTale_with-BackEnd\venv\Lib\site-packages\django\db\backends\utils.py", line 79, in execute
    return self._execute_with_wrappers(
           ~~~~~~~~~~~~~~~~~~~~~~~~~~~^
        sql, params, many=False, executor=self._execute
        ^^^^^^^^^^^^^^^^^^^^^^^^^^^^^^^^^^^^^^^^^^^^^^^
    )
    ^
  File "C:\Users\Евгения\Desktop\Projects_web\TeddysTale_with-BackEnd\venv\Lib\site-packages\django\db\backends\utils.py", line 92, in _execute_with_wrappers
    return executor(sql, params, many, context)
  File "C:\Users\Евгения\Desktop\Projects_web\TeddysTale_with-BackEnd\venv\Lib\site-packages\django\db\backends\utils.py", line 100, in _execute
    with self.db.wrap_database_errors:
         ^^^^^^^^^^^^^^^^^^^^^^^^^^^^
  File "C:\Users\Евгения\Desktop\Projects_web\TeddysTale_with-BackEnd\venv\Lib\site-packages\django\db\utils.py", line 91, in __exit__
    raise dj_exc_value.with_traceback(traceback) from exc_value
  File "C:\Users\Евгения\Desktop\Projects_web\TeddysTale_with-BackEnd\venv\Lib\site-packages\django\db\backends\utils.py", line 105, in _execute
    return self.cursor.execute(sql, params)
           ~~~~~~~~~~~~~~~~~~~^^^^^^^^^^^^^
django.db.utils.OperationalError: server closed the connection unexpectedly
	This probably means the server terminated abnormally
	before or while processing the request.
server closed the connection unexpectedly
	This probably means the server terminated abnormally
	before or while processing the request.
Stack (most recent call last):
  File "C:\Users\Евгения\AppData\Local\Programs\Python\Python313\Lib\threading.py", line 1014, in _bootstrap
    self._bootstrap_inner()
  File "C:\Users\Евгения\AppData\Local\Programs\Python\Python313\Lib\threading.py", line 1043, in _bootstrap_inner
    self.run()
  File "C:\Users\Евгения\AppData\Local\Programs\Python\Python313\Lib\threading.py", line 994, in run
    self._target(*self._args, **self._kwargs)
  File "C:\Users\Евгения\AppData\Local\Programs\Python\Python313\Lib\socketserver.py", line 697, in process_request_thread
    self.finish_request(request, client_address)
  File "C:\Users\Евгения\AppData\Local\Programs\Python\Python313\Lib\socketserver.py", line 362, in finish_request
    self.RequestHandlerClass(request, client_address, self)
  File "C:\Users\Евгения\AppData\Local\Programs\Python\Python313\Lib\socketserver.py", line 766, in __init__
    self.handle()
  File "C:\Users\Евгения\Desktop\Projects_web\TeddysTale_with-BackEnd\venv\Lib\site-packages\django\core\servers\basehttp.py", line 228, in handle
    self.handle_one_request()
  File "C:\Users\Евгения\Desktop\Projects_web\TeddysTale_with-BackEnd\venv\Lib\site-packages\django\core\servers\basehttp.py", line 253, in handle_one_request
    handler.run(self.server.get_app())
  File "C:\Users\Евгения\AppData\Local\Programs\Python\Python313\Lib\wsgiref\handlers.py", line 137, in run
    self.result = application(self.environ, self.start_response)
  File "C:\Users\Евгения\Desktop\Projects_web\TeddysTale_with-BackEnd\venv\Lib\site-packages\django\contrib\staticfiles\handlers.py", line 80, in __call__
    return self.application(environ, start_response)
  File "C:\Users\Евгения\Desktop\Projects_web\TeddysTale_with-BackEnd\venv\Lib\site-packages\django\core\handlers\wsgi.py", line 124, in __call__
    response = self.get_response(request)
  File "C:\Users\Евгения\Desktop\Projects_web\TeddysTale_with-BackEnd\venv\Lib\site-packages\django\core\handlers\base.py", line 140, in get_response
    response = self._middleware_chain(request)
  File "C:\Users\Евгения\Desktop\Projects_web\TeddysTale_with-BackEnd\venv\Lib\site-packages\django\core\handlers\exception.py", line 55, in inner
    response = get_response(request)
  File "C:\Users\Евгения\Desktop\Projects_web\TeddysTale_with-BackEnd\venv\Lib\site-packages\django\utils\deprecation.py", line 120, in __call__
    response = response or self.get_response(request)
  File "C:\Users\Евгения\Desktop\Projects_web\TeddysTale_with-BackEnd\venv\Lib\site-packages\django\core\handlers\exception.py", line 55, in inner
    response = get_response(request)
  File "C:\Users\Евгения\Desktop\Projects_web\TeddysTale_with-BackEnd\venv\Lib\site-packages\whitenoise\middleware.py", line 123, in __call__
    return self.get_response(request)
  File "C:\Users\Евгения\Desktop\Projects_web\TeddysTale_with-BackEnd\venv\Lib\site-packages\django\core\handlers\exception.py", line 55, in inner
    response = get_response(request)
  File "C:\Users\Евгения\Desktop\Projects_web\TeddysTale_with-BackEnd\venv\Lib\site-packages\django\utils\deprecation.py", line 120, in __call__
    response = response or self.get_response(request)
  File "C:\Users\Евгения\Desktop\Projects_web\TeddysTale_with-BackEnd\venv\Lib\site-packages\django\core\handlers\exception.py", line 55, in inner
    response = get_response(request)
  File "C:\Users\Евгения\Desktop\Projects_web\TeddysTale_with-BackEnd\venv\Lib\site-packages\django\utils\deprecation.py", line 120, in __call__
    response = response or self.get_response(request)
  File "C:\Users\Евгения\Desktop\Projects_web\TeddysTale_with-BackEnd\venv\Lib\site-packages\django\core\handlers\exception.py", line 55, in inner
    response = get_response(request)
  File "C:\Users\Евгения\Desktop\Projects_web\TeddysTale_with-BackEnd\venv\Lib\site-packages\django\utils\deprecation.py", line 120, in __call__
    response = response or self.get_response(request)
  File "C:\Users\Евгения\Desktop\Projects_web\TeddysTale_with-BackEnd\venv\Lib\site-packages\django\core\handlers\exception.py", line 55, in inner
    response = get_response(request)
  File "C:\Users\Евгения\Desktop\Projects_web\TeddysTale_with-BackEnd\venv\Lib\site-packages\django\utils\deprecation.py", line 120, in __call__
    response = response or self.get_response(request)
  File "C:\Users\Евгения\Desktop\Projects_web\TeddysTale_with-BackEnd\venv\Lib\site-packages\django\core\handlers\exception.py", line 55, in inner
    response = get_response(request)
  File "C:\Users\Евгения\Desktop\Projects_web\TeddysTale_with-BackEnd\venv\Lib\site-packages\django\utils\deprecation.py", line 120, in __call__
    response = response or self.get_response(request)
  File "C:\Users\Евгения\Desktop\Projects_web\TeddysTale_with-BackEnd\venv\Lib\site-packages\django\core\handlers\exception.py", line 55, in inner
    response = get_response(request)
  File "C:\Users\Евгения\Desktop\Projects_web\TeddysTale_with-BackEnd\venv\Lib\site-packages\django\utils\deprecation.py", line 120, in __call__
    response = response or self.get_response(request)
  File "C:\Users\Евгения\Desktop\Projects_web\TeddysTale_with-BackEnd\venv\Lib\site-packages\django\core\handlers\exception.py", line 55, in inner
    response = get_response(request)
  File "C:\Users\Евгения\Desktop\Projects_web\TeddysTale_with-BackEnd\venv\Lib\site-packages\django\utils\deprecation.py", line 120, in __call__
    response = response or self.get_response(request)
  File "C:\Users\Евгения\Desktop\Projects_web\TeddysTale_with-BackEnd\venv\Lib\site-packages\django\core\handlers\exception.py", line 55, in inner
    response = get_response(request)
  File "C:\Users\Евгения\Desktop\Projects_web\TeddysTale_with-BackEnd\TeddyTale\TeddyTale\middleware.py", line 25, in __call__
    response = self.get_response(request)
  File "C:\Users\Евгения\Desktop\Projects_web\TeddysTale_with-BackEnd\venv\Lib\site-packages\django\core\handlers\exception.py", line 55, in inner
    response = get_response(request)
  File "C:\Users\Евгения\Desktop\Projects_web\TeddysTale_with-BackEnd\venv\Lib\site-packages\django\core\handlers\base.py", line 197, in _get_response
    response = wrapped_callback(request, *callback_args, **callback_kwargs)
  File "C:\Users\Евгения\Desktop\Projects_web\TeddysTale_with-BackEnd\TeddyTale\landing\db_utils.py", line 21, in wrapper
    return func(*args, **kwargs)
  File "C:\Users\Евгения\Desktop\Projects_web\TeddysTale_with-BackEnd\TeddyTale\landing\views.py", line 169, in index
    logger.error(f"КРИТИЧЕСКАЯ ОШИБКА при загрузке данных главной страницы: {str(e)}",
[2026-01-02 16:19:57] WARNING landing.views - Используется резервный режим с безопасными значениями
[2026-01-02 16:20:09] DEBUG landing.views - Загружено товаров из базы: 8
[2026-01-02 16:20:09] DEBUG landing.views - Показывать заглушки: True, количество: 1
[2026-01-02 16:20:09] WARNING landing.views - Секция 'contacts' не найдена в базе данных, используются значения по умолчанию
[2026-01-02 16:20:09] INFO landing.views - Главная страница успешно загружена. Товаров: 8, Координаты: 59.819987, 30.337649
[2026-01-02 16:24:36] ERROR landing.views - КРИТИЧЕСКАЯ ОШИБКА при загрузке данных главной страницы: server closed the connection unexpectedly
	This probably means the server terminated abnormally
	before or while processing the request.
server closed the connection unexpectedly
	This probably means the server terminated abnormally
	before or while processing the request.
Traceback (most recent call last):
  File "C:\Users\Евгения\Desktop\Projects_web\TeddysTale_with-BackEnd\venv\Lib\site-packages\django\db\backends\utils.py", line 105, in _execute
    return self.cursor.execute(sql, params)
           ~~~~~~~~~~~~~~~~~~~^^^^^^^^^^^^^
psycopg2.OperationalError: server closed the connection unexpectedly
	This probably means the server terminated abnormally
	before or while processing the request.
server closed the connection unexpectedly
	This probably means the server terminated abnormally
	before or while processing the request.


The above exception was the direct cause of the following exception:

Traceback (most recent call last):
  File "C:\Users\Евгения\Desktop\Projects_web\TeddysTale_with-BackEnd\TeddyTale\landing\views.py", line 52, in index
    shop_items = list(ShopItem.objects.filter(is_active=True).order_by('slot_number'))
  File "C:\Users\Евгения\Desktop\Projects_web\TeddysTale_with-BackEnd\venv\Lib\site-packages\django\db\models\query.py", line 386, in __iter__
    self._fetch_all()
    ~~~~~~~~~~~~~~~^^
  File "C:\Users\Евгения\Desktop\Projects_web\TeddysTale_with-BackEnd\venv\Lib\site-packages\django\db\models\query.py", line 1954, in _fetch_all
    self._result_cache = list(self._iterable_class(self))
                         ~~~~^^^^^^^^^^^^^^^^^^^^^^^^^^^^
  File "C:\Users\Евгения\Desktop\Projects_web\TeddysTale_with-BackEnd\venv\Lib\site-packages\django\db\models\query.py", line 93, in __iter__
    results = compiler.execute_sql(
        chunked_fetch=self.chunked_fetch, chunk_size=self.chunk_size
    )
  File "C:\Users\Евгения\Desktop\Projects_web\TeddysTale_with-BackEnd\venv\Lib\site-packages\django\db\models\sql\compiler.py", line 1623, in execute_sql
    cursor.execute(sql, params)
    ~~~~~~~~~~~~~~^^^^^^^^^^^^^
  File "C:\Users\Евгения\Desktop\Projects_web\TeddysTale_with-BackEnd\venv\Lib\site-packages\django\db\backends\utils.py", line 122, in execute
    return super().execute(sql, params)
           ~~~~~~~~~~~~~~~^^^^^^^^^^^^^
  File "C:\Users\Евгения\Desktop\Projects_web\TeddysTale_with-BackEnd\venv\Lib\site-packages\django\db\backends\utils.py", line 79, in execute
    return self._execute_with_wrappers(
           ~~~~~~~~~~~~~~~~~~~~~~~~~~~^
        sql, params, many=False, executor=self._execute
        ^^^^^^^^^^^^^^^^^^^^^^^^^^^^^^^^^^^^^^^^^^^^^^^
    )
    ^
  File "C:\Users\Евгения\Desktop\Projects_web\TeddysTale_with-BackEnd\venv\Lib\site-packages\django\db\backends\utils.py", line 92, in _execute_with_wrappers
    return executor(sql, params, many, context)
  File "C:\Users\Евгения\Desktop\Projects_web\TeddysTale_with-BackEnd\venv\Lib\site-packages\django\db\backends\utils.py", line 100, in _execute
    with self.db.wrap_database_errors:
         ^^^^^^^^^^^^^^^^^^^^^^^^^^^^
  File "C:\Users\Евгения\Desktop\Projects_web\TeddysTale_with-BackEnd\venv\Lib\site-packages\django\db\utils.py", line 91, in __exit__
    raise dj_exc_value.with_traceback(traceback) from exc_value
  File "C:\Users\Евгения\Desktop\Projects_web\TeddysTale_with-BackEnd\venv\Lib\site-packages\django\db\backends\utils.py", line 105, in _execute
    return self.cursor.execute(sql, params)
           ~~~~~~~~~~~~~~~~~~~^^^^^^^^^^^^^
django.db.utils.OperationalError: server closed the connection unexpectedly
	This probably means the server terminated abnormally
	before or while processing the request.
server closed the connection unexpectedly
	This probably means the server terminated abnormally
	before or while processing the request.
Stack (most recent call last):
  File "C:\Users\Евгения\AppData\Local\Programs\Python\Python313\Lib\threading.py", line 1014, in _bootstrap
    self._bootstrap_inner()
  File "C:\Users\Евгения\AppData\Local\Programs\Python\Python313\Lib\threading.py", line 1043, in _bootstrap_inner
    self.run()
  File "C:\Users\Евгения\AppData\Local\Programs\Python\Python313\Lib\threading.py", line 994, in run
    self._target(*self._args, **self._kwargs)
  File "C:\Users\Евгения\AppData\Local\Programs\Python\Python313\Lib\socketserver.py", line 697, in process_request_thread
    self.finish_request(request, client_address)
  File "C:\Users\Евгения\AppData\Local\Programs\Python\Python313\Lib\socketserver.py", line 362, in finish_request
    self.RequestHandlerClass(request, client_address, self)
  File "C:\Users\Евгения\AppData\Local\Programs\Python\Python313\Lib\socketserver.py", line 766, in __init__
    self.handle()
  File "C:\Users\Евгения\Desktop\Projects_web\TeddysTale_with-BackEnd\venv\Lib\site-packages\django\core\servers\basehttp.py", line 228, in handle
    self.handle_one_request()
  File "C:\Users\Евгения\Desktop\Projects_web\TeddysTale_with-BackEnd\venv\Lib\site-packages\django\core\servers\basehttp.py", line 253, in handle_one_request
    handler.run(self.server.get_app())
  File "C:\Users\Евгения\AppData\Local\Programs\Python\Python313\Lib\wsgiref\handlers.py", line 137, in run
    self.result = application(self.environ, self.start_response)
  File "C:\Users\Евгения\Desktop\Projects_web\TeddysTale_with-BackEnd\venv\Lib\site-packages\django\contrib\staticfiles\handlers.py", line 80, in __call__
    return self.application(environ, start_response)
  File "C:\Users\Евгения\Desktop\Projects_web\TeddysTale_with-BackEnd\venv\Lib\site-packages\django\core\handlers\wsgi.py", line 124, in __call__
    response = self.get_response(request)
  File "C:\Users\Евгения\Desktop\Projects_web\TeddysTale_with-BackEnd\venv\Lib\site-packages\django\core\handlers\base.py", line 140, in get_response
    response = self._middleware_chain(request)
  File "C:\Users\Евгения\Desktop\Projects_web\TeddysTale_with-BackEnd\venv\Lib\site-packages\django\core\handlers\exception.py", line 55, in inner
    response = get_response(request)
  File "C:\Users\Евгения\Desktop\Projects_web\TeddysTale_with-BackEnd\venv\Lib\site-packages\django\utils\deprecation.py", line 120, in __call__
    response = response or self.get_response(request)
  File "C:\Users\Евгения\Desktop\Projects_web\TeddysTale_with-BackEnd\venv\Lib\site-packages\django\core\handlers\exception.py", line 55, in inner
    response = get_response(request)
  File "C:\Users\Евгения\Desktop\Projects_web\TeddysTale_with-BackEnd\venv\Lib\site-packages\whitenoise\middleware.py", line 123, in __call__
    return self.get_response(request)
  File "C:\Users\Евгения\Desktop\Projects_web\TeddysTale_with-BackEnd\venv\Lib\site-packages\django\core\handlers\exception.py", line 55, in inner
    response = get_response(request)
  File "C:\Users\Евгения\Desktop\Projects_web\TeddysTale_with-BackEnd\venv\Lib\site-packages\django\utils\deprecation.py", line 120, in __call__
    response = response or self.get_response(request)
  File "C:\Users\Евгения\Desktop\Projects_web\TeddysTale_with-BackEnd\venv\Lib\site-packages\django\core\handlers\exception.py", line 55, in inner
    response = get_response(request)
  File "C:\Users\Евгения\Desktop\Projects_web\TeddysTale_with-BackEnd\venv\Lib\site-packages\django\utils\deprecation.py", line 120, in __call__
    response = response or self.get_response(request)
  File "C:\Users\Евгения\Desktop\Projects_web\TeddysTale_with-BackEnd\venv\Lib\site-packages\django\core\handlers\exception.py", line 55, in inner
    response = get_response(request)
  File "C:\Users\Евгения\Desktop\Projects_web\TeddysTale_with-BackEnd\venv\Lib\site-packages\django\utils\deprecation.py", line 120, in __call__
    response = response or self.get_response(request)
  File "C:\Users\Евгения\Desktop\Projects_web\TeddysTale_with-BackEnd\venv\Lib\site-packages\django\core\handlers\exception.py", line 55, in inner
    response = get_response(request)
  File "C:\Users\Евгения\Desktop\Projects_web\TeddysTale_with-BackEnd\venv\Lib\site-packages\django\utils\deprecation.py", line 120, in __call__
    response = response or self.get_response(request)
  File "C:\Users\Евгения\Desktop\Projects_web\TeddysTale_with-BackEnd\venv\Lib\site-packages\django\core\handlers\exception.py", line 55, in inner
    response = get_response(request)
  File "C:\Users\Евгения\Desktop\Projects_web\TeddysTale_with-BackEnd\venv\Lib\site-packages\django\utils\deprecation.py", line 120, in __call__
    response = response or self.get_response(request)
  File "C:\Users\Евгения\Desktop\Projects_web\TeddysTale_with-BackEnd\venv\Lib\site-packages\django\core\handlers\exception.py", line 55, in inner
    response = get_response(request)
  File "C:\Users\Евгения\Desktop\Projects_web\TeddysTale_with-BackEnd\venv\Lib\site-packages\django\utils\deprecation.py", line 120, in __call__
    response = response or self.get_response(request)
  File "C:\Users\Евгения\Desktop\Projects_web\TeddysTale_with-BackEnd\venv\Lib\site-packages\django\core\handlers\exception.py", line 55, in inner
    response = get_response(request)
  File "C:\Users\Евгения\Desktop\Projects_web\TeddysTale_with-BackEnd\venv\Lib\site-packages\django\utils\deprecation.py", line 120, in __call__
    response = response or self.get_response(request)
  File "C:\Users\Евгения\Desktop\Projects_web\TeddysTale_with-BackEnd\venv\Lib\site-packages\django\core\handlers\exception.py", line 55, in inner
    response = get_response(request)
  File "C:\Users\Евгения\Desktop\Projects_web\TeddysTale_with-BackEnd\TeddyTale\TeddyTale\middleware.py", line 25, in __call__
    response = self.get_response(request)
  File "C:\Users\Евгения\Desktop\Projects_web\TeddysTale_with-BackEnd\venv\Lib\site-packages\django\core\handlers\exception.py", line 55, in inner
    response = get_response(request)
  File "C:\Users\Евгения\Desktop\Projects_web\TeddysTale_with-BackEnd\venv\Lib\site-packages\django\core\handlers\base.py", line 197, in _get_response
    response = wrapped_callback(request, *callback_args, **callback_kwargs)
  File "C:\Users\Евгения\Desktop\Projects_web\TeddysTale_with-BackEnd\TeddyTale\landing\db_utils.py", line 21, in wrapper
    return func(*args, **kwargs)
  File "C:\Users\Евгения\Desktop\Projects_web\TeddysTale_with-BackEnd\TeddyTale\landing\views.py", line 169, in index
    logger.error(f"КРИТИЧЕСКАЯ ОШИБКА при загрузке данных главной страницы: {str(e)}",
[2026-01-02 16:24:36] WARNING landing.views - Используется резервный режим с безопасными значениями
[2026-01-02 16:26:07] DEBUG landing.views - Загружено товаров из базы: 8
[2026-01-02 16:26:07] DEBUG landing.views - Показывать заглушки: True, количество: 1
[2026-01-02 16:26:07] WARNING landing.views - Секция 'contacts' не найдена в базе данных, используются значения по умолчанию
[2026-01-02 16:26:07] INFO landing.views - Главная страница успешно загружена. Товаров: 8, Координаты: 59.819987, 30.337649
[2026-01-10 20:59:15] DEBUG landing.views - Загружено товаров из базы: 8
[2026-01-10 20:59:15] DEBUG landing.views - Показывать заглушки: True, количество: 1
[2026-01-10 20:59:15] DEBUG landing.views - Контакты из базы данных: 10 записей
[2026-01-10 20:59:15] INFO landing.views - Главная страница успешно загружена. Товаров: 8, Координаты: 59.819642, 30.341524
[2026-01-10 21:01:39] ERROR landing.views - КРИТИЧЕСКАЯ ОШИБКА при загрузке данных главной страницы: server closed the connection unexpectedly
	This probably means the server terminated abnormally
	before or while processing the request.
server closed the connection unexpectedly
	This probably means the server terminated abnormally
	before or while processing the request.
Traceback (most recent call last):
  File "C:\Users\Евгения\Desktop\Projects_web\TeddysTale_with-BackEnd\venv\Lib\site-packages\django\db\backends\utils.py", line 105, in _execute
    return self.cursor.execute(sql, params)
           ~~~~~~~~~~~~~~~~~~~^^^^^^^^^^^^^
psycopg2.OperationalError: server closed the connection unexpectedly
	This probably means the server terminated abnormally
	before or while processing the request.
server closed the connection unexpectedly
	This probably means the server terminated abnormally
	before or while processing the request.


The above exception was the direct cause of the following exception:

Traceback (most recent call last):
  File "C:\Users\Евгения\Desktop\Projects_web\TeddysTale_with-BackEnd\teddytale\landing\views.py", line 38, in index
    hero_section = PageSection.objects.filter(section_key='hero').first()
  File "C:\Users\Евгения\Desktop\Projects_web\TeddysTale_with-BackEnd\venv\Lib\site-packages\django\db\models\query.py", line 1106, in first
    for obj in queryset[:1]:
               ~~~~~~~~^^^^
  File "C:\Users\Евгения\Desktop\Projects_web\TeddysTale_with-BackEnd\venv\Lib\site-packages\django\db\models\query.py", line 386, in __iter__
    self._fetch_all()
    ~~~~~~~~~~~~~~~^^
  File "C:\Users\Евгения\Desktop\Projects_web\TeddysTale_with-BackEnd\venv\Lib\site-packages\django\db\models\query.py", line 1954, in _fetch_all
    self._result_cache = list(self._iterable_class(self))
                         ~~~~^^^^^^^^^^^^^^^^^^^^^^^^^^^^
  File "C:\Users\Евгения\Desktop\Projects_web\TeddysTale_with-BackEnd\venv\Lib\site-packages\django\db\models\query.py", line 93, in __iter__
    results = compiler.execute_sql(
        chunked_fetch=self.chunked_fetch, chunk_size=self.chunk_size
    )
  File "C:\Users\Евгения\Desktop\Projects_web\TeddysTale_with-BackEnd\venv\Lib\site-packages\django\db\models\sql\compiler.py", line 1623, in execute_sql
    cursor.execute(sql, params)
    ~~~~~~~~~~~~~~^^^^^^^^^^^^^
  File "C:\Users\Евгения\Desktop\Projects_web\TeddysTale_with-BackEnd\venv\Lib\site-packages\django\db\backends\utils.py", line 122, in execute
    return super().execute(sql, params)
           ~~~~~~~~~~~~~~~^^^^^^^^^^^^^
  File "C:\Users\Евгения\Desktop\Projects_web\TeddysTale_with-BackEnd\venv\Lib\site-packages\django\db\backends\utils.py", line 79, in execute
    return self._execute_with_wrappers(
           ~~~~~~~~~~~~~~~~~~~~~~~~~~~^
        sql, params, many=False, executor=self._execute
        ^^^^^^^^^^^^^^^^^^^^^^^^^^^^^^^^^^^^^^^^^^^^^^^
    )
    ^
  File "C:\Users\Евгения\Desktop\Projects_web\TeddysTale_with-BackEnd\venv\Lib\site-packages\django\db\backends\utils.py", line 92, in _execute_with_wrappers
    return executor(sql, params, many, context)
  File "C:\Users\Евгения\Desktop\Projects_web\TeddysTale_with-BackEnd\venv\Lib\site-packages\django\db\backends\utils.py", line 100, in _execute
    with self.db.wrap_database_errors:
         ^^^^^^^^^^^^^^^^^^^^^^^^^^^^
  File "C:\Users\Евгения\Desktop\Projects_web\TeddysTale_with-BackEnd\venv\Lib\site-packages\django\db\utils.py", line 91, in __exit__
    raise dj_exc_value.with_traceback(traceback) from exc_value
  File "C:\Users\Евгения\Desktop\Projects_web\TeddysTale_with-BackEnd\venv\Lib\site-packages\django\db\backends\utils.py", line 105, in _execute
    return self.cursor.execute(sql, params)
           ~~~~~~~~~~~~~~~~~~~^^^^^^^^^^^^^
django.db.utils.OperationalError: server closed the connection unexpectedly
	This probably means the server terminated abnormally
	before or while processing the request.
server closed the connection unexpectedly
	This probably means the server terminated abnormally
	before or while processing the request.
Stack (most recent call last):
  File "C:\Users\Евгения\AppData\Local\Programs\Python\Python313\Lib\threading.py", line 1014, in _bootstrap
    self._bootstrap_inner()
  File "C:\Users\Евгения\AppData\Local\Programs\Python\Python313\Lib\threading.py", line 1043, in _bootstrap_inner
    self.run()
  File "C:\Users\Евгения\AppData\Local\Programs\Python\Python313\Lib\threading.py", line 994, in run
    self._target(*self._args, **self._kwargs)
  File "C:\Users\Евгения\AppData\Local\Programs\Python\Python313\Lib\socketserver.py", line 697, in process_request_thread
    self.finish_request(request, client_address)
  File "C:\Users\Евгения\AppData\Local\Programs\Python\Python313\Lib\socketserver.py", line 362, in finish_request
    self.RequestHandlerClass(request, client_address, self)
  File "C:\Users\Евгения\AppData\Local\Programs\Python\Python313\Lib\socketserver.py", line 766, in __init__
    self.handle()
  File "C:\Users\Евгения\Desktop\Projects_web\TeddysTale_with-BackEnd\venv\Lib\site-packages\django\core\servers\basehttp.py", line 228, in handle
    self.handle_one_request()
  File "C:\Users\Евгения\Desktop\Projects_web\TeddysTale_with-BackEnd\venv\Lib\site-packages\django\core\servers\basehttp.py", line 253, in handle_one_request
    handler.run(self.server.get_app())
  File "C:\Users\Евгения\AppData\Local\Programs\Python\Python313\Lib\wsgiref\handlers.py", line 137, in run
    self.result = application(self.environ, self.start_response)
  File "C:\Users\Евгения\Desktop\Projects_web\TeddysTale_with-BackEnd\venv\Lib\site-packages\django\contrib\staticfiles\handlers.py", line 80, in __call__
    return self.application(environ, start_response)
  File "C:\Users\Евгения\Desktop\Projects_web\TeddysTale_with-BackEnd\venv\Lib\site-packages\django\core\handlers\wsgi.py", line 124, in __call__
    response = self.get_response(request)
  File "C:\Users\Евгения\Desktop\Projects_web\TeddysTale_with-BackEnd\venv\Lib\site-packages\django\core\handlers\base.py", line 140, in get_response
    response = self._middleware_chain(request)
  File "C:\Users\Евгения\Desktop\Projects_web\TeddysTale_with-BackEnd\venv\Lib\site-packages\django\core\handlers\exception.py", line 55, in inner
    response = get_response(request)
  File "C:\Users\Евгения\Desktop\Projects_web\TeddysTale_with-BackEnd\venv\Lib\site-packages\django\utils\deprecation.py", line 120, in __call__
    response = response or self.get_response(request)
  File "C:\Users\Евгения\Desktop\Projects_web\TeddysTale_with-BackEnd\venv\Lib\site-packages\django\core\handlers\exception.py", line 55, in inner
    response = get_response(request)
  File "C:\Users\Евгения\Desktop\Projects_web\TeddysTale_with-BackEnd\venv\Lib\site-packages\whitenoise\middleware.py", line 123, in __call__
    return self.get_response(request)
  File "C:\Users\Евгения\Desktop\Projects_web\TeddysTale_with-BackEnd\venv\Lib\site-packages\django\core\handlers\exception.py", line 55, in inner
    response = get_response(request)
  File "C:\Users\Евгения\Desktop\Projects_web\TeddysTale_with-BackEnd\venv\Lib\site-packages\django\utils\deprecation.py", line 120, in __call__
    response = response or self.get_response(request)
  File "C:\Users\Евгения\Desktop\Projects_web\TeddysTale_with-BackEnd\venv\Lib\site-packages\django\core\handlers\exception.py", line 55, in inner
    response = get_response(request)
  File "C:\Users\Евгения\Desktop\Projects_web\TeddysTale_with-BackEnd\venv\Lib\site-packages\django\utils\deprecation.py", line 120, in __call__
    response = response or self.get_response(request)
  File "C:\Users\Евгения\Desktop\Projects_web\TeddysTale_with-BackEnd\venv\Lib\site-packages\django\core\handlers\exception.py", line 55, in inner
    response = get_response(request)
  File "C:\Users\Евгения\Desktop\Projects_web\TeddysTale_with-BackEnd\venv\Lib\site-packages\django\utils\deprecation.py", line 120, in __call__
    response = response or self.get_response(request)
  File "C:\Users\Евгения\Desktop\Projects_web\TeddysTale_with-BackEnd\venv\Lib\site-packages\django\core\handlers\exception.py", line 55, in inner
    response = get_response(request)
  File "C:\Users\Евгения\Desktop\Projects_web\TeddysTale_with-BackEnd\venv\Lib\site-packages\django\utils\deprecation.py", line 120, in __call__
    response = response or self.get_response(request)
  File "C:\Users\Евгения\Desktop\Projects_web\TeddysTale_with-BackEnd\venv\Lib\site-packages\django\core\handlers\exception.py", line 55, in inner
    response = get_response(request)
  File "C:\Users\Евгения\Desktop\Projects_web\TeddysTale_with-BackEnd\venv\Lib\site-packages\django\utils\deprecation.py", line 120, in __call__
    response = response or self.get_response(request)
  File "C:\Users\Евгения\Desktop\Projects_web\TeddysTale_with-BackEnd\venv\Lib\site-packages\django\core\handlers\exception.py", line 55, in inner
    response = get_response(request)
  File "C:\Users\Евгения\Desktop\Projects_web\TeddysTale_with-BackEnd\venv\Lib\site-packages\django\utils\deprecation.py", line 120, in __call__
    response = response or self.get_response(request)
  File "C:\Users\Евгения\Desktop\Projects_web\TeddysTale_with-BackEnd\venv\Lib\site-packages\django\core\handlers\exception.py", line 55, in inner
    response = get_response(request)
  File "C:\Users\Евгения\Desktop\Projects_web\TeddysTale_with-BackEnd\venv\Lib\site-packages\django\utils\deprecation.py", line 120, in __call__
    response = response or self.get_response(request)
  File "C:\Users\Евгения\Desktop\Projects_web\TeddysTale_with-BackEnd\venv\Lib\site-packages\django\core\handlers\exception.py", line 55, in inner
    response = get_response(request)
  File "C:\Users\Евгения\Desktop\Projects_web\TeddysTale_with-BackEnd\teddytale\TeddyTale\middleware.py", line 25, in __call__
    response = self.get_response(request)
  File "C:\Users\Евгения\Desktop\Projects_web\TeddysTale_with-BackEnd\venv\Lib\site-packages\django\core\handlers\exception.py", line 55, in inner
    response = get_response(request)
  File "C:\Users\Евгения\Desktop\Projects_web\TeddysTale_with-BackEnd\venv\Lib\site-packages\django\core\handlers\base.py", line 197, in _get_response
    response = wrapped_callback(request, *callback_args, **callback_kwargs)
  File "C:\Users\Евгения\Desktop\Projects_web\TeddysTale_with-BackEnd\teddytale\landing\db_utils.py", line 21, in wrapper
    return func(*args, **kwargs)
  File "C:\Users\Евгения\Desktop\Projects_web\TeddysTale_with-BackEnd\teddytale\landing\views.py", line 170, in index
    logger.error(f"КРИТИЧЕСКАЯ ОШИБКА при загрузке данных главной страницы: {str(e)}",
[2026-01-10 21:01:39] WARNING landing.views - Используется резервный режим с безопасными значениями
[2026-01-10 21:01:58] ERROR landing.views - КРИТИЧЕСКАЯ ОШИБКА при загрузке данных главной страницы: server closed the connection unexpectedly
	This probably means the server terminated abnormally
	before or while processing the request.
server closed the connection unexpectedly
	This probably means the server terminated abnormally
	before or while processing the request.
Traceback (most recent call last):
  File "C:\Users\Евгения\Desktop\Projects_web\TeddysTale_with-BackEnd\venv\Lib\site-packages\django\db\backends\utils.py", line 105, in _execute
    return self.cursor.execute(sql, params)
           ~~~~~~~~~~~~~~~~~~~^^^^^^^^^^^^^
psycopg2.OperationalError: server closed the connection unexpectedly
	This probably means the server terminated abnormally
	before or while processing the request.
server closed the connection unexpectedly
	This probably means the server terminated abnormally
	before or while processing the request.


The above exception was the direct cause of the following exception:

Traceback (most recent call last):
  File "C:\Users\Евгения\Desktop\Projects_web\TeddysTale_with-BackEnd\teddytale\landing\views.py", line 38, in index
    hero_section = PageSection.objects.filter(section_key='hero').first()
  File "C:\Users\Евгения\Desktop\Projects_web\TeddysTale_with-BackEnd\venv\Lib\site-packages\django\db\models\query.py", line 1106, in first
    for obj in queryset[:1]:
               ~~~~~~~~^^^^
  File "C:\Users\Евгения\Desktop\Projects_web\TeddysTale_with-BackEnd\venv\Lib\site-packages\django\db\models\query.py", line 386, in __iter__
    self._fetch_all()
    ~~~~~~~~~~~~~~~^^
  File "C:\Users\Евгения\Desktop\Projects_web\TeddysTale_with-BackEnd\venv\Lib\site-packages\django\db\models\query.py", line 1954, in _fetch_all
    self._result_cache = list(self._iterable_class(self))
                         ~~~~^^^^^^^^^^^^^^^^^^^^^^^^^^^^
  File "C:\Users\Евгения\Desktop\Projects_web\TeddysTale_with-BackEnd\venv\Lib\site-packages\django\db\models\query.py", line 93, in __iter__
    results = compiler.execute_sql(
        chunked_fetch=self.chunked_fetch, chunk_size=self.chunk_size
    )
  File "C:\Users\Евгения\Desktop\Projects_web\TeddysTale_with-BackEnd\venv\Lib\site-packages\django\db\models\sql\compiler.py", line 1623, in execute_sql
    cursor.execute(sql, params)
    ~~~~~~~~~~~~~~^^^^^^^^^^^^^
  File "C:\Users\Евгения\Desktop\Projects_web\TeddysTale_with-BackEnd\venv\Lib\site-packages\django\db\backends\utils.py", line 122, in execute
    return super().execute(sql, params)
           ~~~~~~~~~~~~~~~^^^^^^^^^^^^^
  File "C:\Users\Евгения\Desktop\Projects_web\TeddysTale_with-BackEnd\venv\Lib\site-packages\django\db\backends\utils.py", line 79, in execute
    return self._execute_with_wrappers(
           ~~~~~~~~~~~~~~~~~~~~~~~~~~~^
        sql, params, many=False, executor=self._execute
        ^^^^^^^^^^^^^^^^^^^^^^^^^^^^^^^^^^^^^^^^^^^^^^^
    )
    ^
  File "C:\Users\Евгения\Desktop\Projects_web\TeddysTale_with-BackEnd\venv\Lib\site-packages\django\db\backends\utils.py", line 92, in _execute_with_wrappers
    return executor(sql, params, many, context)
  File "C:\Users\Евгения\Desktop\Projects_web\TeddysTale_with-BackEnd\venv\Lib\site-packages\django\db\backends\utils.py", line 100, in _execute
    with self.db.wrap_database_errors:
         ^^^^^^^^^^^^^^^^^^^^^^^^^^^^
  File "C:\Users\Евгения\Desktop\Projects_web\TeddysTale_with-BackEnd\venv\Lib\site-packages\django\db\utils.py", line 91, in __exit__
    raise dj_exc_value.with_traceback(traceback) from exc_value
  File "C:\Users\Евгения\Desktop\Projects_web\TeddysTale_with-BackEnd\venv\Lib\site-packages\django\db\backends\utils.py", line 105, in _execute
    return self.cursor.execute(sql, params)
           ~~~~~~~~~~~~~~~~~~~^^^^^^^^^^^^^
django.db.utils.OperationalError: server closed the connection unexpectedly
	This probably means the server terminated abnormally
	before or while processing the request.
server closed the connection unexpectedly
	This probably means the server terminated abnormally
	before or while processing the request.
Stack (most recent call last):
  File "C:\Users\Евгения\AppData\Local\Programs\Python\Python313\Lib\threading.py", line 1014, in _bootstrap
    self._bootstrap_inner()
  File "C:\Users\Евгения\AppData\Local\Programs\Python\Python313\Lib\threading.py", line 1043, in _bootstrap_inner
    self.run()
  File "C:\Users\Евгения\AppData\Local\Programs\Python\Python313\Lib\threading.py", line 994, in run
    self._target(*self._args, **self._kwargs)
  File "C:\Users\Евгения\AppData\Local\Programs\Python\Python313\Lib\socketserver.py", line 697, in process_request_thread
    self.finish_request(request, client_address)
  File "C:\Users\Евгения\AppData\Local\Programs\Python\Python313\Lib\socketserver.py", line 362, in finish_request
    self.RequestHandlerClass(request, client_address, self)
  File "C:\Users\Евгения\AppData\Local\Programs\Python\Python313\Lib\socketserver.py", line 766, in __init__
    self.handle()
  File "C:\Users\Евгения\Desktop\Projects_web\TeddysTale_with-BackEnd\venv\Lib\site-packages\django\core\servers\basehttp.py", line 230, in handle
    self.handle_one_request()
  File "C:\Users\Евгения\Desktop\Projects_web\TeddysTale_with-BackEnd\venv\Lib\site-packages\django\core\servers\basehttp.py", line 253, in handle_one_request
    handler.run(self.server.get_app())
  File "C:\Users\Евгения\AppData\Local\Programs\Python\Python313\Lib\wsgiref\handlers.py", line 137, in run
    self.result = application(self.environ, self.start_response)
  File "C:\Users\Евгения\Desktop\Projects_web\TeddysTale_with-BackEnd\venv\Lib\site-packages\django\contrib\staticfiles\handlers.py", line 80, in __call__
    return self.application(environ, start_response)
  File "C:\Users\Евгения\Desktop\Projects_web\TeddysTale_with-BackEnd\venv\Lib\site-packages\django\core\handlers\wsgi.py", line 124, in __call__
    response = self.get_response(request)
  File "C:\Users\Евгения\Desktop\Projects_web\TeddysTale_with-BackEnd\venv\Lib\site-packages\django\core\handlers\base.py", line 140, in get_response
    response = self._middleware_chain(request)
  File "C:\Users\Евгения\Desktop\Projects_web\TeddysTale_with-BackEnd\venv\Lib\site-packages\django\core\handlers\exception.py", line 55, in inner
    response = get_response(request)
  File "C:\Users\Евгения\Desktop\Projects_web\TeddysTale_with-BackEnd\venv\Lib\site-packages\django\utils\deprecation.py", line 120, in __call__
    response = response or self.get_response(request)
  File "C:\Users\Евгения\Desktop\Projects_web\TeddysTale_with-BackEnd\venv\Lib\site-packages\django\core\handlers\exception.py", line 55, in inner
    response = get_response(request)
  File "C:\Users\Евгения\Desktop\Projects_web\TeddysTale_with-BackEnd\venv\Lib\site-packages\whitenoise\middleware.py", line 123, in __call__
    return self.get_response(request)
  File "C:\Users\Евгения\Desktop\Projects_web\TeddysTale_with-BackEnd\venv\Lib\site-packages\django\core\handlers\exception.py", line 55, in inner
    response = get_response(request)
  File "C:\Users\Евгения\Desktop\Projects_web\TeddysTale_with-BackEnd\venv\Lib\site-packages\django\utils\deprecation.py", line 120, in __call__
    response = response or self.get_response(request)
  File "C:\Users\Евгения\Desktop\Projects_web\TeddysTale_with-BackEnd\venv\Lib\site-packages\django\core\handlers\exception.py", line 55, in inner
    response = get_response(request)
  File "C:\Users\Евгения\Desktop\Projects_web\TeddysTale_with-BackEnd\venv\Lib\site-packages\django\utils\deprecation.py", line 120, in __call__
    response = response or self.get_response(request)
  File "C:\Users\Евгения\Desktop\Projects_web\TeddysTale_with-BackEnd\venv\Lib\site-packages\django\core\handlers\exception.py", line 55, in inner
    response = get_response(request)
  File "C:\Users\Евгения\Desktop\Projects_web\TeddysTale_with-BackEnd\venv\Lib\site-packages\django\utils\deprecation.py", line 120, in __call__
    response = response or self.get_response(request)
  File "C:\Users\Евгения\Desktop\Projects_web\TeddysTale_with-BackEnd\venv\Lib\site-packages\django\core\handlers\exception.py", line 55, in inner
    response = get_response(request)
  File "C:\Users\Евгения\Desktop\Projects_web\TeddysTale_with-BackEnd\venv\Lib\site-packages\django\utils\deprecation.py", line 120, in __call__
    response = response or self.get_response(request)
  File "C:\Users\Евгения\Desktop\Projects_web\TeddysTale_with-BackEnd\venv\Lib\site-packages\django\core\handlers\exception.py", line 55, in inner
    response = get_response(request)
  File "C:\Users\Евгения\Desktop\Projects_web\TeddysTale_with-BackEnd\venv\Lib\site-packages\django\utils\deprecation.py", line 120, in __call__
    response = response or self.get_response(request)
  File "C:\Users\Евгения\Desktop\Projects_web\TeddysTale_with-BackEnd\venv\Lib\site-packages\django\core\handlers\exception.py", line 55, in inner
    response = get_response(request)
  File "C:\Users\Евгения\Desktop\Projects_web\TeddysTale_with-BackEnd\venv\Lib\site-packages\django\utils\deprecation.py", line 120, in __call__
    response = response or self.get_response(request)
  File "C:\Users\Евгения\Desktop\Projects_web\TeddysTale_with-BackEnd\venv\Lib\site-packages\django\core\handlers\exception.py", line 55, in inner
    response = get_response(request)
  File "C:\Users\Евгения\Desktop\Projects_web\TeddysTale_with-BackEnd\venv\Lib\site-packages\django\utils\deprecation.py", line 120, in __call__
    response = response or self.get_response(request)
  File "C:\Users\Евгения\Desktop\Projects_web\TeddysTale_with-BackEnd\venv\Lib\site-packages\django\core\handlers\exception.py", line 55, in inner
    response = get_response(request)
  File "C:\Users\Евгения\Desktop\Projects_web\TeddysTale_with-BackEnd\teddytale\TeddyTale\middleware.py", line 25, in __call__
    response = self.get_response(request)
  File "C:\Users\Евгения\Desktop\Projects_web\TeddysTale_with-BackEnd\venv\Lib\site-packages\django\core\handlers\exception.py", line 55, in inner
    response = get_response(request)
  File "C:\Users\Евгения\Desktop\Projects_web\TeddysTale_with-BackEnd\venv\Lib\site-packages\django\core\handlers\base.py", line 197, in _get_response
    response = wrapped_callback(request, *callback_args, **callback_kwargs)
  File "C:\Users\Евгения\Desktop\Projects_web\TeddysTale_with-BackEnd\teddytale\landing\db_utils.py", line 21, in wrapper
    return func(*args, **kwargs)
  File "C:\Users\Евгения\Desktop\Projects_web\TeddysTale_with-BackEnd\teddytale\landing\views.py", line 170, in index
    logger.error(f"КРИТИЧЕСКАЯ ОШИБКА при загрузке данных главной страницы: {str(e)}",
[2026-01-10 21:01:58] WARNING landing.views - Используется резервный режим с безопасными значениями
[2026-01-10 21:03:15] ERROR landing.views - КРИТИЧЕСКАЯ ОШИБКА при загрузке данных главной страницы: server closed the connection unexpectedly
	This probably means the server terminated abnormally
	before or while processing the request.
server closed the connection unexpectedly
	This probably means the server terminated abnormally
	before or while processing the request.
Traceback (most recent call last):
  File "C:\Users\Евгения\Desktop\Projects_web\TeddysTale_with-BackEnd\venv\Lib\site-packages\django\db\backends\utils.py", line 105, in _execute
    return self.cursor.execute(sql, params)
           ~~~~~~~~~~~~~~~~~~~^^^^^^^^^^^^^
psycopg2.OperationalError: server closed the connection unexpectedly
	This probably means the server terminated abnormally
	before or while processing the request.
server closed the connection unexpectedly
	This probably means the server terminated abnormally
	before or while processing the request.


The above exception was the direct cause of the following exception:

Traceback (most recent call last):
  File "C:\Users\Евгения\Desktop\Projects_web\TeddysTale_with-BackEnd\teddytale\landing\views.py", line 38, in index
    hero_section = PageSection.objects.filter(section_key='hero').first()
  File "C:\Users\Евгения\Desktop\Projects_web\TeddysTale_with-BackEnd\venv\Lib\site-packages\django\db\models\query.py", line 1106, in first
    for obj in queryset[:1]:
               ~~~~~~~~^^^^
  File "C:\Users\Евгения\Desktop\Projects_web\TeddysTale_with-BackEnd\venv\Lib\site-packages\django\db\models\query.py", line 386, in __iter__
    self._fetch_all()
    ~~~~~~~~~~~~~~~^^
  File "C:\Users\Евгения\Desktop\Projects_web\TeddysTale_with-BackEnd\venv\Lib\site-packages\django\db\models\query.py", line 1954, in _fetch_all
    self._result_cache = list(self._iterable_class(self))
                         ~~~~^^^^^^^^^^^^^^^^^^^^^^^^^^^^
  File "C:\Users\Евгения\Desktop\Projects_web\TeddysTale_with-BackEnd\venv\Lib\site-packages\django\db\models\query.py", line 93, in __iter__
    results = compiler.execute_sql(
        chunked_fetch=self.chunked_fetch, chunk_size=self.chunk_size
    )
  File "C:\Users\Евгения\Desktop\Projects_web\TeddysTale_with-BackEnd\venv\Lib\site-packages\django\db\models\sql\compiler.py", line 1623, in execute_sql
    cursor.execute(sql, params)
    ~~~~~~~~~~~~~~^^^^^^^^^^^^^
  File "C:\Users\Евгения\Desktop\Projects_web\TeddysTale_with-BackEnd\venv\Lib\site-packages\django\db\backends\utils.py", line 122, in execute
    return super().execute(sql, params)
           ~~~~~~~~~~~~~~~^^^^^^^^^^^^^
  File "C:\Users\Евгения\Desktop\Projects_web\TeddysTale_with-BackEnd\venv\Lib\site-packages\django\db\backends\utils.py", line 79, in execute
    return self._execute_with_wrappers(
           ~~~~~~~~~~~~~~~~~~~~~~~~~~~^
        sql, params, many=False, executor=self._execute
        ^^^^^^^^^^^^^^^^^^^^^^^^^^^^^^^^^^^^^^^^^^^^^^^
    )
    ^
  File "C:\Users\Евгения\Desktop\Projects_web\TeddysTale_with-BackEnd\venv\Lib\site-packages\django\db\backends\utils.py", line 92, in _execute_with_wrappers
    return executor(sql, params, many, context)
  File "C:\Users\Евгения\Desktop\Projects_web\TeddysTale_with-BackEnd\venv\Lib\site-packages\django\db\backends\utils.py", line 100, in _execute
    with self.db.wrap_database_errors:
         ^^^^^^^^^^^^^^^^^^^^^^^^^^^^
  File "C:\Users\Евгения\Desktop\Projects_web\TeddysTale_with-BackEnd\venv\Lib\site-packages\django\db\utils.py", line 91, in __exit__
    raise dj_exc_value.with_traceback(traceback) from exc_value
  File "C:\Users\Евгения\Desktop\Projects_web\TeddysTale_with-BackEnd\venv\Lib\site-packages\django\db\backends\utils.py", line 105, in _execute
    return self.cursor.execute(sql, params)
           ~~~~~~~~~~~~~~~~~~~^^^^^^^^^^^^^
django.db.utils.OperationalError: server closed the connection unexpectedly
	This probably means the server terminated abnormally
	before or while processing the request.
server closed the connection unexpectedly
	This probably means the server terminated abnormally
	before or while processing the request.
Stack (most recent call last):
  File "C:\Users\Евгения\AppData\Local\Programs\Python\Python313\Lib\threading.py", line 1014, in _bootstrap
    self._bootstrap_inner()
  File "C:\Users\Евгения\AppData\Local\Programs\Python\Python313\Lib\threading.py", line 1043, in _bootstrap_inner
    self.run()
  File "C:\Users\Евгения\AppData\Local\Programs\Python\Python313\Lib\threading.py", line 994, in run
    self._target(*self._args, **self._kwargs)
  File "C:\Users\Евгения\AppData\Local\Programs\Python\Python313\Lib\socketserver.py", line 697, in process_request_thread
    self.finish_request(request, client_address)
  File "C:\Users\Евгения\AppData\Local\Programs\Python\Python313\Lib\socketserver.py", line 362, in finish_request
    self.RequestHandlerClass(request, client_address, self)
  File "C:\Users\Евгения\AppData\Local\Programs\Python\Python313\Lib\socketserver.py", line 766, in __init__
    self.handle()
  File "C:\Users\Евгения\Desktop\Projects_web\TeddysTale_with-BackEnd\venv\Lib\site-packages\django\core\servers\basehttp.py", line 228, in handle
    self.handle_one_request()
  File "C:\Users\Евгения\Desktop\Projects_web\TeddysTale_with-BackEnd\venv\Lib\site-packages\django\core\servers\basehttp.py", line 253, in handle_one_request
    handler.run(self.server.get_app())
  File "C:\Users\Евгения\AppData\Local\Programs\Python\Python313\Lib\wsgiref\handlers.py", line 137, in run
    self.result = application(self.environ, self.start_response)
  File "C:\Users\Евгения\Desktop\Projects_web\TeddysTale_with-BackEnd\venv\Lib\site-packages\django\contrib\staticfiles\handlers.py", line 80, in __call__
    return self.application(environ, start_response)
  File "C:\Users\Евгения\Desktop\Projects_web\TeddysTale_with-BackEnd\venv\Lib\site-packages\django\core\handlers\wsgi.py", line 124, in __call__
    response = self.get_response(request)
  File "C:\Users\Евгения\Desktop\Projects_web\TeddysTale_with-BackEnd\venv\Lib\site-packages\django\core\handlers\base.py", line 140, in get_response
    response = self._middleware_chain(request)
  File "C:\Users\Евгения\Desktop\Projects_web\TeddysTale_with-BackEnd\venv\Lib\site-packages\django\core\handlers\exception.py", line 55, in inner
    response = get_response(request)
  File "C:\Users\Евгения\Desktop\Projects_web\TeddysTale_with-BackEnd\venv\Lib\site-packages\django\utils\deprecation.py", line 120, in __call__
    response = response or self.get_response(request)
  File "C:\Users\Евгения\Desktop\Projects_web\TeddysTale_with-BackEnd\venv\Lib\site-packages\django\core\handlers\exception.py", line 55, in inner
    response = get_response(request)
  File "C:\Users\Евгения\Desktop\Projects_web\TeddysTale_with-BackEnd\venv\Lib\site-packages\whitenoise\middleware.py", line 123, in __call__
    return self.get_response(request)
  File "C:\Users\Евгения\Desktop\Projects_web\TeddysTale_with-BackEnd\venv\Lib\site-packages\django\core\handlers\exception.py", line 55, in inner
    response = get_response(request)
  File "C:\Users\Евгения\Desktop\Projects_web\TeddysTale_with-BackEnd\venv\Lib\site-packages\django\utils\deprecation.py", line 120, in __call__
    response = response or self.get_response(request)
  File "C:\Users\Евгения\Desktop\Projects_web\TeddysTale_with-BackEnd\venv\Lib\site-packages\django\core\handlers\exception.py", line 55, in inner
    response = get_response(request)
  File "C:\Users\Евгения\Desktop\Projects_web\TeddysTale_with-BackEnd\venv\Lib\site-packages\django\utils\deprecation.py", line 120, in __call__
    response = response or self.get_response(request)
  File "C:\Users\Евгения\Desktop\Projects_web\TeddysTale_with-BackEnd\venv\Lib\site-packages\django\core\handlers\exception.py", line 55, in inner
    response = get_response(request)
  File "C:\Users\Евгения\Desktop\Projects_web\TeddysTale_with-BackEnd\venv\Lib\site-packages\django\utils\deprecation.py", line 120, in __call__
    response = response or self.get_response(request)
  File "C:\Users\Евгения\Desktop\Projects_web\TeddysTale_with-BackEnd\venv\Lib\site-packages\django\core\handlers\exception.py", line 55, in inner
    response = get_response(request)
  File "C:\Users\Евгения\Desktop\Projects_web\TeddysTale_with-BackEnd\venv\Lib\site-packages\django\utils\deprecation.py", line 120, in __call__
    response = response or self.get_response(request)
  File "C:\Users\Евгения\Desktop\Projects_web\TeddysTale_with-BackEnd\venv\Lib\site-packages\django\core\handlers\exception.py", line 55, in inner
    response = get_response(request)
  File "C:\Users\Евгения\Desktop\Projects_web\TeddysTale_with-BackEnd\venv\Lib\site-packages\django\utils\deprecation.py", line 120, in __call__
    response = response or self.get_response(request)
  File "C:\Users\Евгения\Desktop\Projects_web\TeddysTale_with-BackEnd\venv\Lib\site-packages\django\core\handlers\exception.py", line 55, in inner
    response = get_response(request)
  File "C:\Users\Евгения\Desktop\Projects_web\TeddysTale_with-BackEnd\venv\Lib\site-packages\django\utils\deprecation.py", line 120, in __call__
    response = response or self.get_response(request)
  File "C:\Users\Евгения\Desktop\Projects_web\TeddysTale_with-BackEnd\venv\Lib\site-packages\django\core\handlers\exception.py", line 55, in inner
    response = get_response(request)
  File "C:\Users\Евгения\Desktop\Projects_web\TeddysTale_with-BackEnd\venv\Lib\site-packages\django\utils\deprecation.py", line 120, in __call__
    response = response or self.get_response(request)
  File "C:\Users\Евгения\Desktop\Projects_web\TeddysTale_with-BackEnd\venv\Lib\site-packages\django\core\handlers\exception.py", line 55, in inner
    response = get_response(request)
  File "C:\Users\Евгения\Desktop\Projects_web\TeddysTale_with-BackEnd\teddytale\TeddyTale\middleware.py", line 25, in __call__
    response = self.get_response(request)
  File "C:\Users\Евгения\Desktop\Projects_web\TeddysTale_with-BackEnd\venv\Lib\site-packages\django\core\handlers\exception.py", line 55, in inner
    response = get_response(request)
  File "C:\Users\Евгения\Desktop\Projects_web\TeddysTale_with-BackEnd\venv\Lib\site-packages\django\core\handlers\base.py", line 197, in _get_response
    response = wrapped_callback(request, *callback_args, **callback_kwargs)
  File "C:\Users\Евгения\Desktop\Projects_web\TeddysTale_with-BackEnd\teddytale\landing\db_utils.py", line 21, in wrapper
    return func(*args, **kwargs)
  File "C:\Users\Евгения\Desktop\Projects_web\TeddysTale_with-BackEnd\teddytale\landing\views.py", line 170, in index
    logger.error(f"КРИТИЧЕСКАЯ ОШИБКА при загрузке данных главной страницы: {str(e)}",
[2026-01-10 21:03:15] WARNING landing.views - Используется резервный режим с безопасными значениями
[2026-01-10 21:03:20] ERROR landing.views - КРИТИЧЕСКАЯ ОШИБКА при загрузке данных главной страницы: server closed the connection unexpectedly
	This probably means the server terminated abnormally
	before or while processing the request.
server closed the connection unexpectedly
	This probably means the server terminated abnormally
	before or while processing the request.
Traceback (most recent call last):
  File "C:\Users\Евгения\Desktop\Projects_web\TeddysTale_with-BackEnd\venv\Lib\site-packages\django\db\backends\utils.py", line 105, in _execute
    return self.cursor.execute(sql, params)
           ~~~~~~~~~~~~~~~~~~~^^^^^^^^^^^^^
psycopg2.OperationalError: server closed the connection unexpectedly
	This probably means the server terminated abnormally
	before or while processing the request.
server closed the connection unexpectedly
	This probably means the server terminated abnormally
	before or while processing the request.


The above exception was the direct cause of the following exception:

Traceback (most recent call last):
  File "C:\Users\Евгения\Desktop\Projects_web\TeddysTale_with-BackEnd\teddytale\landing\views.py", line 38, in index
    hero_section = PageSection.objects.filter(section_key='hero').first()
  File "C:\Users\Евгения\Desktop\Projects_web\TeddysTale_with-BackEnd\venv\Lib\site-packages\django\db\models\query.py", line 1106, in first
    for obj in queryset[:1]:
               ~~~~~~~~^^^^
  File "C:\Users\Евгения\Desktop\Projects_web\TeddysTale_with-BackEnd\venv\Lib\site-packages\django\db\models\query.py", line 386, in __iter__
    self._fetch_all()
    ~~~~~~~~~~~~~~~^^
  File "C:\Users\Евгения\Desktop\Projects_web\TeddysTale_with-BackEnd\venv\Lib\site-packages\django\db\models\query.py", line 1954, in _fetch_all
    self._result_cache = list(self._iterable_class(self))
                         ~~~~^^^^^^^^^^^^^^^^^^^^^^^^^^^^
  File "C:\Users\Евгения\Desktop\Projects_web\TeddysTale_with-BackEnd\venv\Lib\site-packages\django\db\models\query.py", line 93, in __iter__
    results = compiler.execute_sql(
        chunked_fetch=self.chunked_fetch, chunk_size=self.chunk_size
    )
  File "C:\Users\Евгения\Desktop\Projects_web\TeddysTale_with-BackEnd\venv\Lib\site-packages\django\db\models\sql\compiler.py", line 1623, in execute_sql
    cursor.execute(sql, params)
    ~~~~~~~~~~~~~~^^^^^^^^^^^^^
  File "C:\Users\Евгения\Desktop\Projects_web\TeddysTale_with-BackEnd\venv\Lib\site-packages\django\db\backends\utils.py", line 122, in execute
    return super().execute(sql, params)
           ~~~~~~~~~~~~~~~^^^^^^^^^^^^^
  File "C:\Users\Евгения\Desktop\Projects_web\TeddysTale_with-BackEnd\venv\Lib\site-packages\django\db\backends\utils.py", line 79, in execute
    return self._execute_with_wrappers(
           ~~~~~~~~~~~~~~~~~~~~~~~~~~~^
        sql, params, many=False, executor=self._execute
        ^^^^^^^^^^^^^^^^^^^^^^^^^^^^^^^^^^^^^^^^^^^^^^^
    )
    ^
  File "C:\Users\Евгения\Desktop\Projects_web\TeddysTale_with-BackEnd\venv\Lib\site-packages\django\db\backends\utils.py", line 92, in _execute_with_wrappers
    return executor(sql, params, many, context)
  File "C:\Users\Евгения\Desktop\Projects_web\TeddysTale_with-BackEnd\venv\Lib\site-packages\django\db\backends\utils.py", line 100, in _execute
    with self.db.wrap_database_errors:
         ^^^^^^^^^^^^^^^^^^^^^^^^^^^^
  File "C:\Users\Евгения\Desktop\Projects_web\TeddysTale_with-BackEnd\venv\Lib\site-packages\django\db\utils.py", line 91, in __exit__
    raise dj_exc_value.with_traceback(traceback) from exc_value
  File "C:\Users\Евгения\Desktop\Projects_web\TeddysTale_with-BackEnd\venv\Lib\site-packages\django\db\backends\utils.py", line 105, in _execute
    return self.cursor.execute(sql, params)
           ~~~~~~~~~~~~~~~~~~~^^^^^^^^^^^^^
django.db.utils.OperationalError: server closed the connection unexpectedly
	This probably means the server terminated abnormally
	before or while processing the request.
server closed the connection unexpectedly
	This probably means the server terminated abnormally
	before or while processing the request.
Stack (most recent call last):
  File "C:\Users\Евгения\AppData\Local\Programs\Python\Python313\Lib\threading.py", line 1014, in _bootstrap
    self._bootstrap_inner()
  File "C:\Users\Евгения\AppData\Local\Programs\Python\Python313\Lib\threading.py", line 1043, in _bootstrap_inner
    self.run()
  File "C:\Users\Евгения\AppData\Local\Programs\Python\Python313\Lib\threading.py", line 994, in run
    self._target(*self._args, **self._kwargs)
  File "C:\Users\Евгения\AppData\Local\Programs\Python\Python313\Lib\socketserver.py", line 697, in process_request_thread
    self.finish_request(request, client_address)
  File "C:\Users\Евгения\AppData\Local\Programs\Python\Python313\Lib\socketserver.py", line 362, in finish_request
    self.RequestHandlerClass(request, client_address, self)
  File "C:\Users\Евгения\AppData\Local\Programs\Python\Python313\Lib\socketserver.py", line 766, in __init__
    self.handle()
  File "C:\Users\Евгения\Desktop\Projects_web\TeddysTale_with-BackEnd\venv\Lib\site-packages\django\core\servers\basehttp.py", line 228, in handle
    self.handle_one_request()
  File "C:\Users\Евгения\Desktop\Projects_web\TeddysTale_with-BackEnd\venv\Lib\site-packages\django\core\servers\basehttp.py", line 253, in handle_one_request
    handler.run(self.server.get_app())
  File "C:\Users\Евгения\AppData\Local\Programs\Python\Python313\Lib\wsgiref\handlers.py", line 137, in run
    self.result = application(self.environ, self.start_response)
  File "C:\Users\Евгения\Desktop\Projects_web\TeddysTale_with-BackEnd\venv\Lib\site-packages\django\contrib\staticfiles\handlers.py", line 80, in __call__
    return self.application(environ, start_response)
  File "C:\Users\Евгения\Desktop\Projects_web\TeddysTale_with-BackEnd\venv\Lib\site-packages\django\core\handlers\wsgi.py", line 124, in __call__
    response = self.get_response(request)
  File "C:\Users\Евгения\Desktop\Projects_web\TeddysTale_with-BackEnd\venv\Lib\site-packages\django\core\handlers\base.py", line 140, in get_response
    response = self._middleware_chain(request)
  File "C:\Users\Евгения\Desktop\Projects_web\TeddysTale_with-BackEnd\venv\Lib\site-packages\django\core\handlers\exception.py", line 55, in inner
    response = get_response(request)
  File "C:\Users\Евгения\Desktop\Projects_web\TeddysTale_with-BackEnd\venv\Lib\site-packages\django\utils\deprecation.py", line 120, in __call__
    response = response or self.get_response(request)
  File "C:\Users\Евгения\Desktop\Projects_web\TeddysTale_with-BackEnd\venv\Lib\site-packages\django\core\handlers\exception.py", line 55, in inner
    response = get_response(request)
  File "C:\Users\Евгения\Desktop\Projects_web\TeddysTale_with-BackEnd\venv\Lib\site-packages\whitenoise\middleware.py", line 123, in __call__
    return self.get_response(request)
  File "C:\Users\Евгения\Desktop\Projects_web\TeddysTale_with-BackEnd\venv\Lib\site-packages\django\core\handlers\exception.py", line 55, in inner
    response = get_response(request)
  File "C:\Users\Евгения\Desktop\Projects_web\TeddysTale_with-BackEnd\venv\Lib\site-packages\django\utils\deprecation.py", line 120, in __call__
    response = response or self.get_response(request)
  File "C:\Users\Евгения\Desktop\Projects_web\TeddysTale_with-BackEnd\venv\Lib\site-packages\django\core\handlers\exception.py", line 55, in inner
    response = get_response(request)
  File "C:\Users\Евгения\Desktop\Projects_web\TeddysTale_with-BackEnd\venv\Lib\site-packages\django\utils\deprecation.py", line 120, in __call__
    response = response or self.get_response(request)
  File "C:\Users\Евгения\Desktop\Projects_web\TeddysTale_with-BackEnd\venv\Lib\site-packages\django\core\handlers\exception.py", line 55, in inner
    response = get_response(request)
  File "C:\Users\Евгения\Desktop\Projects_web\TeddysTale_with-BackEnd\venv\Lib\site-packages\django\utils\deprecation.py", line 120, in __call__
    response = response or self.get_response(request)
  File "C:\Users\Евгения\Desktop\Projects_web\TeddysTale_with-BackEnd\venv\Lib\site-packages\django\core\handlers\exception.py", line 55, in inner
    response = get_response(request)
  File "C:\Users\Евгения\Desktop\Projects_web\TeddysTale_with-BackEnd\venv\Lib\site-packages\django\utils\deprecation.py", line 120, in __call__
    response = response or self.get_response(request)
  File "C:\Users\Евгения\Desktop\Projects_web\TeddysTale_with-BackEnd\venv\Lib\site-packages\django\core\handlers\exception.py", line 55, in inner
    response = get_response(request)
  File "C:\Users\Евгения\Desktop\Projects_web\TeddysTale_with-BackEnd\venv\Lib\site-packages\django\utils\deprecation.py", line 120, in __call__
    response = response or self.get_response(request)
  File "C:\Users\Евгения\Desktop\Projects_web\TeddysTale_with-BackEnd\venv\Lib\site-packages\django\core\handlers\exception.py", line 55, in inner
    response = get_response(request)
  File "C:\Users\Евгения\Desktop\Projects_web\TeddysTale_with-BackEnd\venv\Lib\site-packages\django\utils\deprecation.py", line 120, in __call__
    response = response or self.get_response(request)
  File "C:\Users\Евгения\Desktop\Projects_web\TeddysTale_with-BackEnd\venv\Lib\site-packages\django\core\handlers\exception.py", line 55, in inner
    response = get_response(request)
  File "C:\Users\Евгения\Desktop\Projects_web\TeddysTale_with-BackEnd\venv\Lib\site-packages\django\utils\deprecation.py", line 120, in __call__
    response = response or self.get_response(request)
  File "C:\Users\Евгения\Desktop\Projects_web\TeddysTale_with-BackEnd\venv\Lib\site-packages\django\core\handlers\exception.py", line 55, in inner
    response = get_response(request)
  File "C:\Users\Евгения\Desktop\Projects_web\TeddysTale_with-BackEnd\teddytale\TeddyTale\middleware.py", line 25, in __call__
    response = self.get_response(request)
  File "C:\Users\Евгения\Desktop\Projects_web\TeddysTale_with-BackEnd\venv\Lib\site-packages\django\core\handlers\exception.py", line 55, in inner
    response = get_response(request)
  File "C:\Users\Евгения\Desktop\Projects_web\TeddysTale_with-BackEnd\venv\Lib\site-packages\django\core\handlers\base.py", line 197, in _get_response
    response = wrapped_callback(request, *callback_args, **callback_kwargs)
  File "C:\Users\Евгения\Desktop\Projects_web\TeddysTale_with-BackEnd\teddytale\landing\db_utils.py", line 21, in wrapper
    return func(*args, **kwargs)
  File "C:\Users\Евгения\Desktop\Projects_web\TeddysTale_with-BackEnd\teddytale\landing\views.py", line 170, in index
    logger.error(f"КРИТИЧЕСКАЯ ОШИБКА при загрузке данных главной страницы: {str(e)}",
[2026-01-10 21:03:21] WARNING landing.views - Используется резервный режим с безопасными значениями
[2026-01-10 21:04:13] ERROR landing.views - КРИТИЧЕСКАЯ ОШИБКА при загрузке данных главной страницы: server closed the connection unexpectedly
	This probably means the server terminated abnormally
	before or while processing the request.
server closed the connection unexpectedly
	This probably means the server terminated abnormally
	before or while processing the request.
Traceback (most recent call last):
  File "C:\Users\Евгения\Desktop\Projects_web\TeddysTale_with-BackEnd\venv\Lib\site-packages\django\db\backends\utils.py", line 105, in _execute
    return self.cursor.execute(sql, params)
           ~~~~~~~~~~~~~~~~~~~^^^^^^^^^^^^^
psycopg2.OperationalError: server closed the connection unexpectedly
	This probably means the server terminated abnormally
	before or while processing the request.
server closed the connection unexpectedly
	This probably means the server terminated abnormally
	before or while processing the request.


The above exception was the direct cause of the following exception:

Traceback (most recent call last):
  File "C:\Users\Евгения\Desktop\Projects_web\TeddysTale_with-BackEnd\teddytale\landing\views.py", line 38, in index
    hero_section = PageSection.objects.filter(section_key='hero').first()
  File "C:\Users\Евгения\Desktop\Projects_web\TeddysTale_with-BackEnd\venv\Lib\site-packages\django\db\models\query.py", line 1106, in first
    for obj in queryset[:1]:
               ~~~~~~~~^^^^
  File "C:\Users\Евгения\Desktop\Projects_web\TeddysTale_with-BackEnd\venv\Lib\site-packages\django\db\models\query.py", line 386, in __iter__
    self._fetch_all()
    ~~~~~~~~~~~~~~~^^
  File "C:\Users\Евгения\Desktop\Projects_web\TeddysTale_with-BackEnd\venv\Lib\site-packages\django\db\models\query.py", line 1954, in _fetch_all
    self._result_cache = list(self._iterable_class(self))
                         ~~~~^^^^^^^^^^^^^^^^^^^^^^^^^^^^
  File "C:\Users\Евгения\Desktop\Projects_web\TeddysTale_with-BackEnd\venv\Lib\site-packages\django\db\models\query.py", line 93, in __iter__
    results = compiler.execute_sql(
        chunked_fetch=self.chunked_fetch, chunk_size=self.chunk_size
    )
  File "C:\Users\Евгения\Desktop\Projects_web\TeddysTale_with-BackEnd\venv\Lib\site-packages\django\db\models\sql\compiler.py", line 1623, in execute_sql
    cursor.execute(sql, params)
    ~~~~~~~~~~~~~~^^^^^^^^^^^^^
  File "C:\Users\Евгения\Desktop\Projects_web\TeddysTale_with-BackEnd\venv\Lib\site-packages\django\db\backends\utils.py", line 122, in execute
    return super().execute(sql, params)
           ~~~~~~~~~~~~~~~^^^^^^^^^^^^^
  File "C:\Users\Евгения\Desktop\Projects_web\TeddysTale_with-BackEnd\venv\Lib\site-packages\django\db\backends\utils.py", line 79, in execute
    return self._execute_with_wrappers(
           ~~~~~~~~~~~~~~~~~~~~~~~~~~~^
        sql, params, many=False, executor=self._execute
        ^^^^^^^^^^^^^^^^^^^^^^^^^^^^^^^^^^^^^^^^^^^^^^^
    )
    ^
  File "C:\Users\Евгения\Desktop\Projects_web\TeddysTale_with-BackEnd\venv\Lib\site-packages\django\db\backends\utils.py", line 92, in _execute_with_wrappers
    return executor(sql, params, many, context)
  File "C:\Users\Евгения\Desktop\Projects_web\TeddysTale_with-BackEnd\venv\Lib\site-packages\django\db\backends\utils.py", line 100, in _execute
    with self.db.wrap_database_errors:
         ^^^^^^^^^^^^^^^^^^^^^^^^^^^^
  File "C:\Users\Евгения\Desktop\Projects_web\TeddysTale_with-BackEnd\venv\Lib\site-packages\django\db\utils.py", line 91, in __exit__
    raise dj_exc_value.with_traceback(traceback) from exc_value
  File "C:\Users\Евгения\Desktop\Projects_web\TeddysTale_with-BackEnd\venv\Lib\site-packages\django\db\backends\utils.py", line 105, in _execute
    return self.cursor.execute(sql, params)
           ~~~~~~~~~~~~~~~~~~~^^^^^^^^^^^^^
django.db.utils.OperationalError: server closed the connection unexpectedly
	This probably means the server terminated abnormally
	before or while processing the request.
server closed the connection unexpectedly
	This probably means the server terminated abnormally
	before or while processing the request.
Stack (most recent call last):
  File "C:\Users\Евгения\AppData\Local\Programs\Python\Python313\Lib\threading.py", line 1014, in _bootstrap
    self._bootstrap_inner()
  File "C:\Users\Евгения\AppData\Local\Programs\Python\Python313\Lib\threading.py", line 1043, in _bootstrap_inner
    self.run()
  File "C:\Users\Евгения\AppData\Local\Programs\Python\Python313\Lib\threading.py", line 994, in run
    self._target(*self._args, **self._kwargs)
  File "C:\Users\Евгения\AppData\Local\Programs\Python\Python313\Lib\socketserver.py", line 697, in process_request_thread
    self.finish_request(request, client_address)
  File "C:\Users\Евгения\AppData\Local\Programs\Python\Python313\Lib\socketserver.py", line 362, in finish_request
    self.RequestHandlerClass(request, client_address, self)
  File "C:\Users\Евгения\AppData\Local\Programs\Python\Python313\Lib\socketserver.py", line 766, in __init__
    self.handle()
  File "C:\Users\Евгения\Desktop\Projects_web\TeddysTale_with-BackEnd\venv\Lib\site-packages\django\core\servers\basehttp.py", line 228, in handle
    self.handle_one_request()
  File "C:\Users\Евгения\Desktop\Projects_web\TeddysTale_with-BackEnd\venv\Lib\site-packages\django\core\servers\basehttp.py", line 253, in handle_one_request
    handler.run(self.server.get_app())
  File "C:\Users\Евгения\AppData\Local\Programs\Python\Python313\Lib\wsgiref\handlers.py", line 137, in run
    self.result = application(self.environ, self.start_response)
  File "C:\Users\Евгения\Desktop\Projects_web\TeddysTale_with-BackEnd\venv\Lib\site-packages\django\contrib\staticfiles\handlers.py", line 80, in __call__
    return self.application(environ, start_response)
  File "C:\Users\Евгения\Desktop\Projects_web\TeddysTale_with-BackEnd\venv\Lib\site-packages\django\core\handlers\wsgi.py", line 124, in __call__
    response = self.get_response(request)
  File "C:\Users\Евгения\Desktop\Projects_web\TeddysTale_with-BackEnd\venv\Lib\site-packages\django\core\handlers\base.py", line 140, in get_response
    response = self._middleware_chain(request)
  File "C:\Users\Евгения\Desktop\Projects_web\TeddysTale_with-BackEnd\venv\Lib\site-packages\django\core\handlers\exception.py", line 55, in inner
    response = get_response(request)
  File "C:\Users\Евгения\Desktop\Projects_web\TeddysTale_with-BackEnd\venv\Lib\site-packages\django\utils\deprecation.py", line 120, in __call__
    response = response or self.get_response(request)
  File "C:\Users\Евгения\Desktop\Projects_web\TeddysTale_with-BackEnd\venv\Lib\site-packages\django\core\handlers\exception.py", line 55, in inner
    response = get_response(request)
  File "C:\Users\Евгения\Desktop\Projects_web\TeddysTale_with-BackEnd\venv\Lib\site-packages\whitenoise\middleware.py", line 123, in __call__
    return self.get_response(request)
  File "C:\Users\Евгения\Desktop\Projects_web\TeddysTale_with-BackEnd\venv\Lib\site-packages\django\core\handlers\exception.py", line 55, in inner
    response = get_response(request)
  File "C:\Users\Евгения\Desktop\Projects_web\TeddysTale_with-BackEnd\venv\Lib\site-packages\django\utils\deprecation.py", line 120, in __call__
    response = response or self.get_response(request)
  File "C:\Users\Евгения\Desktop\Projects_web\TeddysTale_with-BackEnd\venv\Lib\site-packages\django\core\handlers\exception.py", line 55, in inner
    response = get_response(request)
  File "C:\Users\Евгения\Desktop\Projects_web\TeddysTale_with-BackEnd\venv\Lib\site-packages\django\utils\deprecation.py", line 120, in __call__
    response = response or self.get_response(request)
  File "C:\Users\Евгения\Desktop\Projects_web\TeddysTale_with-BackEnd\venv\Lib\site-packages\django\core\handlers\exception.py", line 55, in inner
    response = get_response(request)
  File "C:\Users\Евгения\Desktop\Projects_web\TeddysTale_with-BackEnd\venv\Lib\site-packages\django\utils\deprecation.py", line 120, in __call__
    response = response or self.get_response(request)
  File "C:\Users\Евгения\Desktop\Projects_web\TeddysTale_with-BackEnd\venv\Lib\site-packages\django\core\handlers\exception.py", line 55, in inner
    response = get_response(request)
  File "C:\Users\Евгения\Desktop\Projects_web\TeddysTale_with-BackEnd\venv\Lib\site-packages\django\utils\deprecation.py", line 120, in __call__
    response = response or self.get_response(request)
  File "C:\Users\Евгения\Desktop\Projects_web\TeddysTale_with-BackEnd\venv\Lib\site-packages\django\core\handlers\exception.py", line 55, in inner
    response = get_response(request)
  File "C:\Users\Евгения\Desktop\Projects_web\TeddysTale_with-BackEnd\venv\Lib\site-packages\django\utils\deprecation.py", line 120, in __call__
    response = response or self.get_response(request)
  File "C:\Users\Евгения\Desktop\Projects_web\TeddysTale_with-BackEnd\venv\Lib\site-packages\django\core\handlers\exception.py", line 55, in inner
    response = get_response(request)
  File "C:\Users\Евгения\Desktop\Projects_web\TeddysTale_with-BackEnd\venv\Lib\site-packages\django\utils\deprecation.py", line 120, in __call__
    response = response or self.get_response(request)
  File "C:\Users\Евгения\Desktop\Projects_web\TeddysTale_with-BackEnd\venv\Lib\site-packages\django\core\handlers\exception.py", line 55, in inner
    response = get_response(request)
  File "C:\Users\Евгения\Desktop\Projects_web\TeddysTale_with-BackEnd\venv\Lib\site-packages\django\utils\deprecation.py", line 120, in __call__
    response = response or self.get_response(request)
  File "C:\Users\Евгения\Desktop\Projects_web\TeddysTale_with-BackEnd\venv\Lib\site-packages\django\core\handlers\exception.py", line 55, in inner
    response = get_response(request)
  File "C:\Users\Евгения\Desktop\Projects_web\TeddysTale_with-BackEnd\teddytale\TeddyTale\middleware.py", line 25, in __call__
    response = self.get_response(request)
  File "C:\Users\Евгения\Desktop\Projects_web\TeddysTale_with-BackEnd\venv\Lib\site-packages\django\core\handlers\exception.py", line 55, in inner
    response = get_response(request)
  File "C:\Users\Евгения\Desktop\Projects_web\TeddysTale_with-BackEnd\venv\Lib\site-packages\django\core\handlers\base.py", line 197, in _get_response
    response = wrapped_callback(request, *callback_args, **callback_kwargs)
  File "C:\Users\Евгения\Desktop\Projects_web\TeddysTale_with-BackEnd\teddytale\landing\db_utils.py", line 21, in wrapper
    return func(*args, **kwargs)
  File "C:\Users\Евгения\Desktop\Projects_web\TeddysTale_with-BackEnd\teddytale\landing\views.py", line 170, in index
    logger.error(f"КРИТИЧЕСКАЯ ОШИБКА при загрузке данных главной страницы: {str(e)}",
[2026-01-10 21:04:13] WARNING landing.views - Используется резервный режим с безопасными значениями
[2026-01-10 21:04:21] ERROR landing.views - КРИТИЧЕСКАЯ ОШИБКА при загрузке данных главной страницы: server closed the connection unexpectedly
	This probably means the server terminated abnormally
	before or while processing the request.
server closed the connection unexpectedly
	This probably means the server terminated abnormally
	before or while processing the request.
Traceback (most recent call last):
  File "C:\Users\Евгения\Desktop\Projects_web\TeddysTale_with-BackEnd\venv\Lib\site-packages\django\db\backends\utils.py", line 105, in _execute
    return self.cursor.execute(sql, params)
           ~~~~~~~~~~~~~~~~~~~^^^^^^^^^^^^^
psycopg2.OperationalError: server closed the connection unexpectedly
	This probably means the server terminated abnormally
	before or while processing the request.
server closed the connection unexpectedly
	This probably means the server terminated abnormally
	before or while processing the request.


The above exception was the direct cause of the following exception:

Traceback (most recent call last):
  File "C:\Users\Евгения\Desktop\Projects_web\TeddysTale_with-BackEnd\teddytale\landing\views.py", line 53, in index
    shop_items = list(ShopItem.objects.filter(is_active=True).order_by('slot_number'))
  File "C:\Users\Евгения\Desktop\Projects_web\TeddysTale_with-BackEnd\venv\Lib\site-packages\django\db\models\query.py", line 386, in __iter__
    self._fetch_all()
    ~~~~~~~~~~~~~~~^^
  File "C:\Users\Евгения\Desktop\Projects_web\TeddysTale_with-BackEnd\venv\Lib\site-packages\django\db\models\query.py", line 1954, in _fetch_all
    self._result_cache = list(self._iterable_class(self))
                         ~~~~^^^^^^^^^^^^^^^^^^^^^^^^^^^^
  File "C:\Users\Евгения\Desktop\Projects_web\TeddysTale_with-BackEnd\venv\Lib\site-packages\django\db\models\query.py", line 93, in __iter__
    results = compiler.execute_sql(
        chunked_fetch=self.chunked_fetch, chunk_size=self.chunk_size
    )
  File "C:\Users\Евгения\Desktop\Projects_web\TeddysTale_with-BackEnd\venv\Lib\site-packages\django\db\models\sql\compiler.py", line 1623, in execute_sql
    cursor.execute(sql, params)
    ~~~~~~~~~~~~~~^^^^^^^^^^^^^
  File "C:\Users\Евгения\Desktop\Projects_web\TeddysTale_with-BackEnd\venv\Lib\site-packages\django\db\backends\utils.py", line 122, in execute
    return super().execute(sql, params)
           ~~~~~~~~~~~~~~~^^^^^^^^^^^^^
  File "C:\Users\Евгения\Desktop\Projects_web\TeddysTale_with-BackEnd\venv\Lib\site-packages\django\db\backends\utils.py", line 79, in execute
    return self._execute_with_wrappers(
           ~~~~~~~~~~~~~~~~~~~~~~~~~~~^
        sql, params, many=False, executor=self._execute
        ^^^^^^^^^^^^^^^^^^^^^^^^^^^^^^^^^^^^^^^^^^^^^^^
    )
    ^
  File "C:\Users\Евгения\Desktop\Projects_web\TeddysTale_with-BackEnd\venv\Lib\site-packages\django\db\backends\utils.py", line 92, in _execute_with_wrappers
    return executor(sql, params, many, context)
  File "C:\Users\Евгения\Desktop\Projects_web\TeddysTale_with-BackEnd\venv\Lib\site-packages\django\db\backends\utils.py", line 100, in _execute
    with self.db.wrap_database_errors:
         ^^^^^^^^^^^^^^^^^^^^^^^^^^^^
  File "C:\Users\Евгения\Desktop\Projects_web\TeddysTale_with-BackEnd\venv\Lib\site-packages\django\db\utils.py", line 91, in __exit__
    raise dj_exc_value.with_traceback(traceback) from exc_value
  File "C:\Users\Евгения\Desktop\Projects_web\TeddysTale_with-BackEnd\venv\Lib\site-packages\django\db\backends\utils.py", line 105, in _execute
    return self.cursor.execute(sql, params)
           ~~~~~~~~~~~~~~~~~~~^^^^^^^^^^^^^
django.db.utils.OperationalError: server closed the connection unexpectedly
	This probably means the server terminated abnormally
	before or while processing the request.
server closed the connection unexpectedly
	This probably means the server terminated abnormally
	before or while processing the request.
Stack (most recent call last):
  File "C:\Users\Евгения\AppData\Local\Programs\Python\Python313\Lib\threading.py", line 1014, in _bootstrap
    self._bootstrap_inner()
  File "C:\Users\Евгения\AppData\Local\Programs\Python\Python313\Lib\threading.py", line 1043, in _bootstrap_inner
    self.run()
  File "C:\Users\Евгения\AppData\Local\Programs\Python\Python313\Lib\threading.py", line 994, in run
    self._target(*self._args, **self._kwargs)
  File "C:\Users\Евгения\AppData\Local\Programs\Python\Python313\Lib\socketserver.py", line 697, in process_request_thread
    self.finish_request(request, client_address)
  File "C:\Users\Евгения\AppData\Local\Programs\Python\Python313\Lib\socketserver.py", line 362, in finish_request
    self.RequestHandlerClass(request, client_address, self)
  File "C:\Users\Евгения\AppData\Local\Programs\Python\Python313\Lib\socketserver.py", line 766, in __init__
    self.handle()
  File "C:\Users\Евгения\Desktop\Projects_web\TeddysTale_with-BackEnd\venv\Lib\site-packages\django\core\servers\basehttp.py", line 228, in handle
    self.handle_one_request()
  File "C:\Users\Евгения\Desktop\Projects_web\TeddysTale_with-BackEnd\venv\Lib\site-packages\django\core\servers\basehttp.py", line 253, in handle_one_request
    handler.run(self.server.get_app())
  File "C:\Users\Евгения\AppData\Local\Programs\Python\Python313\Lib\wsgiref\handlers.py", line 137, in run
    self.result = application(self.environ, self.start_response)
  File "C:\Users\Евгения\Desktop\Projects_web\TeddysTale_with-BackEnd\venv\Lib\site-packages\django\contrib\staticfiles\handlers.py", line 80, in __call__
    return self.application(environ, start_response)
  File "C:\Users\Евгения\Desktop\Projects_web\TeddysTale_with-BackEnd\venv\Lib\site-packages\django\core\handlers\wsgi.py", line 124, in __call__
    response = self.get_response(request)
  File "C:\Users\Евгения\Desktop\Projects_web\TeddysTale_with-BackEnd\venv\Lib\site-packages\django\core\handlers\base.py", line 140, in get_response
    response = self._middleware_chain(request)
  File "C:\Users\Евгения\Desktop\Projects_web\TeddysTale_with-BackEnd\venv\Lib\site-packages\django\core\handlers\exception.py", line 55, in inner
    response = get_response(request)
  File "C:\Users\Евгения\Desktop\Projects_web\TeddysTale_with-BackEnd\venv\Lib\site-packages\django\utils\deprecation.py", line 120, in __call__
    response = response or self.get_response(request)
  File "C:\Users\Евгения\Desktop\Projects_web\TeddysTale_with-BackEnd\venv\Lib\site-packages\django\core\handlers\exception.py", line 55, in inner
    response = get_response(request)
  File "C:\Users\Евгения\Desktop\Projects_web\TeddysTale_with-BackEnd\venv\Lib\site-packages\whitenoise\middleware.py", line 123, in __call__
    return self.get_response(request)
  File "C:\Users\Евгения\Desktop\Projects_web\TeddysTale_with-BackEnd\venv\Lib\site-packages\django\core\handlers\exception.py", line 55, in inner
    response = get_response(request)
  File "C:\Users\Евгения\Desktop\Projects_web\TeddysTale_with-BackEnd\venv\Lib\site-packages\django\utils\deprecation.py", line 120, in __call__
    response = response or self.get_response(request)
  File "C:\Users\Евгения\Desktop\Projects_web\TeddysTale_with-BackEnd\venv\Lib\site-packages\django\core\handlers\exception.py", line 55, in inner
    response = get_response(request)
  File "C:\Users\Евгения\Desktop\Projects_web\TeddysTale_with-BackEnd\venv\Lib\site-packages\django\utils\deprecation.py", line 120, in __call__
    response = response or self.get_response(request)
  File "C:\Users\Евгения\Desktop\Projects_web\TeddysTale_with-BackEnd\venv\Lib\site-packages\django\core\handlers\exception.py", line 55, in inner
    response = get_response(request)
  File "C:\Users\Евгения\Desktop\Projects_web\TeddysTale_with-BackEnd\venv\Lib\site-packages\django\utils\deprecation.py", line 120, in __call__
    response = response or self.get_response(request)
  File "C:\Users\Евгения\Desktop\Projects_web\TeddysTale_with-BackEnd\venv\Lib\site-packages\django\core\handlers\exception.py", line 55, in inner
    response = get_response(request)
  File "C:\Users\Евгения\Desktop\Projects_web\TeddysTale_with-BackEnd\venv\Lib\site-packages\django\utils\deprecation.py", line 120, in __call__
    response = response or self.get_response(request)
  File "C:\Users\Евгения\Desktop\Projects_web\TeddysTale_with-BackEnd\venv\Lib\site-packages\django\core\handlers\exception.py", line 55, in inner
    response = get_response(request)
  File "C:\Users\Евгения\Desktop\Projects_web\TeddysTale_with-BackEnd\venv\Lib\site-packages\django\utils\deprecation.py", line 120, in __call__
    response = response or self.get_response(request)
  File "C:\Users\Евгения\Desktop\Projects_web\TeddysTale_with-BackEnd\venv\Lib\site-packages\django\core\handlers\exception.py", line 55, in inner
    response = get_response(request)
  File "C:\Users\Евгения\Desktop\Projects_web\TeddysTale_with-BackEnd\venv\Lib\site-packages\django\utils\deprecation.py", line 120, in __call__
    response = response or self.get_response(request)
  File "C:\Users\Евгения\Desktop\Projects_web\TeddysTale_with-BackEnd\venv\Lib\site-packages\django\core\handlers\exception.py", line 55, in inner
    response = get_response(request)
  File "C:\Users\Евгения\Desktop\Projects_web\TeddysTale_with-BackEnd\venv\Lib\site-packages\django\utils\deprecation.py", line 120, in __call__
    response = response or self.get_response(request)
  File "C:\Users\Евгения\Desktop\Projects_web\TeddysTale_with-BackEnd\venv\Lib\site-packages\django\core\handlers\exception.py", line 55, in inner
    response = get_response(request)
  File "C:\Users\Евгения\Desktop\Projects_web\TeddysTale_with-BackEnd\teddytale\TeddyTale\middleware.py", line 25, in __call__
    response = self.get_response(request)
  File "C:\Users\Евгения\Desktop\Projects_web\TeddysTale_with-BackEnd\venv\Lib\site-packages\django\core\handlers\exception.py", line 55, in inner
    response = get_response(request)
  File "C:\Users\Евгения\Desktop\Projects_web\TeddysTale_with-BackEnd\venv\Lib\site-packages\django\core\handlers\base.py", line 197, in _get_response
    response = wrapped_callback(request, *callback_args, **callback_kwargs)
  File "C:\Users\Евгения\Desktop\Projects_web\TeddysTale_with-BackEnd\teddytale\landing\db_utils.py", line 21, in wrapper
    return func(*args, **kwargs)
  File "C:\Users\Евгения\Desktop\Projects_web\TeddysTale_with-BackEnd\teddytale\landing\views.py", line 170, in index
    logger.error(f"КРИТИЧЕСКАЯ ОШИБКА при загрузке данных главной страницы: {str(e)}",
[2026-01-10 21:04:21] WARNING landing.views - Используется резервный режим с безопасными значениями
[2026-01-10 21:04:30] ERROR landing.views - КРИТИЧЕСКАЯ ОШИБКА при загрузке данных главной страницы: server closed the connection unexpectedly
	This probably means the server terminated abnormally
	before or while processing the request.
server closed the connection unexpectedly
	This probably means the server terminated abnormally
	before or while processing the request.
Traceback (most recent call last):
  File "C:\Users\Евгения\Desktop\Projects_web\TeddysTale_with-BackEnd\venv\Lib\site-packages\django\db\backends\utils.py", line 105, in _execute
    return self.cursor.execute(sql, params)
           ~~~~~~~~~~~~~~~~~~~^^^^^^^^^^^^^
psycopg2.OperationalError: server closed the connection unexpectedly
	This probably means the server terminated abnormally
	before or while processing the request.
server closed the connection unexpectedly
	This probably means the server terminated abnormally
	before or while processing the request.


The above exception was the direct cause of the following exception:

Traceback (most recent call last):
  File "C:\Users\Евгения\Desktop\Projects_web\TeddysTale_with-BackEnd\teddytale\landing\views.py", line 53, in index
    shop_items = list(ShopItem.objects.filter(is_active=True).order_by('slot_number'))
  File "C:\Users\Евгения\Desktop\Projects_web\TeddysTale_with-BackEnd\venv\Lib\site-packages\django\db\models\query.py", line 386, in __iter__
    self._fetch_all()
    ~~~~~~~~~~~~~~~^^
  File "C:\Users\Евгения\Desktop\Projects_web\TeddysTale_with-BackEnd\venv\Lib\site-packages\django\db\models\query.py", line 1954, in _fetch_all
    self._result_cache = list(self._iterable_class(self))
                         ~~~~^^^^^^^^^^^^^^^^^^^^^^^^^^^^
  File "C:\Users\Евгения\Desktop\Projects_web\TeddysTale_with-BackEnd\venv\Lib\site-packages\django\db\models\query.py", line 93, in __iter__
    results = compiler.execute_sql(
        chunked_fetch=self.chunked_fetch, chunk_size=self.chunk_size
    )
  File "C:\Users\Евгения\Desktop\Projects_web\TeddysTale_with-BackEnd\venv\Lib\site-packages\django\db\models\sql\compiler.py", line 1623, in execute_sql
    cursor.execute(sql, params)
    ~~~~~~~~~~~~~~^^^^^^^^^^^^^
  File "C:\Users\Евгения\Desktop\Projects_web\TeddysTale_with-BackEnd\venv\Lib\site-packages\django\db\backends\utils.py", line 122, in execute
    return super().execute(sql, params)
           ~~~~~~~~~~~~~~~^^^^^^^^^^^^^
  File "C:\Users\Евгения\Desktop\Projects_web\TeddysTale_with-BackEnd\venv\Lib\site-packages\django\db\backends\utils.py", line 79, in execute
    return self._execute_with_wrappers(
           ~~~~~~~~~~~~~~~~~~~~~~~~~~~^
        sql, params, many=False, executor=self._execute
        ^^^^^^^^^^^^^^^^^^^^^^^^^^^^^^^^^^^^^^^^^^^^^^^
    )
    ^
  File "C:\Users\Евгения\Desktop\Projects_web\TeddysTale_with-BackEnd\venv\Lib\site-packages\django\db\backends\utils.py", line 92, in _execute_with_wrappers
    return executor(sql, params, many, context)
  File "C:\Users\Евгения\Desktop\Projects_web\TeddysTale_with-BackEnd\venv\Lib\site-packages\django\db\backends\utils.py", line 100, in _execute
    with self.db.wrap_database_errors:
         ^^^^^^^^^^^^^^^^^^^^^^^^^^^^
  File "C:\Users\Евгения\Desktop\Projects_web\TeddysTale_with-BackEnd\venv\Lib\site-packages\django\db\utils.py", line 91, in __exit__
    raise dj_exc_value.with_traceback(traceback) from exc_value
  File "C:\Users\Евгения\Desktop\Projects_web\TeddysTale_with-BackEnd\venv\Lib\site-packages\django\db\backends\utils.py", line 105, in _execute
    return self.cursor.execute(sql, params)
           ~~~~~~~~~~~~~~~~~~~^^^^^^^^^^^^^
django.db.utils.OperationalError: server closed the connection unexpectedly
	This probably means the server terminated abnormally
	before or while processing the request.
server closed the connection unexpectedly
	This probably means the server terminated abnormally
	before or while processing the request.
Stack (most recent call last):
  File "C:\Users\Евгения\AppData\Local\Programs\Python\Python313\Lib\threading.py", line 1014, in _bootstrap
    self._bootstrap_inner()
  File "C:\Users\Евгения\AppData\Local\Programs\Python\Python313\Lib\threading.py", line 1043, in _bootstrap_inner
    self.run()
  File "C:\Users\Евгения\AppData\Local\Programs\Python\Python313\Lib\threading.py", line 994, in run
    self._target(*self._args, **self._kwargs)
  File "C:\Users\Евгения\AppData\Local\Programs\Python\Python313\Lib\socketserver.py", line 697, in process_request_thread
    self.finish_request(request, client_address)
  File "C:\Users\Евгения\AppData\Local\Programs\Python\Python313\Lib\socketserver.py", line 362, in finish_request
    self.RequestHandlerClass(request, client_address, self)
  File "C:\Users\Евгения\AppData\Local\Programs\Python\Python313\Lib\socketserver.py", line 766, in __init__
    self.handle()
  File "C:\Users\Евгения\Desktop\Projects_web\TeddysTale_with-BackEnd\venv\Lib\site-packages\django\core\servers\basehttp.py", line 228, in handle
    self.handle_one_request()
  File "C:\Users\Евгения\Desktop\Projects_web\TeddysTale_with-BackEnd\venv\Lib\site-packages\django\core\servers\basehttp.py", line 253, in handle_one_request
    handler.run(self.server.get_app())
  File "C:\Users\Евгения\AppData\Local\Programs\Python\Python313\Lib\wsgiref\handlers.py", line 137, in run
    self.result = application(self.environ, self.start_response)
  File "C:\Users\Евгения\Desktop\Projects_web\TeddysTale_with-BackEnd\venv\Lib\site-packages\django\contrib\staticfiles\handlers.py", line 80, in __call__
    return self.application(environ, start_response)
  File "C:\Users\Евгения\Desktop\Projects_web\TeddysTale_with-BackEnd\venv\Lib\site-packages\django\core\handlers\wsgi.py", line 124, in __call__
    response = self.get_response(request)
  File "C:\Users\Евгения\Desktop\Projects_web\TeddysTale_with-BackEnd\venv\Lib\site-packages\django\core\handlers\base.py", line 140, in get_response
    response = self._middleware_chain(request)
  File "C:\Users\Евгения\Desktop\Projects_web\TeddysTale_with-BackEnd\venv\Lib\site-packages\django\core\handlers\exception.py", line 55, in inner
    response = get_response(request)
  File "C:\Users\Евгения\Desktop\Projects_web\TeddysTale_with-BackEnd\venv\Lib\site-packages\django\utils\deprecation.py", line 120, in __call__
    response = response or self.get_response(request)
  File "C:\Users\Евгения\Desktop\Projects_web\TeddysTale_with-BackEnd\venv\Lib\site-packages\django\core\handlers\exception.py", line 55, in inner
    response = get_response(request)
  File "C:\Users\Евгения\Desktop\Projects_web\TeddysTale_with-BackEnd\venv\Lib\site-packages\whitenoise\middleware.py", line 123, in __call__
    return self.get_response(request)
  File "C:\Users\Евгения\Desktop\Projects_web\TeddysTale_with-BackEnd\venv\Lib\site-packages\django\core\handlers\exception.py", line 55, in inner
    response = get_response(request)
  File "C:\Users\Евгения\Desktop\Projects_web\TeddysTale_with-BackEnd\venv\Lib\site-packages\django\utils\deprecation.py", line 120, in __call__
    response = response or self.get_response(request)
  File "C:\Users\Евгения\Desktop\Projects_web\TeddysTale_with-BackEnd\venv\Lib\site-packages\django\core\handlers\exception.py", line 55, in inner
    response = get_response(request)
  File "C:\Users\Евгения\Desktop\Projects_web\TeddysTale_with-BackEnd\venv\Lib\site-packages\django\utils\deprecation.py", line 120, in __call__
    response = response or self.get_response(request)
  File "C:\Users\Евгения\Desktop\Projects_web\TeddysTale_with-BackEnd\venv\Lib\site-packages\django\core\handlers\exception.py", line 55, in inner
    response = get_response(request)
  File "C:\Users\Евгения\Desktop\Projects_web\TeddysTale_with-BackEnd\venv\Lib\site-packages\django\utils\deprecation.py", line 120, in __call__
    response = response or self.get_response(request)
  File "C:\Users\Евгения\Desktop\Projects_web\TeddysTale_with-BackEnd\venv\Lib\site-packages\django\core\handlers\exception.py", line 55, in inner
    response = get_response(request)
  File "C:\Users\Евгения\Desktop\Projects_web\TeddysTale_with-BackEnd\venv\Lib\site-packages\django\utils\deprecation.py", line 120, in __call__
    response = response or self.get_response(request)
  File "C:\Users\Евгения\Desktop\Projects_web\TeddysTale_with-BackEnd\venv\Lib\site-packages\django\core\handlers\exception.py", line 55, in inner
    response = get_response(request)
  File "C:\Users\Евгения\Desktop\Projects_web\TeddysTale_with-BackEnd\venv\Lib\site-packages\django\utils\deprecation.py", line 120, in __call__
    response = response or self.get_response(request)
  File "C:\Users\Евгения\Desktop\Projects_web\TeddysTale_with-BackEnd\venv\Lib\site-packages\django\core\handlers\exception.py", line 55, in inner
    response = get_response(request)
  File "C:\Users\Евгения\Desktop\Projects_web\TeddysTale_with-BackEnd\venv\Lib\site-packages\django\utils\deprecation.py", line 120, in __call__
    response = response or self.get_response(request)
  File "C:\Users\Евгения\Desktop\Projects_web\TeddysTale_with-BackEnd\venv\Lib\site-packages\django\core\handlers\exception.py", line 55, in inner
    response = get_response(request)
  File "C:\Users\Евгения\Desktop\Projects_web\TeddysTale_with-BackEnd\venv\Lib\site-packages\django\utils\deprecation.py", line 120, in __call__
    response = response or self.get_response(request)
  File "C:\Users\Евгения\Desktop\Projects_web\TeddysTale_with-BackEnd\venv\Lib\site-packages\django\core\handlers\exception.py", line 55, in inner
    response = get_response(request)
  File "C:\Users\Евгения\Desktop\Projects_web\TeddysTale_with-BackEnd\teddytale\TeddyTale\middleware.py", line 25, in __call__
    response = self.get_response(request)
  File "C:\Users\Евгения\Desktop\Projects_web\TeddysTale_with-BackEnd\venv\Lib\site-packages\django\core\handlers\exception.py", line 55, in inner
    response = get_response(request)
  File "C:\Users\Евгения\Desktop\Projects_web\TeddysTale_with-BackEnd\venv\Lib\site-packages\django\core\handlers\base.py", line 197, in _get_response
    response = wrapped_callback(request, *callback_args, **callback_kwargs)
  File "C:\Users\Евгения\Desktop\Projects_web\TeddysTale_with-BackEnd\teddytale\landing\db_utils.py", line 21, in wrapper
    return func(*args, **kwargs)
  File "C:\Users\Евгения\Desktop\Projects_web\TeddysTale_with-BackEnd\teddytale\landing\views.py", line 170, in index
    logger.error(f"КРИТИЧЕСКАЯ ОШИБКА при загрузке данных главной страницы: {str(e)}",
[2026-01-10 21:04:30] WARNING landing.views - Используется резервный режим с безопасными значениями
[2026-01-10 21:05:05] ERROR landing.views - КРИТИЧЕСКАЯ ОШИБКА при загрузке данных главной страницы: server closed the connection unexpectedly
	This probably means the server terminated abnormally
	before or while processing the request.
server closed the connection unexpectedly
	This probably means the server terminated abnormally
	before or while processing the request.
Traceback (most recent call last):
  File "C:\Users\Евгения\Desktop\Projects_web\TeddysTale_with-BackEnd\venv\Lib\site-packages\django\db\backends\utils.py", line 105, in _execute
    return self.cursor.execute(sql, params)
           ~~~~~~~~~~~~~~~~~~~^^^^^^^^^^^^^
psycopg2.OperationalError: server closed the connection unexpectedly
	This probably means the server terminated abnormally
	before or while processing the request.
server closed the connection unexpectedly
	This probably means the server terminated abnormally
	before or while processing the request.


The above exception was the direct cause of the following exception:

Traceback (most recent call last):
  File "C:\Users\Евгения\Desktop\Projects_web\TeddysTale_with-BackEnd\teddytale\landing\views.py", line 53, in index
    shop_items = list(ShopItem.objects.filter(is_active=True).order_by('slot_number'))
  File "C:\Users\Евгения\Desktop\Projects_web\TeddysTale_with-BackEnd\venv\Lib\site-packages\django\db\models\query.py", line 386, in __iter__
    self._fetch_all()
    ~~~~~~~~~~~~~~~^^
  File "C:\Users\Евгения\Desktop\Projects_web\TeddysTale_with-BackEnd\venv\Lib\site-packages\django\db\models\query.py", line 1954, in _fetch_all
    self._result_cache = list(self._iterable_class(self))
                         ~~~~^^^^^^^^^^^^^^^^^^^^^^^^^^^^
  File "C:\Users\Евгения\Desktop\Projects_web\TeddysTale_with-BackEnd\venv\Lib\site-packages\django\db\models\query.py", line 93, in __iter__
    results = compiler.execute_sql(
        chunked_fetch=self.chunked_fetch, chunk_size=self.chunk_size
    )
  File "C:\Users\Евгения\Desktop\Projects_web\TeddysTale_with-BackEnd\venv\Lib\site-packages\django\db\models\sql\compiler.py", line 1623, in execute_sql
    cursor.execute(sql, params)
    ~~~~~~~~~~~~~~^^^^^^^^^^^^^
  File "C:\Users\Евгения\Desktop\Projects_web\TeddysTale_with-BackEnd\venv\Lib\site-packages\django\db\backends\utils.py", line 122, in execute
    return super().execute(sql, params)
           ~~~~~~~~~~~~~~~^^^^^^^^^^^^^
  File "C:\Users\Евгения\Desktop\Projects_web\TeddysTale_with-BackEnd\venv\Lib\site-packages\django\db\backends\utils.py", line 79, in execute
    return self._execute_with_wrappers(
           ~~~~~~~~~~~~~~~~~~~~~~~~~~~^
        sql, params, many=False, executor=self._execute
        ^^^^^^^^^^^^^^^^^^^^^^^^^^^^^^^^^^^^^^^^^^^^^^^
    )
    ^
  File "C:\Users\Евгения\Desktop\Projects_web\TeddysTale_with-BackEnd\venv\Lib\site-packages\django\db\backends\utils.py", line 92, in _execute_with_wrappers
    return executor(sql, params, many, context)
  File "C:\Users\Евгения\Desktop\Projects_web\TeddysTale_with-BackEnd\venv\Lib\site-packages\django\db\backends\utils.py", line 100, in _execute
    with self.db.wrap_database_errors:
         ^^^^^^^^^^^^^^^^^^^^^^^^^^^^
  File "C:\Users\Евгения\Desktop\Projects_web\TeddysTale_with-BackEnd\venv\Lib\site-packages\django\db\utils.py", line 91, in __exit__
    raise dj_exc_value.with_traceback(traceback) from exc_value
  File "C:\Users\Евгения\Desktop\Projects_web\TeddysTale_with-BackEnd\venv\Lib\site-packages\django\db\backends\utils.py", line 105, in _execute
    return self.cursor.execute(sql, params)
           ~~~~~~~~~~~~~~~~~~~^^^^^^^^^^^^^
django.db.utils.OperationalError: server closed the connection unexpectedly
	This probably means the server terminated abnormally
	before or while processing the request.
server closed the connection unexpectedly
	This probably means the server terminated abnormally
	before or while processing the request.
Stack (most recent call last):
  File "C:\Users\Евгения\AppData\Local\Programs\Python\Python313\Lib\threading.py", line 1014, in _bootstrap
    self._bootstrap_inner()
  File "C:\Users\Евгения\AppData\Local\Programs\Python\Python313\Lib\threading.py", line 1043, in _bootstrap_inner
    self.run()
  File "C:\Users\Евгения\AppData\Local\Programs\Python\Python313\Lib\threading.py", line 994, in run
    self._target(*self._args, **self._kwargs)
  File "C:\Users\Евгения\AppData\Local\Programs\Python\Python313\Lib\socketserver.py", line 697, in process_request_thread
    self.finish_request(request, client_address)
  File "C:\Users\Евгения\AppData\Local\Programs\Python\Python313\Lib\socketserver.py", line 362, in finish_request
    self.RequestHandlerClass(request, client_address, self)
  File "C:\Users\Евгения\AppData\Local\Programs\Python\Python313\Lib\socketserver.py", line 766, in __init__
    self.handle()
  File "C:\Users\Евгения\Desktop\Projects_web\TeddysTale_with-BackEnd\venv\Lib\site-packages\django\core\servers\basehttp.py", line 228, in handle
    self.handle_one_request()
  File "C:\Users\Евгения\Desktop\Projects_web\TeddysTale_with-BackEnd\venv\Lib\site-packages\django\core\servers\basehttp.py", line 253, in handle_one_request
    handler.run(self.server.get_app())
  File "C:\Users\Евгения\AppData\Local\Programs\Python\Python313\Lib\wsgiref\handlers.py", line 137, in run
    self.result = application(self.environ, self.start_response)
  File "C:\Users\Евгения\Desktop\Projects_web\TeddysTale_with-BackEnd\venv\Lib\site-packages\django\contrib\staticfiles\handlers.py", line 80, in __call__
    return self.application(environ, start_response)
  File "C:\Users\Евгения\Desktop\Projects_web\TeddysTale_with-BackEnd\venv\Lib\site-packages\django\core\handlers\wsgi.py", line 124, in __call__
    response = self.get_response(request)
  File "C:\Users\Евгения\Desktop\Projects_web\TeddysTale_with-BackEnd\venv\Lib\site-packages\django\core\handlers\base.py", line 140, in get_response
    response = self._middleware_chain(request)
  File "C:\Users\Евгения\Desktop\Projects_web\TeddysTale_with-BackEnd\venv\Lib\site-packages\django\core\handlers\exception.py", line 55, in inner
    response = get_response(request)
  File "C:\Users\Евгения\Desktop\Projects_web\TeddysTale_with-BackEnd\venv\Lib\site-packages\django\utils\deprecation.py", line 120, in __call__
    response = response or self.get_response(request)
  File "C:\Users\Евгения\Desktop\Projects_web\TeddysTale_with-BackEnd\venv\Lib\site-packages\django\core\handlers\exception.py", line 55, in inner
    response = get_response(request)
  File "C:\Users\Евгения\Desktop\Projects_web\TeddysTale_with-BackEnd\venv\Lib\site-packages\whitenoise\middleware.py", line 123, in __call__
    return self.get_response(request)
  File "C:\Users\Евгения\Desktop\Projects_web\TeddysTale_with-BackEnd\venv\Lib\site-packages\django\core\handlers\exception.py", line 55, in inner
    response = get_response(request)
  File "C:\Users\Евгения\Desktop\Projects_web\TeddysTale_with-BackEnd\venv\Lib\site-packages\django\utils\deprecation.py", line 120, in __call__
    response = response or self.get_response(request)
  File "C:\Users\Евгения\Desktop\Projects_web\TeddysTale_with-BackEnd\venv\Lib\site-packages\django\core\handlers\exception.py", line 55, in inner
    response = get_response(request)
  File "C:\Users\Евгения\Desktop\Projects_web\TeddysTale_with-BackEnd\venv\Lib\site-packages\django\utils\deprecation.py", line 120, in __call__
    response = response or self.get_response(request)
  File "C:\Users\Евгения\Desktop\Projects_web\TeddysTale_with-BackEnd\venv\Lib\site-packages\django\core\handlers\exception.py", line 55, in inner
    response = get_response(request)
  File "C:\Users\Евгения\Desktop\Projects_web\TeddysTale_with-BackEnd\venv\Lib\site-packages\django\utils\deprecation.py", line 120, in __call__
    response = response or self.get_response(request)
  File "C:\Users\Евгения\Desktop\Projects_web\TeddysTale_with-BackEnd\venv\Lib\site-packages\django\core\handlers\exception.py", line 55, in inner
    response = get_response(request)
  File "C:\Users\Евгения\Desktop\Projects_web\TeddysTale_with-BackEnd\venv\Lib\site-packages\django\utils\deprecation.py", line 120, in __call__
    response = response or self.get_response(request)
  File "C:\Users\Евгения\Desktop\Projects_web\TeddysTale_with-BackEnd\venv\Lib\site-packages\django\core\handlers\exception.py", line 55, in inner
    response = get_response(request)
  File "C:\Users\Евгения\Desktop\Projects_web\TeddysTale_with-BackEnd\venv\Lib\site-packages\django\utils\deprecation.py", line 120, in __call__
    response = response or self.get_response(request)
  File "C:\Users\Евгения\Desktop\Projects_web\TeddysTale_with-BackEnd\venv\Lib\site-packages\django\core\handlers\exception.py", line 55, in inner
    response = get_response(request)
  File "C:\Users\Евгения\Desktop\Projects_web\TeddysTale_with-BackEnd\venv\Lib\site-packages\django\utils\deprecation.py", line 120, in __call__
    response = response or self.get_response(request)
  File "C:\Users\Евгения\Desktop\Projects_web\TeddysTale_with-BackEnd\venv\Lib\site-packages\django\core\handlers\exception.py", line 55, in inner
    response = get_response(request)
  File "C:\Users\Евгения\Desktop\Projects_web\TeddysTale_with-BackEnd\venv\Lib\site-packages\django\utils\deprecation.py", line 120, in __call__
    response = response or self.get_response(request)
  File "C:\Users\Евгения\Desktop\Projects_web\TeddysTale_with-BackEnd\venv\Lib\site-packages\django\core\handlers\exception.py", line 55, in inner
    response = get_response(request)
  File "C:\Users\Евгения\Desktop\Projects_web\TeddysTale_with-BackEnd\teddytale\TeddyTale\middleware.py", line 25, in __call__
    response = self.get_response(request)
  File "C:\Users\Евгения\Desktop\Projects_web\TeddysTale_with-BackEnd\venv\Lib\site-packages\django\core\handlers\exception.py", line 55, in inner
    response = get_response(request)
  File "C:\Users\Евгения\Desktop\Projects_web\TeddysTale_with-BackEnd\venv\Lib\site-packages\django\core\handlers\base.py", line 197, in _get_response
    response = wrapped_callback(request, *callback_args, **callback_kwargs)
  File "C:\Users\Евгения\Desktop\Projects_web\TeddysTale_with-BackEnd\teddytale\landing\db_utils.py", line 21, in wrapper
    return func(*args, **kwargs)
  File "C:\Users\Евгения\Desktop\Projects_web\TeddysTale_with-BackEnd\teddytale\landing\views.py", line 170, in index
    logger.error(f"КРИТИЧЕСКАЯ ОШИБКА при загрузке данных главной страницы: {str(e)}",
[2026-01-10 21:05:05] WARNING landing.views - Используется резервный режим с безопасными значениями
[2026-01-10 21:05:25] ERROR landing.views - КРИТИЧЕСКАЯ ОШИБКА при загрузке данных главной страницы: server closed the connection unexpectedly
	This probably means the server terminated abnormally
	before or while processing the request.
server closed the connection unexpectedly
	This probably means the server terminated abnormally
	before or while processing the request.
Traceback (most recent call last):
  File "C:\Users\Евгения\Desktop\Projects_web\TeddysTale_with-BackEnd\venv\Lib\site-packages\django\db\backends\utils.py", line 105, in _execute
    return self.cursor.execute(sql, params)
           ~~~~~~~~~~~~~~~~~~~^^^^^^^^^^^^^
psycopg2.OperationalError: server closed the connection unexpectedly
	This probably means the server terminated abnormally
	before or while processing the request.
server closed the connection unexpectedly
	This probably means the server terminated abnormally
	before or while processing the request.


The above exception was the direct cause of the following exception:

Traceback (most recent call last):
  File "C:\Users\Евгения\Desktop\Projects_web\TeddysTale_with-BackEnd\teddytale\landing\views.py", line 53, in index
    shop_items = list(ShopItem.objects.filter(is_active=True).order_by('slot_number'))
  File "C:\Users\Евгения\Desktop\Projects_web\TeddysTale_with-BackEnd\venv\Lib\site-packages\django\db\models\query.py", line 386, in __iter__
    self._fetch_all()
    ~~~~~~~~~~~~~~~^^
  File "C:\Users\Евгения\Desktop\Projects_web\TeddysTale_with-BackEnd\venv\Lib\site-packages\django\db\models\query.py", line 1954, in _fetch_all
    self._result_cache = list(self._iterable_class(self))
                         ~~~~^^^^^^^^^^^^^^^^^^^^^^^^^^^^
  File "C:\Users\Евгения\Desktop\Projects_web\TeddysTale_with-BackEnd\venv\Lib\site-packages\django\db\models\query.py", line 93, in __iter__
    results = compiler.execute_sql(
        chunked_fetch=self.chunked_fetch, chunk_size=self.chunk_size
    )
  File "C:\Users\Евгения\Desktop\Projects_web\TeddysTale_with-BackEnd\venv\Lib\site-packages\django\db\models\sql\compiler.py", line 1623, in execute_sql
    cursor.execute(sql, params)
    ~~~~~~~~~~~~~~^^^^^^^^^^^^^
  File "C:\Users\Евгения\Desktop\Projects_web\TeddysTale_with-BackEnd\venv\Lib\site-packages\django\db\backends\utils.py", line 122, in execute
    return super().execute(sql, params)
           ~~~~~~~~~~~~~~~^^^^^^^^^^^^^
  File "C:\Users\Евгения\Desktop\Projects_web\TeddysTale_with-BackEnd\venv\Lib\site-packages\django\db\backends\utils.py", line 79, in execute
    return self._execute_with_wrappers(
           ~~~~~~~~~~~~~~~~~~~~~~~~~~~^
        sql, params, many=False, executor=self._execute
        ^^^^^^^^^^^^^^^^^^^^^^^^^^^^^^^^^^^^^^^^^^^^^^^
    )
    ^
  File "C:\Users\Евгения\Desktop\Projects_web\TeddysTale_with-BackEnd\venv\Lib\site-packages\django\db\backends\utils.py", line 92, in _execute_with_wrappers
    return executor(sql, params, many, context)
  File "C:\Users\Евгения\Desktop\Projects_web\TeddysTale_with-BackEnd\venv\Lib\site-packages\django\db\backends\utils.py", line 100, in _execute
    with self.db.wrap_database_errors:
         ^^^^^^^^^^^^^^^^^^^^^^^^^^^^
  File "C:\Users\Евгения\Desktop\Projects_web\TeddysTale_with-BackEnd\venv\Lib\site-packages\django\db\utils.py", line 91, in __exit__
    raise dj_exc_value.with_traceback(traceback) from exc_value
  File "C:\Users\Евгения\Desktop\Projects_web\TeddysTale_with-BackEnd\venv\Lib\site-packages\django\db\backends\utils.py", line 105, in _execute
    return self.cursor.execute(sql, params)
           ~~~~~~~~~~~~~~~~~~~^^^^^^^^^^^^^
django.db.utils.OperationalError: server closed the connection unexpectedly
	This probably means the server terminated abnormally
	before or while processing the request.
server closed the connection unexpectedly
	This probably means the server terminated abnormally
	before or while processing the request.
Stack (most recent call last):
  File "C:\Users\Евгения\AppData\Local\Programs\Python\Python313\Lib\threading.py", line 1014, in _bootstrap
    self._bootstrap_inner()
  File "C:\Users\Евгения\AppData\Local\Programs\Python\Python313\Lib\threading.py", line 1043, in _bootstrap_inner
    self.run()
  File "C:\Users\Евгения\AppData\Local\Programs\Python\Python313\Lib\threading.py", line 994, in run
    self._target(*self._args, **self._kwargs)
  File "C:\Users\Евгения\AppData\Local\Programs\Python\Python313\Lib\socketserver.py", line 697, in process_request_thread
    self.finish_request(request, client_address)
  File "C:\Users\Евгения\AppData\Local\Programs\Python\Python313\Lib\socketserver.py", line 362, in finish_request
    self.RequestHandlerClass(request, client_address, self)
  File "C:\Users\Евгения\AppData\Local\Programs\Python\Python313\Lib\socketserver.py", line 766, in __init__
    self.handle()
  File "C:\Users\Евгения\Desktop\Projects_web\TeddysTale_with-BackEnd\venv\Lib\site-packages\django\core\servers\basehttp.py", line 230, in handle
    self.handle_one_request()
  File "C:\Users\Евгения\Desktop\Projects_web\TeddysTale_with-BackEnd\venv\Lib\site-packages\django\core\servers\basehttp.py", line 253, in handle_one_request
    handler.run(self.server.get_app())
  File "C:\Users\Евгения\AppData\Local\Programs\Python\Python313\Lib\wsgiref\handlers.py", line 137, in run
    self.result = application(self.environ, self.start_response)
  File "C:\Users\Евгения\Desktop\Projects_web\TeddysTale_with-BackEnd\venv\Lib\site-packages\django\contrib\staticfiles\handlers.py", line 80, in __call__
    return self.application(environ, start_response)
  File "C:\Users\Евгения\Desktop\Projects_web\TeddysTale_with-BackEnd\venv\Lib\site-packages\django\core\handlers\wsgi.py", line 124, in __call__
    response = self.get_response(request)
  File "C:\Users\Евгения\Desktop\Projects_web\TeddysTale_with-BackEnd\venv\Lib\site-packages\django\core\handlers\base.py", line 140, in get_response
    response = self._middleware_chain(request)
  File "C:\Users\Евгения\Desktop\Projects_web\TeddysTale_with-BackEnd\venv\Lib\site-packages\django\core\handlers\exception.py", line 55, in inner
    response = get_response(request)
  File "C:\Users\Евгения\Desktop\Projects_web\TeddysTale_with-BackEnd\venv\Lib\site-packages\django\utils\deprecation.py", line 120, in __call__
    response = response or self.get_response(request)
  File "C:\Users\Евгения\Desktop\Projects_web\TeddysTale_with-BackEnd\venv\Lib\site-packages\django\core\handlers\exception.py", line 55, in inner
    response = get_response(request)
  File "C:\Users\Евгения\Desktop\Projects_web\TeddysTale_with-BackEnd\venv\Lib\site-packages\whitenoise\middleware.py", line 123, in __call__
    return self.get_response(request)
  File "C:\Users\Евгения\Desktop\Projects_web\TeddysTale_with-BackEnd\venv\Lib\site-packages\django\core\handlers\exception.py", line 55, in inner
    response = get_response(request)
  File "C:\Users\Евгения\Desktop\Projects_web\TeddysTale_with-BackEnd\venv\Lib\site-packages\django\utils\deprecation.py", line 120, in __call__
    response = response or self.get_response(request)
  File "C:\Users\Евгения\Desktop\Projects_web\TeddysTale_with-BackEnd\venv\Lib\site-packages\django\core\handlers\exception.py", line 55, in inner
    response = get_response(request)
  File "C:\Users\Евгения\Desktop\Projects_web\TeddysTale_with-BackEnd\venv\Lib\site-packages\django\utils\deprecation.py", line 120, in __call__
    response = response or self.get_response(request)
  File "C:\Users\Евгения\Desktop\Projects_web\TeddysTale_with-BackEnd\venv\Lib\site-packages\django\core\handlers\exception.py", line 55, in inner
    response = get_response(request)
  File "C:\Users\Евгения\Desktop\Projects_web\TeddysTale_with-BackEnd\venv\Lib\site-packages\django\utils\deprecation.py", line 120, in __call__
    response = response or self.get_response(request)
  File "C:\Users\Евгения\Desktop\Projects_web\TeddysTale_with-BackEnd\venv\Lib\site-packages\django\core\handlers\exception.py", line 55, in inner
    response = get_response(request)
  File "C:\Users\Евгения\Desktop\Projects_web\TeddysTale_with-BackEnd\venv\Lib\site-packages\django\utils\deprecation.py", line 120, in __call__
    response = response or self.get_response(request)
  File "C:\Users\Евгения\Desktop\Projects_web\TeddysTale_with-BackEnd\venv\Lib\site-packages\django\core\handlers\exception.py", line 55, in inner
    response = get_response(request)
  File "C:\Users\Евгения\Desktop\Projects_web\TeddysTale_with-BackEnd\venv\Lib\site-packages\django\utils\deprecation.py", line 120, in __call__
    response = response or self.get_response(request)
  File "C:\Users\Евгения\Desktop\Projects_web\TeddysTale_with-BackEnd\venv\Lib\site-packages\django\core\handlers\exception.py", line 55, in inner
    response = get_response(request)
  File "C:\Users\Евгения\Desktop\Projects_web\TeddysTale_with-BackEnd\venv\Lib\site-packages\django\utils\deprecation.py", line 120, in __call__
    response = response or self.get_response(request)
  File "C:\Users\Евгения\Desktop\Projects_web\TeddysTale_with-BackEnd\venv\Lib\site-packages\django\core\handlers\exception.py", line 55, in inner
    response = get_response(request)
  File "C:\Users\Евгения\Desktop\Projects_web\TeddysTale_with-BackEnd\venv\Lib\site-packages\django\utils\deprecation.py", line 120, in __call__
    response = response or self.get_response(request)
  File "C:\Users\Евгения\Desktop\Projects_web\TeddysTale_with-BackEnd\venv\Lib\site-packages\django\core\handlers\exception.py", line 55, in inner
    response = get_response(request)
  File "C:\Users\Евгения\Desktop\Projects_web\TeddysTale_with-BackEnd\teddytale\TeddyTale\middleware.py", line 25, in __call__
    response = self.get_response(request)
  File "C:\Users\Евгения\Desktop\Projects_web\TeddysTale_with-BackEnd\venv\Lib\site-packages\django\core\handlers\exception.py", line 55, in inner
    response = get_response(request)
  File "C:\Users\Евгения\Desktop\Projects_web\TeddysTale_with-BackEnd\venv\Lib\site-packages\django\core\handlers\base.py", line 197, in _get_response
    response = wrapped_callback(request, *callback_args, **callback_kwargs)
  File "C:\Users\Евгения\Desktop\Projects_web\TeddysTale_with-BackEnd\teddytale\landing\db_utils.py", line 21, in wrapper
    return func(*args, **kwargs)
  File "C:\Users\Евгения\Desktop\Projects_web\TeddysTale_with-BackEnd\teddytale\landing\views.py", line 170, in index
    logger.error(f"КРИТИЧЕСКАЯ ОШИБКА при загрузке данных главной страницы: {str(e)}",
[2026-01-10 21:05:25] WARNING landing.views - Используется резервный режим с безопасными значениями
[2026-01-10 21:05:52] ERROR landing.views - КРИТИЧЕСКАЯ ОШИБКА при загрузке данных главной страницы: connection to server at "aws-1-eu-west-1.pooler.supabase.com" (18.202.64.2), port 5432 failed: FATAL:  MaxClientsInSessionMode: max clients reached - in Session mode max clients are limited to pool_size
Traceback (most recent call last):
  File "C:\Users\Евгения\Desktop\Projects_web\TeddysTale_with-BackEnd\venv\Lib\site-packages\django\db\backends\base\base.py", line 279, in ensure_connection
    self.connect()
    ~~~~~~~~~~~~^^
  File "C:\Users\Евгения\Desktop\Projects_web\TeddysTale_with-BackEnd\venv\Lib\site-packages\django\utils\asyncio.py", line 26, in inner
    return func(*args, **kwargs)
  File "C:\Users\Евгения\Desktop\Projects_web\TeddysTale_with-BackEnd\venv\Lib\site-packages\django\db\backends\base\base.py", line 256, in connect
    self.connection = self.get_new_connection(conn_params)
                      ~~~~~~~~~~~~~~~~~~~~~~~^^^^^^^^^^^^^
  File "C:\Users\Евгения\Desktop\Projects_web\TeddysTale_with-BackEnd\venv\Lib\site-packages\django\utils\asyncio.py", line 26, in inner
    return func(*args, **kwargs)
  File "C:\Users\Евгения\Desktop\Projects_web\TeddysTale_with-BackEnd\venv\Lib\site-packages\django\db\backends\postgresql\base.py", line 332, in get_new_connection
    connection = self.Database.connect(**conn_params)
  File "C:\Users\Евгения\Desktop\Projects_web\TeddysTale_with-BackEnd\venv\Lib\site-packages\psycopg2\__init__.py", line 135, in connect
    conn = _connect(dsn, connection_factory=connection_factory, **kwasync)
psycopg2.OperationalError: connection to server at "aws-1-eu-west-1.pooler.supabase.com" (18.202.64.2), port 5432 failed: FATAL:  MaxClientsInSessionMode: max clients reached - in Session mode max clients are limited to pool_size


The above exception was the direct cause of the following exception:

Traceback (most recent call last):
  File "C:\Users\Евгения\Desktop\Projects_web\TeddysTale_with-BackEnd\teddytale\landing\views.py", line 21, in index
    meta_section = PageSection.objects.filter(section_key='meta').first()
  File "C:\Users\Евгения\Desktop\Projects_web\TeddysTale_with-BackEnd\venv\Lib\site-packages\django\db\models\query.py", line 1106, in first
    for obj in queryset[:1]:
               ~~~~~~~~^^^^
  File "C:\Users\Евгения\Desktop\Projects_web\TeddysTale_with-BackEnd\venv\Lib\site-packages\django\db\models\query.py", line 386, in __iter__
    self._fetch_all()
    ~~~~~~~~~~~~~~~^^
  File "C:\Users\Евгения\Desktop\Projects_web\TeddysTale_with-BackEnd\venv\Lib\site-packages\django\db\models\query.py", line 1954, in _fetch_all
    self._result_cache = list(self._iterable_class(self))
                         ~~~~^^^^^^^^^^^^^^^^^^^^^^^^^^^^
  File "C:\Users\Евгения\Desktop\Projects_web\TeddysTale_with-BackEnd\venv\Lib\site-packages\django\db\models\query.py", line 93, in __iter__
    results = compiler.execute_sql(
        chunked_fetch=self.chunked_fetch, chunk_size=self.chunk_size
    )
  File "C:\Users\Евгения\Desktop\Projects_web\TeddysTale_with-BackEnd\venv\Lib\site-packages\django\db\models\sql\compiler.py", line 1621, in execute_sql
    cursor = self.connection.cursor()
  File "C:\Users\Евгения\Desktop\Projects_web\TeddysTale_with-BackEnd\venv\Lib\site-packages\django\utils\asyncio.py", line 26, in inner
    return func(*args, **kwargs)
  File "C:\Users\Евгения\Desktop\Projects_web\TeddysTale_with-BackEnd\venv\Lib\site-packages\django\db\backends\base\base.py", line 320, in cursor
    return self._cursor()
           ~~~~~~~~~~~~^^
  File "C:\Users\Евгения\Desktop\Projects_web\TeddysTale_with-BackEnd\venv\Lib\site-packages\django\db\backends\base\base.py", line 296, in _cursor
    self.ensure_connection()
    ~~~~~~~~~~~~~~~~~~~~~~^^
  File "C:\Users\Евгения\Desktop\Projects_web\TeddysTale_with-BackEnd\venv\Lib\site-packages\django\utils\asyncio.py", line 26, in inner
    return func(*args, **kwargs)
  File "C:\Users\Евгения\Desktop\Projects_web\TeddysTale_with-BackEnd\venv\Lib\site-packages\django\db\backends\base\base.py", line 278, in ensure_connection
    with self.wrap_database_errors:
         ^^^^^^^^^^^^^^^^^^^^^^^^^
  File "C:\Users\Евгения\Desktop\Projects_web\TeddysTale_with-BackEnd\venv\Lib\site-packages\django\db\utils.py", line 91, in __exit__
    raise dj_exc_value.with_traceback(traceback) from exc_value
  File "C:\Users\Евгения\Desktop\Projects_web\TeddysTale_with-BackEnd\venv\Lib\site-packages\django\db\backends\base\base.py", line 279, in ensure_connection
    self.connect()
    ~~~~~~~~~~~~^^
  File "C:\Users\Евгения\Desktop\Projects_web\TeddysTale_with-BackEnd\venv\Lib\site-packages\django\utils\asyncio.py", line 26, in inner
    return func(*args, **kwargs)
  File "C:\Users\Евгения\Desktop\Projects_web\TeddysTale_with-BackEnd\venv\Lib\site-packages\django\db\backends\base\base.py", line 256, in connect
    self.connection = self.get_new_connection(conn_params)
                      ~~~~~~~~~~~~~~~~~~~~~~~^^^^^^^^^^^^^
  File "C:\Users\Евгения\Desktop\Projects_web\TeddysTale_with-BackEnd\venv\Lib\site-packages\django\utils\asyncio.py", line 26, in inner
    return func(*args, **kwargs)
  File "C:\Users\Евгения\Desktop\Projects_web\TeddysTale_with-BackEnd\venv\Lib\site-packages\django\db\backends\postgresql\base.py", line 332, in get_new_connection
    connection = self.Database.connect(**conn_params)
  File "C:\Users\Евгения\Desktop\Projects_web\TeddysTale_with-BackEnd\venv\Lib\site-packages\psycopg2\__init__.py", line 135, in connect
    conn = _connect(dsn, connection_factory=connection_factory, **kwasync)
django.db.utils.OperationalError: connection to server at "aws-1-eu-west-1.pooler.supabase.com" (18.202.64.2), port 5432 failed: FATAL:  MaxClientsInSessionMode: max clients reached - in Session mode max clients are limited to pool_size
Stack (most recent call last):
  File "C:\Users\Евгения\AppData\Local\Programs\Python\Python313\Lib\threading.py", line 1014, in _bootstrap
    self._bootstrap_inner()
  File "C:\Users\Евгения\AppData\Local\Programs\Python\Python313\Lib\threading.py", line 1043, in _bootstrap_inner
    self.run()
  File "C:\Users\Евгения\AppData\Local\Programs\Python\Python313\Lib\threading.py", line 994, in run
    self._target(*self._args, **self._kwargs)
  File "C:\Users\Евгения\AppData\Local\Programs\Python\Python313\Lib\socketserver.py", line 697, in process_request_thread
    self.finish_request(request, client_address)
  File "C:\Users\Евгения\AppData\Local\Programs\Python\Python313\Lib\socketserver.py", line 362, in finish_request
    self.RequestHandlerClass(request, client_address, self)
  File "C:\Users\Евгения\AppData\Local\Programs\Python\Python313\Lib\socketserver.py", line 766, in __init__
    self.handle()
  File "C:\Users\Евгения\Desktop\Projects_web\TeddysTale_with-BackEnd\venv\Lib\site-packages\django\core\servers\basehttp.py", line 230, in handle
    self.handle_one_request()
  File "C:\Users\Евгения\Desktop\Projects_web\TeddysTale_with-BackEnd\venv\Lib\site-packages\django\core\servers\basehttp.py", line 253, in handle_one_request
    handler.run(self.server.get_app())
  File "C:\Users\Евгения\AppData\Local\Programs\Python\Python313\Lib\wsgiref\handlers.py", line 137, in run
    self.result = application(self.environ, self.start_response)
  File "C:\Users\Евгения\Desktop\Projects_web\TeddysTale_with-BackEnd\venv\Lib\site-packages\django\contrib\staticfiles\handlers.py", line 80, in __call__
    return self.application(environ, start_response)
  File "C:\Users\Евгения\Desktop\Projects_web\TeddysTale_with-BackEnd\venv\Lib\site-packages\django\core\handlers\wsgi.py", line 124, in __call__
    response = self.get_response(request)
  File "C:\Users\Евгения\Desktop\Projects_web\TeddysTale_with-BackEnd\venv\Lib\site-packages\django\core\handlers\base.py", line 140, in get_response
    response = self._middleware_chain(request)
  File "C:\Users\Евгения\Desktop\Projects_web\TeddysTale_with-BackEnd\venv\Lib\site-packages\django\core\handlers\exception.py", line 55, in inner
    response = get_response(request)
  File "C:\Users\Евгения\Desktop\Projects_web\TeddysTale_with-BackEnd\venv\Lib\site-packages\django\utils\deprecation.py", line 120, in __call__
    response = response or self.get_response(request)
  File "C:\Users\Евгения\Desktop\Projects_web\TeddysTale_with-BackEnd\venv\Lib\site-packages\django\core\handlers\exception.py", line 55, in inner
    response = get_response(request)
  File "C:\Users\Евгения\Desktop\Projects_web\TeddysTale_with-BackEnd\venv\Lib\site-packages\whitenoise\middleware.py", line 123, in __call__
    return self.get_response(request)
  File "C:\Users\Евгения\Desktop\Projects_web\TeddysTale_with-BackEnd\venv\Lib\site-packages\django\core\handlers\exception.py", line 55, in inner
    response = get_response(request)
  File "C:\Users\Евгения\Desktop\Projects_web\TeddysTale_with-BackEnd\venv\Lib\site-packages\django\utils\deprecation.py", line 120, in __call__
    response = response or self.get_response(request)
  File "C:\Users\Евгения\Desktop\Projects_web\TeddysTale_with-BackEnd\venv\Lib\site-packages\django\core\handlers\exception.py", line 55, in inner
    response = get_response(request)
  File "C:\Users\Евгения\Desktop\Projects_web\TeddysTale_with-BackEnd\venv\Lib\site-packages\django\utils\deprecation.py", line 120, in __call__
    response = response or self.get_response(request)
  File "C:\Users\Евгения\Desktop\Projects_web\TeddysTale_with-BackEnd\venv\Lib\site-packages\django\core\handlers\exception.py", line 55, in inner
    response = get_response(request)
  File "C:\Users\Евгения\Desktop\Projects_web\TeddysTale_with-BackEnd\venv\Lib\site-packages\django\utils\deprecation.py", line 120, in __call__
    response = response or self.get_response(request)
  File "C:\Users\Евгения\Desktop\Projects_web\TeddysTale_with-BackEnd\venv\Lib\site-packages\django\core\handlers\exception.py", line 55, in inner
    response = get_response(request)
  File "C:\Users\Евгения\Desktop\Projects_web\TeddysTale_with-BackEnd\venv\Lib\site-packages\django\utils\deprecation.py", line 120, in __call__
    response = response or self.get_response(request)
  File "C:\Users\Евгения\Desktop\Projects_web\TeddysTale_with-BackEnd\venv\Lib\site-packages\django\core\handlers\exception.py", line 55, in inner
    response = get_response(request)
  File "C:\Users\Евгения\Desktop\Projects_web\TeddysTale_with-BackEnd\venv\Lib\site-packages\django\utils\deprecation.py", line 120, in __call__
    response = response or self.get_response(request)
  File "C:\Users\Евгения\Desktop\Projects_web\TeddysTale_with-BackEnd\venv\Lib\site-packages\django\core\handlers\exception.py", line 55, in inner
    response = get_response(request)
  File "C:\Users\Евгения\Desktop\Projects_web\TeddysTale_with-BackEnd\venv\Lib\site-packages\django\utils\deprecation.py", line 120, in __call__
    response = response or self.get_response(request)
  File "C:\Users\Евгения\Desktop\Projects_web\TeddysTale_with-BackEnd\venv\Lib\site-packages\django\core\handlers\exception.py", line 55, in inner
    response = get_response(request)
  File "C:\Users\Евгения\Desktop\Projects_web\TeddysTale_with-BackEnd\venv\Lib\site-packages\django\utils\deprecation.py", line 120, in __call__
    response = response or self.get_response(request)
  File "C:\Users\Евгения\Desktop\Projects_web\TeddysTale_with-BackEnd\venv\Lib\site-packages\django\core\handlers\exception.py", line 55, in inner
    response = get_response(request)
  File "C:\Users\Евгения\Desktop\Projects_web\TeddysTale_with-BackEnd\teddytale\TeddyTale\middleware.py", line 25, in __call__
    response = self.get_response(request)
  File "C:\Users\Евгения\Desktop\Projects_web\TeddysTale_with-BackEnd\venv\Lib\site-packages\django\core\handlers\exception.py", line 55, in inner
    response = get_response(request)
  File "C:\Users\Евгения\Desktop\Projects_web\TeddysTale_with-BackEnd\venv\Lib\site-packages\django\core\handlers\base.py", line 197, in _get_response
    response = wrapped_callback(request, *callback_args, **callback_kwargs)
  File "C:\Users\Евгения\Desktop\Projects_web\TeddysTale_with-BackEnd\teddytale\landing\db_utils.py", line 21, in wrapper
    return func(*args, **kwargs)
  File "C:\Users\Евгения\Desktop\Projects_web\TeddysTale_with-BackEnd\teddytale\landing\views.py", line 170, in index
    logger.error(f"КРИТИЧЕСКАЯ ОШИБКА при загрузке данных главной страницы: {str(e)}",
[2026-01-10 21:05:52] WARNING landing.views - Используется резервный режим с безопасными значениями
[2026-01-10 21:09:56] ERROR landing.views - КРИТИЧЕСКАЯ ОШИБКА при загрузке данных главной страницы: connection to server at "aws-1-eu-west-1.pooler.supabase.com" (18.202.64.2), port 5432 failed: timeout expired
connection to server at "aws-1-eu-west-1.pooler.supabase.com" (54.247.26.119), port 5432 failed: FATAL:  MaxClientsInSessionMode: max clients reached - in Session mode max clients are limited to pool_size
Traceback (most recent call last):
  File "C:\Users\Евгения\Desktop\Projects_web\TeddysTale_with-BackEnd\venv\Lib\site-packages\django\db\backends\base\base.py", line 279, in ensure_connection
    self.connect()
    ~~~~~~~~~~~~^^
  File "C:\Users\Евгения\Desktop\Projects_web\TeddysTale_with-BackEnd\venv\Lib\site-packages\django\utils\asyncio.py", line 26, in inner
    return func(*args, **kwargs)
  File "C:\Users\Евгения\Desktop\Projects_web\TeddysTale_with-BackEnd\venv\Lib\site-packages\django\db\backends\base\base.py", line 256, in connect
    self.connection = self.get_new_connection(conn_params)
                      ~~~~~~~~~~~~~~~~~~~~~~~^^^^^^^^^^^^^
  File "C:\Users\Евгения\Desktop\Projects_web\TeddysTale_with-BackEnd\venv\Lib\site-packages\django\utils\asyncio.py", line 26, in inner
    return func(*args, **kwargs)
  File "C:\Users\Евгения\Desktop\Projects_web\TeddysTale_with-BackEnd\venv\Lib\site-packages\django\db\backends\postgresql\base.py", line 332, in get_new_connection
    connection = self.Database.connect(**conn_params)
  File "C:\Users\Евгения\Desktop\Projects_web\TeddysTale_with-BackEnd\venv\Lib\site-packages\psycopg2\__init__.py", line 135, in connect
    conn = _connect(dsn, connection_factory=connection_factory, **kwasync)
psycopg2.OperationalError: connection to server at "aws-1-eu-west-1.pooler.supabase.com" (18.202.64.2), port 5432 failed: timeout expired
connection to server at "aws-1-eu-west-1.pooler.supabase.com" (54.247.26.119), port 5432 failed: FATAL:  MaxClientsInSessionMode: max clients reached - in Session mode max clients are limited to pool_size


The above exception was the direct cause of the following exception:

Traceback (most recent call last):
  File "C:\Users\Евгения\Desktop\Projects_web\TeddysTale_with-BackEnd\teddytale\landing\views.py", line 21, in index
    meta_section = PageSection.objects.filter(section_key='meta').first()
  File "C:\Users\Евгения\Desktop\Projects_web\TeddysTale_with-BackEnd\venv\Lib\site-packages\django\db\models\query.py", line 1106, in first
    for obj in queryset[:1]:
               ~~~~~~~~^^^^
  File "C:\Users\Евгения\Desktop\Projects_web\TeddysTale_with-BackEnd\venv\Lib\site-packages\django\db\models\query.py", line 386, in __iter__
    self._fetch_all()
    ~~~~~~~~~~~~~~~^^
  File "C:\Users\Евгения\Desktop\Projects_web\TeddysTale_with-BackEnd\venv\Lib\site-packages\django\db\models\query.py", line 1954, in _fetch_all
    self._result_cache = list(self._iterable_class(self))
                         ~~~~^^^^^^^^^^^^^^^^^^^^^^^^^^^^
  File "C:\Users\Евгения\Desktop\Projects_web\TeddysTale_with-BackEnd\venv\Lib\site-packages\django\db\models\query.py", line 93, in __iter__
    results = compiler.execute_sql(
        chunked_fetch=self.chunked_fetch, chunk_size=self.chunk_size
    )
  File "C:\Users\Евгения\Desktop\Projects_web\TeddysTale_with-BackEnd\venv\Lib\site-packages\django\db\models\sql\compiler.py", line 1621, in execute_sql
    cursor = self.connection.cursor()
  File "C:\Users\Евгения\Desktop\Projects_web\TeddysTale_with-BackEnd\venv\Lib\site-packages\django\utils\asyncio.py", line 26, in inner
    return func(*args, **kwargs)
  File "C:\Users\Евгения\Desktop\Projects_web\TeddysTale_with-BackEnd\venv\Lib\site-packages\django\db\backends\base\base.py", line 320, in cursor
    return self._cursor()
           ~~~~~~~~~~~~^^
  File "C:\Users\Евгения\Desktop\Projects_web\TeddysTale_with-BackEnd\venv\Lib\site-packages\django\db\backends\base\base.py", line 296, in _cursor
    self.ensure_connection()
    ~~~~~~~~~~~~~~~~~~~~~~^^
  File "C:\Users\Евгения\Desktop\Projects_web\TeddysTale_with-BackEnd\venv\Lib\site-packages\django\utils\asyncio.py", line 26, in inner
    return func(*args, **kwargs)
  File "C:\Users\Евгения\Desktop\Projects_web\TeddysTale_with-BackEnd\venv\Lib\site-packages\django\db\backends\base\base.py", line 278, in ensure_connection
    with self.wrap_database_errors:
         ^^^^^^^^^^^^^^^^^^^^^^^^^
  File "C:\Users\Евгения\Desktop\Projects_web\TeddysTale_with-BackEnd\venv\Lib\site-packages\django\db\utils.py", line 91, in __exit__
    raise dj_exc_value.with_traceback(traceback) from exc_value
  File "C:\Users\Евгения\Desktop\Projects_web\TeddysTale_with-BackEnd\venv\Lib\site-packages\django\db\backends\base\base.py", line 279, in ensure_connection
    self.connect()
    ~~~~~~~~~~~~^^
  File "C:\Users\Евгения\Desktop\Projects_web\TeddysTale_with-BackEnd\venv\Lib\site-packages\django\utils\asyncio.py", line 26, in inner
    return func(*args, **kwargs)
  File "C:\Users\Евгения\Desktop\Projects_web\TeddysTale_with-BackEnd\venv\Lib\site-packages\django\db\backends\base\base.py", line 256, in connect
    self.connection = self.get_new_connection(conn_params)
                      ~~~~~~~~~~~~~~~~~~~~~~~^^^^^^^^^^^^^
  File "C:\Users\Евгения\Desktop\Projects_web\TeddysTale_with-BackEnd\venv\Lib\site-packages\django\utils\asyncio.py", line 26, in inner
    return func(*args, **kwargs)
  File "C:\Users\Евгения\Desktop\Projects_web\TeddysTale_with-BackEnd\venv\Lib\site-packages\django\db\backends\postgresql\base.py", line 332, in get_new_connection
    connection = self.Database.connect(**conn_params)
  File "C:\Users\Евгения\Desktop\Projects_web\TeddysTale_with-BackEnd\venv\Lib\site-packages\psycopg2\__init__.py", line 135, in connect
    conn = _connect(dsn, connection_factory=connection_factory, **kwasync)
django.db.utils.OperationalError: connection to server at "aws-1-eu-west-1.pooler.supabase.com" (18.202.64.2), port 5432 failed: timeout expired
connection to server at "aws-1-eu-west-1.pooler.supabase.com" (54.247.26.119), port 5432 failed: FATAL:  MaxClientsInSessionMode: max clients reached - in Session mode max clients are limited to pool_size
Stack (most recent call last):
  File "C:\Users\Евгения\AppData\Local\Programs\Python\Python313\Lib\threading.py", line 1014, in _bootstrap
    self._bootstrap_inner()
  File "C:\Users\Евгения\AppData\Local\Programs\Python\Python313\Lib\threading.py", line 1043, in _bootstrap_inner
    self.run()
  File "C:\Users\Евгения\AppData\Local\Programs\Python\Python313\Lib\threading.py", line 994, in run
    self._target(*self._args, **self._kwargs)
  File "C:\Users\Евгения\AppData\Local\Programs\Python\Python313\Lib\socketserver.py", line 697, in process_request_thread
    self.finish_request(request, client_address)
  File "C:\Users\Евгения\AppData\Local\Programs\Python\Python313\Lib\socketserver.py", line 362, in finish_request
    self.RequestHandlerClass(request, client_address, self)
  File "C:\Users\Евгения\AppData\Local\Programs\Python\Python313\Lib\socketserver.py", line 766, in __init__
    self.handle()
  File "C:\Users\Евгения\Desktop\Projects_web\TeddysTale_with-BackEnd\venv\Lib\site-packages\django\core\servers\basehttp.py", line 228, in handle
    self.handle_one_request()
  File "C:\Users\Евгения\Desktop\Projects_web\TeddysTale_with-BackEnd\venv\Lib\site-packages\django\core\servers\basehttp.py", line 253, in handle_one_request
    handler.run(self.server.get_app())
  File "C:\Users\Евгения\AppData\Local\Programs\Python\Python313\Lib\wsgiref\handlers.py", line 137, in run
    self.result = application(self.environ, self.start_response)
  File "C:\Users\Евгения\Desktop\Projects_web\TeddysTale_with-BackEnd\venv\Lib\site-packages\django\contrib\staticfiles\handlers.py", line 80, in __call__
    return self.application(environ, start_response)
  File "C:\Users\Евгения\Desktop\Projects_web\TeddysTale_with-BackEnd\venv\Lib\site-packages\django\core\handlers\wsgi.py", line 124, in __call__
    response = self.get_response(request)
  File "C:\Users\Евгения\Desktop\Projects_web\TeddysTale_with-BackEnd\venv\Lib\site-packages\django\core\handlers\base.py", line 140, in get_response
    response = self._middleware_chain(request)
  File "C:\Users\Евгения\Desktop\Projects_web\TeddysTale_with-BackEnd\venv\Lib\site-packages\django\core\handlers\exception.py", line 55, in inner
    response = get_response(request)
  File "C:\Users\Евгения\Desktop\Projects_web\TeddysTale_with-BackEnd\venv\Lib\site-packages\django\utils\deprecation.py", line 120, in __call__
    response = response or self.get_response(request)
  File "C:\Users\Евгения\Desktop\Projects_web\TeddysTale_with-BackEnd\venv\Lib\site-packages\django\core\handlers\exception.py", line 55, in inner
    response = get_response(request)
  File "C:\Users\Евгения\Desktop\Projects_web\TeddysTale_with-BackEnd\venv\Lib\site-packages\whitenoise\middleware.py", line 123, in __call__
    return self.get_response(request)
  File "C:\Users\Евгения\Desktop\Projects_web\TeddysTale_with-BackEnd\venv\Lib\site-packages\django\core\handlers\exception.py", line 55, in inner
    response = get_response(request)
  File "C:\Users\Евгения\Desktop\Projects_web\TeddysTale_with-BackEnd\venv\Lib\site-packages\django\utils\deprecation.py", line 120, in __call__
    response = response or self.get_response(request)
  File "C:\Users\Евгения\Desktop\Projects_web\TeddysTale_with-BackEnd\venv\Lib\site-packages\django\core\handlers\exception.py", line 55, in inner
    response = get_response(request)
  File "C:\Users\Евгения\Desktop\Projects_web\TeddysTale_with-BackEnd\venv\Lib\site-packages\django\utils\deprecation.py", line 120, in __call__
    response = response or self.get_response(request)
  File "C:\Users\Евгения\Desktop\Projects_web\TeddysTale_with-BackEnd\venv\Lib\site-packages\django\core\handlers\exception.py", line 55, in inner
    response = get_response(request)
  File "C:\Users\Евгения\Desktop\Projects_web\TeddysTale_with-BackEnd\venv\Lib\site-packages\django\utils\deprecation.py", line 120, in __call__
    response = response or self.get_response(request)
  File "C:\Users\Евгения\Desktop\Projects_web\TeddysTale_with-BackEnd\venv\Lib\site-packages\django\core\handlers\exception.py", line 55, in inner
    response = get_response(request)
  File "C:\Users\Евгения\Desktop\Projects_web\TeddysTale_with-BackEnd\venv\Lib\site-packages\django\utils\deprecation.py", line 120, in __call__
    response = response or self.get_response(request)
  File "C:\Users\Евгения\Desktop\Projects_web\TeddysTale_with-BackEnd\venv\Lib\site-packages\django\core\handlers\exception.py", line 55, in inner
    response = get_response(request)
  File "C:\Users\Евгения\Desktop\Projects_web\TeddysTale_with-BackEnd\venv\Lib\site-packages\django\utils\deprecation.py", line 120, in __call__
    response = response or self.get_response(request)
  File "C:\Users\Евгения\Desktop\Projects_web\TeddysTale_with-BackEnd\venv\Lib\site-packages\django\core\handlers\exception.py", line 55, in inner
    response = get_response(request)
  File "C:\Users\Евгения\Desktop\Projects_web\TeddysTale_with-BackEnd\venv\Lib\site-packages\django\utils\deprecation.py", line 120, in __call__
    response = response or self.get_response(request)
  File "C:\Users\Евгения\Desktop\Projects_web\TeddysTale_with-BackEnd\venv\Lib\site-packages\django\core\handlers\exception.py", line 55, in inner
    response = get_response(request)
  File "C:\Users\Евгения\Desktop\Projects_web\TeddysTale_with-BackEnd\venv\Lib\site-packages\django\utils\deprecation.py", line 120, in __call__
    response = response or self.get_response(request)
  File "C:\Users\Евгения\Desktop\Projects_web\TeddysTale_with-BackEnd\venv\Lib\site-packages\django\core\handlers\exception.py", line 55, in inner
    response = get_response(request)
  File "C:\Users\Евгения\Desktop\Projects_web\TeddysTale_with-BackEnd\teddytale\TeddyTale\middleware.py", line 25, in __call__
    response = self.get_response(request)
  File "C:\Users\Евгения\Desktop\Projects_web\TeddysTale_with-BackEnd\venv\Lib\site-packages\django\core\handlers\exception.py", line 55, in inner
    response = get_response(request)
  File "C:\Users\Евгения\Desktop\Projects_web\TeddysTale_with-BackEnd\venv\Lib\site-packages\django\core\handlers\base.py", line 197, in _get_response
    response = wrapped_callback(request, *callback_args, **callback_kwargs)
  File "C:\Users\Евгения\Desktop\Projects_web\TeddysTale_with-BackEnd\teddytale\landing\db_utils.py", line 21, in wrapper
    return func(*args, **kwargs)
  File "C:\Users\Евгения\Desktop\Projects_web\TeddysTale_with-BackEnd\teddytale\landing\views.py", line 170, in index
    logger.error(f"КРИТИЧЕСКАЯ ОШИБКА при загрузке данных главной страницы: {str(e)}",
[2026-01-10 21:09:56] WARNING landing.views - Используется резервный режим с безопасными значениями
[2026-01-10 21:14:00] DEBUG landing.views - Загружено товаров из базы: 8
[2026-01-10 21:14:00] DEBUG landing.views - Показывать заглушки: True, количество: 1
[2026-01-10 21:14:01] DEBUG landing.views - Контакты из базы данных: 10 записей
[2026-01-10 21:14:01] INFO landing.views - Главная страница успешно загружена. Товаров: 8, Координаты: 59.819642, 30.341524
[2026-01-10 21:14:26] DEBUG landing.views - Загружено товаров из базы: 8
[2026-01-10 21:14:26] DEBUG landing.views - Показывать заглушки: True, количество: 1
[2026-01-10 21:14:26] DEBUG landing.views - Контакты из базы данных: 10 записей
[2026-01-10 21:14:26] INFO landing.views - Главная страница успешно загружена. Товаров: 8, Координаты: 59.819642, 30.341524
[2026-01-10 21:15:09] ERROR landing.views - КРИТИЧЕСКАЯ ОШИБКА при загрузке данных главной страницы: connection to server at "aws-1-eu-west-1.pooler.supabase.com" (54.247.26.119), port 5432 failed: FATAL:  MaxClientsInSessionMode: max clients reached - in Session mode max clients are limited to pool_size
Traceback (most recent call last):
  File "C:\Users\Евгения\Desktop\Projects_web\TeddysTale_with-BackEnd\venv\Lib\site-packages\django\db\backends\base\base.py", line 279, in ensure_connection
    self.connect()
    ~~~~~~~~~~~~^^
  File "C:\Users\Евгения\Desktop\Projects_web\TeddysTale_with-BackEnd\venv\Lib\site-packages\django\utils\asyncio.py", line 26, in inner
    return func(*args, **kwargs)
  File "C:\Users\Евгения\Desktop\Projects_web\TeddysTale_with-BackEnd\venv\Lib\site-packages\django\db\backends\base\base.py", line 256, in connect
    self.connection = self.get_new_connection(conn_params)
                      ~~~~~~~~~~~~~~~~~~~~~~~^^^^^^^^^^^^^
  File "C:\Users\Евгения\Desktop\Projects_web\TeddysTale_with-BackEnd\venv\Lib\site-packages\django\utils\asyncio.py", line 26, in inner
    return func(*args, **kwargs)
  File "C:\Users\Евгения\Desktop\Projects_web\TeddysTale_with-BackEnd\venv\Lib\site-packages\django\db\backends\postgresql\base.py", line 332, in get_new_connection
    connection = self.Database.connect(**conn_params)
  File "C:\Users\Евгения\Desktop\Projects_web\TeddysTale_with-BackEnd\venv\Lib\site-packages\psycopg2\__init__.py", line 135, in connect
    conn = _connect(dsn, connection_factory=connection_factory, **kwasync)
psycopg2.OperationalError: connection to server at "aws-1-eu-west-1.pooler.supabase.com" (54.247.26.119), port 5432 failed: FATAL:  MaxClientsInSessionMode: max clients reached - in Session mode max clients are limited to pool_size


The above exception was the direct cause of the following exception:

Traceback (most recent call last):
  File "C:\Users\Евгения\Desktop\Projects_web\TeddysTale_with-BackEnd\teddytale\landing\views.py", line 21, in index
    meta_section = PageSection.objects.filter(section_key='meta').first()
  File "C:\Users\Евгения\Desktop\Projects_web\TeddysTale_with-BackEnd\venv\Lib\site-packages\django\db\models\query.py", line 1106, in first
    for obj in queryset[:1]:
               ~~~~~~~~^^^^
  File "C:\Users\Евгения\Desktop\Projects_web\TeddysTale_with-BackEnd\venv\Lib\site-packages\django\db\models\query.py", line 386, in __iter__
    self._fetch_all()
    ~~~~~~~~~~~~~~~^^
  File "C:\Users\Евгения\Desktop\Projects_web\TeddysTale_with-BackEnd\venv\Lib\site-packages\django\db\models\query.py", line 1954, in _fetch_all
    self._result_cache = list(self._iterable_class(self))
                         ~~~~^^^^^^^^^^^^^^^^^^^^^^^^^^^^
  File "C:\Users\Евгения\Desktop\Projects_web\TeddysTale_with-BackEnd\venv\Lib\site-packages\django\db\models\query.py", line 93, in __iter__
    results = compiler.execute_sql(
        chunked_fetch=self.chunked_fetch, chunk_size=self.chunk_size
    )
  File "C:\Users\Евгения\Desktop\Projects_web\TeddysTale_with-BackEnd\venv\Lib\site-packages\django\db\models\sql\compiler.py", line 1621, in execute_sql
    cursor = self.connection.cursor()
  File "C:\Users\Евгения\Desktop\Projects_web\TeddysTale_with-BackEnd\venv\Lib\site-packages\django\utils\asyncio.py", line 26, in inner
    return func(*args, **kwargs)
  File "C:\Users\Евгения\Desktop\Projects_web\TeddysTale_with-BackEnd\venv\Lib\site-packages\django\db\backends\base\base.py", line 320, in cursor
    return self._cursor()
           ~~~~~~~~~~~~^^
  File "C:\Users\Евгения\Desktop\Projects_web\TeddysTale_with-BackEnd\venv\Lib\site-packages\django\db\backends\base\base.py", line 296, in _cursor
    self.ensure_connection()
    ~~~~~~~~~~~~~~~~~~~~~~^^
  File "C:\Users\Евгения\Desktop\Projects_web\TeddysTale_with-BackEnd\venv\Lib\site-packages\django\utils\asyncio.py", line 26, in inner
    return func(*args, **kwargs)
  File "C:\Users\Евгения\Desktop\Projects_web\TeddysTale_with-BackEnd\venv\Lib\site-packages\django\db\backends\base\base.py", line 278, in ensure_connection
    with self.wrap_database_errors:
         ^^^^^^^^^^^^^^^^^^^^^^^^^
  File "C:\Users\Евгения\Desktop\Projects_web\TeddysTale_with-BackEnd\venv\Lib\site-packages\django\db\utils.py", line 91, in __exit__
    raise dj_exc_value.with_traceback(traceback) from exc_value
  File "C:\Users\Евгения\Desktop\Projects_web\TeddysTale_with-BackEnd\venv\Lib\site-packages\django\db\backends\base\base.py", line 279, in ensure_connection
    self.connect()
    ~~~~~~~~~~~~^^
  File "C:\Users\Евгения\Desktop\Projects_web\TeddysTale_with-BackEnd\venv\Lib\site-packages\django\utils\asyncio.py", line 26, in inner
    return func(*args, **kwargs)
  File "C:\Users\Евгения\Desktop\Projects_web\TeddysTale_with-BackEnd\venv\Lib\site-packages\django\db\backends\base\base.py", line 256, in connect
    self.connection = self.get_new_connection(conn_params)
                      ~~~~~~~~~~~~~~~~~~~~~~~^^^^^^^^^^^^^
  File "C:\Users\Евгения\Desktop\Projects_web\TeddysTale_with-BackEnd\venv\Lib\site-packages\django\utils\asyncio.py", line 26, in inner
    return func(*args, **kwargs)
  File "C:\Users\Евгения\Desktop\Projects_web\TeddysTale_with-BackEnd\venv\Lib\site-packages\django\db\backends\postgresql\base.py", line 332, in get_new_connection
    connection = self.Database.connect(**conn_params)
  File "C:\Users\Евгения\Desktop\Projects_web\TeddysTale_with-BackEnd\venv\Lib\site-packages\psycopg2\__init__.py", line 135, in connect
    conn = _connect(dsn, connection_factory=connection_factory, **kwasync)
django.db.utils.OperationalError: connection to server at "aws-1-eu-west-1.pooler.supabase.com" (54.247.26.119), port 5432 failed: FATAL:  MaxClientsInSessionMode: max clients reached - in Session mode max clients are limited to pool_size
Stack (most recent call last):
  File "C:\Users\Евгения\AppData\Local\Programs\Python\Python313\Lib\threading.py", line 1014, in _bootstrap
    self._bootstrap_inner()
  File "C:\Users\Евгения\AppData\Local\Programs\Python\Python313\Lib\threading.py", line 1043, in _bootstrap_inner
    self.run()
  File "C:\Users\Евгения\AppData\Local\Programs\Python\Python313\Lib\threading.py", line 994, in run
    self._target(*self._args, **self._kwargs)
  File "C:\Users\Евгения\AppData\Local\Programs\Python\Python313\Lib\socketserver.py", line 697, in process_request_thread
    self.finish_request(request, client_address)
  File "C:\Users\Евгения\AppData\Local\Programs\Python\Python313\Lib\socketserver.py", line 362, in finish_request
    self.RequestHandlerClass(request, client_address, self)
  File "C:\Users\Евгения\AppData\Local\Programs\Python\Python313\Lib\socketserver.py", line 766, in __init__
    self.handle()
  File "C:\Users\Евгения\Desktop\Projects_web\TeddysTale_with-BackEnd\venv\Lib\site-packages\django\core\servers\basehttp.py", line 228, in handle
    self.handle_one_request()
  File "C:\Users\Евгения\Desktop\Projects_web\TeddysTale_with-BackEnd\venv\Lib\site-packages\django\core\servers\basehttp.py", line 253, in handle_one_request
    handler.run(self.server.get_app())
  File "C:\Users\Евгения\AppData\Local\Programs\Python\Python313\Lib\wsgiref\handlers.py", line 137, in run
    self.result = application(self.environ, self.start_response)
  File "C:\Users\Евгения\Desktop\Projects_web\TeddysTale_with-BackEnd\venv\Lib\site-packages\django\contrib\staticfiles\handlers.py", line 80, in __call__
    return self.application(environ, start_response)
  File "C:\Users\Евгения\Desktop\Projects_web\TeddysTale_with-BackEnd\venv\Lib\site-packages\django\core\handlers\wsgi.py", line 124, in __call__
    response = self.get_response(request)
  File "C:\Users\Евгения\Desktop\Projects_web\TeddysTale_with-BackEnd\venv\Lib\site-packages\django\core\handlers\base.py", line 140, in get_response
    response = self._middleware_chain(request)
  File "C:\Users\Евгения\Desktop\Projects_web\TeddysTale_with-BackEnd\venv\Lib\site-packages\django\core\handlers\exception.py", line 55, in inner
    response = get_response(request)
  File "C:\Users\Евгения\Desktop\Projects_web\TeddysTale_with-BackEnd\venv\Lib\site-packages\django\utils\deprecation.py", line 120, in __call__
    response = response or self.get_response(request)
  File "C:\Users\Евгения\Desktop\Projects_web\TeddysTale_with-BackEnd\venv\Lib\site-packages\django\core\handlers\exception.py", line 55, in inner
    response = get_response(request)
  File "C:\Users\Евгения\Desktop\Projects_web\TeddysTale_with-BackEnd\venv\Lib\site-packages\whitenoise\middleware.py", line 123, in __call__
    return self.get_response(request)
  File "C:\Users\Евгения\Desktop\Projects_web\TeddysTale_with-BackEnd\venv\Lib\site-packages\django\core\handlers\exception.py", line 55, in inner
    response = get_response(request)
  File "C:\Users\Евгения\Desktop\Projects_web\TeddysTale_with-BackEnd\venv\Lib\site-packages\django\utils\deprecation.py", line 120, in __call__
    response = response or self.get_response(request)
  File "C:\Users\Евгения\Desktop\Projects_web\TeddysTale_with-BackEnd\venv\Lib\site-packages\django\core\handlers\exception.py", line 55, in inner
    response = get_response(request)
  File "C:\Users\Евгения\Desktop\Projects_web\TeddysTale_with-BackEnd\venv\Lib\site-packages\django\utils\deprecation.py", line 120, in __call__
    response = response or self.get_response(request)
  File "C:\Users\Евгения\Desktop\Projects_web\TeddysTale_with-BackEnd\venv\Lib\site-packages\django\core\handlers\exception.py", line 55, in inner
    response = get_response(request)
  File "C:\Users\Евгения\Desktop\Projects_web\TeddysTale_with-BackEnd\venv\Lib\site-packages\django\utils\deprecation.py", line 120, in __call__
    response = response or self.get_response(request)
  File "C:\Users\Евгения\Desktop\Projects_web\TeddysTale_with-BackEnd\venv\Lib\site-packages\django\core\handlers\exception.py", line 55, in inner
    response = get_response(request)
  File "C:\Users\Евгения\Desktop\Projects_web\TeddysTale_with-BackEnd\venv\Lib\site-packages\django\utils\deprecation.py", line 120, in __call__
    response = response or self.get_response(request)
  File "C:\Users\Евгения\Desktop\Projects_web\TeddysTale_with-BackEnd\venv\Lib\site-packages\django\core\handlers\exception.py", line 55, in inner
    response = get_response(request)
  File "C:\Users\Евгения\Desktop\Projects_web\TeddysTale_with-BackEnd\venv\Lib\site-packages\django\utils\deprecation.py", line 120, in __call__
    response = response or self.get_response(request)
  File "C:\Users\Евгения\Desktop\Projects_web\TeddysTale_with-BackEnd\venv\Lib\site-packages\django\core\handlers\exception.py", line 55, in inner
    response = get_response(request)
  File "C:\Users\Евгения\Desktop\Projects_web\TeddysTale_with-BackEnd\venv\Lib\site-packages\django\utils\deprecation.py", line 120, in __call__
    response = response or self.get_response(request)
  File "C:\Users\Евгения\Desktop\Projects_web\TeddysTale_with-BackEnd\venv\Lib\site-packages\django\core\handlers\exception.py", line 55, in inner
    response = get_response(request)
  File "C:\Users\Евгения\Desktop\Projects_web\TeddysTale_with-BackEnd\venv\Lib\site-packages\django\utils\deprecation.py", line 120, in __call__
    response = response or self.get_response(request)
  File "C:\Users\Евгения\Desktop\Projects_web\TeddysTale_with-BackEnd\venv\Lib\site-packages\django\core\handlers\exception.py", line 55, in inner
    response = get_response(request)
  File "C:\Users\Евгения\Desktop\Projects_web\TeddysTale_with-BackEnd\teddytale\TeddyTale\middleware.py", line 25, in __call__
    response = self.get_response(request)
  File "C:\Users\Евгения\Desktop\Projects_web\TeddysTale_with-BackEnd\venv\Lib\site-packages\django\core\handlers\exception.py", line 55, in inner
    response = get_response(request)
  File "C:\Users\Евгения\Desktop\Projects_web\TeddysTale_with-BackEnd\venv\Lib\site-packages\django\core\handlers\base.py", line 197, in _get_response
    response = wrapped_callback(request, *callback_args, **callback_kwargs)
  File "C:\Users\Евгения\Desktop\Projects_web\TeddysTale_with-BackEnd\teddytale\landing\db_utils.py", line 21, in wrapper
    return func(*args, **kwargs)
  File "C:\Users\Евгения\Desktop\Projects_web\TeddysTale_with-BackEnd\teddytale\landing\views.py", line 170, in index
    logger.error(f"КРИТИЧЕСКАЯ ОШИБКА при загрузке данных главной страницы: {str(e)}",
[2026-01-10 21:15:09] WARNING landing.views - Используется резервный режим с безопасными значениями
[2026-01-10 21:28:36] ERROR landing.views - КРИТИЧЕСКАЯ ОШИБКА при загрузке данных главной страницы: server closed the connection unexpectedly
	This probably means the server terminated abnormally
	before or while processing the request.
server closed the connection unexpectedly
	This probably means the server terminated abnormally
	before or while processing the request.
Traceback (most recent call last):
  File "C:\Users\Евгения\Desktop\Projects_web\TeddysTale_with-BackEnd\venv\Lib\site-packages\django\db\backends\utils.py", line 105, in _execute
    return self.cursor.execute(sql, params)
           ~~~~~~~~~~~~~~~~~~~^^^^^^^^^^^^^
psycopg2.OperationalError: server closed the connection unexpectedly
	This probably means the server terminated abnormally
	before or while processing the request.
server closed the connection unexpectedly
	This probably means the server terminated abnormally
	before or while processing the request.


The above exception was the direct cause of the following exception:

Traceback (most recent call last):
  File "C:\Users\Евгения\Desktop\Projects_web\TeddysTale_with-BackEnd\teddytale\landing\views.py", line 53, in index
    shop_items = list(ShopItem.objects.filter(is_active=True).order_by('slot_number'))
  File "C:\Users\Евгения\Desktop\Projects_web\TeddysTale_with-BackEnd\venv\Lib\site-packages\django\db\models\query.py", line 386, in __iter__
    self._fetch_all()
    ~~~~~~~~~~~~~~~^^
  File "C:\Users\Евгения\Desktop\Projects_web\TeddysTale_with-BackEnd\venv\Lib\site-packages\django\db\models\query.py", line 1954, in _fetch_all
    self._result_cache = list(self._iterable_class(self))
                         ~~~~^^^^^^^^^^^^^^^^^^^^^^^^^^^^
  File "C:\Users\Евгения\Desktop\Projects_web\TeddysTale_with-BackEnd\venv\Lib\site-packages\django\db\models\query.py", line 93, in __iter__
    results = compiler.execute_sql(
        chunked_fetch=self.chunked_fetch, chunk_size=self.chunk_size
    )
  File "C:\Users\Евгения\Desktop\Projects_web\TeddysTale_with-BackEnd\venv\Lib\site-packages\django\db\models\sql\compiler.py", line 1623, in execute_sql
    cursor.execute(sql, params)
    ~~~~~~~~~~~~~~^^^^^^^^^^^^^
  File "C:\Users\Евгения\Desktop\Projects_web\TeddysTale_with-BackEnd\venv\Lib\site-packages\django\db\backends\utils.py", line 122, in execute
    return super().execute(sql, params)
           ~~~~~~~~~~~~~~~^^^^^^^^^^^^^
  File "C:\Users\Евгения\Desktop\Projects_web\TeddysTale_with-BackEnd\venv\Lib\site-packages\django\db\backends\utils.py", line 79, in execute
    return self._execute_with_wrappers(
           ~~~~~~~~~~~~~~~~~~~~~~~~~~~^
        sql, params, many=False, executor=self._execute
        ^^^^^^^^^^^^^^^^^^^^^^^^^^^^^^^^^^^^^^^^^^^^^^^
    )
    ^
  File "C:\Users\Евгения\Desktop\Projects_web\TeddysTale_with-BackEnd\venv\Lib\site-packages\django\db\backends\utils.py", line 92, in _execute_with_wrappers
    return executor(sql, params, many, context)
  File "C:\Users\Евгения\Desktop\Projects_web\TeddysTale_with-BackEnd\venv\Lib\site-packages\django\db\backends\utils.py", line 100, in _execute
    with self.db.wrap_database_errors:
         ^^^^^^^^^^^^^^^^^^^^^^^^^^^^
  File "C:\Users\Евгения\Desktop\Projects_web\TeddysTale_with-BackEnd\venv\Lib\site-packages\django\db\utils.py", line 91, in __exit__
    raise dj_exc_value.with_traceback(traceback) from exc_value
  File "C:\Users\Евгения\Desktop\Projects_web\TeddysTale_with-BackEnd\venv\Lib\site-packages\django\db\backends\utils.py", line 105, in _execute
    return self.cursor.execute(sql, params)
           ~~~~~~~~~~~~~~~~~~~^^^^^^^^^^^^^
django.db.utils.OperationalError: server closed the connection unexpectedly
	This probably means the server terminated abnormally
	before or while processing the request.
server closed the connection unexpectedly
	This probably means the server terminated abnormally
	before or while processing the request.
Stack (most recent call last):
  File "C:\Users\Евгения\AppData\Local\Programs\Python\Python313\Lib\threading.py", line 1014, in _bootstrap
    self._bootstrap_inner()
  File "C:\Users\Евгения\AppData\Local\Programs\Python\Python313\Lib\threading.py", line 1043, in _bootstrap_inner
    self.run()
  File "C:\Users\Евгения\AppData\Local\Programs\Python\Python313\Lib\threading.py", line 994, in run
    self._target(*self._args, **self._kwargs)
  File "C:\Users\Евгения\AppData\Local\Programs\Python\Python313\Lib\socketserver.py", line 697, in process_request_thread
    self.finish_request(request, client_address)
  File "C:\Users\Евгения\AppData\Local\Programs\Python\Python313\Lib\socketserver.py", line 362, in finish_request
    self.RequestHandlerClass(request, client_address, self)
  File "C:\Users\Евгения\AppData\Local\Programs\Python\Python313\Lib\socketserver.py", line 766, in __init__
    self.handle()
  File "C:\Users\Евгения\Desktop\Projects_web\TeddysTale_with-BackEnd\venv\Lib\site-packages\django\core\servers\basehttp.py", line 228, in handle
    self.handle_one_request()
  File "C:\Users\Евгения\Desktop\Projects_web\TeddysTale_with-BackEnd\venv\Lib\site-packages\django\core\servers\basehttp.py", line 253, in handle_one_request
    handler.run(self.server.get_app())
  File "C:\Users\Евгения\AppData\Local\Programs\Python\Python313\Lib\wsgiref\handlers.py", line 137, in run
    self.result = application(self.environ, self.start_response)
  File "C:\Users\Евгения\Desktop\Projects_web\TeddysTale_with-BackEnd\venv\Lib\site-packages\django\contrib\staticfiles\handlers.py", line 80, in __call__
    return self.application(environ, start_response)
  File "C:\Users\Евгения\Desktop\Projects_web\TeddysTale_with-BackEnd\venv\Lib\site-packages\django\core\handlers\wsgi.py", line 124, in __call__
    response = self.get_response(request)
  File "C:\Users\Евгения\Desktop\Projects_web\TeddysTale_with-BackEnd\venv\Lib\site-packages\django\core\handlers\base.py", line 140, in get_response
    response = self._middleware_chain(request)
  File "C:\Users\Евгения\Desktop\Projects_web\TeddysTale_with-BackEnd\venv\Lib\site-packages\django\core\handlers\exception.py", line 55, in inner
    response = get_response(request)
  File "C:\Users\Евгения\Desktop\Projects_web\TeddysTale_with-BackEnd\venv\Lib\site-packages\django\utils\deprecation.py", line 120, in __call__
    response = response or self.get_response(request)
  File "C:\Users\Евгения\Desktop\Projects_web\TeddysTale_with-BackEnd\venv\Lib\site-packages\django\core\handlers\exception.py", line 55, in inner
    response = get_response(request)
  File "C:\Users\Евгения\Desktop\Projects_web\TeddysTale_with-BackEnd\venv\Lib\site-packages\whitenoise\middleware.py", line 123, in __call__
    return self.get_response(request)
  File "C:\Users\Евгения\Desktop\Projects_web\TeddysTale_with-BackEnd\venv\Lib\site-packages\django\core\handlers\exception.py", line 55, in inner
    response = get_response(request)
  File "C:\Users\Евгения\Desktop\Projects_web\TeddysTale_with-BackEnd\venv\Lib\site-packages\django\utils\deprecation.py", line 120, in __call__
    response = response or self.get_response(request)
  File "C:\Users\Евгения\Desktop\Projects_web\TeddysTale_with-BackEnd\venv\Lib\site-packages\django\core\handlers\exception.py", line 55, in inner
    response = get_response(request)
  File "C:\Users\Евгения\Desktop\Projects_web\TeddysTale_with-BackEnd\venv\Lib\site-packages\django\utils\deprecation.py", line 120, in __call__
    response = response or self.get_response(request)
  File "C:\Users\Евгения\Desktop\Projects_web\TeddysTale_with-BackEnd\venv\Lib\site-packages\django\core\handlers\exception.py", line 55, in inner
    response = get_response(request)
  File "C:\Users\Евгения\Desktop\Projects_web\TeddysTale_with-BackEnd\venv\Lib\site-packages\django\utils\deprecation.py", line 120, in __call__
    response = response or self.get_response(request)
  File "C:\Users\Евгения\Desktop\Projects_web\TeddysTale_with-BackEnd\venv\Lib\site-packages\django\core\handlers\exception.py", line 55, in inner
    response = get_response(request)
  File "C:\Users\Евгения\Desktop\Projects_web\TeddysTale_with-BackEnd\venv\Lib\site-packages\django\utils\deprecation.py", line 120, in __call__
    response = response or self.get_response(request)
  File "C:\Users\Евгения\Desktop\Projects_web\TeddysTale_with-BackEnd\venv\Lib\site-packages\django\core\handlers\exception.py", line 55, in inner
    response = get_response(request)
  File "C:\Users\Евгения\Desktop\Projects_web\TeddysTale_with-BackEnd\venv\Lib\site-packages\django\utils\deprecation.py", line 120, in __call__
    response = response or self.get_response(request)
  File "C:\Users\Евгения\Desktop\Projects_web\TeddysTale_with-BackEnd\venv\Lib\site-packages\django\core\handlers\exception.py", line 55, in inner
    response = get_response(request)
  File "C:\Users\Евгения\Desktop\Projects_web\TeddysTale_with-BackEnd\venv\Lib\site-packages\django\utils\deprecation.py", line 120, in __call__
    response = response or self.get_response(request)
  File "C:\Users\Евгения\Desktop\Projects_web\TeddysTale_with-BackEnd\venv\Lib\site-packages\django\core\handlers\exception.py", line 55, in inner
    response = get_response(request)
  File "C:\Users\Евгения\Desktop\Projects_web\TeddysTale_with-BackEnd\venv\Lib\site-packages\django\utils\deprecation.py", line 120, in __call__
    response = response or self.get_response(request)
  File "C:\Users\Евгения\Desktop\Projects_web\TeddysTale_with-BackEnd\venv\Lib\site-packages\django\core\handlers\exception.py", line 55, in inner
    response = get_response(request)
  File "C:\Users\Евгения\Desktop\Projects_web\TeddysTale_with-BackEnd\teddytale\TeddyTale\middleware.py", line 25, in __call__
    response = self.get_response(request)
  File "C:\Users\Евгения\Desktop\Projects_web\TeddysTale_with-BackEnd\venv\Lib\site-packages\django\core\handlers\exception.py", line 55, in inner
    response = get_response(request)
  File "C:\Users\Евгения\Desktop\Projects_web\TeddysTale_with-BackEnd\venv\Lib\site-packages\django\core\handlers\base.py", line 197, in _get_response
    response = wrapped_callback(request, *callback_args, **callback_kwargs)
  File "C:\Users\Евгения\Desktop\Projects_web\TeddysTale_with-BackEnd\teddytale\landing\db_utils.py", line 21, in wrapper
    return func(*args, **kwargs)
  File "C:\Users\Евгения\Desktop\Projects_web\TeddysTale_with-BackEnd\teddytale\landing\views.py", line 170, in index
    logger.error(f"КРИТИЧЕСКАЯ ОШИБКА при загрузке данных главной страницы: {str(e)}",
[2026-01-10 21:28:36] WARNING landing.views - Используется резервный режим с безопасными значениями
[2026-01-10 21:30:03] DEBUG landing.views - Загружено товаров из базы: 8
[2026-01-10 21:30:03] DEBUG landing.views - Показывать заглушки: True, количество: 1
[2026-01-10 21:30:03] DEBUG landing.views - Контакты из базы данных: 10 записей
[2026-01-10 21:30:03] INFO landing.views - Главная страница успешно загружена. Товаров: 8, Координаты: 59.819642, 30.341524
[2026-01-10 21:30:35] DEBUG landing.views - Загружено товаров из базы: 8
[2026-01-10 21:30:35] DEBUG landing.views - Показывать заглушки: True, количество: 1
[2026-01-10 21:30:35] DEBUG landing.views - Контакты из базы данных: 10 записей
[2026-01-10 21:30:35] INFO landing.views - Главная страница успешно загружена. Товаров: 8, Координаты: 59.819642, 30.341524
[2026-01-10 21:31:36] DEBUG landing.views - Контакты для страницы privacy загружены из базы данных
[2026-01-11 10:15:17] DEBUG landing.views - Загружено товаров из базы: 8
[2026-01-11 10:15:17] DEBUG landing.views - Показывать заглушки: True, количество: 1
[2026-01-11 10:15:17] DEBUG landing.views - Контакты из базы данных: 10 записей
[2026-01-11 10:15:17] INFO landing.views - Главная страница успешно загружена. Товаров: 8, Координаты: 59.819642, 30.341524
[2026-01-11 10:24:54] DEBUG landing.views - Загружено товаров из базы: 8
[2026-01-11 10:24:54] DEBUG landing.views - Показывать заглушки: True, количество: 1
[2026-01-11 10:24:55] DEBUG landing.views - Контакты из базы данных: 10 записей
[2026-01-11 10:24:55] INFO landing.views - Главная страница успешно загружена. Товаров: 8, Координаты: 59.819642, 30.341524
[2026-01-11 10:25:05] DEBUG landing.views - Загружено товаров из базы: 8
[2026-01-11 10:25:05] DEBUG landing.views - Показывать заглушки: True, количество: 1
[2026-01-11 10:25:05] DEBUG landing.views - Контакты из базы данных: 10 записей
[2026-01-11 10:25:05] INFO landing.views - Главная страница успешно загружена. Товаров: 8, Координаты: 59.819642, 30.341524
[2026-01-11 10:25:33] DEBUG landing.views - Загружено товаров из базы: 8
[2026-01-11 10:25:33] DEBUG landing.views - Показывать заглушки: True, количество: 1
[2026-01-11 10:25:33] DEBUG landing.views - Контакты из базы данных: 10 записей
[2026-01-11 10:25:33] INFO landing.views - Главная страница успешно загружена. Товаров: 8, Координаты: 59.819642, 30.341524
[2026-01-11 10:25:50] DEBUG landing.views - Загружено товаров из базы: 8
[2026-01-11 10:25:50] DEBUG landing.views - Показывать заглушки: True, количество: 1
[2026-01-11 10:25:50] DEBUG landing.views - Контакты из базы данных: 10 записей
[2026-01-11 10:25:50] INFO landing.views - Главная страница успешно загружена. Товаров: 8, Координаты: 59.819642, 30.341524
[2026-01-11 10:26:00] ERROR landing.views - КРИТИЧЕСКАЯ ОШИБКА при загрузке данных главной страницы: connection to server at "aws-1-eu-west-1.pooler.supabase.com" (18.202.64.2), port 5432 failed: FATAL:  MaxClientsInSessionMode: max clients reached - in Session mode max clients are limited to pool_size
Traceback (most recent call last):
  File "C:\Users\Евгения\Desktop\Projects_web\TeddysTale_with-BackEnd\venv\Lib\site-packages\django\db\backends\base\base.py", line 279, in ensure_connection
    self.connect()
    ~~~~~~~~~~~~^^
  File "C:\Users\Евгения\Desktop\Projects_web\TeddysTale_with-BackEnd\venv\Lib\site-packages\django\utils\asyncio.py", line 26, in inner
    return func(*args, **kwargs)
  File "C:\Users\Евгения\Desktop\Projects_web\TeddysTale_with-BackEnd\venv\Lib\site-packages\django\db\backends\base\base.py", line 256, in connect
    self.connection = self.get_new_connection(conn_params)
                      ~~~~~~~~~~~~~~~~~~~~~~~^^^^^^^^^^^^^
  File "C:\Users\Евгения\Desktop\Projects_web\TeddysTale_with-BackEnd\venv\Lib\site-packages\django\utils\asyncio.py", line 26, in inner
    return func(*args, **kwargs)
  File "C:\Users\Евгения\Desktop\Projects_web\TeddysTale_with-BackEnd\venv\Lib\site-packages\django\db\backends\postgresql\base.py", line 332, in get_new_connection
    connection = self.Database.connect(**conn_params)
  File "C:\Users\Евгения\Desktop\Projects_web\TeddysTale_with-BackEnd\venv\Lib\site-packages\psycopg2\__init__.py", line 135, in connect
    conn = _connect(dsn, connection_factory=connection_factory, **kwasync)
psycopg2.OperationalError: connection to server at "aws-1-eu-west-1.pooler.supabase.com" (18.202.64.2), port 5432 failed: FATAL:  MaxClientsInSessionMode: max clients reached - in Session mode max clients are limited to pool_size


The above exception was the direct cause of the following exception:

Traceback (most recent call last):
  File "C:\Users\Евгения\Desktop\Projects_web\TeddysTale_with-BackEnd\teddytale\landing\views.py", line 21, in index
    meta_section = PageSection.objects.filter(section_key='meta').first()
  File "C:\Users\Евгения\Desktop\Projects_web\TeddysTale_with-BackEnd\venv\Lib\site-packages\django\db\models\query.py", line 1106, in first
    for obj in queryset[:1]:
               ~~~~~~~~^^^^
  File "C:\Users\Евгения\Desktop\Projects_web\TeddysTale_with-BackEnd\venv\Lib\site-packages\django\db\models\query.py", line 386, in __iter__
    self._fetch_all()
    ~~~~~~~~~~~~~~~^^
  File "C:\Users\Евгения\Desktop\Projects_web\TeddysTale_with-BackEnd\venv\Lib\site-packages\django\db\models\query.py", line 1954, in _fetch_all
    self._result_cache = list(self._iterable_class(self))
                         ~~~~^^^^^^^^^^^^^^^^^^^^^^^^^^^^
  File "C:\Users\Евгения\Desktop\Projects_web\TeddysTale_with-BackEnd\venv\Lib\site-packages\django\db\models\query.py", line 93, in __iter__
    results = compiler.execute_sql(
        chunked_fetch=self.chunked_fetch, chunk_size=self.chunk_size
    )
  File "C:\Users\Евгения\Desktop\Projects_web\TeddysTale_with-BackEnd\venv\Lib\site-packages\django\db\models\sql\compiler.py", line 1621, in execute_sql
    cursor = self.connection.cursor()
  File "C:\Users\Евгения\Desktop\Projects_web\TeddysTale_with-BackEnd\venv\Lib\site-packages\django\utils\asyncio.py", line 26, in inner
    return func(*args, **kwargs)
  File "C:\Users\Евгения\Desktop\Projects_web\TeddysTale_with-BackEnd\venv\Lib\site-packages\django\db\backends\base\base.py", line 320, in cursor
    return self._cursor()
           ~~~~~~~~~~~~^^
  File "C:\Users\Евгения\Desktop\Projects_web\TeddysTale_with-BackEnd\venv\Lib\site-packages\django\db\backends\base\base.py", line 296, in _cursor
    self.ensure_connection()
    ~~~~~~~~~~~~~~~~~~~~~~^^
  File "C:\Users\Евгения\Desktop\Projects_web\TeddysTale_with-BackEnd\venv\Lib\site-packages\django\utils\asyncio.py", line 26, in inner
    return func(*args, **kwargs)
  File "C:\Users\Евгения\Desktop\Projects_web\TeddysTale_with-BackEnd\venv\Lib\site-packages\django\db\backends\base\base.py", line 278, in ensure_connection
    with self.wrap_database_errors:
         ^^^^^^^^^^^^^^^^^^^^^^^^^
  File "C:\Users\Евгения\Desktop\Projects_web\TeddysTale_with-BackEnd\venv\Lib\site-packages\django\db\utils.py", line 91, in __exit__
    raise dj_exc_value.with_traceback(traceback) from exc_value
  File "C:\Users\Евгения\Desktop\Projects_web\TeddysTale_with-BackEnd\venv\Lib\site-packages\django\db\backends\base\base.py", line 279, in ensure_connection
    self.connect()
    ~~~~~~~~~~~~^^
  File "C:\Users\Евгения\Desktop\Projects_web\TeddysTale_with-BackEnd\venv\Lib\site-packages\django\utils\asyncio.py", line 26, in inner
    return func(*args, **kwargs)
  File "C:\Users\Евгения\Desktop\Projects_web\TeddysTale_with-BackEnd\venv\Lib\site-packages\django\db\backends\base\base.py", line 256, in connect
    self.connection = self.get_new_connection(conn_params)
                      ~~~~~~~~~~~~~~~~~~~~~~~^^^^^^^^^^^^^
  File "C:\Users\Евгения\Desktop\Projects_web\TeddysTale_with-BackEnd\venv\Lib\site-packages\django\utils\asyncio.py", line 26, in inner
    return func(*args, **kwargs)
  File "C:\Users\Евгения\Desktop\Projects_web\TeddysTale_with-BackEnd\venv\Lib\site-packages\django\db\backends\postgresql\base.py", line 332, in get_new_connection
    connection = self.Database.connect(**conn_params)
  File "C:\Users\Евгения\Desktop\Projects_web\TeddysTale_with-BackEnd\venv\Lib\site-packages\psycopg2\__init__.py", line 135, in connect
    conn = _connect(dsn, connection_factory=connection_factory, **kwasync)
django.db.utils.OperationalError: connection to server at "aws-1-eu-west-1.pooler.supabase.com" (18.202.64.2), port 5432 failed: FATAL:  MaxClientsInSessionMode: max clients reached - in Session mode max clients are limited to pool_size
Stack (most recent call last):
  File "C:\Users\Евгения\AppData\Local\Programs\Python\Python313\Lib\threading.py", line 1014, in _bootstrap
    self._bootstrap_inner()
  File "C:\Users\Евгения\AppData\Local\Programs\Python\Python313\Lib\threading.py", line 1043, in _bootstrap_inner
    self.run()
  File "C:\Users\Евгения\AppData\Local\Programs\Python\Python313\Lib\threading.py", line 994, in run
    self._target(*self._args, **self._kwargs)
  File "C:\Users\Евгения\AppData\Local\Programs\Python\Python313\Lib\socketserver.py", line 697, in process_request_thread
    self.finish_request(request, client_address)
  File "C:\Users\Евгения\AppData\Local\Programs\Python\Python313\Lib\socketserver.py", line 362, in finish_request
    self.RequestHandlerClass(request, client_address, self)
  File "C:\Users\Евгения\AppData\Local\Programs\Python\Python313\Lib\socketserver.py", line 766, in __init__
    self.handle()
  File "C:\Users\Евгения\Desktop\Projects_web\TeddysTale_with-BackEnd\venv\Lib\site-packages\django\core\servers\basehttp.py", line 228, in handle
    self.handle_one_request()
  File "C:\Users\Евгения\Desktop\Projects_web\TeddysTale_with-BackEnd\venv\Lib\site-packages\django\core\servers\basehttp.py", line 253, in handle_one_request
    handler.run(self.server.get_app())
  File "C:\Users\Евгения\AppData\Local\Programs\Python\Python313\Lib\wsgiref\handlers.py", line 137, in run
    self.result = application(self.environ, self.start_response)
  File "C:\Users\Евгения\Desktop\Projects_web\TeddysTale_with-BackEnd\venv\Lib\site-packages\django\contrib\staticfiles\handlers.py", line 80, in __call__
    return self.application(environ, start_response)
  File "C:\Users\Евгения\Desktop\Projects_web\TeddysTale_with-BackEnd\venv\Lib\site-packages\django\core\handlers\wsgi.py", line 124, in __call__
    response = self.get_response(request)
  File "C:\Users\Евгения\Desktop\Projects_web\TeddysTale_with-BackEnd\venv\Lib\site-packages\django\core\handlers\base.py", line 140, in get_response
    response = self._middleware_chain(request)
  File "C:\Users\Евгения\Desktop\Projects_web\TeddysTale_with-BackEnd\venv\Lib\site-packages\django\core\handlers\exception.py", line 55, in inner
    response = get_response(request)
  File "C:\Users\Евгения\Desktop\Projects_web\TeddysTale_with-BackEnd\venv\Lib\site-packages\django\utils\deprecation.py", line 120, in __call__
    response = response or self.get_response(request)
  File "C:\Users\Евгения\Desktop\Projects_web\TeddysTale_with-BackEnd\venv\Lib\site-packages\django\core\handlers\exception.py", line 55, in inner
    response = get_response(request)
  File "C:\Users\Евгения\Desktop\Projects_web\TeddysTale_with-BackEnd\venv\Lib\site-packages\whitenoise\middleware.py", line 123, in __call__
    return self.get_response(request)
  File "C:\Users\Евгения\Desktop\Projects_web\TeddysTale_with-BackEnd\venv\Lib\site-packages\django\core\handlers\exception.py", line 55, in inner
    response = get_response(request)
  File "C:\Users\Евгения\Desktop\Projects_web\TeddysTale_with-BackEnd\venv\Lib\site-packages\django\utils\deprecation.py", line 120, in __call__
    response = response or self.get_response(request)
  File "C:\Users\Евгения\Desktop\Projects_web\TeddysTale_with-BackEnd\venv\Lib\site-packages\django\core\handlers\exception.py", line 55, in inner
    response = get_response(request)
  File "C:\Users\Евгения\Desktop\Projects_web\TeddysTale_with-BackEnd\venv\Lib\site-packages\django\utils\deprecation.py", line 120, in __call__
    response = response or self.get_response(request)
  File "C:\Users\Евгения\Desktop\Projects_web\TeddysTale_with-BackEnd\venv\Lib\site-packages\django\core\handlers\exception.py", line 55, in inner
    response = get_response(request)
  File "C:\Users\Евгения\Desktop\Projects_web\TeddysTale_with-BackEnd\venv\Lib\site-packages\django\utils\deprecation.py", line 120, in __call__
    response = response or self.get_response(request)
  File "C:\Users\Евгения\Desktop\Projects_web\TeddysTale_with-BackEnd\venv\Lib\site-packages\django\core\handlers\exception.py", line 55, in inner
    response = get_response(request)
  File "C:\Users\Евгения\Desktop\Projects_web\TeddysTale_with-BackEnd\venv\Lib\site-packages\django\utils\deprecation.py", line 120, in __call__
    response = response or self.get_response(request)
  File "C:\Users\Евгения\Desktop\Projects_web\TeddysTale_with-BackEnd\venv\Lib\site-packages\django\core\handlers\exception.py", line 55, in inner
    response = get_response(request)
  File "C:\Users\Евгения\Desktop\Projects_web\TeddysTale_with-BackEnd\venv\Lib\site-packages\django\utils\deprecation.py", line 120, in __call__
    response = response or self.get_response(request)
  File "C:\Users\Евгения\Desktop\Projects_web\TeddysTale_with-BackEnd\venv\Lib\site-packages\django\core\handlers\exception.py", line 55, in inner
    response = get_response(request)
  File "C:\Users\Евгения\Desktop\Projects_web\TeddysTale_with-BackEnd\venv\Lib\site-packages\django\utils\deprecation.py", line 120, in __call__
    response = response or self.get_response(request)
  File "C:\Users\Евгения\Desktop\Projects_web\TeddysTale_with-BackEnd\venv\Lib\site-packages\django\core\handlers\exception.py", line 55, in inner
    response = get_response(request)
  File "C:\Users\Евгения\Desktop\Projects_web\TeddysTale_with-BackEnd\venv\Lib\site-packages\django\utils\deprecation.py", line 120, in __call__
    response = response or self.get_response(request)
  File "C:\Users\Евгения\Desktop\Projects_web\TeddysTale_with-BackEnd\venv\Lib\site-packages\django\core\handlers\exception.py", line 55, in inner
    response = get_response(request)
  File "C:\Users\Евгения\Desktop\Projects_web\TeddysTale_with-BackEnd\teddytale\TeddyTale\middleware.py", line 25, in __call__
    response = self.get_response(request)
  File "C:\Users\Евгения\Desktop\Projects_web\TeddysTale_with-BackEnd\venv\Lib\site-packages\django\core\handlers\exception.py", line 55, in inner
    response = get_response(request)
  File "C:\Users\Евгения\Desktop\Projects_web\TeddysTale_with-BackEnd\venv\Lib\site-packages\django\core\handlers\base.py", line 197, in _get_response
    response = wrapped_callback(request, *callback_args, **callback_kwargs)
  File "C:\Users\Евгения\Desktop\Projects_web\TeddysTale_with-BackEnd\teddytale\landing\db_utils.py", line 21, in wrapper
    return func(*args, **kwargs)
  File "C:\Users\Евгения\Desktop\Projects_web\TeddysTale_with-BackEnd\teddytale\landing\views.py", line 170, in index
    logger.error(f"КРИТИЧЕСКАЯ ОШИБКА при загрузке данных главной страницы: {str(e)}",
[2026-01-11 10:26:00] WARNING landing.views - Используется резервный режим с безопасными значениями
[2026-01-11 10:27:59] ERROR landing.views - КРИТИЧЕСКАЯ ОШИБКА при загрузке данных главной страницы: server closed the connection unexpectedly
	This probably means the server terminated abnormally
	before or while processing the request.
server closed the connection unexpectedly
	This probably means the server terminated abnormally
	before or while processing the request.
Traceback (most recent call last):
  File "C:\Users\Евгения\Desktop\Projects_web\TeddysTale_with-BackEnd\venv\Lib\site-packages\django\db\backends\utils.py", line 105, in _execute
    return self.cursor.execute(sql, params)
           ~~~~~~~~~~~~~~~~~~~^^^^^^^^^^^^^
psycopg2.OperationalError: server closed the connection unexpectedly
	This probably means the server terminated abnormally
	before or while processing the request.
server closed the connection unexpectedly
	This probably means the server terminated abnormally
	before or while processing the request.


The above exception was the direct cause of the following exception:

Traceback (most recent call last):
  File "C:\Users\Евгения\Desktop\Projects_web\TeddysTale_with-BackEnd\teddytale\landing\views.py", line 53, in index
    shop_items = list(ShopItem.objects.filter(is_active=True).order_by('slot_number'))
  File "C:\Users\Евгения\Desktop\Projects_web\TeddysTale_with-BackEnd\venv\Lib\site-packages\django\db\models\query.py", line 386, in __iter__
    self._fetch_all()
    ~~~~~~~~~~~~~~~^^
  File "C:\Users\Евгения\Desktop\Projects_web\TeddysTale_with-BackEnd\venv\Lib\site-packages\django\db\models\query.py", line 1954, in _fetch_all
    self._result_cache = list(self._iterable_class(self))
                         ~~~~^^^^^^^^^^^^^^^^^^^^^^^^^^^^
  File "C:\Users\Евгения\Desktop\Projects_web\TeddysTale_with-BackEnd\venv\Lib\site-packages\django\db\models\query.py", line 93, in __iter__
    results = compiler.execute_sql(
        chunked_fetch=self.chunked_fetch, chunk_size=self.chunk_size
    )
  File "C:\Users\Евгения\Desktop\Projects_web\TeddysTale_with-BackEnd\venv\Lib\site-packages\django\db\models\sql\compiler.py", line 1623, in execute_sql
    cursor.execute(sql, params)
    ~~~~~~~~~~~~~~^^^^^^^^^^^^^
  File "C:\Users\Евгения\Desktop\Projects_web\TeddysTale_with-BackEnd\venv\Lib\site-packages\django\db\backends\utils.py", line 122, in execute
    return super().execute(sql, params)
           ~~~~~~~~~~~~~~~^^^^^^^^^^^^^
  File "C:\Users\Евгения\Desktop\Projects_web\TeddysTale_with-BackEnd\venv\Lib\site-packages\django\db\backends\utils.py", line 79, in execute
    return self._execute_with_wrappers(
           ~~~~~~~~~~~~~~~~~~~~~~~~~~~^
        sql, params, many=False, executor=self._execute
        ^^^^^^^^^^^^^^^^^^^^^^^^^^^^^^^^^^^^^^^^^^^^^^^
    )
    ^
  File "C:\Users\Евгения\Desktop\Projects_web\TeddysTale_with-BackEnd\venv\Lib\site-packages\django\db\backends\utils.py", line 92, in _execute_with_wrappers
    return executor(sql, params, many, context)
  File "C:\Users\Евгения\Desktop\Projects_web\TeddysTale_with-BackEnd\venv\Lib\site-packages\django\db\backends\utils.py", line 100, in _execute
    with self.db.wrap_database_errors:
         ^^^^^^^^^^^^^^^^^^^^^^^^^^^^
  File "C:\Users\Евгения\Desktop\Projects_web\TeddysTale_with-BackEnd\venv\Lib\site-packages\django\db\utils.py", line 91, in __exit__
    raise dj_exc_value.with_traceback(traceback) from exc_value
  File "C:\Users\Евгения\Desktop\Projects_web\TeddysTale_with-BackEnd\venv\Lib\site-packages\django\db\backends\utils.py", line 105, in _execute
    return self.cursor.execute(sql, params)
           ~~~~~~~~~~~~~~~~~~~^^^^^^^^^^^^^
django.db.utils.OperationalError: server closed the connection unexpectedly
	This probably means the server terminated abnormally
	before or while processing the request.
server closed the connection unexpectedly
	This probably means the server terminated abnormally
	before or while processing the request.
Stack (most recent call last):
  File "C:\Users\Евгения\AppData\Local\Programs\Python\Python313\Lib\threading.py", line 1014, in _bootstrap
    self._bootstrap_inner()
  File "C:\Users\Евгения\AppData\Local\Programs\Python\Python313\Lib\threading.py", line 1043, in _bootstrap_inner
    self.run()
  File "C:\Users\Евгения\AppData\Local\Programs\Python\Python313\Lib\threading.py", line 994, in run
    self._target(*self._args, **self._kwargs)
  File "C:\Users\Евгения\AppData\Local\Programs\Python\Python313\Lib\socketserver.py", line 697, in process_request_thread
    self.finish_request(request, client_address)
  File "C:\Users\Евгения\AppData\Local\Programs\Python\Python313\Lib\socketserver.py", line 362, in finish_request
    self.RequestHandlerClass(request, client_address, self)
  File "C:\Users\Евгения\AppData\Local\Programs\Python\Python313\Lib\socketserver.py", line 766, in __init__
    self.handle()
  File "C:\Users\Евгения\Desktop\Projects_web\TeddysTale_with-BackEnd\venv\Lib\site-packages\django\core\servers\basehttp.py", line 228, in handle
    self.handle_one_request()
  File "C:\Users\Евгения\Desktop\Projects_web\TeddysTale_with-BackEnd\venv\Lib\site-packages\django\core\servers\basehttp.py", line 253, in handle_one_request
    handler.run(self.server.get_app())
  File "C:\Users\Евгения\AppData\Local\Programs\Python\Python313\Lib\wsgiref\handlers.py", line 137, in run
    self.result = application(self.environ, self.start_response)
  File "C:\Users\Евгения\Desktop\Projects_web\TeddysTale_with-BackEnd\venv\Lib\site-packages\django\contrib\staticfiles\handlers.py", line 80, in __call__
    return self.application(environ, start_response)
  File "C:\Users\Евгения\Desktop\Projects_web\TeddysTale_with-BackEnd\venv\Lib\site-packages\django\core\handlers\wsgi.py", line 124, in __call__
    response = self.get_response(request)
  File "C:\Users\Евгения\Desktop\Projects_web\TeddysTale_with-BackEnd\venv\Lib\site-packages\django\core\handlers\base.py", line 140, in get_response
    response = self._middleware_chain(request)
  File "C:\Users\Евгения\Desktop\Projects_web\TeddysTale_with-BackEnd\venv\Lib\site-packages\django\core\handlers\exception.py", line 55, in inner
    response = get_response(request)
  File "C:\Users\Евгения\Desktop\Projects_web\TeddysTale_with-BackEnd\venv\Lib\site-packages\django\utils\deprecation.py", line 120, in __call__
    response = response or self.get_response(request)
  File "C:\Users\Евгения\Desktop\Projects_web\TeddysTale_with-BackEnd\venv\Lib\site-packages\django\core\handlers\exception.py", line 55, in inner
    response = get_response(request)
  File "C:\Users\Евгения\Desktop\Projects_web\TeddysTale_with-BackEnd\venv\Lib\site-packages\whitenoise\middleware.py", line 123, in __call__
    return self.get_response(request)
  File "C:\Users\Евгения\Desktop\Projects_web\TeddysTale_with-BackEnd\venv\Lib\site-packages\django\core\handlers\exception.py", line 55, in inner
    response = get_response(request)
  File "C:\Users\Евгения\Desktop\Projects_web\TeddysTale_with-BackEnd\venv\Lib\site-packages\django\utils\deprecation.py", line 120, in __call__
    response = response or self.get_response(request)
  File "C:\Users\Евгения\Desktop\Projects_web\TeddysTale_with-BackEnd\venv\Lib\site-packages\django\core\handlers\exception.py", line 55, in inner
    response = get_response(request)
  File "C:\Users\Евгения\Desktop\Projects_web\TeddysTale_with-BackEnd\venv\Lib\site-packages\django\utils\deprecation.py", line 120, in __call__
    response = response or self.get_response(request)
  File "C:\Users\Евгения\Desktop\Projects_web\TeddysTale_with-BackEnd\venv\Lib\site-packages\django\core\handlers\exception.py", line 55, in inner
    response = get_response(request)
  File "C:\Users\Евгения\Desktop\Projects_web\TeddysTale_with-BackEnd\venv\Lib\site-packages\django\utils\deprecation.py", line 120, in __call__
    response = response or self.get_response(request)
  File "C:\Users\Евгения\Desktop\Projects_web\TeddysTale_with-BackEnd\venv\Lib\site-packages\django\core\handlers\exception.py", line 55, in inner
    response = get_response(request)
  File "C:\Users\Евгения\Desktop\Projects_web\TeddysTale_with-BackEnd\venv\Lib\site-packages\django\utils\deprecation.py", line 120, in __call__
    response = response or self.get_response(request)
  File "C:\Users\Евгения\Desktop\Projects_web\TeddysTale_with-BackEnd\venv\Lib\site-packages\django\core\handlers\exception.py", line 55, in inner
    response = get_response(request)
  File "C:\Users\Евгения\Desktop\Projects_web\TeddysTale_with-BackEnd\venv\Lib\site-packages\django\utils\deprecation.py", line 120, in __call__
    response = response or self.get_response(request)
  File "C:\Users\Евгения\Desktop\Projects_web\TeddysTale_with-BackEnd\venv\Lib\site-packages\django\core\handlers\exception.py", line 55, in inner
    response = get_response(request)
  File "C:\Users\Евгения\Desktop\Projects_web\TeddysTale_with-BackEnd\venv\Lib\site-packages\django\utils\deprecation.py", line 120, in __call__
    response = response or self.get_response(request)
  File "C:\Users\Евгения\Desktop\Projects_web\TeddysTale_with-BackEnd\venv\Lib\site-packages\django\core\handlers\exception.py", line 55, in inner
    response = get_response(request)
  File "C:\Users\Евгения\Desktop\Projects_web\TeddysTale_with-BackEnd\venv\Lib\site-packages\django\utils\deprecation.py", line 120, in __call__
    response = response or self.get_response(request)
  File "C:\Users\Евгения\Desktop\Projects_web\TeddysTale_with-BackEnd\venv\Lib\site-packages\django\core\handlers\exception.py", line 55, in inner
    response = get_response(request)
  File "C:\Users\Евгения\Desktop\Projects_web\TeddysTale_with-BackEnd\teddytale\TeddyTale\middleware.py", line 25, in __call__
    response = self.get_response(request)
  File "C:\Users\Евгения\Desktop\Projects_web\TeddysTale_with-BackEnd\venv\Lib\site-packages\django\core\handlers\exception.py", line 55, in inner
    response = get_response(request)
  File "C:\Users\Евгения\Desktop\Projects_web\TeddysTale_with-BackEnd\venv\Lib\site-packages\django\core\handlers\base.py", line 197, in _get_response
    response = wrapped_callback(request, *callback_args, **callback_kwargs)
  File "C:\Users\Евгения\Desktop\Projects_web\TeddysTale_with-BackEnd\teddytale\landing\db_utils.py", line 21, in wrapper
    return func(*args, **kwargs)
  File "C:\Users\Евгения\Desktop\Projects_web\TeddysTale_with-BackEnd\teddytale\landing\views.py", line 170, in index
    logger.error(f"КРИТИЧЕСКАЯ ОШИБКА при загрузке данных главной страницы: {str(e)}",
[2026-01-11 10:27:59] WARNING landing.views - Используется резервный режим с безопасными значениями
[2026-01-11 10:28:53] ERROR landing.views - КРИТИЧЕСКАЯ ОШИБКА при загрузке данных главной страницы: server closed the connection unexpectedly
	This probably means the server terminated abnormally
	before or while processing the request.
server closed the connection unexpectedly
	This probably means the server terminated abnormally
	before or while processing the request.
Traceback (most recent call last):
  File "C:\Users\Евгения\Desktop\Projects_web\TeddysTale_with-BackEnd\venv\Lib\site-packages\django\db\backends\utils.py", line 105, in _execute
    return self.cursor.execute(sql, params)
           ~~~~~~~~~~~~~~~~~~~^^^^^^^^^^^^^
psycopg2.OperationalError: server closed the connection unexpectedly
	This probably means the server terminated abnormally
	before or while processing the request.
server closed the connection unexpectedly
	This probably means the server terminated abnormally
	before or while processing the request.


The above exception was the direct cause of the following exception:

Traceback (most recent call last):
  File "C:\Users\Евгения\Desktop\Projects_web\TeddysTale_with-BackEnd\teddytale\landing\views.py", line 53, in index
    shop_items = list(ShopItem.objects.filter(is_active=True).order_by('slot_number'))
  File "C:\Users\Евгения\Desktop\Projects_web\TeddysTale_with-BackEnd\venv\Lib\site-packages\django\db\models\query.py", line 386, in __iter__
    self._fetch_all()
    ~~~~~~~~~~~~~~~^^
  File "C:\Users\Евгения\Desktop\Projects_web\TeddysTale_with-BackEnd\venv\Lib\site-packages\django\db\models\query.py", line 1954, in _fetch_all
    self._result_cache = list(self._iterable_class(self))
                         ~~~~^^^^^^^^^^^^^^^^^^^^^^^^^^^^
  File "C:\Users\Евгения\Desktop\Projects_web\TeddysTale_with-BackEnd\venv\Lib\site-packages\django\db\models\query.py", line 93, in __iter__
    results = compiler.execute_sql(
        chunked_fetch=self.chunked_fetch, chunk_size=self.chunk_size
    )
  File "C:\Users\Евгения\Desktop\Projects_web\TeddysTale_with-BackEnd\venv\Lib\site-packages\django\db\models\sql\compiler.py", line 1623, in execute_sql
    cursor.execute(sql, params)
    ~~~~~~~~~~~~~~^^^^^^^^^^^^^
  File "C:\Users\Евгения\Desktop\Projects_web\TeddysTale_with-BackEnd\venv\Lib\site-packages\django\db\backends\utils.py", line 122, in execute
    return super().execute(sql, params)
           ~~~~~~~~~~~~~~~^^^^^^^^^^^^^
  File "C:\Users\Евгения\Desktop\Projects_web\TeddysTale_with-BackEnd\venv\Lib\site-packages\django\db\backends\utils.py", line 79, in execute
    return self._execute_with_wrappers(
           ~~~~~~~~~~~~~~~~~~~~~~~~~~~^
        sql, params, many=False, executor=self._execute
        ^^^^^^^^^^^^^^^^^^^^^^^^^^^^^^^^^^^^^^^^^^^^^^^
    )
    ^
  File "C:\Users\Евгения\Desktop\Projects_web\TeddysTale_with-BackEnd\venv\Lib\site-packages\django\db\backends\utils.py", line 92, in _execute_with_wrappers
    return executor(sql, params, many, context)
  File "C:\Users\Евгения\Desktop\Projects_web\TeddysTale_with-BackEnd\venv\Lib\site-packages\django\db\backends\utils.py", line 100, in _execute
    with self.db.wrap_database_errors:
         ^^^^^^^^^^^^^^^^^^^^^^^^^^^^
  File "C:\Users\Евгения\Desktop\Projects_web\TeddysTale_with-BackEnd\venv\Lib\site-packages\django\db\utils.py", line 91, in __exit__
    raise dj_exc_value.with_traceback(traceback) from exc_value
  File "C:\Users\Евгения\Desktop\Projects_web\TeddysTale_with-BackEnd\venv\Lib\site-packages\django\db\backends\utils.py", line 105, in _execute
    return self.cursor.execute(sql, params)
           ~~~~~~~~~~~~~~~~~~~^^^^^^^^^^^^^
django.db.utils.OperationalError: server closed the connection unexpectedly
	This probably means the server terminated abnormally
	before or while processing the request.
server closed the connection unexpectedly
	This probably means the server terminated abnormally
	before or while processing the request.
Stack (most recent call last):
  File "C:\Users\Евгения\AppData\Local\Programs\Python\Python313\Lib\threading.py", line 1014, in _bootstrap
    self._bootstrap_inner()
  File "C:\Users\Евгения\AppData\Local\Programs\Python\Python313\Lib\threading.py", line 1043, in _bootstrap_inner
    self.run()
  File "C:\Users\Евгения\AppData\Local\Programs\Python\Python313\Lib\threading.py", line 994, in run
    self._target(*self._args, **self._kwargs)
  File "C:\Users\Евгения\AppData\Local\Programs\Python\Python313\Lib\socketserver.py", line 697, in process_request_thread
    self.finish_request(request, client_address)
  File "C:\Users\Евгения\AppData\Local\Programs\Python\Python313\Lib\socketserver.py", line 362, in finish_request
    self.RequestHandlerClass(request, client_address, self)
  File "C:\Users\Евгения\AppData\Local\Programs\Python\Python313\Lib\socketserver.py", line 766, in __init__
    self.handle()
  File "C:\Users\Евгения\Desktop\Projects_web\TeddysTale_with-BackEnd\venv\Lib\site-packages\django\core\servers\basehttp.py", line 230, in handle
    self.handle_one_request()
  File "C:\Users\Евгения\Desktop\Projects_web\TeddysTale_with-BackEnd\venv\Lib\site-packages\django\core\servers\basehttp.py", line 253, in handle_one_request
    handler.run(self.server.get_app())
  File "C:\Users\Евгения\AppData\Local\Programs\Python\Python313\Lib\wsgiref\handlers.py", line 137, in run
    self.result = application(self.environ, self.start_response)
  File "C:\Users\Евгения\Desktop\Projects_web\TeddysTale_with-BackEnd\venv\Lib\site-packages\django\contrib\staticfiles\handlers.py", line 80, in __call__
    return self.application(environ, start_response)
  File "C:\Users\Евгения\Desktop\Projects_web\TeddysTale_with-BackEnd\venv\Lib\site-packages\django\core\handlers\wsgi.py", line 124, in __call__
    response = self.get_response(request)
  File "C:\Users\Евгения\Desktop\Projects_web\TeddysTale_with-BackEnd\venv\Lib\site-packages\django\core\handlers\base.py", line 140, in get_response
    response = self._middleware_chain(request)
  File "C:\Users\Евгения\Desktop\Projects_web\TeddysTale_with-BackEnd\venv\Lib\site-packages\django\core\handlers\exception.py", line 55, in inner
    response = get_response(request)
  File "C:\Users\Евгения\Desktop\Projects_web\TeddysTale_with-BackEnd\venv\Lib\site-packages\django\utils\deprecation.py", line 120, in __call__
    response = response or self.get_response(request)
  File "C:\Users\Евгения\Desktop\Projects_web\TeddysTale_with-BackEnd\venv\Lib\site-packages\django\core\handlers\exception.py", line 55, in inner
    response = get_response(request)
  File "C:\Users\Евгения\Desktop\Projects_web\TeddysTale_with-BackEnd\venv\Lib\site-packages\whitenoise\middleware.py", line 123, in __call__
    return self.get_response(request)
  File "C:\Users\Евгения\Desktop\Projects_web\TeddysTale_with-BackEnd\venv\Lib\site-packages\django\core\handlers\exception.py", line 55, in inner
    response = get_response(request)
  File "C:\Users\Евгения\Desktop\Projects_web\TeddysTale_with-BackEnd\venv\Lib\site-packages\django\utils\deprecation.py", line 120, in __call__
    response = response or self.get_response(request)
  File "C:\Users\Евгения\Desktop\Projects_web\TeddysTale_with-BackEnd\venv\Lib\site-packages\django\core\handlers\exception.py", line 55, in inner
    response = get_response(request)
  File "C:\Users\Евгения\Desktop\Projects_web\TeddysTale_with-BackEnd\venv\Lib\site-packages\django\utils\deprecation.py", line 120, in __call__
    response = response or self.get_response(request)
  File "C:\Users\Евгения\Desktop\Projects_web\TeddysTale_with-BackEnd\venv\Lib\site-packages\django\core\handlers\exception.py", line 55, in inner
    response = get_response(request)
  File "C:\Users\Евгения\Desktop\Projects_web\TeddysTale_with-BackEnd\venv\Lib\site-packages\django\utils\deprecation.py", line 120, in __call__
    response = response or self.get_response(request)
  File "C:\Users\Евгения\Desktop\Projects_web\TeddysTale_with-BackEnd\venv\Lib\site-packages\django\core\handlers\exception.py", line 55, in inner
    response = get_response(request)
  File "C:\Users\Евгения\Desktop\Projects_web\TeddysTale_with-BackEnd\venv\Lib\site-packages\django\utils\deprecation.py", line 120, in __call__
    response = response or self.get_response(request)
  File "C:\Users\Евгения\Desktop\Projects_web\TeddysTale_with-BackEnd\venv\Lib\site-packages\django\core\handlers\exception.py", line 55, in inner
    response = get_response(request)
  File "C:\Users\Евгения\Desktop\Projects_web\TeddysTale_with-BackEnd\venv\Lib\site-packages\django\utils\deprecation.py", line 120, in __call__
    response = response or self.get_response(request)
  File "C:\Users\Евгения\Desktop\Projects_web\TeddysTale_with-BackEnd\venv\Lib\site-packages\django\core\handlers\exception.py", line 55, in inner
    response = get_response(request)
  File "C:\Users\Евгения\Desktop\Projects_web\TeddysTale_with-BackEnd\venv\Lib\site-packages\django\utils\deprecation.py", line 120, in __call__
    response = response or self.get_response(request)
  File "C:\Users\Евгения\Desktop\Projects_web\TeddysTale_with-BackEnd\venv\Lib\site-packages\django\core\handlers\exception.py", line 55, in inner
    response = get_response(request)
  File "C:\Users\Евгения\Desktop\Projects_web\TeddysTale_with-BackEnd\venv\Lib\site-packages\django\utils\deprecation.py", line 120, in __call__
    response = response or self.get_response(request)
  File "C:\Users\Евгения\Desktop\Projects_web\TeddysTale_with-BackEnd\venv\Lib\site-packages\django\core\handlers\exception.py", line 55, in inner
    response = get_response(request)
  File "C:\Users\Евгения\Desktop\Projects_web\TeddysTale_with-BackEnd\teddytale\TeddyTale\middleware.py", line 25, in __call__
    response = self.get_response(request)
  File "C:\Users\Евгения\Desktop\Projects_web\TeddysTale_with-BackEnd\venv\Lib\site-packages\django\core\handlers\exception.py", line 55, in inner
    response = get_response(request)
  File "C:\Users\Евгения\Desktop\Projects_web\TeddysTale_with-BackEnd\venv\Lib\site-packages\django\core\handlers\base.py", line 197, in _get_response
    response = wrapped_callback(request, *callback_args, **callback_kwargs)
  File "C:\Users\Евгения\Desktop\Projects_web\TeddysTale_with-BackEnd\teddytale\landing\db_utils.py", line 21, in wrapper
    return func(*args, **kwargs)
  File "C:\Users\Евгения\Desktop\Projects_web\TeddysTale_with-BackEnd\teddytale\landing\views.py", line 170, in index
    logger.error(f"КРИТИЧЕСКАЯ ОШИБКА при загрузке данных главной страницы: {str(e)}",
[2026-01-11 10:28:53] WARNING landing.views - Используется резервный режим с безопасными значениями
[2026-01-11 10:29:26] ERROR landing.views - КРИТИЧЕСКАЯ ОШИБКА при загрузке данных главной страницы: server closed the connection unexpectedly
	This probably means the server terminated abnormally
	before or while processing the request.
server closed the connection unexpectedly
	This probably means the server terminated abnormally
	before or while processing the request.
Traceback (most recent call last):
  File "C:\Users\Евгения\Desktop\Projects_web\TeddysTale_with-BackEnd\venv\Lib\site-packages\django\db\backends\utils.py", line 105, in _execute
    return self.cursor.execute(sql, params)
           ~~~~~~~~~~~~~~~~~~~^^^^^^^^^^^^^
psycopg2.OperationalError: server closed the connection unexpectedly
	This probably means the server terminated abnormally
	before or while processing the request.
server closed the connection unexpectedly
	This probably means the server terminated abnormally
	before or while processing the request.


The above exception was the direct cause of the following exception:

Traceback (most recent call last):
  File "C:\Users\Евгения\Desktop\Projects_web\TeddysTale_with-BackEnd\teddytale\landing\views.py", line 53, in index
    shop_items = list(ShopItem.objects.filter(is_active=True).order_by('slot_number'))
  File "C:\Users\Евгения\Desktop\Projects_web\TeddysTale_with-BackEnd\venv\Lib\site-packages\django\db\models\query.py", line 386, in __iter__
    self._fetch_all()
    ~~~~~~~~~~~~~~~^^
  File "C:\Users\Евгения\Desktop\Projects_web\TeddysTale_with-BackEnd\venv\Lib\site-packages\django\db\models\query.py", line 1954, in _fetch_all
    self._result_cache = list(self._iterable_class(self))
                         ~~~~^^^^^^^^^^^^^^^^^^^^^^^^^^^^
  File "C:\Users\Евгения\Desktop\Projects_web\TeddysTale_with-BackEnd\venv\Lib\site-packages\django\db\models\query.py", line 93, in __iter__
    results = compiler.execute_sql(
        chunked_fetch=self.chunked_fetch, chunk_size=self.chunk_size
    )
  File "C:\Users\Евгения\Desktop\Projects_web\TeddysTale_with-BackEnd\venv\Lib\site-packages\django\db\models\sql\compiler.py", line 1623, in execute_sql
    cursor.execute(sql, params)
    ~~~~~~~~~~~~~~^^^^^^^^^^^^^
  File "C:\Users\Евгения\Desktop\Projects_web\TeddysTale_with-BackEnd\venv\Lib\site-packages\django\db\backends\utils.py", line 122, in execute
    return super().execute(sql, params)
           ~~~~~~~~~~~~~~~^^^^^^^^^^^^^
  File "C:\Users\Евгения\Desktop\Projects_web\TeddysTale_with-BackEnd\venv\Lib\site-packages\django\db\backends\utils.py", line 79, in execute
    return self._execute_with_wrappers(
           ~~~~~~~~~~~~~~~~~~~~~~~~~~~^
        sql, params, many=False, executor=self._execute
        ^^^^^^^^^^^^^^^^^^^^^^^^^^^^^^^^^^^^^^^^^^^^^^^
    )
    ^
  File "C:\Users\Евгения\Desktop\Projects_web\TeddysTale_with-BackEnd\venv\Lib\site-packages\django\db\backends\utils.py", line 92, in _execute_with_wrappers
    return executor(sql, params, many, context)
  File "C:\Users\Евгения\Desktop\Projects_web\TeddysTale_with-BackEnd\venv\Lib\site-packages\django\db\backends\utils.py", line 100, in _execute
    with self.db.wrap_database_errors:
         ^^^^^^^^^^^^^^^^^^^^^^^^^^^^
  File "C:\Users\Евгения\Desktop\Projects_web\TeddysTale_with-BackEnd\venv\Lib\site-packages\django\db\utils.py", line 91, in __exit__
    raise dj_exc_value.with_traceback(traceback) from exc_value
  File "C:\Users\Евгения\Desktop\Projects_web\TeddysTale_with-BackEnd\venv\Lib\site-packages\django\db\backends\utils.py", line 105, in _execute
    return self.cursor.execute(sql, params)
           ~~~~~~~~~~~~~~~~~~~^^^^^^^^^^^^^
django.db.utils.OperationalError: server closed the connection unexpectedly
	This probably means the server terminated abnormally
	before or while processing the request.
server closed the connection unexpectedly
	This probably means the server terminated abnormally
	before or while processing the request.
Stack (most recent call last):
  File "C:\Users\Евгения\AppData\Local\Programs\Python\Python313\Lib\threading.py", line 1014, in _bootstrap
    self._bootstrap_inner()
  File "C:\Users\Евгения\AppData\Local\Programs\Python\Python313\Lib\threading.py", line 1043, in _bootstrap_inner
    self.run()
  File "C:\Users\Евгения\AppData\Local\Programs\Python\Python313\Lib\threading.py", line 994, in run
    self._target(*self._args, **self._kwargs)
  File "C:\Users\Евгения\AppData\Local\Programs\Python\Python313\Lib\socketserver.py", line 697, in process_request_thread
    self.finish_request(request, client_address)
  File "C:\Users\Евгения\AppData\Local\Programs\Python\Python313\Lib\socketserver.py", line 362, in finish_request
    self.RequestHandlerClass(request, client_address, self)
  File "C:\Users\Евгения\AppData\Local\Programs\Python\Python313\Lib\socketserver.py", line 766, in __init__
    self.handle()
  File "C:\Users\Евгения\Desktop\Projects_web\TeddysTale_with-BackEnd\venv\Lib\site-packages\django\core\servers\basehttp.py", line 228, in handle
    self.handle_one_request()
  File "C:\Users\Евгения\Desktop\Projects_web\TeddysTale_with-BackEnd\venv\Lib\site-packages\django\core\servers\basehttp.py", line 253, in handle_one_request
    handler.run(self.server.get_app())
  File "C:\Users\Евгения\AppData\Local\Programs\Python\Python313\Lib\wsgiref\handlers.py", line 137, in run
    self.result = application(self.environ, self.start_response)
  File "C:\Users\Евгения\Desktop\Projects_web\TeddysTale_with-BackEnd\venv\Lib\site-packages\django\contrib\staticfiles\handlers.py", line 80, in __call__
    return self.application(environ, start_response)
  File "C:\Users\Евгения\Desktop\Projects_web\TeddysTale_with-BackEnd\venv\Lib\site-packages\django\core\handlers\wsgi.py", line 124, in __call__
    response = self.get_response(request)
  File "C:\Users\Евгения\Desktop\Projects_web\TeddysTale_with-BackEnd\venv\Lib\site-packages\django\core\handlers\base.py", line 140, in get_response
    response = self._middleware_chain(request)
  File "C:\Users\Евгения\Desktop\Projects_web\TeddysTale_with-BackEnd\venv\Lib\site-packages\django\core\handlers\exception.py", line 55, in inner
    response = get_response(request)
  File "C:\Users\Евгения\Desktop\Projects_web\TeddysTale_with-BackEnd\venv\Lib\site-packages\django\utils\deprecation.py", line 120, in __call__
    response = response or self.get_response(request)
  File "C:\Users\Евгения\Desktop\Projects_web\TeddysTale_with-BackEnd\venv\Lib\site-packages\django\core\handlers\exception.py", line 55, in inner
    response = get_response(request)
  File "C:\Users\Евгения\Desktop\Projects_web\TeddysTale_with-BackEnd\venv\Lib\site-packages\whitenoise\middleware.py", line 123, in __call__
    return self.get_response(request)
  File "C:\Users\Евгения\Desktop\Projects_web\TeddysTale_with-BackEnd\venv\Lib\site-packages\django\core\handlers\exception.py", line 55, in inner
    response = get_response(request)
  File "C:\Users\Евгения\Desktop\Projects_web\TeddysTale_with-BackEnd\venv\Lib\site-packages\django\utils\deprecation.py", line 120, in __call__
    response = response or self.get_response(request)
  File "C:\Users\Евгения\Desktop\Projects_web\TeddysTale_with-BackEnd\venv\Lib\site-packages\django\core\handlers\exception.py", line 55, in inner
    response = get_response(request)
  File "C:\Users\Евгения\Desktop\Projects_web\TeddysTale_with-BackEnd\venv\Lib\site-packages\django\utils\deprecation.py", line 120, in __call__
    response = response or self.get_response(request)
  File "C:\Users\Евгения\Desktop\Projects_web\TeddysTale_with-BackEnd\venv\Lib\site-packages\django\core\handlers\exception.py", line 55, in inner
    response = get_response(request)
  File "C:\Users\Евгения\Desktop\Projects_web\TeddysTale_with-BackEnd\venv\Lib\site-packages\django\utils\deprecation.py", line 120, in __call__
    response = response or self.get_response(request)
  File "C:\Users\Евгения\Desktop\Projects_web\TeddysTale_with-BackEnd\venv\Lib\site-packages\django\core\handlers\exception.py", line 55, in inner
    response = get_response(request)
  File "C:\Users\Евгения\Desktop\Projects_web\TeddysTale_with-BackEnd\venv\Lib\site-packages\django\utils\deprecation.py", line 120, in __call__
    response = response or self.get_response(request)
  File "C:\Users\Евгения\Desktop\Projects_web\TeddysTale_with-BackEnd\venv\Lib\site-packages\django\core\handlers\exception.py", line 55, in inner
    response = get_response(request)
  File "C:\Users\Евгения\Desktop\Projects_web\TeddysTale_with-BackEnd\venv\Lib\site-packages\django\utils\deprecation.py", line 120, in __call__
    response = response or self.get_response(request)
  File "C:\Users\Евгения\Desktop\Projects_web\TeddysTale_with-BackEnd\venv\Lib\site-packages\django\core\handlers\exception.py", line 55, in inner
    response = get_response(request)
  File "C:\Users\Евгения\Desktop\Projects_web\TeddysTale_with-BackEnd\venv\Lib\site-packages\django\utils\deprecation.py", line 120, in __call__
    response = response or self.get_response(request)
  File "C:\Users\Евгения\Desktop\Projects_web\TeddysTale_with-BackEnd\venv\Lib\site-packages\django\core\handlers\exception.py", line 55, in inner
    response = get_response(request)
  File "C:\Users\Евгения\Desktop\Projects_web\TeddysTale_with-BackEnd\venv\Lib\site-packages\django\utils\deprecation.py", line 120, in __call__
    response = response or self.get_response(request)
  File "C:\Users\Евгения\Desktop\Projects_web\TeddysTale_with-BackEnd\venv\Lib\site-packages\django\core\handlers\exception.py", line 55, in inner
    response = get_response(request)
  File "C:\Users\Евгения\Desktop\Projects_web\TeddysTale_with-BackEnd\teddytale\TeddyTale\middleware.py", line 25, in __call__
    response = self.get_response(request)
  File "C:\Users\Евгения\Desktop\Projects_web\TeddysTale_with-BackEnd\venv\Lib\site-packages\django\core\handlers\exception.py", line 55, in inner
    response = get_response(request)
  File "C:\Users\Евгения\Desktop\Projects_web\TeddysTale_with-BackEnd\venv\Lib\site-packages\django\core\handlers\base.py", line 197, in _get_response
    response = wrapped_callback(request, *callback_args, **callback_kwargs)
  File "C:\Users\Евгения\Desktop\Projects_web\TeddysTale_with-BackEnd\teddytale\landing\db_utils.py", line 21, in wrapper
    return func(*args, **kwargs)
  File "C:\Users\Евгения\Desktop\Projects_web\TeddysTale_with-BackEnd\teddytale\landing\views.py", line 170, in index
    logger.error(f"КРИТИЧЕСКАЯ ОШИБКА при загрузке данных главной страницы: {str(e)}",
[2026-01-11 10:29:26] WARNING landing.views - Используется резервный режим с безопасными значениями
[2026-01-11 10:29:40] ERROR landing.views - КРИТИЧЕСКАЯ ОШИБКА при загрузке данных главной страницы: server closed the connection unexpectedly
	This probably means the server terminated abnormally
	before or while processing the request.
server closed the connection unexpectedly
	This probably means the server terminated abnormally
	before or while processing the request.
Traceback (most recent call last):
  File "C:\Users\Евгения\Desktop\Projects_web\TeddysTale_with-BackEnd\venv\Lib\site-packages\django\db\backends\utils.py", line 105, in _execute
    return self.cursor.execute(sql, params)
           ~~~~~~~~~~~~~~~~~~~^^^^^^^^^^^^^
psycopg2.OperationalError: server closed the connection unexpectedly
	This probably means the server terminated abnormally
	before or while processing the request.
server closed the connection unexpectedly
	This probably means the server terminated abnormally
	before or while processing the request.


The above exception was the direct cause of the following exception:

Traceback (most recent call last):
  File "C:\Users\Евгения\Desktop\Projects_web\TeddysTale_with-BackEnd\teddytale\landing\views.py", line 53, in index
    shop_items = list(ShopItem.objects.filter(is_active=True).order_by('slot_number'))
  File "C:\Users\Евгения\Desktop\Projects_web\TeddysTale_with-BackEnd\venv\Lib\site-packages\django\db\models\query.py", line 386, in __iter__
    self._fetch_all()
    ~~~~~~~~~~~~~~~^^
  File "C:\Users\Евгения\Desktop\Projects_web\TeddysTale_with-BackEnd\venv\Lib\site-packages\django\db\models\query.py", line 1954, in _fetch_all
    self._result_cache = list(self._iterable_class(self))
                         ~~~~^^^^^^^^^^^^^^^^^^^^^^^^^^^^
  File "C:\Users\Евгения\Desktop\Projects_web\TeddysTale_with-BackEnd\venv\Lib\site-packages\django\db\models\query.py", line 93, in __iter__
    results = compiler.execute_sql(
        chunked_fetch=self.chunked_fetch, chunk_size=self.chunk_size
    )
  File "C:\Users\Евгения\Desktop\Projects_web\TeddysTale_with-BackEnd\venv\Lib\site-packages\django\db\models\sql\compiler.py", line 1623, in execute_sql
    cursor.execute(sql, params)
    ~~~~~~~~~~~~~~^^^^^^^^^^^^^
  File "C:\Users\Евгения\Desktop\Projects_web\TeddysTale_with-BackEnd\venv\Lib\site-packages\django\db\backends\utils.py", line 122, in execute
    return super().execute(sql, params)
           ~~~~~~~~~~~~~~~^^^^^^^^^^^^^
  File "C:\Users\Евгения\Desktop\Projects_web\TeddysTale_with-BackEnd\venv\Lib\site-packages\django\db\backends\utils.py", line 79, in execute
    return self._execute_with_wrappers(
           ~~~~~~~~~~~~~~~~~~~~~~~~~~~^
        sql, params, many=False, executor=self._execute
        ^^^^^^^^^^^^^^^^^^^^^^^^^^^^^^^^^^^^^^^^^^^^^^^
    )
    ^
  File "C:\Users\Евгения\Desktop\Projects_web\TeddysTale_with-BackEnd\venv\Lib\site-packages\django\db\backends\utils.py", line 92, in _execute_with_wrappers
    return executor(sql, params, many, context)
  File "C:\Users\Евгения\Desktop\Projects_web\TeddysTale_with-BackEnd\venv\Lib\site-packages\django\db\backends\utils.py", line 100, in _execute
    with self.db.wrap_database_errors:
         ^^^^^^^^^^^^^^^^^^^^^^^^^^^^
  File "C:\Users\Евгения\Desktop\Projects_web\TeddysTale_with-BackEnd\venv\Lib\site-packages\django\db\utils.py", line 91, in __exit__
    raise dj_exc_value.with_traceback(traceback) from exc_value
  File "C:\Users\Евгения\Desktop\Projects_web\TeddysTale_with-BackEnd\venv\Lib\site-packages\django\db\backends\utils.py", line 105, in _execute
    return self.cursor.execute(sql, params)
           ~~~~~~~~~~~~~~~~~~~^^^^^^^^^^^^^
django.db.utils.OperationalError: server closed the connection unexpectedly
	This probably means the server terminated abnormally
	before or while processing the request.
server closed the connection unexpectedly
	This probably means the server terminated abnormally
	before or while processing the request.
Stack (most recent call last):
  File "C:\Users\Евгения\AppData\Local\Programs\Python\Python313\Lib\threading.py", line 1014, in _bootstrap
    self._bootstrap_inner()
  File "C:\Users\Евгения\AppData\Local\Programs\Python\Python313\Lib\threading.py", line 1043, in _bootstrap_inner
    self.run()
  File "C:\Users\Евгения\AppData\Local\Programs\Python\Python313\Lib\threading.py", line 994, in run
    self._target(*self._args, **self._kwargs)
  File "C:\Users\Евгения\AppData\Local\Programs\Python\Python313\Lib\socketserver.py", line 697, in process_request_thread
    self.finish_request(request, client_address)
  File "C:\Users\Евгения\AppData\Local\Programs\Python\Python313\Lib\socketserver.py", line 362, in finish_request
    self.RequestHandlerClass(request, client_address, self)
  File "C:\Users\Евгения\AppData\Local\Programs\Python\Python313\Lib\socketserver.py", line 766, in __init__
    self.handle()
  File "C:\Users\Евгения\Desktop\Projects_web\TeddysTale_with-BackEnd\venv\Lib\site-packages\django\core\servers\basehttp.py", line 228, in handle
    self.handle_one_request()
  File "C:\Users\Евгения\Desktop\Projects_web\TeddysTale_with-BackEnd\venv\Lib\site-packages\django\core\servers\basehttp.py", line 253, in handle_one_request
    handler.run(self.server.get_app())
  File "C:\Users\Евгения\AppData\Local\Programs\Python\Python313\Lib\wsgiref\handlers.py", line 137, in run
    self.result = application(self.environ, self.start_response)
  File "C:\Users\Евгения\Desktop\Projects_web\TeddysTale_with-BackEnd\venv\Lib\site-packages\django\contrib\staticfiles\handlers.py", line 80, in __call__
    return self.application(environ, start_response)
  File "C:\Users\Евгения\Desktop\Projects_web\TeddysTale_with-BackEnd\venv\Lib\site-packages\django\core\handlers\wsgi.py", line 124, in __call__
    response = self.get_response(request)
  File "C:\Users\Евгения\Desktop\Projects_web\TeddysTale_with-BackEnd\venv\Lib\site-packages\django\core\handlers\base.py", line 140, in get_response
    response = self._middleware_chain(request)
  File "C:\Users\Евгения\Desktop\Projects_web\TeddysTale_with-BackEnd\venv\Lib\site-packages\django\core\handlers\exception.py", line 55, in inner
    response = get_response(request)
  File "C:\Users\Евгения\Desktop\Projects_web\TeddysTale_with-BackEnd\venv\Lib\site-packages\django\utils\deprecation.py", line 120, in __call__
    response = response or self.get_response(request)
  File "C:\Users\Евгения\Desktop\Projects_web\TeddysTale_with-BackEnd\venv\Lib\site-packages\django\core\handlers\exception.py", line 55, in inner
    response = get_response(request)
  File "C:\Users\Евгения\Desktop\Projects_web\TeddysTale_with-BackEnd\venv\Lib\site-packages\whitenoise\middleware.py", line 123, in __call__
    return self.get_response(request)
  File "C:\Users\Евгения\Desktop\Projects_web\TeddysTale_with-BackEnd\venv\Lib\site-packages\django\core\handlers\exception.py", line 55, in inner
    response = get_response(request)
  File "C:\Users\Евгения\Desktop\Projects_web\TeddysTale_with-BackEnd\venv\Lib\site-packages\django\utils\deprecation.py", line 120, in __call__
    response = response or self.get_response(request)
  File "C:\Users\Евгения\Desktop\Projects_web\TeddysTale_with-BackEnd\venv\Lib\site-packages\django\core\handlers\exception.py", line 55, in inner
    response = get_response(request)
  File "C:\Users\Евгения\Desktop\Projects_web\TeddysTale_with-BackEnd\venv\Lib\site-packages\django\utils\deprecation.py", line 120, in __call__
    response = response or self.get_response(request)
  File "C:\Users\Евгения\Desktop\Projects_web\TeddysTale_with-BackEnd\venv\Lib\site-packages\django\core\handlers\exception.py", line 55, in inner
    response = get_response(request)
  File "C:\Users\Евгения\Desktop\Projects_web\TeddysTale_with-BackEnd\venv\Lib\site-packages\django\utils\deprecation.py", line 120, in __call__
    response = response or self.get_response(request)
  File "C:\Users\Евгения\Desktop\Projects_web\TeddysTale_with-BackEnd\venv\Lib\site-packages\django\core\handlers\exception.py", line 55, in inner
    response = get_response(request)
  File "C:\Users\Евгения\Desktop\Projects_web\TeddysTale_with-BackEnd\venv\Lib\site-packages\django\utils\deprecation.py", line 120, in __call__
    response = response or self.get_response(request)
  File "C:\Users\Евгения\Desktop\Projects_web\TeddysTale_with-BackEnd\venv\Lib\site-packages\django\core\handlers\exception.py", line 55, in inner
    response = get_response(request)
  File "C:\Users\Евгения\Desktop\Projects_web\TeddysTale_with-BackEnd\venv\Lib\site-packages\django\utils\deprecation.py", line 120, in __call__
    response = response or self.get_response(request)
  File "C:\Users\Евгения\Desktop\Projects_web\TeddysTale_with-BackEnd\venv\Lib\site-packages\django\core\handlers\exception.py", line 55, in inner
    response = get_response(request)
  File "C:\Users\Евгения\Desktop\Projects_web\TeddysTale_with-BackEnd\venv\Lib\site-packages\django\utils\deprecation.py", line 120, in __call__
    response = response or self.get_response(request)
  File "C:\Users\Евгения\Desktop\Projects_web\TeddysTale_with-BackEnd\venv\Lib\site-packages\django\core\handlers\exception.py", line 55, in inner
    response = get_response(request)
  File "C:\Users\Евгения\Desktop\Projects_web\TeddysTale_with-BackEnd\venv\Lib\site-packages\django\utils\deprecation.py", line 120, in __call__
    response = response or self.get_response(request)
  File "C:\Users\Евгения\Desktop\Projects_web\TeddysTale_with-BackEnd\venv\Lib\site-packages\django\core\handlers\exception.py", line 55, in inner
    response = get_response(request)
  File "C:\Users\Евгения\Desktop\Projects_web\TeddysTale_with-BackEnd\teddytale\TeddyTale\middleware.py", line 25, in __call__
    response = self.get_response(request)
  File "C:\Users\Евгения\Desktop\Projects_web\TeddysTale_with-BackEnd\venv\Lib\site-packages\django\core\handlers\exception.py", line 55, in inner
    response = get_response(request)
  File "C:\Users\Евгения\Desktop\Projects_web\TeddysTale_with-BackEnd\venv\Lib\site-packages\django\core\handlers\base.py", line 197, in _get_response
    response = wrapped_callback(request, *callback_args, **callback_kwargs)
  File "C:\Users\Евгения\Desktop\Projects_web\TeddysTale_with-BackEnd\teddytale\landing\db_utils.py", line 21, in wrapper
    return func(*args, **kwargs)
  File "C:\Users\Евгения\Desktop\Projects_web\TeddysTale_with-BackEnd\teddytale\landing\views.py", line 170, in index
    logger.error(f"КРИТИЧЕСКАЯ ОШИБКА при загрузке данных главной страницы: {str(e)}",
[2026-01-11 10:29:40] WARNING landing.views - Используется резервный режим с безопасными значениями
[2026-01-11 10:30:14] DEBUG landing.views - Загружено товаров из базы: 8
[2026-01-11 10:30:14] DEBUG landing.views - Показывать заглушки: True, количество: 1
[2026-01-11 10:30:14] DEBUG landing.views - Контакты из базы данных: 10 записей
[2026-01-11 10:30:14] INFO landing.views - Главная страница успешно загружена. Товаров: 8, Координаты: 59.819642, 30.341524
[2026-01-11 10:31:53] DEBUG landing.views - Загружено товаров из базы: 8
[2026-01-11 10:31:53] DEBUG landing.views - Показывать заглушки: True, количество: 1
[2026-01-11 10:31:53] DEBUG landing.views - Контакты из базы данных: 10 записей
[2026-01-11 10:31:53] INFO landing.views - Главная страница успешно загружена. Товаров: 8, Координаты: 59.819642, 30.341524
[2026-01-11 10:32:15] DEBUG landing.views - Загружено товаров из базы: 8
[2026-01-11 10:32:15] DEBUG landing.views - Показывать заглушки: True, количество: 1
[2026-01-11 10:32:15] DEBUG landing.views - Контакты из базы данных: 10 записей
[2026-01-11 10:32:15] INFO landing.views - Главная страница успешно загружена. Товаров: 8, Координаты: 59.819642, 30.341524
[2026-01-11 10:32:55] DEBUG landing.views - Загружено товаров из базы: 8
[2026-01-11 10:32:55] DEBUG landing.views - Показывать заглушки: True, количество: 1
[2026-01-11 10:32:55] DEBUG landing.views - Контакты из базы данных: 10 записей
[2026-01-11 10:32:55] INFO landing.views - Главная страница успешно загружена. Товаров: 8, Координаты: 59.819642, 30.341524
[2026-01-11 10:41:52] ERROR landing.views - КРИТИЧЕСКАЯ ОШИБКА при загрузке данных главной страницы: server closed the connection unexpectedly
	This probably means the server terminated abnormally
	before or while processing the request.
server closed the connection unexpectedly
	This probably means the server terminated abnormally
	before or while processing the request.
Traceback (most recent call last):
  File "C:\Users\Евгения\Desktop\Projects_web\TeddysTale_with-BackEnd\venv\Lib\site-packages\django\db\backends\utils.py", line 105, in _execute
    return self.cursor.execute(sql, params)
           ~~~~~~~~~~~~~~~~~~~^^^^^^^^^^^^^
psycopg2.OperationalError: server closed the connection unexpectedly
	This probably means the server terminated abnormally
	before or while processing the request.
server closed the connection unexpectedly
	This probably means the server terminated abnormally
	before or while processing the request.


The above exception was the direct cause of the following exception:

Traceback (most recent call last):
  File "C:\Users\Евгения\Desktop\Projects_web\TeddysTale_with-BackEnd\teddytale\landing\views.py", line 53, in index
    shop_items = list(ShopItem.objects.filter(is_active=True).order_by('slot_number'))
  File "C:\Users\Евгения\Desktop\Projects_web\TeddysTale_with-BackEnd\venv\Lib\site-packages\django\db\models\query.py", line 386, in __iter__
    self._fetch_all()
    ~~~~~~~~~~~~~~~^^
  File "C:\Users\Евгения\Desktop\Projects_web\TeddysTale_with-BackEnd\venv\Lib\site-packages\django\db\models\query.py", line 1954, in _fetch_all
    self._result_cache = list(self._iterable_class(self))
                         ~~~~^^^^^^^^^^^^^^^^^^^^^^^^^^^^
  File "C:\Users\Евгения\Desktop\Projects_web\TeddysTale_with-BackEnd\venv\Lib\site-packages\django\db\models\query.py", line 93, in __iter__
    results = compiler.execute_sql(
        chunked_fetch=self.chunked_fetch, chunk_size=self.chunk_size
    )
  File "C:\Users\Евгения\Desktop\Projects_web\TeddysTale_with-BackEnd\venv\Lib\site-packages\django\db\models\sql\compiler.py", line 1623, in execute_sql
    cursor.execute(sql, params)
    ~~~~~~~~~~~~~~^^^^^^^^^^^^^
  File "C:\Users\Евгения\Desktop\Projects_web\TeddysTale_with-BackEnd\venv\Lib\site-packages\django\db\backends\utils.py", line 122, in execute
    return super().execute(sql, params)
           ~~~~~~~~~~~~~~~^^^^^^^^^^^^^
  File "C:\Users\Евгения\Desktop\Projects_web\TeddysTale_with-BackEnd\venv\Lib\site-packages\django\db\backends\utils.py", line 79, in execute
    return self._execute_with_wrappers(
           ~~~~~~~~~~~~~~~~~~~~~~~~~~~^
        sql, params, many=False, executor=self._execute
        ^^^^^^^^^^^^^^^^^^^^^^^^^^^^^^^^^^^^^^^^^^^^^^^
    )
    ^
  File "C:\Users\Евгения\Desktop\Projects_web\TeddysTale_with-BackEnd\venv\Lib\site-packages\django\db\backends\utils.py", line 92, in _execute_with_wrappers
    return executor(sql, params, many, context)
  File "C:\Users\Евгения\Desktop\Projects_web\TeddysTale_with-BackEnd\venv\Lib\site-packages\django\db\backends\utils.py", line 100, in _execute
    with self.db.wrap_database_errors:
         ^^^^^^^^^^^^^^^^^^^^^^^^^^^^
  File "C:\Users\Евгения\Desktop\Projects_web\TeddysTale_with-BackEnd\venv\Lib\site-packages\django\db\utils.py", line 91, in __exit__
    raise dj_exc_value.with_traceback(traceback) from exc_value
  File "C:\Users\Евгения\Desktop\Projects_web\TeddysTale_with-BackEnd\venv\Lib\site-packages\django\db\backends\utils.py", line 105, in _execute
    return self.cursor.execute(sql, params)
           ~~~~~~~~~~~~~~~~~~~^^^^^^^^^^^^^
django.db.utils.OperationalError: server closed the connection unexpectedly
	This probably means the server terminated abnormally
	before or while processing the request.
server closed the connection unexpectedly
	This probably means the server terminated abnormally
	before or while processing the request.
Stack (most recent call last):
  File "C:\Users\Евгения\AppData\Local\Programs\Python\Python313\Lib\threading.py", line 1014, in _bootstrap
    self._bootstrap_inner()
  File "C:\Users\Евгения\AppData\Local\Programs\Python\Python313\Lib\threading.py", line 1043, in _bootstrap_inner
    self.run()
  File "C:\Users\Евгения\AppData\Local\Programs\Python\Python313\Lib\threading.py", line 994, in run
    self._target(*self._args, **self._kwargs)
  File "C:\Users\Евгения\AppData\Local\Programs\Python\Python313\Lib\socketserver.py", line 697, in process_request_thread
    self.finish_request(request, client_address)
  File "C:\Users\Евгения\AppData\Local\Programs\Python\Python313\Lib\socketserver.py", line 362, in finish_request
    self.RequestHandlerClass(request, client_address, self)
  File "C:\Users\Евгения\AppData\Local\Programs\Python\Python313\Lib\socketserver.py", line 766, in __init__
    self.handle()
  File "C:\Users\Евгения\Desktop\Projects_web\TeddysTale_with-BackEnd\venv\Lib\site-packages\django\core\servers\basehttp.py", line 228, in handle
    self.handle_one_request()
  File "C:\Users\Евгения\Desktop\Projects_web\TeddysTale_with-BackEnd\venv\Lib\site-packages\django\core\servers\basehttp.py", line 253, in handle_one_request
    handler.run(self.server.get_app())
  File "C:\Users\Евгения\AppData\Local\Programs\Python\Python313\Lib\wsgiref\handlers.py", line 137, in run
    self.result = application(self.environ, self.start_response)
  File "C:\Users\Евгения\Desktop\Projects_web\TeddysTale_with-BackEnd\venv\Lib\site-packages\django\contrib\staticfiles\handlers.py", line 80, in __call__
    return self.application(environ, start_response)
  File "C:\Users\Евгения\Desktop\Projects_web\TeddysTale_with-BackEnd\venv\Lib\site-packages\django\core\handlers\wsgi.py", line 124, in __call__
    response = self.get_response(request)
  File "C:\Users\Евгения\Desktop\Projects_web\TeddysTale_with-BackEnd\venv\Lib\site-packages\django\core\handlers\base.py", line 140, in get_response
    response = self._middleware_chain(request)
  File "C:\Users\Евгения\Desktop\Projects_web\TeddysTale_with-BackEnd\venv\Lib\site-packages\django\core\handlers\exception.py", line 55, in inner
    response = get_response(request)
  File "C:\Users\Евгения\Desktop\Projects_web\TeddysTale_with-BackEnd\venv\Lib\site-packages\django\utils\deprecation.py", line 120, in __call__
    response = response or self.get_response(request)
  File "C:\Users\Евгения\Desktop\Projects_web\TeddysTale_with-BackEnd\venv\Lib\site-packages\django\core\handlers\exception.py", line 55, in inner
    response = get_response(request)
  File "C:\Users\Евгения\Desktop\Projects_web\TeddysTale_with-BackEnd\venv\Lib\site-packages\whitenoise\middleware.py", line 123, in __call__
    return self.get_response(request)
  File "C:\Users\Евгения\Desktop\Projects_web\TeddysTale_with-BackEnd\venv\Lib\site-packages\django\core\handlers\exception.py", line 55, in inner
    response = get_response(request)
  File "C:\Users\Евгения\Desktop\Projects_web\TeddysTale_with-BackEnd\venv\Lib\site-packages\django\utils\deprecation.py", line 120, in __call__
    response = response or self.get_response(request)
  File "C:\Users\Евгения\Desktop\Projects_web\TeddysTale_with-BackEnd\venv\Lib\site-packages\django\core\handlers\exception.py", line 55, in inner
    response = get_response(request)
  File "C:\Users\Евгения\Desktop\Projects_web\TeddysTale_with-BackEnd\venv\Lib\site-packages\django\utils\deprecation.py", line 120, in __call__
    response = response or self.get_response(request)
  File "C:\Users\Евгения\Desktop\Projects_web\TeddysTale_with-BackEnd\venv\Lib\site-packages\django\core\handlers\exception.py", line 55, in inner
    response = get_response(request)
  File "C:\Users\Евгения\Desktop\Projects_web\TeddysTale_with-BackEnd\venv\Lib\site-packages\django\utils\deprecation.py", line 120, in __call__
    response = response or self.get_response(request)
  File "C:\Users\Евгения\Desktop\Projects_web\TeddysTale_with-BackEnd\venv\Lib\site-packages\django\core\handlers\exception.py", line 55, in inner
    response = get_response(request)
  File "C:\Users\Евгения\Desktop\Projects_web\TeddysTale_with-BackEnd\venv\Lib\site-packages\django\utils\deprecation.py", line 120, in __call__
    response = response or self.get_response(request)
  File "C:\Users\Евгения\Desktop\Projects_web\TeddysTale_with-BackEnd\venv\Lib\site-packages\django\core\handlers\exception.py", line 55, in inner
    response = get_response(request)
  File "C:\Users\Евгения\Desktop\Projects_web\TeddysTale_with-BackEnd\venv\Lib\site-packages\django\utils\deprecation.py", line 120, in __call__
    response = response or self.get_response(request)
  File "C:\Users\Евгения\Desktop\Projects_web\TeddysTale_with-BackEnd\venv\Lib\site-packages\django\core\handlers\exception.py", line 55, in inner
    response = get_response(request)
  File "C:\Users\Евгения\Desktop\Projects_web\TeddysTale_with-BackEnd\venv\Lib\site-packages\django\utils\deprecation.py", line 120, in __call__
    response = response or self.get_response(request)
  File "C:\Users\Евгения\Desktop\Projects_web\TeddysTale_with-BackEnd\venv\Lib\site-packages\django\core\handlers\exception.py", line 55, in inner
    response = get_response(request)
  File "C:\Users\Евгения\Desktop\Projects_web\TeddysTale_with-BackEnd\venv\Lib\site-packages\django\utils\deprecation.py", line 120, in __call__
    response = response or self.get_response(request)
  File "C:\Users\Евгения\Desktop\Projects_web\TeddysTale_with-BackEnd\venv\Lib\site-packages\django\core\handlers\exception.py", line 55, in inner
    response = get_response(request)
  File "C:\Users\Евгения\Desktop\Projects_web\TeddysTale_with-BackEnd\teddytale\TeddyTale\middleware.py", line 25, in __call__
    response = self.get_response(request)
  File "C:\Users\Евгения\Desktop\Projects_web\TeddysTale_with-BackEnd\venv\Lib\site-packages\django\core\handlers\exception.py", line 55, in inner
    response = get_response(request)
  File "C:\Users\Евгения\Desktop\Projects_web\TeddysTale_with-BackEnd\venv\Lib\site-packages\django\core\handlers\base.py", line 197, in _get_response
    response = wrapped_callback(request, *callback_args, **callback_kwargs)
  File "C:\Users\Евгения\Desktop\Projects_web\TeddysTale_with-BackEnd\teddytale\landing\db_utils.py", line 21, in wrapper
    return func(*args, **kwargs)
  File "C:\Users\Евгения\Desktop\Projects_web\TeddysTale_with-BackEnd\teddytale\landing\views.py", line 170, in index
    logger.error(f"КРИТИЧЕСКАЯ ОШИБКА при загрузке данных главной страницы: {str(e)}",
[2026-01-11 10:41:52] WARNING landing.views - Используется резервный режим с безопасными значениями
[2026-01-11 10:43:25] DEBUG landing.views - Загружено товаров из базы: 8
[2026-01-11 10:43:25] DEBUG landing.views - Показывать заглушки: True, количество: 1
[2026-01-11 10:43:25] DEBUG landing.views - Контакты из базы данных: 10 записей
[2026-01-11 10:43:25] INFO landing.views - Главная страница успешно загружена. Товаров: 8, Координаты: 59.819642, 30.341524
[2026-01-11 10:44:52] DEBUG landing.views - Загружено товаров из базы: 8
[2026-01-11 10:44:52] DEBUG landing.views - Показывать заглушки: True, количество: 1
[2026-01-11 10:44:53] DEBUG landing.views - Контакты из базы данных: 10 записей
[2026-01-11 10:44:53] INFO landing.views - Главная страница успешно загружена. Товаров: 8, Координаты: 59.819642, 30.341524
[2026-01-11 10:45:18] DEBUG landing.views - Загружено товаров из базы: 8
[2026-01-11 10:45:18] DEBUG landing.views - Показывать заглушки: True, количество: 1
[2026-01-11 10:45:19] DEBUG landing.views - Контакты из базы данных: 10 записей
[2026-01-11 10:45:19] INFO landing.views - Главная страница успешно загружена. Товаров: 8, Координаты: 59.819642, 30.341524
[2026-01-11 10:50:03] ERROR landing.views - КРИТИЧЕСКАЯ ОШИБКА при загрузке данных главной страницы: server closed the connection unexpectedly
	This probably means the server terminated abnormally
	before or while processing the request.
server closed the connection unexpectedly
	This probably means the server terminated abnormally
	before or while processing the request.
Traceback (most recent call last):
  File "C:\Users\Евгения\Desktop\Projects_web\TeddysTale_with-BackEnd\venv\Lib\site-packages\django\db\backends\utils.py", line 105, in _execute
    return self.cursor.execute(sql, params)
           ~~~~~~~~~~~~~~~~~~~^^^^^^^^^^^^^
psycopg2.OperationalError: server closed the connection unexpectedly
	This probably means the server terminated abnormally
	before or while processing the request.
server closed the connection unexpectedly
	This probably means the server terminated abnormally
	before or while processing the request.


The above exception was the direct cause of the following exception:

Traceback (most recent call last):
  File "C:\Users\Евгения\Desktop\Projects_web\TeddysTale_with-BackEnd\teddytale\landing\views.py", line 38, in index
    hero_section = PageSection.objects.filter(section_key='hero').first()
  File "C:\Users\Евгения\Desktop\Projects_web\TeddysTale_with-BackEnd\venv\Lib\site-packages\django\db\models\query.py", line 1106, in first
    for obj in queryset[:1]:
               ~~~~~~~~^^^^
  File "C:\Users\Евгения\Desktop\Projects_web\TeddysTale_with-BackEnd\venv\Lib\site-packages\django\db\models\query.py", line 386, in __iter__
    self._fetch_all()
    ~~~~~~~~~~~~~~~^^
  File "C:\Users\Евгения\Desktop\Projects_web\TeddysTale_with-BackEnd\venv\Lib\site-packages\django\db\models\query.py", line 1954, in _fetch_all
    self._result_cache = list(self._iterable_class(self))
                         ~~~~^^^^^^^^^^^^^^^^^^^^^^^^^^^^
  File "C:\Users\Евгения\Desktop\Projects_web\TeddysTale_with-BackEnd\venv\Lib\site-packages\django\db\models\query.py", line 93, in __iter__
    results = compiler.execute_sql(
        chunked_fetch=self.chunked_fetch, chunk_size=self.chunk_size
    )
  File "C:\Users\Евгения\Desktop\Projects_web\TeddysTale_with-BackEnd\venv\Lib\site-packages\django\db\models\sql\compiler.py", line 1623, in execute_sql
    cursor.execute(sql, params)
    ~~~~~~~~~~~~~~^^^^^^^^^^^^^
  File "C:\Users\Евгения\Desktop\Projects_web\TeddysTale_with-BackEnd\venv\Lib\site-packages\django\db\backends\utils.py", line 79, in execute
    return self._execute_with_wrappers(
           ~~~~~~~~~~~~~~~~~~~~~~~~~~~^
        sql, params, many=False, executor=self._execute
        ^^^^^^^^^^^^^^^^^^^^^^^^^^^^^^^^^^^^^^^^^^^^^^^
    )
    ^
  File "C:\Users\Евгения\Desktop\Projects_web\TeddysTale_with-BackEnd\venv\Lib\site-packages\django\db\backends\utils.py", line 92, in _execute_with_wrappers
    return executor(sql, params, many, context)
  File "C:\Users\Евгения\Desktop\Projects_web\TeddysTale_with-BackEnd\venv\Lib\site-packages\django\db\backends\utils.py", line 100, in _execute
    with self.db.wrap_database_errors:
         ^^^^^^^^^^^^^^^^^^^^^^^^^^^^
  File "C:\Users\Евгения\Desktop\Projects_web\TeddysTale_with-BackEnd\venv\Lib\site-packages\django\db\utils.py", line 91, in __exit__
    raise dj_exc_value.with_traceback(traceback) from exc_value
  File "C:\Users\Евгения\Desktop\Projects_web\TeddysTale_with-BackEnd\venv\Lib\site-packages\django\db\backends\utils.py", line 105, in _execute
    return self.cursor.execute(sql, params)
           ~~~~~~~~~~~~~~~~~~~^^^^^^^^^^^^^
django.db.utils.OperationalError: server closed the connection unexpectedly
	This probably means the server terminated abnormally
	before or while processing the request.
server closed the connection unexpectedly
	This probably means the server terminated abnormally
	before or while processing the request.
Stack (most recent call last):
  File "C:\Users\Евгения\AppData\Local\Programs\Python\Python313\Lib\threading.py", line 1014, in _bootstrap
    self._bootstrap_inner()
  File "C:\Users\Евгения\AppData\Local\Programs\Python\Python313\Lib\threading.py", line 1043, in _bootstrap_inner
    self.run()
  File "C:\Users\Евгения\AppData\Local\Programs\Python\Python313\Lib\threading.py", line 994, in run
    self._target(*self._args, **self._kwargs)
  File "C:\Users\Евгения\AppData\Local\Programs\Python\Python313\Lib\socketserver.py", line 697, in process_request_thread
    self.finish_request(request, client_address)
  File "C:\Users\Евгения\AppData\Local\Programs\Python\Python313\Lib\socketserver.py", line 362, in finish_request
    self.RequestHandlerClass(request, client_address, self)
  File "C:\Users\Евгения\AppData\Local\Programs\Python\Python313\Lib\socketserver.py", line 766, in __init__
    self.handle()
  File "C:\Users\Евгения\Desktop\Projects_web\TeddysTale_with-BackEnd\venv\Lib\site-packages\django\core\servers\basehttp.py", line 230, in handle
    self.handle_one_request()
  File "C:\Users\Евгения\Desktop\Projects_web\TeddysTale_with-BackEnd\venv\Lib\site-packages\django\core\servers\basehttp.py", line 253, in handle_one_request
    handler.run(self.server.get_app())
  File "C:\Users\Евгения\AppData\Local\Programs\Python\Python313\Lib\wsgiref\handlers.py", line 137, in run
    self.result = application(self.environ, self.start_response)
  File "C:\Users\Евгения\Desktop\Projects_web\TeddysTale_with-BackEnd\venv\Lib\site-packages\django\core\handlers\wsgi.py", line 124, in __call__
    response = self.get_response(request)
  File "C:\Users\Евгения\Desktop\Projects_web\TeddysTale_with-BackEnd\venv\Lib\site-packages\django\core\handlers\base.py", line 140, in get_response
    response = self._middleware_chain(request)
  File "C:\Users\Евгения\Desktop\Projects_web\TeddysTale_with-BackEnd\venv\Lib\site-packages\django\core\handlers\exception.py", line 55, in inner
    response = get_response(request)
  File "C:\Users\Евгения\Desktop\Projects_web\TeddysTale_with-BackEnd\venv\Lib\site-packages\django\utils\deprecation.py", line 120, in __call__
    response = response or self.get_response(request)
  File "C:\Users\Евгения\Desktop\Projects_web\TeddysTale_with-BackEnd\venv\Lib\site-packages\django\core\handlers\exception.py", line 55, in inner
    response = get_response(request)
  File "C:\Users\Евгения\Desktop\Projects_web\TeddysTale_with-BackEnd\venv\Lib\site-packages\whitenoise\middleware.py", line 123, in __call__
    return self.get_response(request)
  File "C:\Users\Евгения\Desktop\Projects_web\TeddysTale_with-BackEnd\venv\Lib\site-packages\django\core\handlers\exception.py", line 55, in inner
    response = get_response(request)
  File "C:\Users\Евгения\Desktop\Projects_web\TeddysTale_with-BackEnd\venv\Lib\site-packages\django\utils\deprecation.py", line 120, in __call__
    response = response or self.get_response(request)
  File "C:\Users\Евгения\Desktop\Projects_web\TeddysTale_with-BackEnd\venv\Lib\site-packages\django\core\handlers\exception.py", line 55, in inner
    response = get_response(request)
  File "C:\Users\Евгения\Desktop\Projects_web\TeddysTale_with-BackEnd\venv\Lib\site-packages\django\utils\deprecation.py", line 120, in __call__
    response = response or self.get_response(request)
  File "C:\Users\Евгения\Desktop\Projects_web\TeddysTale_with-BackEnd\venv\Lib\site-packages\django\core\handlers\exception.py", line 55, in inner
    response = get_response(request)
  File "C:\Users\Евгения\Desktop\Projects_web\TeddysTale_with-BackEnd\venv\Lib\site-packages\django\utils\deprecation.py", line 120, in __call__
    response = response or self.get_response(request)
  File "C:\Users\Евгения\Desktop\Projects_web\TeddysTale_with-BackEnd\venv\Lib\site-packages\django\core\handlers\exception.py", line 55, in inner
    response = get_response(request)
  File "C:\Users\Евгения\Desktop\Projects_web\TeddysTale_with-BackEnd\venv\Lib\site-packages\django\utils\deprecation.py", line 120, in __call__
    response = response or self.get_response(request)
  File "C:\Users\Евгения\Desktop\Projects_web\TeddysTale_with-BackEnd\venv\Lib\site-packages\django\core\handlers\exception.py", line 55, in inner
    response = get_response(request)
  File "C:\Users\Евгения\Desktop\Projects_web\TeddysTale_with-BackEnd\venv\Lib\site-packages\django\utils\deprecation.py", line 120, in __call__
    response = response or self.get_response(request)
  File "C:\Users\Евгения\Desktop\Projects_web\TeddysTale_with-BackEnd\venv\Lib\site-packages\django\core\handlers\exception.py", line 55, in inner
    response = get_response(request)
  File "C:\Users\Евгения\Desktop\Projects_web\TeddysTale_with-BackEnd\venv\Lib\site-packages\django\utils\deprecation.py", line 120, in __call__
    response = response or self.get_response(request)
  File "C:\Users\Евгения\Desktop\Projects_web\TeddysTale_with-BackEnd\venv\Lib\site-packages\django\core\handlers\exception.py", line 55, in inner
    response = get_response(request)
  File "C:\Users\Евгения\Desktop\Projects_web\TeddysTale_with-BackEnd\venv\Lib\site-packages\django\utils\deprecation.py", line 120, in __call__
    response = response or self.get_response(request)
  File "C:\Users\Евгения\Desktop\Projects_web\TeddysTale_with-BackEnd\venv\Lib\site-packages\django\core\handlers\exception.py", line 55, in inner
    response = get_response(request)
  File "C:\Users\Евгения\Desktop\Projects_web\TeddysTale_with-BackEnd\teddytale\TeddyTale\middleware.py", line 25, in __call__
    response = self.get_response(request)
  File "C:\Users\Евгения\Desktop\Projects_web\TeddysTale_with-BackEnd\venv\Lib\site-packages\django\core\handlers\exception.py", line 55, in inner
    response = get_response(request)
  File "C:\Users\Евгения\Desktop\Projects_web\TeddysTale_with-BackEnd\venv\Lib\site-packages\django\core\handlers\base.py", line 197, in _get_response
    response = wrapped_callback(request, *callback_args, **callback_kwargs)
  File "C:\Users\Евгения\Desktop\Projects_web\TeddysTale_with-BackEnd\teddytale\landing\db_utils.py", line 21, in wrapper
    return func(*args, **kwargs)
  File "C:\Users\Евгения\Desktop\Projects_web\TeddysTale_with-BackEnd\teddytale\landing\views.py", line 170, in index
    logger.error(f"КРИТИЧЕСКАЯ ОШИБКА при загрузке данных главной страницы: {str(e)}",
[2026-01-11 10:50:03] WARNING landing.views - Используется резервный режим с безопасными значениями
[2026-01-11 11:17:36] ERROR landing.views - КРИТИЧЕСКАЯ ОШИБКА при загрузке данных главной страницы: connection to server at "aws-1-eu-west-1.pooler.supabase.com" (54.247.26.119), port 5432 failed: FATAL:  MaxClientsInSessionMode: max clients reached - in Session mode max clients are limited to pool_size
Traceback (most recent call last):
  File "C:\Users\Евгения\Desktop\Projects_web\TeddysTale_with-BackEnd\venv\Lib\site-packages\django\db\backends\base\base.py", line 279, in ensure_connection
    self.connect()
    ~~~~~~~~~~~~^^
  File "C:\Users\Евгения\Desktop\Projects_web\TeddysTale_with-BackEnd\venv\Lib\site-packages\django\utils\asyncio.py", line 26, in inner
    return func(*args, **kwargs)
  File "C:\Users\Евгения\Desktop\Projects_web\TeddysTale_with-BackEnd\venv\Lib\site-packages\django\db\backends\base\base.py", line 256, in connect
    self.connection = self.get_new_connection(conn_params)
                      ~~~~~~~~~~~~~~~~~~~~~~~^^^^^^^^^^^^^
  File "C:\Users\Евгения\Desktop\Projects_web\TeddysTale_with-BackEnd\venv\Lib\site-packages\django\utils\asyncio.py", line 26, in inner
    return func(*args, **kwargs)
  File "C:\Users\Евгения\Desktop\Projects_web\TeddysTale_with-BackEnd\venv\Lib\site-packages\django\db\backends\postgresql\base.py", line 332, in get_new_connection
    connection = self.Database.connect(**conn_params)
  File "C:\Users\Евгения\Desktop\Projects_web\TeddysTale_with-BackEnd\venv\Lib\site-packages\psycopg2\__init__.py", line 135, in connect
    conn = _connect(dsn, connection_factory=connection_factory, **kwasync)
psycopg2.OperationalError: connection to server at "aws-1-eu-west-1.pooler.supabase.com" (54.247.26.119), port 5432 failed: FATAL:  MaxClientsInSessionMode: max clients reached - in Session mode max clients are limited to pool_size


The above exception was the direct cause of the following exception:

Traceback (most recent call last):
  File "C:\Users\Евгения\Desktop\Projects_web\TeddysTale_with-BackEnd\teddytale\landing\views.py", line 21, in index
    meta_section = PageSection.objects.filter(section_key='meta').first()
  File "C:\Users\Евгения\Desktop\Projects_web\TeddysTale_with-BackEnd\venv\Lib\site-packages\django\db\models\query.py", line 1106, in first
    for obj in queryset[:1]:
               ~~~~~~~~^^^^
  File "C:\Users\Евгения\Desktop\Projects_web\TeddysTale_with-BackEnd\venv\Lib\site-packages\django\db\models\query.py", line 386, in __iter__
    self._fetch_all()
    ~~~~~~~~~~~~~~~^^
  File "C:\Users\Евгения\Desktop\Projects_web\TeddysTale_with-BackEnd\venv\Lib\site-packages\django\db\models\query.py", line 1954, in _fetch_all
    self._result_cache = list(self._iterable_class(self))
                         ~~~~^^^^^^^^^^^^^^^^^^^^^^^^^^^^
  File "C:\Users\Евгения\Desktop\Projects_web\TeddysTale_with-BackEnd\venv\Lib\site-packages\django\db\models\query.py", line 93, in __iter__
    results = compiler.execute_sql(
        chunked_fetch=self.chunked_fetch, chunk_size=self.chunk_size
    )
  File "C:\Users\Евгения\Desktop\Projects_web\TeddysTale_with-BackEnd\venv\Lib\site-packages\django\db\models\sql\compiler.py", line 1621, in execute_sql
    cursor = self.connection.cursor()
  File "C:\Users\Евгения\Desktop\Projects_web\TeddysTale_with-BackEnd\venv\Lib\site-packages\django\utils\asyncio.py", line 26, in inner
    return func(*args, **kwargs)
  File "C:\Users\Евгения\Desktop\Projects_web\TeddysTale_with-BackEnd\venv\Lib\site-packages\django\db\backends\base\base.py", line 320, in cursor
    return self._cursor()
           ~~~~~~~~~~~~^^
  File "C:\Users\Евгения\Desktop\Projects_web\TeddysTale_with-BackEnd\venv\Lib\site-packages\django\db\backends\base\base.py", line 296, in _cursor
    self.ensure_connection()
    ~~~~~~~~~~~~~~~~~~~~~~^^
  File "C:\Users\Евгения\Desktop\Projects_web\TeddysTale_with-BackEnd\venv\Lib\site-packages\django\utils\asyncio.py", line 26, in inner
    return func(*args, **kwargs)
  File "C:\Users\Евгения\Desktop\Projects_web\TeddysTale_with-BackEnd\venv\Lib\site-packages\django\db\backends\base\base.py", line 278, in ensure_connection
    with self.wrap_database_errors:
         ^^^^^^^^^^^^^^^^^^^^^^^^^
  File "C:\Users\Евгения\Desktop\Projects_web\TeddysTale_with-BackEnd\venv\Lib\site-packages\django\db\utils.py", line 91, in __exit__
    raise dj_exc_value.with_traceback(traceback) from exc_value
  File "C:\Users\Евгения\Desktop\Projects_web\TeddysTale_with-BackEnd\venv\Lib\site-packages\django\db\backends\base\base.py", line 279, in ensure_connection
    self.connect()
    ~~~~~~~~~~~~^^
  File "C:\Users\Евгения\Desktop\Projects_web\TeddysTale_with-BackEnd\venv\Lib\site-packages\django\utils\asyncio.py", line 26, in inner
    return func(*args, **kwargs)
  File "C:\Users\Евгения\Desktop\Projects_web\TeddysTale_with-BackEnd\venv\Lib\site-packages\django\db\backends\base\base.py", line 256, in connect
    self.connection = self.get_new_connection(conn_params)
                      ~~~~~~~~~~~~~~~~~~~~~~~^^^^^^^^^^^^^
  File "C:\Users\Евгения\Desktop\Projects_web\TeddysTale_with-BackEnd\venv\Lib\site-packages\django\utils\asyncio.py", line 26, in inner
    return func(*args, **kwargs)
  File "C:\Users\Евгения\Desktop\Projects_web\TeddysTale_with-BackEnd\venv\Lib\site-packages\django\db\backends\postgresql\base.py", line 332, in get_new_connection
    connection = self.Database.connect(**conn_params)
  File "C:\Users\Евгения\Desktop\Projects_web\TeddysTale_with-BackEnd\venv\Lib\site-packages\psycopg2\__init__.py", line 135, in connect
    conn = _connect(dsn, connection_factory=connection_factory, **kwasync)
django.db.utils.OperationalError: connection to server at "aws-1-eu-west-1.pooler.supabase.com" (54.247.26.119), port 5432 failed: FATAL:  MaxClientsInSessionMode: max clients reached - in Session mode max clients are limited to pool_size
Stack (most recent call last):
  File "C:\Users\Евгения\AppData\Local\Programs\Python\Python313\Lib\threading.py", line 1014, in _bootstrap
    self._bootstrap_inner()
  File "C:\Users\Евгения\AppData\Local\Programs\Python\Python313\Lib\threading.py", line 1043, in _bootstrap_inner
    self.run()
  File "C:\Users\Евгения\AppData\Local\Programs\Python\Python313\Lib\threading.py", line 994, in run
    self._target(*self._args, **self._kwargs)
  File "C:\Users\Евгения\AppData\Local\Programs\Python\Python313\Lib\socketserver.py", line 697, in process_request_thread
    self.finish_request(request, client_address)
  File "C:\Users\Евгения\AppData\Local\Programs\Python\Python313\Lib\socketserver.py", line 362, in finish_request
    self.RequestHandlerClass(request, client_address, self)
  File "C:\Users\Евгения\AppData\Local\Programs\Python\Python313\Lib\socketserver.py", line 766, in __init__
    self.handle()
  File "C:\Users\Евгения\Desktop\Projects_web\TeddysTale_with-BackEnd\venv\Lib\site-packages\django\core\servers\basehttp.py", line 228, in handle
    self.handle_one_request()
  File "C:\Users\Евгения\Desktop\Projects_web\TeddysTale_with-BackEnd\venv\Lib\site-packages\django\core\servers\basehttp.py", line 253, in handle_one_request
    handler.run(self.server.get_app())
  File "C:\Users\Евгения\AppData\Local\Programs\Python\Python313\Lib\wsgiref\handlers.py", line 137, in run
    self.result = application(self.environ, self.start_response)
  File "C:\Users\Евгения\Desktop\Projects_web\TeddysTale_with-BackEnd\venv\Lib\site-packages\django\core\handlers\wsgi.py", line 124, in __call__
    response = self.get_response(request)
  File "C:\Users\Евгения\Desktop\Projects_web\TeddysTale_with-BackEnd\venv\Lib\site-packages\django\core\handlers\base.py", line 140, in get_response
    response = self._middleware_chain(request)
  File "C:\Users\Евгения\Desktop\Projects_web\TeddysTale_with-BackEnd\venv\Lib\site-packages\django\core\handlers\exception.py", line 55, in inner
    response = get_response(request)
  File "C:\Users\Евгения\Desktop\Projects_web\TeddysTale_with-BackEnd\venv\Lib\site-packages\django\utils\deprecation.py", line 120, in __call__
    response = response or self.get_response(request)
  File "C:\Users\Евгения\Desktop\Projects_web\TeddysTale_with-BackEnd\venv\Lib\site-packages\django\core\handlers\exception.py", line 55, in inner
    response = get_response(request)
  File "C:\Users\Евгения\Desktop\Projects_web\TeddysTale_with-BackEnd\venv\Lib\site-packages\whitenoise\middleware.py", line 123, in __call__
    return self.get_response(request)
  File "C:\Users\Евгения\Desktop\Projects_web\TeddysTale_with-BackEnd\venv\Lib\site-packages\django\core\handlers\exception.py", line 55, in inner
    response = get_response(request)
  File "C:\Users\Евгения\Desktop\Projects_web\TeddysTale_with-BackEnd\venv\Lib\site-packages\django\utils\deprecation.py", line 120, in __call__
    response = response or self.get_response(request)
  File "C:\Users\Евгения\Desktop\Projects_web\TeddysTale_with-BackEnd\venv\Lib\site-packages\django\core\handlers\exception.py", line 55, in inner
    response = get_response(request)
  File "C:\Users\Евгения\Desktop\Projects_web\TeddysTale_with-BackEnd\venv\Lib\site-packages\django\utils\deprecation.py", line 120, in __call__
    response = response or self.get_response(request)
  File "C:\Users\Евгения\Desktop\Projects_web\TeddysTale_with-BackEnd\venv\Lib\site-packages\django\core\handlers\exception.py", line 55, in inner
    response = get_response(request)
  File "C:\Users\Евгения\Desktop\Projects_web\TeddysTale_with-BackEnd\venv\Lib\site-packages\django\utils\deprecation.py", line 120, in __call__
    response = response or self.get_response(request)
  File "C:\Users\Евгения\Desktop\Projects_web\TeddysTale_with-BackEnd\venv\Lib\site-packages\django\core\handlers\exception.py", line 55, in inner
    response = get_response(request)
  File "C:\Users\Евгения\Desktop\Projects_web\TeddysTale_with-BackEnd\venv\Lib\site-packages\django\utils\deprecation.py", line 120, in __call__
    response = response or self.get_response(request)
  File "C:\Users\Евгения\Desktop\Projects_web\TeddysTale_with-BackEnd\venv\Lib\site-packages\django\core\handlers\exception.py", line 55, in inner
    response = get_response(request)
  File "C:\Users\Евгения\Desktop\Projects_web\TeddysTale_with-BackEnd\venv\Lib\site-packages\django\utils\deprecation.py", line 120, in __call__
    response = response or self.get_response(request)
  File "C:\Users\Евгения\Desktop\Projects_web\TeddysTale_with-BackEnd\venv\Lib\site-packages\django\core\handlers\exception.py", line 55, in inner
    response = get_response(request)
  File "C:\Users\Евгения\Desktop\Projects_web\TeddysTale_with-BackEnd\venv\Lib\site-packages\django\utils\deprecation.py", line 120, in __call__
    response = response or self.get_response(request)
  File "C:\Users\Евгения\Desktop\Projects_web\TeddysTale_with-BackEnd\venv\Lib\site-packages\django\core\handlers\exception.py", line 55, in inner
    response = get_response(request)
  File "C:\Users\Евгения\Desktop\Projects_web\TeddysTale_with-BackEnd\venv\Lib\site-packages\django\utils\deprecation.py", line 120, in __call__
    response = response or self.get_response(request)
  File "C:\Users\Евгения\Desktop\Projects_web\TeddysTale_with-BackEnd\venv\Lib\site-packages\django\core\handlers\exception.py", line 55, in inner
    response = get_response(request)
  File "C:\Users\Евгения\Desktop\Projects_web\TeddysTale_with-BackEnd\teddytale\TeddyTale\middleware.py", line 25, in __call__
    response = self.get_response(request)
  File "C:\Users\Евгения\Desktop\Projects_web\TeddysTale_with-BackEnd\venv\Lib\site-packages\django\core\handlers\exception.py", line 55, in inner
    response = get_response(request)
  File "C:\Users\Евгения\Desktop\Projects_web\TeddysTale_with-BackEnd\venv\Lib\site-packages\django\core\handlers\base.py", line 197, in _get_response
    response = wrapped_callback(request, *callback_args, **callback_kwargs)
  File "C:\Users\Евгения\Desktop\Projects_web\TeddysTale_with-BackEnd\teddytale\landing\db_utils.py", line 21, in wrapper
    return func(*args, **kwargs)
  File "C:\Users\Евгения\Desktop\Projects_web\TeddysTale_with-BackEnd\teddytale\landing\views.py", line 170, in index
    logger.error(f"КРИТИЧЕСКАЯ ОШИБКА при загрузке данных главной страницы: {str(e)}",
[2026-01-11 11:17:36] WARNING landing.views - Используется резервный режим с безопасными значениями
[2026-01-11 11:19:50] ERROR landing.views - КРИТИЧЕСКАЯ ОШИБКА при загрузке данных главной страницы: server closed the connection unexpectedly
	This probably means the server terminated abnormally
	before or while processing the request.
server closed the connection unexpectedly
	This probably means the server terminated abnormally
	before or while processing the request.
Traceback (most recent call last):
  File "C:\Users\Евгения\Desktop\Projects_web\TeddysTale_with-BackEnd\venv\Lib\site-packages\django\db\backends\utils.py", line 105, in _execute
    return self.cursor.execute(sql, params)
           ~~~~~~~~~~~~~~~~~~~^^^^^^^^^^^^^
psycopg2.OperationalError: server closed the connection unexpectedly
	This probably means the server terminated abnormally
	before or while processing the request.
server closed the connection unexpectedly
	This probably means the server terminated abnormally
	before or while processing the request.


The above exception was the direct cause of the following exception:

Traceback (most recent call last):
  File "C:\Users\Евгения\Desktop\Projects_web\TeddysTale_with-BackEnd\teddytale\landing\views.py", line 38, in index
    hero_section = PageSection.objects.filter(section_key='hero').first()
  File "C:\Users\Евгения\Desktop\Projects_web\TeddysTale_with-BackEnd\venv\Lib\site-packages\django\db\models\query.py", line 1106, in first
    for obj in queryset[:1]:
               ~~~~~~~~^^^^
  File "C:\Users\Евгения\Desktop\Projects_web\TeddysTale_with-BackEnd\venv\Lib\site-packages\django\db\models\query.py", line 386, in __iter__
    self._fetch_all()
    ~~~~~~~~~~~~~~~^^
  File "C:\Users\Евгения\Desktop\Projects_web\TeddysTale_with-BackEnd\venv\Lib\site-packages\django\db\models\query.py", line 1954, in _fetch_all
    self._result_cache = list(self._iterable_class(self))
                         ~~~~^^^^^^^^^^^^^^^^^^^^^^^^^^^^
  File "C:\Users\Евгения\Desktop\Projects_web\TeddysTale_with-BackEnd\venv\Lib\site-packages\django\db\models\query.py", line 93, in __iter__
    results = compiler.execute_sql(
        chunked_fetch=self.chunked_fetch, chunk_size=self.chunk_size
    )
  File "C:\Users\Евгения\Desktop\Projects_web\TeddysTale_with-BackEnd\venv\Lib\site-packages\django\db\models\sql\compiler.py", line 1623, in execute_sql
    cursor.execute(sql, params)
    ~~~~~~~~~~~~~~^^^^^^^^^^^^^
  File "C:\Users\Евгения\Desktop\Projects_web\TeddysTale_with-BackEnd\venv\Lib\site-packages\django\db\backends\utils.py", line 79, in execute
    return self._execute_with_wrappers(
           ~~~~~~~~~~~~~~~~~~~~~~~~~~~^
        sql, params, many=False, executor=self._execute
        ^^^^^^^^^^^^^^^^^^^^^^^^^^^^^^^^^^^^^^^^^^^^^^^
    )
    ^
  File "C:\Users\Евгения\Desktop\Projects_web\TeddysTale_with-BackEnd\venv\Lib\site-packages\django\db\backends\utils.py", line 92, in _execute_with_wrappers
    return executor(sql, params, many, context)
  File "C:\Users\Евгения\Desktop\Projects_web\TeddysTale_with-BackEnd\venv\Lib\site-packages\django\db\backends\utils.py", line 100, in _execute
    with self.db.wrap_database_errors:
         ^^^^^^^^^^^^^^^^^^^^^^^^^^^^
  File "C:\Users\Евгения\Desktop\Projects_web\TeddysTale_with-BackEnd\venv\Lib\site-packages\django\db\utils.py", line 91, in __exit__
    raise dj_exc_value.with_traceback(traceback) from exc_value
  File "C:\Users\Евгения\Desktop\Projects_web\TeddysTale_with-BackEnd\venv\Lib\site-packages\django\db\backends\utils.py", line 105, in _execute
    return self.cursor.execute(sql, params)
           ~~~~~~~~~~~~~~~~~~~^^^^^^^^^^^^^
django.db.utils.OperationalError: server closed the connection unexpectedly
	This probably means the server terminated abnormally
	before or while processing the request.
server closed the connection unexpectedly
	This probably means the server terminated abnormally
	before or while processing the request.
Stack (most recent call last):
  File "C:\Users\Евгения\AppData\Local\Programs\Python\Python313\Lib\threading.py", line 1014, in _bootstrap
    self._bootstrap_inner()
  File "C:\Users\Евгения\AppData\Local\Programs\Python\Python313\Lib\threading.py", line 1043, in _bootstrap_inner
    self.run()
  File "C:\Users\Евгения\AppData\Local\Programs\Python\Python313\Lib\threading.py", line 994, in run
    self._target(*self._args, **self._kwargs)
  File "C:\Users\Евгения\AppData\Local\Programs\Python\Python313\Lib\socketserver.py", line 697, in process_request_thread
    self.finish_request(request, client_address)
  File "C:\Users\Евгения\AppData\Local\Programs\Python\Python313\Lib\socketserver.py", line 362, in finish_request
    self.RequestHandlerClass(request, client_address, self)
  File "C:\Users\Евгения\AppData\Local\Programs\Python\Python313\Lib\socketserver.py", line 766, in __init__
    self.handle()
  File "C:\Users\Евгения\Desktop\Projects_web\TeddysTale_with-BackEnd\venv\Lib\site-packages\django\core\servers\basehttp.py", line 230, in handle
    self.handle_one_request()
  File "C:\Users\Евгения\Desktop\Projects_web\TeddysTale_with-BackEnd\venv\Lib\site-packages\django\core\servers\basehttp.py", line 253, in handle_one_request
    handler.run(self.server.get_app())
  File "C:\Users\Евгения\AppData\Local\Programs\Python\Python313\Lib\wsgiref\handlers.py", line 137, in run
    self.result = application(self.environ, self.start_response)
  File "C:\Users\Евгения\Desktop\Projects_web\TeddysTale_with-BackEnd\venv\Lib\site-packages\django\core\handlers\wsgi.py", line 124, in __call__
    response = self.get_response(request)
  File "C:\Users\Евгения\Desktop\Projects_web\TeddysTale_with-BackEnd\venv\Lib\site-packages\django\core\handlers\base.py", line 140, in get_response
    response = self._middleware_chain(request)
  File "C:\Users\Евгения\Desktop\Projects_web\TeddysTale_with-BackEnd\venv\Lib\site-packages\django\core\handlers\exception.py", line 55, in inner
    response = get_response(request)
  File "C:\Users\Евгения\Desktop\Projects_web\TeddysTale_with-BackEnd\venv\Lib\site-packages\django\utils\deprecation.py", line 120, in __call__
    response = response or self.get_response(request)
  File "C:\Users\Евгения\Desktop\Projects_web\TeddysTale_with-BackEnd\venv\Lib\site-packages\django\core\handlers\exception.py", line 55, in inner
    response = get_response(request)
  File "C:\Users\Евгения\Desktop\Projects_web\TeddysTale_with-BackEnd\venv\Lib\site-packages\whitenoise\middleware.py", line 123, in __call__
    return self.get_response(request)
  File "C:\Users\Евгения\Desktop\Projects_web\TeddysTale_with-BackEnd\venv\Lib\site-packages\django\core\handlers\exception.py", line 55, in inner
    response = get_response(request)
  File "C:\Users\Евгения\Desktop\Projects_web\TeddysTale_with-BackEnd\venv\Lib\site-packages\django\utils\deprecation.py", line 120, in __call__
    response = response or self.get_response(request)
  File "C:\Users\Евгения\Desktop\Projects_web\TeddysTale_with-BackEnd\venv\Lib\site-packages\django\core\handlers\exception.py", line 55, in inner
    response = get_response(request)
  File "C:\Users\Евгения\Desktop\Projects_web\TeddysTale_with-BackEnd\venv\Lib\site-packages\django\utils\deprecation.py", line 120, in __call__
    response = response or self.get_response(request)
  File "C:\Users\Евгения\Desktop\Projects_web\TeddysTale_with-BackEnd\venv\Lib\site-packages\django\core\handlers\exception.py", line 55, in inner
    response = get_response(request)
  File "C:\Users\Евгения\Desktop\Projects_web\TeddysTale_with-BackEnd\venv\Lib\site-packages\django\utils\deprecation.py", line 120, in __call__
    response = response or self.get_response(request)
  File "C:\Users\Евгения\Desktop\Projects_web\TeddysTale_with-BackEnd\venv\Lib\site-packages\django\core\handlers\exception.py", line 55, in inner
    response = get_response(request)
  File "C:\Users\Евгения\Desktop\Projects_web\TeddysTale_with-BackEnd\venv\Lib\site-packages\django\utils\deprecation.py", line 120, in __call__
    response = response or self.get_response(request)
  File "C:\Users\Евгения\Desktop\Projects_web\TeddysTale_with-BackEnd\venv\Lib\site-packages\django\core\handlers\exception.py", line 55, in inner
    response = get_response(request)
  File "C:\Users\Евгения\Desktop\Projects_web\TeddysTale_with-BackEnd\venv\Lib\site-packages\django\utils\deprecation.py", line 120, in __call__
    response = response or self.get_response(request)
  File "C:\Users\Евгения\Desktop\Projects_web\TeddysTale_with-BackEnd\venv\Lib\site-packages\django\core\handlers\exception.py", line 55, in inner
    response = get_response(request)
  File "C:\Users\Евгения\Desktop\Projects_web\TeddysTale_with-BackEnd\venv\Lib\site-packages\django\utils\deprecation.py", line 120, in __call__
    response = response or self.get_response(request)
  File "C:\Users\Евгения\Desktop\Projects_web\TeddysTale_with-BackEnd\venv\Lib\site-packages\django\core\handlers\exception.py", line 55, in inner
    response = get_response(request)
  File "C:\Users\Евгения\Desktop\Projects_web\TeddysTale_with-BackEnd\venv\Lib\site-packages\django\utils\deprecation.py", line 120, in __call__
    response = response or self.get_response(request)
  File "C:\Users\Евгения\Desktop\Projects_web\TeddysTale_with-BackEnd\venv\Lib\site-packages\django\core\handlers\exception.py", line 55, in inner
    response = get_response(request)
  File "C:\Users\Евгения\Desktop\Projects_web\TeddysTale_with-BackEnd\teddytale\TeddyTale\middleware.py", line 25, in __call__
    response = self.get_response(request)
  File "C:\Users\Евгения\Desktop\Projects_web\TeddysTale_with-BackEnd\venv\Lib\site-packages\django\core\handlers\exception.py", line 55, in inner
    response = get_response(request)
  File "C:\Users\Евгения\Desktop\Projects_web\TeddysTale_with-BackEnd\venv\Lib\site-packages\django\core\handlers\base.py", line 197, in _get_response
    response = wrapped_callback(request, *callback_args, **callback_kwargs)
  File "C:\Users\Евгения\Desktop\Projects_web\TeddysTale_with-BackEnd\teddytale\landing\db_utils.py", line 21, in wrapper
    return func(*args, **kwargs)
  File "C:\Users\Евгения\Desktop\Projects_web\TeddysTale_with-BackEnd\teddytale\landing\views.py", line 170, in index
    logger.error(f"КРИТИЧЕСКАЯ ОШИБКА при загрузке данных главной страницы: {str(e)}",
[2026-01-11 11:19:50] WARNING landing.views - Используется резервный режим с безопасными значениями
[2026-01-11 11:20:51] ERROR landing.views - КРИТИЧЕСКАЯ ОШИБКА при загрузке данных главной страницы: server closed the connection unexpectedly
	This probably means the server terminated abnormally
	before or while processing the request.
server closed the connection unexpectedly
	This probably means the server terminated abnormally
	before or while processing the request.
Traceback (most recent call last):
  File "C:\Users\Евгения\Desktop\Projects_web\TeddysTale_with-BackEnd\venv\Lib\site-packages\django\db\backends\utils.py", line 105, in _execute
    return self.cursor.execute(sql, params)
           ~~~~~~~~~~~~~~~~~~~^^^^^^^^^^^^^
psycopg2.OperationalError: server closed the connection unexpectedly
	This probably means the server terminated abnormally
	before or while processing the request.
server closed the connection unexpectedly
	This probably means the server terminated abnormally
	before or while processing the request.


The above exception was the direct cause of the following exception:

Traceback (most recent call last):
  File "C:\Users\Евгения\Desktop\Projects_web\TeddysTale_with-BackEnd\teddytale\landing\views.py", line 53, in index
    shop_items = list(ShopItem.objects.filter(is_active=True).order_by('slot_number'))
  File "C:\Users\Евгения\Desktop\Projects_web\TeddysTale_with-BackEnd\venv\Lib\site-packages\django\db\models\query.py", line 386, in __iter__
    self._fetch_all()
    ~~~~~~~~~~~~~~~^^
  File "C:\Users\Евгения\Desktop\Projects_web\TeddysTale_with-BackEnd\venv\Lib\site-packages\django\db\models\query.py", line 1954, in _fetch_all
    self._result_cache = list(self._iterable_class(self))
                         ~~~~^^^^^^^^^^^^^^^^^^^^^^^^^^^^
  File "C:\Users\Евгения\Desktop\Projects_web\TeddysTale_with-BackEnd\venv\Lib\site-packages\django\db\models\query.py", line 93, in __iter__
    results = compiler.execute_sql(
        chunked_fetch=self.chunked_fetch, chunk_size=self.chunk_size
    )
  File "C:\Users\Евгения\Desktop\Projects_web\TeddysTale_with-BackEnd\venv\Lib\site-packages\django\db\models\sql\compiler.py", line 1623, in execute_sql
    cursor.execute(sql, params)
    ~~~~~~~~~~~~~~^^^^^^^^^^^^^
  File "C:\Users\Евгения\Desktop\Projects_web\TeddysTale_with-BackEnd\venv\Lib\site-packages\django\db\backends\utils.py", line 79, in execute
    return self._execute_with_wrappers(
           ~~~~~~~~~~~~~~~~~~~~~~~~~~~^
        sql, params, many=False, executor=self._execute
        ^^^^^^^^^^^^^^^^^^^^^^^^^^^^^^^^^^^^^^^^^^^^^^^
    )
    ^
  File "C:\Users\Евгения\Desktop\Projects_web\TeddysTale_with-BackEnd\venv\Lib\site-packages\django\db\backends\utils.py", line 92, in _execute_with_wrappers
    return executor(sql, params, many, context)
  File "C:\Users\Евгения\Desktop\Projects_web\TeddysTale_with-BackEnd\venv\Lib\site-packages\django\db\backends\utils.py", line 100, in _execute
    with self.db.wrap_database_errors:
         ^^^^^^^^^^^^^^^^^^^^^^^^^^^^
  File "C:\Users\Евгения\Desktop\Projects_web\TeddysTale_with-BackEnd\venv\Lib\site-packages\django\db\utils.py", line 91, in __exit__
    raise dj_exc_value.with_traceback(traceback) from exc_value
  File "C:\Users\Евгения\Desktop\Projects_web\TeddysTale_with-BackEnd\venv\Lib\site-packages\django\db\backends\utils.py", line 105, in _execute
    return self.cursor.execute(sql, params)
           ~~~~~~~~~~~~~~~~~~~^^^^^^^^^^^^^
django.db.utils.OperationalError: server closed the connection unexpectedly
	This probably means the server terminated abnormally
	before or while processing the request.
server closed the connection unexpectedly
	This probably means the server terminated abnormally
	before or while processing the request.
Stack (most recent call last):
  File "C:\Users\Евгения\AppData\Local\Programs\Python\Python313\Lib\threading.py", line 1014, in _bootstrap
    self._bootstrap_inner()
  File "C:\Users\Евгения\AppData\Local\Programs\Python\Python313\Lib\threading.py", line 1043, in _bootstrap_inner
    self.run()
  File "C:\Users\Евгения\AppData\Local\Programs\Python\Python313\Lib\threading.py", line 994, in run
    self._target(*self._args, **self._kwargs)
  File "C:\Users\Евгения\AppData\Local\Programs\Python\Python313\Lib\socketserver.py", line 697, in process_request_thread
    self.finish_request(request, client_address)
  File "C:\Users\Евгения\AppData\Local\Programs\Python\Python313\Lib\socketserver.py", line 362, in finish_request
    self.RequestHandlerClass(request, client_address, self)
  File "C:\Users\Евгения\AppData\Local\Programs\Python\Python313\Lib\socketserver.py", line 766, in __init__
    self.handle()
  File "C:\Users\Евгения\Desktop\Projects_web\TeddysTale_with-BackEnd\venv\Lib\site-packages\django\core\servers\basehttp.py", line 228, in handle
    self.handle_one_request()
  File "C:\Users\Евгения\Desktop\Projects_web\TeddysTale_with-BackEnd\venv\Lib\site-packages\django\core\servers\basehttp.py", line 253, in handle_one_request
    handler.run(self.server.get_app())
  File "C:\Users\Евгения\AppData\Local\Programs\Python\Python313\Lib\wsgiref\handlers.py", line 137, in run
    self.result = application(self.environ, self.start_response)
  File "C:\Users\Евгения\Desktop\Projects_web\TeddysTale_with-BackEnd\venv\Lib\site-packages\django\core\handlers\wsgi.py", line 124, in __call__
    response = self.get_response(request)
  File "C:\Users\Евгения\Desktop\Projects_web\TeddysTale_with-BackEnd\venv\Lib\site-packages\django\core\handlers\base.py", line 140, in get_response
    response = self._middleware_chain(request)
  File "C:\Users\Евгения\Desktop\Projects_web\TeddysTale_with-BackEnd\venv\Lib\site-packages\django\core\handlers\exception.py", line 55, in inner
    response = get_response(request)
  File "C:\Users\Евгения\Desktop\Projects_web\TeddysTale_with-BackEnd\venv\Lib\site-packages\django\utils\deprecation.py", line 120, in __call__
    response = response or self.get_response(request)
  File "C:\Users\Евгения\Desktop\Projects_web\TeddysTale_with-BackEnd\venv\Lib\site-packages\django\core\handlers\exception.py", line 55, in inner
    response = get_response(request)
  File "C:\Users\Евгения\Desktop\Projects_web\TeddysTale_with-BackEnd\venv\Lib\site-packages\whitenoise\middleware.py", line 123, in __call__
    return self.get_response(request)
  File "C:\Users\Евгения\Desktop\Projects_web\TeddysTale_with-BackEnd\venv\Lib\site-packages\django\core\handlers\exception.py", line 55, in inner
    response = get_response(request)
  File "C:\Users\Евгения\Desktop\Projects_web\TeddysTale_with-BackEnd\venv\Lib\site-packages\django\utils\deprecation.py", line 120, in __call__
    response = response or self.get_response(request)
  File "C:\Users\Евгения\Desktop\Projects_web\TeddysTale_with-BackEnd\venv\Lib\site-packages\django\core\handlers\exception.py", line 55, in inner
    response = get_response(request)
  File "C:\Users\Евгения\Desktop\Projects_web\TeddysTale_with-BackEnd\venv\Lib\site-packages\django\utils\deprecation.py", line 120, in __call__
    response = response or self.get_response(request)
  File "C:\Users\Евгения\Desktop\Projects_web\TeddysTale_with-BackEnd\venv\Lib\site-packages\django\core\handlers\exception.py", line 55, in inner
    response = get_response(request)
  File "C:\Users\Евгения\Desktop\Projects_web\TeddysTale_with-BackEnd\venv\Lib\site-packages\django\utils\deprecation.py", line 120, in __call__
    response = response or self.get_response(request)
  File "C:\Users\Евгения\Desktop\Projects_web\TeddysTale_with-BackEnd\venv\Lib\site-packages\django\core\handlers\exception.py", line 55, in inner
    response = get_response(request)
  File "C:\Users\Евгения\Desktop\Projects_web\TeddysTale_with-BackEnd\venv\Lib\site-packages\django\utils\deprecation.py", line 120, in __call__
    response = response or self.get_response(request)
  File "C:\Users\Евгения\Desktop\Projects_web\TeddysTale_with-BackEnd\venv\Lib\site-packages\django\core\handlers\exception.py", line 55, in inner
    response = get_response(request)
  File "C:\Users\Евгения\Desktop\Projects_web\TeddysTale_with-BackEnd\venv\Lib\site-packages\django\utils\deprecation.py", line 120, in __call__
    response = response or self.get_response(request)
  File "C:\Users\Евгения\Desktop\Projects_web\TeddysTale_with-BackEnd\venv\Lib\site-packages\django\core\handlers\exception.py", line 55, in inner
    response = get_response(request)
  File "C:\Users\Евгения\Desktop\Projects_web\TeddysTale_with-BackEnd\venv\Lib\site-packages\django\utils\deprecation.py", line 120, in __call__
    response = response or self.get_response(request)
  File "C:\Users\Евгения\Desktop\Projects_web\TeddysTale_with-BackEnd\venv\Lib\site-packages\django\core\handlers\exception.py", line 55, in inner
    response = get_response(request)
  File "C:\Users\Евгения\Desktop\Projects_web\TeddysTale_with-BackEnd\venv\Lib\site-packages\django\utils\deprecation.py", line 120, in __call__
    response = response or self.get_response(request)
  File "C:\Users\Евгения\Desktop\Projects_web\TeddysTale_with-BackEnd\venv\Lib\site-packages\django\core\handlers\exception.py", line 55, in inner
    response = get_response(request)
  File "C:\Users\Евгения\Desktop\Projects_web\TeddysTale_with-BackEnd\teddytale\TeddyTale\middleware.py", line 25, in __call__
    response = self.get_response(request)
  File "C:\Users\Евгения\Desktop\Projects_web\TeddysTale_with-BackEnd\venv\Lib\site-packages\django\core\handlers\exception.py", line 55, in inner
    response = get_response(request)
  File "C:\Users\Евгения\Desktop\Projects_web\TeddysTale_with-BackEnd\venv\Lib\site-packages\django\core\handlers\base.py", line 197, in _get_response
    response = wrapped_callback(request, *callback_args, **callback_kwargs)
  File "C:\Users\Евгения\Desktop\Projects_web\TeddysTale_with-BackEnd\teddytale\landing\db_utils.py", line 21, in wrapper
    return func(*args, **kwargs)
  File "C:\Users\Евгения\Desktop\Projects_web\TeddysTale_with-BackEnd\teddytale\landing\views.py", line 170, in index
    logger.error(f"КРИТИЧЕСКАЯ ОШИБКА при загрузке данных главной страницы: {str(e)}",
[2026-01-11 11:20:51] WARNING landing.views - Используется резервный режим с безопасными значениями
[2026-01-11 11:22:56] ERROR landing.views - КРИТИЧЕСКАЯ ОШИБКА при загрузке данных главной страницы: connection to server at "aws-1-eu-west-1.pooler.supabase.com" (18.202.64.2), port 5432 failed: timeout expired
connection to server at "aws-1-eu-west-1.pooler.supabase.com" (54.247.26.119), port 5432 failed: FATAL:  MaxClientsInSessionMode: max clients reached - in Session mode max clients are limited to pool_size
Traceback (most recent call last):
  File "C:\Users\Евгения\Desktop\Projects_web\TeddysTale_with-BackEnd\venv\Lib\site-packages\django\db\backends\base\base.py", line 279, in ensure_connection
    self.connect()
    ~~~~~~~~~~~~^^
  File "C:\Users\Евгения\Desktop\Projects_web\TeddysTale_with-BackEnd\venv\Lib\site-packages\django\utils\asyncio.py", line 26, in inner
    return func(*args, **kwargs)
  File "C:\Users\Евгения\Desktop\Projects_web\TeddysTale_with-BackEnd\venv\Lib\site-packages\django\db\backends\base\base.py", line 256, in connect
    self.connection = self.get_new_connection(conn_params)
                      ~~~~~~~~~~~~~~~~~~~~~~~^^^^^^^^^^^^^
  File "C:\Users\Евгения\Desktop\Projects_web\TeddysTale_with-BackEnd\venv\Lib\site-packages\django\utils\asyncio.py", line 26, in inner
    return func(*args, **kwargs)
  File "C:\Users\Евгения\Desktop\Projects_web\TeddysTale_with-BackEnd\venv\Lib\site-packages\django\db\backends\postgresql\base.py", line 332, in get_new_connection
    connection = self.Database.connect(**conn_params)
  File "C:\Users\Евгения\Desktop\Projects_web\TeddysTale_with-BackEnd\venv\Lib\site-packages\psycopg2\__init__.py", line 135, in connect
    conn = _connect(dsn, connection_factory=connection_factory, **kwasync)
psycopg2.OperationalError: connection to server at "aws-1-eu-west-1.pooler.supabase.com" (18.202.64.2), port 5432 failed: timeout expired
connection to server at "aws-1-eu-west-1.pooler.supabase.com" (54.247.26.119), port 5432 failed: FATAL:  MaxClientsInSessionMode: max clients reached - in Session mode max clients are limited to pool_size


The above exception was the direct cause of the following exception:

Traceback (most recent call last):
  File "C:\Users\Евгения\Desktop\Projects_web\TeddysTale_with-BackEnd\teddytale\landing\views.py", line 21, in index
    meta_section = PageSection.objects.filter(section_key='meta').first()
  File "C:\Users\Евгения\Desktop\Projects_web\TeddysTale_with-BackEnd\venv\Lib\site-packages\django\db\models\query.py", line 1106, in first
    for obj in queryset[:1]:
               ~~~~~~~~^^^^
  File "C:\Users\Евгения\Desktop\Projects_web\TeddysTale_with-BackEnd\venv\Lib\site-packages\django\db\models\query.py", line 386, in __iter__
    self._fetch_all()
    ~~~~~~~~~~~~~~~^^
  File "C:\Users\Евгения\Desktop\Projects_web\TeddysTale_with-BackEnd\venv\Lib\site-packages\django\db\models\query.py", line 1954, in _fetch_all
    self._result_cache = list(self._iterable_class(self))
                         ~~~~^^^^^^^^^^^^^^^^^^^^^^^^^^^^
  File "C:\Users\Евгения\Desktop\Projects_web\TeddysTale_with-BackEnd\venv\Lib\site-packages\django\db\models\query.py", line 93, in __iter__
    results = compiler.execute_sql(
        chunked_fetch=self.chunked_fetch, chunk_size=self.chunk_size
    )
  File "C:\Users\Евгения\Desktop\Projects_web\TeddysTale_with-BackEnd\venv\Lib\site-packages\django\db\models\sql\compiler.py", line 1621, in execute_sql
    cursor = self.connection.cursor()
  File "C:\Users\Евгения\Desktop\Projects_web\TeddysTale_with-BackEnd\venv\Lib\site-packages\django\utils\asyncio.py", line 26, in inner
    return func(*args, **kwargs)
  File "C:\Users\Евгения\Desktop\Projects_web\TeddysTale_with-BackEnd\venv\Lib\site-packages\django\db\backends\base\base.py", line 320, in cursor
    return self._cursor()
           ~~~~~~~~~~~~^^
  File "C:\Users\Евгения\Desktop\Projects_web\TeddysTale_with-BackEnd\venv\Lib\site-packages\django\db\backends\base\base.py", line 296, in _cursor
    self.ensure_connection()
    ~~~~~~~~~~~~~~~~~~~~~~^^
  File "C:\Users\Евгения\Desktop\Projects_web\TeddysTale_with-BackEnd\venv\Lib\site-packages\django\utils\asyncio.py", line 26, in inner
    return func(*args, **kwargs)
  File "C:\Users\Евгения\Desktop\Projects_web\TeddysTale_with-BackEnd\venv\Lib\site-packages\django\db\backends\base\base.py", line 278, in ensure_connection
    with self.wrap_database_errors:
         ^^^^^^^^^^^^^^^^^^^^^^^^^
  File "C:\Users\Евгения\Desktop\Projects_web\TeddysTale_with-BackEnd\venv\Lib\site-packages\django\db\utils.py", line 91, in __exit__
    raise dj_exc_value.with_traceback(traceback) from exc_value
  File "C:\Users\Евгения\Desktop\Projects_web\TeddysTale_with-BackEnd\venv\Lib\site-packages\django\db\backends\base\base.py", line 279, in ensure_connection
    self.connect()
    ~~~~~~~~~~~~^^
  File "C:\Users\Евгения\Desktop\Projects_web\TeddysTale_with-BackEnd\venv\Lib\site-packages\django\utils\asyncio.py", line 26, in inner
    return func(*args, **kwargs)
  File "C:\Users\Евгения\Desktop\Projects_web\TeddysTale_with-BackEnd\venv\Lib\site-packages\django\db\backends\base\base.py", line 256, in connect
    self.connection = self.get_new_connection(conn_params)
                      ~~~~~~~~~~~~~~~~~~~~~~~^^^^^^^^^^^^^
  File "C:\Users\Евгения\Desktop\Projects_web\TeddysTale_with-BackEnd\venv\Lib\site-packages\django\utils\asyncio.py", line 26, in inner
    return func(*args, **kwargs)
  File "C:\Users\Евгения\Desktop\Projects_web\TeddysTale_with-BackEnd\venv\Lib\site-packages\django\db\backends\postgresql\base.py", line 332, in get_new_connection
    connection = self.Database.connect(**conn_params)
  File "C:\Users\Евгения\Desktop\Projects_web\TeddysTale_with-BackEnd\venv\Lib\site-packages\psycopg2\__init__.py", line 135, in connect
    conn = _connect(dsn, connection_factory=connection_factory, **kwasync)
django.db.utils.OperationalError: connection to server at "aws-1-eu-west-1.pooler.supabase.com" (18.202.64.2), port 5432 failed: timeout expired
connection to server at "aws-1-eu-west-1.pooler.supabase.com" (54.247.26.119), port 5432 failed: FATAL:  MaxClientsInSessionMode: max clients reached - in Session mode max clients are limited to pool_size
Stack (most recent call last):
  File "C:\Users\Евгения\AppData\Local\Programs\Python\Python313\Lib\threading.py", line 1014, in _bootstrap
    self._bootstrap_inner()
  File "C:\Users\Евгения\AppData\Local\Programs\Python\Python313\Lib\threading.py", line 1043, in _bootstrap_inner
    self.run()
  File "C:\Users\Евгения\AppData\Local\Programs\Python\Python313\Lib\threading.py", line 994, in run
    self._target(*self._args, **self._kwargs)
  File "C:\Users\Евгения\AppData\Local\Programs\Python\Python313\Lib\socketserver.py", line 697, in process_request_thread
    self.finish_request(request, client_address)
  File "C:\Users\Евгения\AppData\Local\Programs\Python\Python313\Lib\socketserver.py", line 362, in finish_request
    self.RequestHandlerClass(request, client_address, self)
  File "C:\Users\Евгения\AppData\Local\Programs\Python\Python313\Lib\socketserver.py", line 766, in __init__
    self.handle()
  File "C:\Users\Евгения\Desktop\Projects_web\TeddysTale_with-BackEnd\venv\Lib\site-packages\django\core\servers\basehttp.py", line 230, in handle
    self.handle_one_request()
  File "C:\Users\Евгения\Desktop\Projects_web\TeddysTale_with-BackEnd\venv\Lib\site-packages\django\core\servers\basehttp.py", line 253, in handle_one_request
    handler.run(self.server.get_app())
  File "C:\Users\Евгения\AppData\Local\Programs\Python\Python313\Lib\wsgiref\handlers.py", line 137, in run
    self.result = application(self.environ, self.start_response)
  File "C:\Users\Евгения\Desktop\Projects_web\TeddysTale_with-BackEnd\venv\Lib\site-packages\django\core\handlers\wsgi.py", line 124, in __call__
    response = self.get_response(request)
  File "C:\Users\Евгения\Desktop\Projects_web\TeddysTale_with-BackEnd\venv\Lib\site-packages\django\core\handlers\base.py", line 140, in get_response
    response = self._middleware_chain(request)
  File "C:\Users\Евгения\Desktop\Projects_web\TeddysTale_with-BackEnd\venv\Lib\site-packages\django\core\handlers\exception.py", line 55, in inner
    response = get_response(request)
  File "C:\Users\Евгения\Desktop\Projects_web\TeddysTale_with-BackEnd\venv\Lib\site-packages\django\utils\deprecation.py", line 120, in __call__
    response = response or self.get_response(request)
  File "C:\Users\Евгения\Desktop\Projects_web\TeddysTale_with-BackEnd\venv\Lib\site-packages\django\core\handlers\exception.py", line 55, in inner
    response = get_response(request)
  File "C:\Users\Евгения\Desktop\Projects_web\TeddysTale_with-BackEnd\venv\Lib\site-packages\whitenoise\middleware.py", line 123, in __call__
    return self.get_response(request)
  File "C:\Users\Евгения\Desktop\Projects_web\TeddysTale_with-BackEnd\venv\Lib\site-packages\django\core\handlers\exception.py", line 55, in inner
    response = get_response(request)
  File "C:\Users\Евгения\Desktop\Projects_web\TeddysTale_with-BackEnd\venv\Lib\site-packages\django\utils\deprecation.py", line 120, in __call__
    response = response or self.get_response(request)
  File "C:\Users\Евгения\Desktop\Projects_web\TeddysTale_with-BackEnd\venv\Lib\site-packages\django\core\handlers\exception.py", line 55, in inner
    response = get_response(request)
  File "C:\Users\Евгения\Desktop\Projects_web\TeddysTale_with-BackEnd\venv\Lib\site-packages\django\utils\deprecation.py", line 120, in __call__
    response = response or self.get_response(request)
  File "C:\Users\Евгения\Desktop\Projects_web\TeddysTale_with-BackEnd\venv\Lib\site-packages\django\core\handlers\exception.py", line 55, in inner
    response = get_response(request)
  File "C:\Users\Евгения\Desktop\Projects_web\TeddysTale_with-BackEnd\venv\Lib\site-packages\django\utils\deprecation.py", line 120, in __call__
    response = response or self.get_response(request)
  File "C:\Users\Евгения\Desktop\Projects_web\TeddysTale_with-BackEnd\venv\Lib\site-packages\django\core\handlers\exception.py", line 55, in inner
    response = get_response(request)
  File "C:\Users\Евгения\Desktop\Projects_web\TeddysTale_with-BackEnd\venv\Lib\site-packages\django\utils\deprecation.py", line 120, in __call__
    response = response or self.get_response(request)
  File "C:\Users\Евгения\Desktop\Projects_web\TeddysTale_with-BackEnd\venv\Lib\site-packages\django\core\handlers\exception.py", line 55, in inner
    response = get_response(request)
  File "C:\Users\Евгения\Desktop\Projects_web\TeddysTale_with-BackEnd\venv\Lib\site-packages\django\utils\deprecation.py", line 120, in __call__
    response = response or self.get_response(request)
  File "C:\Users\Евгения\Desktop\Projects_web\TeddysTale_with-BackEnd\venv\Lib\site-packages\django\core\handlers\exception.py", line 55, in inner
    response = get_response(request)
  File "C:\Users\Евгения\Desktop\Projects_web\TeddysTale_with-BackEnd\venv\Lib\site-packages\django\utils\deprecation.py", line 120, in __call__
    response = response or self.get_response(request)
  File "C:\Users\Евгения\Desktop\Projects_web\TeddysTale_with-BackEnd\venv\Lib\site-packages\django\core\handlers\exception.py", line 55, in inner
    response = get_response(request)
  File "C:\Users\Евгения\Desktop\Projects_web\TeddysTale_with-BackEnd\venv\Lib\site-packages\django\utils\deprecation.py", line 120, in __call__
    response = response or self.get_response(request)
  File "C:\Users\Евгения\Desktop\Projects_web\TeddysTale_with-BackEnd\venv\Lib\site-packages\django\core\handlers\exception.py", line 55, in inner
    response = get_response(request)
  File "C:\Users\Евгения\Desktop\Projects_web\TeddysTale_with-BackEnd\teddytale\TeddyTale\middleware.py", line 25, in __call__
    response = self.get_response(request)
  File "C:\Users\Евгения\Desktop\Projects_web\TeddysTale_with-BackEnd\venv\Lib\site-packages\django\core\handlers\exception.py", line 55, in inner
    response = get_response(request)
  File "C:\Users\Евгения\Desktop\Projects_web\TeddysTale_with-BackEnd\venv\Lib\site-packages\django\core\handlers\base.py", line 197, in _get_response
    response = wrapped_callback(request, *callback_args, **callback_kwargs)
  File "C:\Users\Евгения\Desktop\Projects_web\TeddysTale_with-BackEnd\teddytale\landing\db_utils.py", line 21, in wrapper
    return func(*args, **kwargs)
  File "C:\Users\Евгения\Desktop\Projects_web\TeddysTale_with-BackEnd\teddytale\landing\views.py", line 170, in index
    logger.error(f"КРИТИЧЕСКАЯ ОШИБКА при загрузке данных главной страницы: {str(e)}",
[2026-01-11 11:22:56] WARNING landing.views - Используется резервный режим с безопасными значениями
[2026-01-13 12:54:09] ERROR landing.views - КРИТИЧЕСКАЯ ОШИБКА при загрузке данных главной страницы: server closed the connection unexpectedly
	This probably means the server terminated abnormally
	before or while processing the request.
server closed the connection unexpectedly
	This probably means the server terminated abnormally
	before or while processing the request.
Traceback (most recent call last):
  File "C:\Users\Евгения\Desktop\Projects_web\TeddysTale_with-BackEnd\venv\Lib\site-packages\django\db\backends\utils.py", line 105, in _execute
    return self.cursor.execute(sql, params)
           ~~~~~~~~~~~~~~~~~~~^^^^^^^^^^^^^
psycopg2.OperationalError: server closed the connection unexpectedly
	This probably means the server terminated abnormally
	before or while processing the request.
server closed the connection unexpectedly
	This probably means the server terminated abnormally
	before or while processing the request.


The above exception was the direct cause of the following exception:

Traceback (most recent call last):
  File "C:\Users\Евгения\Desktop\Projects_web\TeddysTale_with-BackEnd\teddytale\landing\views.py", line 53, in index
    shop_items = list(ShopItem.objects.filter(is_active=True).order_by('slot_number'))
  File "C:\Users\Евгения\Desktop\Projects_web\TeddysTale_with-BackEnd\venv\Lib\site-packages\django\db\models\query.py", line 386, in __iter__
    self._fetch_all()
    ~~~~~~~~~~~~~~~^^
  File "C:\Users\Евгения\Desktop\Projects_web\TeddysTale_with-BackEnd\venv\Lib\site-packages\django\db\models\query.py", line 1954, in _fetch_all
    self._result_cache = list(self._iterable_class(self))
                         ~~~~^^^^^^^^^^^^^^^^^^^^^^^^^^^^
  File "C:\Users\Евгения\Desktop\Projects_web\TeddysTale_with-BackEnd\venv\Lib\site-packages\django\db\models\query.py", line 93, in __iter__
    results = compiler.execute_sql(
        chunked_fetch=self.chunked_fetch, chunk_size=self.chunk_size
    )
  File "C:\Users\Евгения\Desktop\Projects_web\TeddysTale_with-BackEnd\venv\Lib\site-packages\django\db\models\sql\compiler.py", line 1623, in execute_sql
    cursor.execute(sql, params)
    ~~~~~~~~~~~~~~^^^^^^^^^^^^^
  File "C:\Users\Евгения\Desktop\Projects_web\TeddysTale_with-BackEnd\venv\Lib\site-packages\django\db\backends\utils.py", line 122, in execute
    return super().execute(sql, params)
           ~~~~~~~~~~~~~~~^^^^^^^^^^^^^
  File "C:\Users\Евгения\Desktop\Projects_web\TeddysTale_with-BackEnd\venv\Lib\site-packages\django\db\backends\utils.py", line 79, in execute
    return self._execute_with_wrappers(
           ~~~~~~~~~~~~~~~~~~~~~~~~~~~^
        sql, params, many=False, executor=self._execute
        ^^^^^^^^^^^^^^^^^^^^^^^^^^^^^^^^^^^^^^^^^^^^^^^
    )
    ^
  File "C:\Users\Евгения\Desktop\Projects_web\TeddysTale_with-BackEnd\venv\Lib\site-packages\django\db\backends\utils.py", line 92, in _execute_with_wrappers
    return executor(sql, params, many, context)
  File "C:\Users\Евгения\Desktop\Projects_web\TeddysTale_with-BackEnd\venv\Lib\site-packages\django\db\backends\utils.py", line 100, in _execute
    with self.db.wrap_database_errors:
         ^^^^^^^^^^^^^^^^^^^^^^^^^^^^
  File "C:\Users\Евгения\Desktop\Projects_web\TeddysTale_with-BackEnd\venv\Lib\site-packages\django\db\utils.py", line 91, in __exit__
    raise dj_exc_value.with_traceback(traceback) from exc_value
  File "C:\Users\Евгения\Desktop\Projects_web\TeddysTale_with-BackEnd\venv\Lib\site-packages\django\db\backends\utils.py", line 105, in _execute
    return self.cursor.execute(sql, params)
           ~~~~~~~~~~~~~~~~~~~^^^^^^^^^^^^^
django.db.utils.OperationalError: server closed the connection unexpectedly
	This probably means the server terminated abnormally
	before or while processing the request.
server closed the connection unexpectedly
	This probably means the server terminated abnormally
	before or while processing the request.
Stack (most recent call last):
  File "C:\Users\Евгения\AppData\Local\Programs\Python\Python313\Lib\threading.py", line 1014, in _bootstrap
    self._bootstrap_inner()
  File "C:\Users\Евгения\AppData\Local\Programs\Python\Python313\Lib\threading.py", line 1043, in _bootstrap_inner
    self.run()
  File "C:\Users\Евгения\AppData\Local\Programs\Python\Python313\Lib\threading.py", line 994, in run
    self._target(*self._args, **self._kwargs)
  File "C:\Users\Евгения\AppData\Local\Programs\Python\Python313\Lib\socketserver.py", line 697, in process_request_thread
    self.finish_request(request, client_address)
  File "C:\Users\Евгения\AppData\Local\Programs\Python\Python313\Lib\socketserver.py", line 362, in finish_request
    self.RequestHandlerClass(request, client_address, self)
  File "C:\Users\Евгения\AppData\Local\Programs\Python\Python313\Lib\socketserver.py", line 766, in __init__
    self.handle()
  File "C:\Users\Евгения\Desktop\Projects_web\TeddysTale_with-BackEnd\venv\Lib\site-packages\django\core\servers\basehttp.py", line 228, in handle
    self.handle_one_request()
  File "C:\Users\Евгения\Desktop\Projects_web\TeddysTale_with-BackEnd\venv\Lib\site-packages\django\core\servers\basehttp.py", line 253, in handle_one_request
    handler.run(self.server.get_app())
  File "C:\Users\Евгения\AppData\Local\Programs\Python\Python313\Lib\wsgiref\handlers.py", line 137, in run
    self.result = application(self.environ, self.start_response)
  File "C:\Users\Евгения\Desktop\Projects_web\TeddysTale_with-BackEnd\venv\Lib\site-packages\django\contrib\staticfiles\handlers.py", line 80, in __call__
    return self.application(environ, start_response)
  File "C:\Users\Евгения\Desktop\Projects_web\TeddysTale_with-BackEnd\venv\Lib\site-packages\whitenoise\base.py", line 82, in __call__
    return self.application(environ, start_response)
  File "C:\Users\Евгения\Desktop\Projects_web\TeddysTale_with-BackEnd\venv\Lib\site-packages\django\core\handlers\wsgi.py", line 124, in __call__
    response = self.get_response(request)
  File "C:\Users\Евгения\Desktop\Projects_web\TeddysTale_with-BackEnd\venv\Lib\site-packages\django\core\handlers\base.py", line 140, in get_response
    response = self._middleware_chain(request)
  File "C:\Users\Евгения\Desktop\Projects_web\TeddysTale_with-BackEnd\venv\Lib\site-packages\django\core\handlers\exception.py", line 55, in inner
    response = get_response(request)
  File "C:\Users\Евгения\Desktop\Projects_web\TeddysTale_with-BackEnd\venv\Lib\site-packages\django\utils\deprecation.py", line 120, in __call__
    response = response or self.get_response(request)
  File "C:\Users\Евгения\Desktop\Projects_web\TeddysTale_with-BackEnd\venv\Lib\site-packages\django\core\handlers\exception.py", line 55, in inner
    response = get_response(request)
  File "C:\Users\Евгения\Desktop\Projects_web\TeddysTale_with-BackEnd\venv\Lib\site-packages\whitenoise\middleware.py", line 123, in __call__
    return self.get_response(request)
  File "C:\Users\Евгения\Desktop\Projects_web\TeddysTale_with-BackEnd\venv\Lib\site-packages\django\core\handlers\exception.py", line 55, in inner
    response = get_response(request)
  File "C:\Users\Евгения\Desktop\Projects_web\TeddysTale_with-BackEnd\venv\Lib\site-packages\django\utils\deprecation.py", line 120, in __call__
    response = response or self.get_response(request)
  File "C:\Users\Евгения\Desktop\Projects_web\TeddysTale_with-BackEnd\venv\Lib\site-packages\django\core\handlers\exception.py", line 55, in inner
    response = get_response(request)
  File "C:\Users\Евгения\Desktop\Projects_web\TeddysTale_with-BackEnd\venv\Lib\site-packages\django\utils\deprecation.py", line 120, in __call__
    response = response or self.get_response(request)
  File "C:\Users\Евгения\Desktop\Projects_web\TeddysTale_with-BackEnd\venv\Lib\site-packages\django\core\handlers\exception.py", line 55, in inner
    response = get_response(request)
  File "C:\Users\Евгения\Desktop\Projects_web\TeddysTale_with-BackEnd\venv\Lib\site-packages\django\utils\deprecation.py", line 120, in __call__
    response = response or self.get_response(request)
  File "C:\Users\Евгения\Desktop\Projects_web\TeddysTale_with-BackEnd\venv\Lib\site-packages\django\core\handlers\exception.py", line 55, in inner
    response = get_response(request)
  File "C:\Users\Евгения\Desktop\Projects_web\TeddysTale_with-BackEnd\venv\Lib\site-packages\django\utils\deprecation.py", line 120, in __call__
    response = response or self.get_response(request)
  File "C:\Users\Евгения\Desktop\Projects_web\TeddysTale_with-BackEnd\venv\Lib\site-packages\django\core\handlers\exception.py", line 55, in inner
    response = get_response(request)
  File "C:\Users\Евгения\Desktop\Projects_web\TeddysTale_with-BackEnd\venv\Lib\site-packages\django\utils\deprecation.py", line 120, in __call__
    response = response or self.get_response(request)
  File "C:\Users\Евгения\Desktop\Projects_web\TeddysTale_with-BackEnd\venv\Lib\site-packages\django\core\handlers\exception.py", line 55, in inner
    response = get_response(request)
  File "C:\Users\Евгения\Desktop\Projects_web\TeddysTale_with-BackEnd\venv\Lib\site-packages\django\utils\deprecation.py", line 120, in __call__
    response = response or self.get_response(request)
  File "C:\Users\Евгения\Desktop\Projects_web\TeddysTale_with-BackEnd\venv\Lib\site-packages\django\core\handlers\exception.py", line 55, in inner
    response = get_response(request)
  File "C:\Users\Евгения\Desktop\Projects_web\TeddysTale_with-BackEnd\venv\Lib\site-packages\django\utils\deprecation.py", line 120, in __call__
    response = response or self.get_response(request)
  File "C:\Users\Евгения\Desktop\Projects_web\TeddysTale_with-BackEnd\venv\Lib\site-packages\django\core\handlers\exception.py", line 55, in inner
    response = get_response(request)
  File "C:\Users\Евгения\Desktop\Projects_web\TeddysTale_with-BackEnd\teddytale\TeddyTale\middleware.py", line 25, in __call__
    response = self.get_response(request)
  File "C:\Users\Евгения\Desktop\Projects_web\TeddysTale_with-BackEnd\venv\Lib\site-packages\django\core\handlers\exception.py", line 55, in inner
    response = get_response(request)
  File "C:\Users\Евгения\Desktop\Projects_web\TeddysTale_with-BackEnd\venv\Lib\site-packages\django\core\handlers\base.py", line 197, in _get_response
    response = wrapped_callback(request, *callback_args, **callback_kwargs)
  File "C:\Users\Евгения\Desktop\Projects_web\TeddysTale_with-BackEnd\teddytale\landing\db_utils.py", line 21, in wrapper
    return func(*args, **kwargs)
  File "C:\Users\Евгения\Desktop\Projects_web\TeddysTale_with-BackEnd\teddytale\landing\views.py", line 170, in index
    logger.error(f"КРИТИЧЕСКАЯ ОШИБКА при загрузке данных главной страницы: {str(e)}",
[2026-01-13 12:54:09] WARNING landing.views - Используется резервный режим с безопасными значениями
[2026-01-13 12:54:40] DEBUG landing.views - Загружено товаров из базы: 8
[2026-01-13 12:54:40] DEBUG landing.views - Показывать заглушки: True, количество: 1
[2026-01-13 12:54:40] DEBUG landing.views - Контакты из базы данных: 10 записей
[2026-01-13 12:54:40] INFO landing.views - Главная страница успешно загружена. Товаров: 8, Координаты: 59.819642, 30.341524
[2026-01-13 12:57:49] ERROR landing.views - КРИТИЧЕСКАЯ ОШИБКА при загрузке данных главной страницы: server closed the connection unexpectedly
	This probably means the server terminated abnormally
	before or while processing the request.
server closed the connection unexpectedly
	This probably means the server terminated abnormally
	before or while processing the request.
Traceback (most recent call last):
  File "C:\Users\Евгения\Desktop\Projects_web\TeddysTale_with-BackEnd\venv\Lib\site-packages\django\db\backends\utils.py", line 105, in _execute
    return self.cursor.execute(sql, params)
           ~~~~~~~~~~~~~~~~~~~^^^^^^^^^^^^^
psycopg2.OperationalError: server closed the connection unexpectedly
	This probably means the server terminated abnormally
	before or while processing the request.
server closed the connection unexpectedly
	This probably means the server terminated abnormally
	before or while processing the request.


The above exception was the direct cause of the following exception:

Traceback (most recent call last):
  File "C:\Users\Евгения\Desktop\Projects_web\TeddysTale_with-BackEnd\teddytale\landing\views.py", line 38, in index
    hero_section = PageSection.objects.filter(section_key='hero').first()
  File "C:\Users\Евгения\Desktop\Projects_web\TeddysTale_with-BackEnd\venv\Lib\site-packages\django\db\models\query.py", line 1106, in first
    for obj in queryset[:1]:
               ~~~~~~~~^^^^
  File "C:\Users\Евгения\Desktop\Projects_web\TeddysTale_with-BackEnd\venv\Lib\site-packages\django\db\models\query.py", line 386, in __iter__
    self._fetch_all()
    ~~~~~~~~~~~~~~~^^
  File "C:\Users\Евгения\Desktop\Projects_web\TeddysTale_with-BackEnd\venv\Lib\site-packages\django\db\models\query.py", line 1954, in _fetch_all
    self._result_cache = list(self._iterable_class(self))
                         ~~~~^^^^^^^^^^^^^^^^^^^^^^^^^^^^
  File "C:\Users\Евгения\Desktop\Projects_web\TeddysTale_with-BackEnd\venv\Lib\site-packages\django\db\models\query.py", line 93, in __iter__
    results = compiler.execute_sql(
        chunked_fetch=self.chunked_fetch, chunk_size=self.chunk_size
    )
  File "C:\Users\Евгения\Desktop\Projects_web\TeddysTale_with-BackEnd\venv\Lib\site-packages\django\db\models\sql\compiler.py", line 1623, in execute_sql
    cursor.execute(sql, params)
    ~~~~~~~~~~~~~~^^^^^^^^^^^^^
  File "C:\Users\Евгения\Desktop\Projects_web\TeddysTale_with-BackEnd\venv\Lib\site-packages\django\db\backends\utils.py", line 122, in execute
    return super().execute(sql, params)
           ~~~~~~~~~~~~~~~^^^^^^^^^^^^^
  File "C:\Users\Евгения\Desktop\Projects_web\TeddysTale_with-BackEnd\venv\Lib\site-packages\django\db\backends\utils.py", line 79, in execute
    return self._execute_with_wrappers(
           ~~~~~~~~~~~~~~~~~~~~~~~~~~~^
        sql, params, many=False, executor=self._execute
        ^^^^^^^^^^^^^^^^^^^^^^^^^^^^^^^^^^^^^^^^^^^^^^^
    )
    ^
  File "C:\Users\Евгения\Desktop\Projects_web\TeddysTale_with-BackEnd\venv\Lib\site-packages\django\db\backends\utils.py", line 92, in _execute_with_wrappers
    return executor(sql, params, many, context)
  File "C:\Users\Евгения\Desktop\Projects_web\TeddysTale_with-BackEnd\venv\Lib\site-packages\django\db\backends\utils.py", line 100, in _execute
    with self.db.wrap_database_errors:
         ^^^^^^^^^^^^^^^^^^^^^^^^^^^^
  File "C:\Users\Евгения\Desktop\Projects_web\TeddysTale_with-BackEnd\venv\Lib\site-packages\django\db\utils.py", line 91, in __exit__
    raise dj_exc_value.with_traceback(traceback) from exc_value
  File "C:\Users\Евгения\Desktop\Projects_web\TeddysTale_with-BackEnd\venv\Lib\site-packages\django\db\backends\utils.py", line 105, in _execute
    return self.cursor.execute(sql, params)
           ~~~~~~~~~~~~~~~~~~~^^^^^^^^^^^^^
django.db.utils.OperationalError: server closed the connection unexpectedly
	This probably means the server terminated abnormally
	before or while processing the request.
server closed the connection unexpectedly
	This probably means the server terminated abnormally
	before or while processing the request.
Stack (most recent call last):
  File "C:\Users\Евгения\AppData\Local\Programs\Python\Python313\Lib\threading.py", line 1014, in _bootstrap
    self._bootstrap_inner()
  File "C:\Users\Евгения\AppData\Local\Programs\Python\Python313\Lib\threading.py", line 1043, in _bootstrap_inner
    self.run()
  File "C:\Users\Евгения\AppData\Local\Programs\Python\Python313\Lib\threading.py", line 994, in run
    self._target(*self._args, **self._kwargs)
  File "C:\Users\Евгения\AppData\Local\Programs\Python\Python313\Lib\socketserver.py", line 697, in process_request_thread
    self.finish_request(request, client_address)
  File "C:\Users\Евгения\AppData\Local\Programs\Python\Python313\Lib\socketserver.py", line 362, in finish_request
    self.RequestHandlerClass(request, client_address, self)
  File "C:\Users\Евгения\AppData\Local\Programs\Python\Python313\Lib\socketserver.py", line 766, in __init__
    self.handle()
  File "C:\Users\Евгения\Desktop\Projects_web\TeddysTale_with-BackEnd\venv\Lib\site-packages\django\core\servers\basehttp.py", line 230, in handle
    self.handle_one_request()
  File "C:\Users\Евгения\Desktop\Projects_web\TeddysTale_with-BackEnd\venv\Lib\site-packages\django\core\servers\basehttp.py", line 253, in handle_one_request
    handler.run(self.server.get_app())
  File "C:\Users\Евгения\AppData\Local\Programs\Python\Python313\Lib\wsgiref\handlers.py", line 137, in run
    self.result = application(self.environ, self.start_response)
  File "C:\Users\Евгения\Desktop\Projects_web\TeddysTale_with-BackEnd\venv\Lib\site-packages\django\contrib\staticfiles\handlers.py", line 80, in __call__
    return self.application(environ, start_response)
  File "C:\Users\Евгения\Desktop\Projects_web\TeddysTale_with-BackEnd\venv\Lib\site-packages\whitenoise\base.py", line 82, in __call__
    return self.application(environ, start_response)
  File "C:\Users\Евгения\Desktop\Projects_web\TeddysTale_with-BackEnd\venv\Lib\site-packages\django\core\handlers\wsgi.py", line 124, in __call__
    response = self.get_response(request)
  File "C:\Users\Евгения\Desktop\Projects_web\TeddysTale_with-BackEnd\venv\Lib\site-packages\django\core\handlers\base.py", line 140, in get_response
    response = self._middleware_chain(request)
  File "C:\Users\Евгения\Desktop\Projects_web\TeddysTale_with-BackEnd\venv\Lib\site-packages\django\core\handlers\exception.py", line 55, in inner
    response = get_response(request)
  File "C:\Users\Евгения\Desktop\Projects_web\TeddysTale_with-BackEnd\venv\Lib\site-packages\django\utils\deprecation.py", line 120, in __call__
    response = response or self.get_response(request)
  File "C:\Users\Евгения\Desktop\Projects_web\TeddysTale_with-BackEnd\venv\Lib\site-packages\django\core\handlers\exception.py", line 55, in inner
    response = get_response(request)
  File "C:\Users\Евгения\Desktop\Projects_web\TeddysTale_with-BackEnd\venv\Lib\site-packages\whitenoise\middleware.py", line 123, in __call__
    return self.get_response(request)
  File "C:\Users\Евгения\Desktop\Projects_web\TeddysTale_with-BackEnd\venv\Lib\site-packages\django\core\handlers\exception.py", line 55, in inner
    response = get_response(request)
  File "C:\Users\Евгения\Desktop\Projects_web\TeddysTale_with-BackEnd\venv\Lib\site-packages\django\utils\deprecation.py", line 120, in __call__
    response = response or self.get_response(request)
  File "C:\Users\Евгения\Desktop\Projects_web\TeddysTale_with-BackEnd\venv\Lib\site-packages\django\core\handlers\exception.py", line 55, in inner
    response = get_response(request)
  File "C:\Users\Евгения\Desktop\Projects_web\TeddysTale_with-BackEnd\venv\Lib\site-packages\django\utils\deprecation.py", line 120, in __call__
    response = response or self.get_response(request)
  File "C:\Users\Евгения\Desktop\Projects_web\TeddysTale_with-BackEnd\venv\Lib\site-packages\django\core\handlers\exception.py", line 55, in inner
    response = get_response(request)
  File "C:\Users\Евгения\Desktop\Projects_web\TeddysTale_with-BackEnd\venv\Lib\site-packages\django\utils\deprecation.py", line 120, in __call__
    response = response or self.get_response(request)
  File "C:\Users\Евгения\Desktop\Projects_web\TeddysTale_with-BackEnd\venv\Lib\site-packages\django\core\handlers\exception.py", line 55, in inner
    response = get_response(request)
  File "C:\Users\Евгения\Desktop\Projects_web\TeddysTale_with-BackEnd\venv\Lib\site-packages\django\utils\deprecation.py", line 120, in __call__
    response = response or self.get_response(request)
  File "C:\Users\Евгения\Desktop\Projects_web\TeddysTale_with-BackEnd\venv\Lib\site-packages\django\core\handlers\exception.py", line 55, in inner
    response = get_response(request)
  File "C:\Users\Евгения\Desktop\Projects_web\TeddysTale_with-BackEnd\venv\Lib\site-packages\django\utils\deprecation.py", line 120, in __call__
    response = response or self.get_response(request)
  File "C:\Users\Евгения\Desktop\Projects_web\TeddysTale_with-BackEnd\venv\Lib\site-packages\django\core\handlers\exception.py", line 55, in inner
    response = get_response(request)
  File "C:\Users\Евгения\Desktop\Projects_web\TeddysTale_with-BackEnd\venv\Lib\site-packages\django\utils\deprecation.py", line 120, in __call__
    response = response or self.get_response(request)
  File "C:\Users\Евгения\Desktop\Projects_web\TeddysTale_with-BackEnd\venv\Lib\site-packages\django\core\handlers\exception.py", line 55, in inner
    response = get_response(request)
  File "C:\Users\Евгения\Desktop\Projects_web\TeddysTale_with-BackEnd\venv\Lib\site-packages\django\utils\deprecation.py", line 120, in __call__
    response = response or self.get_response(request)
  File "C:\Users\Евгения\Desktop\Projects_web\TeddysTale_with-BackEnd\venv\Lib\site-packages\django\core\handlers\exception.py", line 55, in inner
    response = get_response(request)
  File "C:\Users\Евгения\Desktop\Projects_web\TeddysTale_with-BackEnd\teddytale\TeddyTale\middleware.py", line 25, in __call__
    response = self.get_response(request)
  File "C:\Users\Евгения\Desktop\Projects_web\TeddysTale_with-BackEnd\venv\Lib\site-packages\django\core\handlers\exception.py", line 55, in inner
    response = get_response(request)
  File "C:\Users\Евгения\Desktop\Projects_web\TeddysTale_with-BackEnd\venv\Lib\site-packages\django\core\handlers\base.py", line 197, in _get_response
    response = wrapped_callback(request, *callback_args, **callback_kwargs)
  File "C:\Users\Евгения\Desktop\Projects_web\TeddysTale_with-BackEnd\teddytale\landing\db_utils.py", line 21, in wrapper
    return func(*args, **kwargs)
  File "C:\Users\Евгения\Desktop\Projects_web\TeddysTale_with-BackEnd\teddytale\landing\views.py", line 170, in index
    logger.error(f"КРИТИЧЕСКАЯ ОШИБКА при загрузке данных главной страницы: {str(e)}",
[2026-01-13 12:57:49] WARNING landing.views - Используется резервный режим с безопасными значениями
[2026-01-13 12:58:54] ERROR landing.views - КРИТИЧЕСКАЯ ОШИБКА при загрузке данных главной страницы: server closed the connection unexpectedly
	This probably means the server terminated abnormally
	before or while processing the request.
server closed the connection unexpectedly
	This probably means the server terminated abnormally
	before or while processing the request.
Traceback (most recent call last):
  File "C:\Users\Евгения\Desktop\Projects_web\TeddysTale_with-BackEnd\venv\Lib\site-packages\django\db\backends\utils.py", line 105, in _execute
    return self.cursor.execute(sql, params)
           ~~~~~~~~~~~~~~~~~~~^^^^^^^^^^^^^
psycopg2.OperationalError: server closed the connection unexpectedly
	This probably means the server terminated abnormally
	before or while processing the request.
server closed the connection unexpectedly
	This probably means the server terminated abnormally
	before or while processing the request.


The above exception was the direct cause of the following exception:

Traceback (most recent call last):
  File "C:\Users\Евгения\Desktop\Projects_web\TeddysTale_with-BackEnd\teddytale\landing\views.py", line 38, in index
    hero_section = PageSection.objects.filter(section_key='hero').first()
  File "C:\Users\Евгения\Desktop\Projects_web\TeddysTale_with-BackEnd\venv\Lib\site-packages\django\db\models\query.py", line 1106, in first
    for obj in queryset[:1]:
               ~~~~~~~~^^^^
  File "C:\Users\Евгения\Desktop\Projects_web\TeddysTale_with-BackEnd\venv\Lib\site-packages\django\db\models\query.py", line 386, in __iter__
    self._fetch_all()
    ~~~~~~~~~~~~~~~^^
  File "C:\Users\Евгения\Desktop\Projects_web\TeddysTale_with-BackEnd\venv\Lib\site-packages\django\db\models\query.py", line 1954, in _fetch_all
    self._result_cache = list(self._iterable_class(self))
                         ~~~~^^^^^^^^^^^^^^^^^^^^^^^^^^^^
  File "C:\Users\Евгения\Desktop\Projects_web\TeddysTale_with-BackEnd\venv\Lib\site-packages\django\db\models\query.py", line 93, in __iter__
    results = compiler.execute_sql(
        chunked_fetch=self.chunked_fetch, chunk_size=self.chunk_size
    )
  File "C:\Users\Евгения\Desktop\Projects_web\TeddysTale_with-BackEnd\venv\Lib\site-packages\django\db\models\sql\compiler.py", line 1623, in execute_sql
    cursor.execute(sql, params)
    ~~~~~~~~~~~~~~^^^^^^^^^^^^^
  File "C:\Users\Евгения\Desktop\Projects_web\TeddysTale_with-BackEnd\venv\Lib\site-packages\django\db\backends\utils.py", line 122, in execute
    return super().execute(sql, params)
           ~~~~~~~~~~~~~~~^^^^^^^^^^^^^
  File "C:\Users\Евгения\Desktop\Projects_web\TeddysTale_with-BackEnd\venv\Lib\site-packages\django\db\backends\utils.py", line 79, in execute
    return self._execute_with_wrappers(
           ~~~~~~~~~~~~~~~~~~~~~~~~~~~^
        sql, params, many=False, executor=self._execute
        ^^^^^^^^^^^^^^^^^^^^^^^^^^^^^^^^^^^^^^^^^^^^^^^
    )
    ^
  File "C:\Users\Евгения\Desktop\Projects_web\TeddysTale_with-BackEnd\venv\Lib\site-packages\django\db\backends\utils.py", line 92, in _execute_with_wrappers
    return executor(sql, params, many, context)
  File "C:\Users\Евгения\Desktop\Projects_web\TeddysTale_with-BackEnd\venv\Lib\site-packages\django\db\backends\utils.py", line 100, in _execute
    with self.db.wrap_database_errors:
         ^^^^^^^^^^^^^^^^^^^^^^^^^^^^
  File "C:\Users\Евгения\Desktop\Projects_web\TeddysTale_with-BackEnd\venv\Lib\site-packages\django\db\utils.py", line 91, in __exit__
    raise dj_exc_value.with_traceback(traceback) from exc_value
  File "C:\Users\Евгения\Desktop\Projects_web\TeddysTale_with-BackEnd\venv\Lib\site-packages\django\db\backends\utils.py", line 105, in _execute
    return self.cursor.execute(sql, params)
           ~~~~~~~~~~~~~~~~~~~^^^^^^^^^^^^^
django.db.utils.OperationalError: server closed the connection unexpectedly
	This probably means the server terminated abnormally
	before or while processing the request.
server closed the connection unexpectedly
	This probably means the server terminated abnormally
	before or while processing the request.
Stack (most recent call last):
  File "C:\Users\Евгения\AppData\Local\Programs\Python\Python313\Lib\threading.py", line 1014, in _bootstrap
    self._bootstrap_inner()
  File "C:\Users\Евгения\AppData\Local\Programs\Python\Python313\Lib\threading.py", line 1043, in _bootstrap_inner
    self.run()
  File "C:\Users\Евгения\AppData\Local\Programs\Python\Python313\Lib\threading.py", line 994, in run
    self._target(*self._args, **self._kwargs)
  File "C:\Users\Евгения\AppData\Local\Programs\Python\Python313\Lib\socketserver.py", line 697, in process_request_thread
    self.finish_request(request, client_address)
  File "C:\Users\Евгения\AppData\Local\Programs\Python\Python313\Lib\socketserver.py", line 362, in finish_request
    self.RequestHandlerClass(request, client_address, self)
  File "C:\Users\Евгения\AppData\Local\Programs\Python\Python313\Lib\socketserver.py", line 766, in __init__
    self.handle()
  File "C:\Users\Евгения\Desktop\Projects_web\TeddysTale_with-BackEnd\venv\Lib\site-packages\django\core\servers\basehttp.py", line 228, in handle
    self.handle_one_request()
  File "C:\Users\Евгения\Desktop\Projects_web\TeddysTale_with-BackEnd\venv\Lib\site-packages\django\core\servers\basehttp.py", line 253, in handle_one_request
    handler.run(self.server.get_app())
  File "C:\Users\Евгения\AppData\Local\Programs\Python\Python313\Lib\wsgiref\handlers.py", line 137, in run
    self.result = application(self.environ, self.start_response)
  File "C:\Users\Евгения\Desktop\Projects_web\TeddysTale_with-BackEnd\venv\Lib\site-packages\django\contrib\staticfiles\handlers.py", line 80, in __call__
    return self.application(environ, start_response)
  File "C:\Users\Евгения\Desktop\Projects_web\TeddysTale_with-BackEnd\venv\Lib\site-packages\whitenoise\base.py", line 82, in __call__
    return self.application(environ, start_response)
  File "C:\Users\Евгения\Desktop\Projects_web\TeddysTale_with-BackEnd\venv\Lib\site-packages\django\core\handlers\wsgi.py", line 124, in __call__
    response = self.get_response(request)
  File "C:\Users\Евгения\Desktop\Projects_web\TeddysTale_with-BackEnd\venv\Lib\site-packages\django\core\handlers\base.py", line 140, in get_response
    response = self._middleware_chain(request)
  File "C:\Users\Евгения\Desktop\Projects_web\TeddysTale_with-BackEnd\venv\Lib\site-packages\django\core\handlers\exception.py", line 55, in inner
    response = get_response(request)
  File "C:\Users\Евгения\Desktop\Projects_web\TeddysTale_with-BackEnd\venv\Lib\site-packages\django\utils\deprecation.py", line 120, in __call__
    response = response or self.get_response(request)
  File "C:\Users\Евгения\Desktop\Projects_web\TeddysTale_with-BackEnd\venv\Lib\site-packages\django\core\handlers\exception.py", line 55, in inner
    response = get_response(request)
  File "C:\Users\Евгения\Desktop\Projects_web\TeddysTale_with-BackEnd\venv\Lib\site-packages\whitenoise\middleware.py", line 123, in __call__
    return self.get_response(request)
  File "C:\Users\Евгения\Desktop\Projects_web\TeddysTale_with-BackEnd\venv\Lib\site-packages\django\core\handlers\exception.py", line 55, in inner
    response = get_response(request)
  File "C:\Users\Евгения\Desktop\Projects_web\TeddysTale_with-BackEnd\venv\Lib\site-packages\django\utils\deprecation.py", line 120, in __call__
    response = response or self.get_response(request)
  File "C:\Users\Евгения\Desktop\Projects_web\TeddysTale_with-BackEnd\venv\Lib\site-packages\django\core\handlers\exception.py", line 55, in inner
    response = get_response(request)
  File "C:\Users\Евгения\Desktop\Projects_web\TeddysTale_with-BackEnd\venv\Lib\site-packages\django\utils\deprecation.py", line 120, in __call__
    response = response or self.get_response(request)
  File "C:\Users\Евгения\Desktop\Projects_web\TeddysTale_with-BackEnd\venv\Lib\site-packages\django\core\handlers\exception.py", line 55, in inner
    response = get_response(request)
  File "C:\Users\Евгения\Desktop\Projects_web\TeddysTale_with-BackEnd\venv\Lib\site-packages\django\utils\deprecation.py", line 120, in __call__
    response = response or self.get_response(request)
  File "C:\Users\Евгения\Desktop\Projects_web\TeddysTale_with-BackEnd\venv\Lib\site-packages\django\core\handlers\exception.py", line 55, in inner
    response = get_response(request)
  File "C:\Users\Евгения\Desktop\Projects_web\TeddysTale_with-BackEnd\venv\Lib\site-packages\django\utils\deprecation.py", line 120, in __call__
    response = response or self.get_response(request)
  File "C:\Users\Евгения\Desktop\Projects_web\TeddysTale_with-BackEnd\venv\Lib\site-packages\django\core\handlers\exception.py", line 55, in inner
    response = get_response(request)
  File "C:\Users\Евгения\Desktop\Projects_web\TeddysTale_with-BackEnd\venv\Lib\site-packages\django\utils\deprecation.py", line 120, in __call__
    response = response or self.get_response(request)
  File "C:\Users\Евгения\Desktop\Projects_web\TeddysTale_with-BackEnd\venv\Lib\site-packages\django\core\handlers\exception.py", line 55, in inner
    response = get_response(request)
  File "C:\Users\Евгения\Desktop\Projects_web\TeddysTale_with-BackEnd\venv\Lib\site-packages\django\utils\deprecation.py", line 120, in __call__
    response = response or self.get_response(request)
  File "C:\Users\Евгения\Desktop\Projects_web\TeddysTale_with-BackEnd\venv\Lib\site-packages\django\core\handlers\exception.py", line 55, in inner
    response = get_response(request)
  File "C:\Users\Евгения\Desktop\Projects_web\TeddysTale_with-BackEnd\venv\Lib\site-packages\django\utils\deprecation.py", line 120, in __call__
    response = response or self.get_response(request)
  File "C:\Users\Евгения\Desktop\Projects_web\TeddysTale_with-BackEnd\venv\Lib\site-packages\django\core\handlers\exception.py", line 55, in inner
    response = get_response(request)
  File "C:\Users\Евгения\Desktop\Projects_web\TeddysTale_with-BackEnd\teddytale\TeddyTale\middleware.py", line 25, in __call__
    response = self.get_response(request)
  File "C:\Users\Евгения\Desktop\Projects_web\TeddysTale_with-BackEnd\venv\Lib\site-packages\django\core\handlers\exception.py", line 55, in inner
    response = get_response(request)
  File "C:\Users\Евгения\Desktop\Projects_web\TeddysTale_with-BackEnd\venv\Lib\site-packages\django\core\handlers\base.py", line 197, in _get_response
    response = wrapped_callback(request, *callback_args, **callback_kwargs)
  File "C:\Users\Евгения\Desktop\Projects_web\TeddysTale_with-BackEnd\teddytale\landing\db_utils.py", line 21, in wrapper
    return func(*args, **kwargs)
  File "C:\Users\Евгения\Desktop\Projects_web\TeddysTale_with-BackEnd\teddytale\landing\views.py", line 170, in index
    logger.error(f"КРИТИЧЕСКАЯ ОШИБКА при загрузке данных главной страницы: {str(e)}",
[2026-01-13 12:58:54] WARNING landing.views - Используется резервный режим с безопасными значениями
[2026-01-13 12:59:14] ERROR landing.views - КРИТИЧЕСКАЯ ОШИБКА при загрузке данных главной страницы: server closed the connection unexpectedly
	This probably means the server terminated abnormally
	before or while processing the request.
server closed the connection unexpectedly
	This probably means the server terminated abnormally
	before or while processing the request.
Traceback (most recent call last):
  File "C:\Users\Евгения\Desktop\Projects_web\TeddysTale_with-BackEnd\venv\Lib\site-packages\django\db\backends\utils.py", line 105, in _execute
    return self.cursor.execute(sql, params)
           ~~~~~~~~~~~~~~~~~~~^^^^^^^^^^^^^
psycopg2.OperationalError: server closed the connection unexpectedly
	This probably means the server terminated abnormally
	before or while processing the request.
server closed the connection unexpectedly
	This probably means the server terminated abnormally
	before or while processing the request.


The above exception was the direct cause of the following exception:

Traceback (most recent call last):
  File "C:\Users\Евгения\Desktop\Projects_web\TeddysTale_with-BackEnd\teddytale\landing\views.py", line 38, in index
    hero_section = PageSection.objects.filter(section_key='hero').first()
  File "C:\Users\Евгения\Desktop\Projects_web\TeddysTale_with-BackEnd\venv\Lib\site-packages\django\db\models\query.py", line 1106, in first
    for obj in queryset[:1]:
               ~~~~~~~~^^^^
  File "C:\Users\Евгения\Desktop\Projects_web\TeddysTale_with-BackEnd\venv\Lib\site-packages\django\db\models\query.py", line 386, in __iter__
    self._fetch_all()
    ~~~~~~~~~~~~~~~^^
  File "C:\Users\Евгения\Desktop\Projects_web\TeddysTale_with-BackEnd\venv\Lib\site-packages\django\db\models\query.py", line 1954, in _fetch_all
    self._result_cache = list(self._iterable_class(self))
                         ~~~~^^^^^^^^^^^^^^^^^^^^^^^^^^^^
  File "C:\Users\Евгения\Desktop\Projects_web\TeddysTale_with-BackEnd\venv\Lib\site-packages\django\db\models\query.py", line 93, in __iter__
    results = compiler.execute_sql(
        chunked_fetch=self.chunked_fetch, chunk_size=self.chunk_size
    )
  File "C:\Users\Евгения\Desktop\Projects_web\TeddysTale_with-BackEnd\venv\Lib\site-packages\django\db\models\sql\compiler.py", line 1623, in execute_sql
    cursor.execute(sql, params)
    ~~~~~~~~~~~~~~^^^^^^^^^^^^^
  File "C:\Users\Евгения\Desktop\Projects_web\TeddysTale_with-BackEnd\venv\Lib\site-packages\django\db\backends\utils.py", line 122, in execute
    return super().execute(sql, params)
           ~~~~~~~~~~~~~~~^^^^^^^^^^^^^
  File "C:\Users\Евгения\Desktop\Projects_web\TeddysTale_with-BackEnd\venv\Lib\site-packages\django\db\backends\utils.py", line 79, in execute
    return self._execute_with_wrappers(
           ~~~~~~~~~~~~~~~~~~~~~~~~~~~^
        sql, params, many=False, executor=self._execute
        ^^^^^^^^^^^^^^^^^^^^^^^^^^^^^^^^^^^^^^^^^^^^^^^
    )
    ^
  File "C:\Users\Евгения\Desktop\Projects_web\TeddysTale_with-BackEnd\venv\Lib\site-packages\django\db\backends\utils.py", line 92, in _execute_with_wrappers
    return executor(sql, params, many, context)
  File "C:\Users\Евгения\Desktop\Projects_web\TeddysTale_with-BackEnd\venv\Lib\site-packages\django\db\backends\utils.py", line 100, in _execute
    with self.db.wrap_database_errors:
         ^^^^^^^^^^^^^^^^^^^^^^^^^^^^
  File "C:\Users\Евгения\Desktop\Projects_web\TeddysTale_with-BackEnd\venv\Lib\site-packages\django\db\utils.py", line 91, in __exit__
    raise dj_exc_value.with_traceback(traceback) from exc_value
  File "C:\Users\Евгения\Desktop\Projects_web\TeddysTale_with-BackEnd\venv\Lib\site-packages\django\db\backends\utils.py", line 105, in _execute
    return self.cursor.execute(sql, params)
           ~~~~~~~~~~~~~~~~~~~^^^^^^^^^^^^^
django.db.utils.OperationalError: server closed the connection unexpectedly
	This probably means the server terminated abnormally
	before or while processing the request.
server closed the connection unexpectedly
	This probably means the server terminated abnormally
	before or while processing the request.
Stack (most recent call last):
  File "C:\Users\Евгения\AppData\Local\Programs\Python\Python313\Lib\threading.py", line 1014, in _bootstrap
    self._bootstrap_inner()
  File "C:\Users\Евгения\AppData\Local\Programs\Python\Python313\Lib\threading.py", line 1043, in _bootstrap_inner
    self.run()
  File "C:\Users\Евгения\AppData\Local\Programs\Python\Python313\Lib\threading.py", line 994, in run
    self._target(*self._args, **self._kwargs)
  File "C:\Users\Евгения\AppData\Local\Programs\Python\Python313\Lib\socketserver.py", line 697, in process_request_thread
    self.finish_request(request, client_address)
  File "C:\Users\Евгения\AppData\Local\Programs\Python\Python313\Lib\socketserver.py", line 362, in finish_request
    self.RequestHandlerClass(request, client_address, self)
  File "C:\Users\Евгения\AppData\Local\Programs\Python\Python313\Lib\socketserver.py", line 766, in __init__
    self.handle()
  File "C:\Users\Евгения\Desktop\Projects_web\TeddysTale_with-BackEnd\venv\Lib\site-packages\django\core\servers\basehttp.py", line 228, in handle
    self.handle_one_request()
  File "C:\Users\Евгения\Desktop\Projects_web\TeddysTale_with-BackEnd\venv\Lib\site-packages\django\core\servers\basehttp.py", line 253, in handle_one_request
    handler.run(self.server.get_app())
  File "C:\Users\Евгения\AppData\Local\Programs\Python\Python313\Lib\wsgiref\handlers.py", line 137, in run
    self.result = application(self.environ, self.start_response)
  File "C:\Users\Евгения\Desktop\Projects_web\TeddysTale_with-BackEnd\venv\Lib\site-packages\django\contrib\staticfiles\handlers.py", line 80, in __call__
    return self.application(environ, start_response)
  File "C:\Users\Евгения\Desktop\Projects_web\TeddysTale_with-BackEnd\venv\Lib\site-packages\whitenoise\base.py", line 82, in __call__
    return self.application(environ, start_response)
  File "C:\Users\Евгения\Desktop\Projects_web\TeddysTale_with-BackEnd\venv\Lib\site-packages\django\core\handlers\wsgi.py", line 124, in __call__
    response = self.get_response(request)
  File "C:\Users\Евгения\Desktop\Projects_web\TeddysTale_with-BackEnd\venv\Lib\site-packages\django\core\handlers\base.py", line 140, in get_response
    response = self._middleware_chain(request)
  File "C:\Users\Евгения\Desktop\Projects_web\TeddysTale_with-BackEnd\venv\Lib\site-packages\django\core\handlers\exception.py", line 55, in inner
    response = get_response(request)
  File "C:\Users\Евгения\Desktop\Projects_web\TeddysTale_with-BackEnd\venv\Lib\site-packages\django\utils\deprecation.py", line 120, in __call__
    response = response or self.get_response(request)
  File "C:\Users\Евгения\Desktop\Projects_web\TeddysTale_with-BackEnd\venv\Lib\site-packages\django\core\handlers\exception.py", line 55, in inner
    response = get_response(request)
  File "C:\Users\Евгения\Desktop\Projects_web\TeddysTale_with-BackEnd\venv\Lib\site-packages\whitenoise\middleware.py", line 123, in __call__
    return self.get_response(request)
  File "C:\Users\Евгения\Desktop\Projects_web\TeddysTale_with-BackEnd\venv\Lib\site-packages\django\core\handlers\exception.py", line 55, in inner
    response = get_response(request)
  File "C:\Users\Евгения\Desktop\Projects_web\TeddysTale_with-BackEnd\venv\Lib\site-packages\django\utils\deprecation.py", line 120, in __call__
    response = response or self.get_response(request)
  File "C:\Users\Евгения\Desktop\Projects_web\TeddysTale_with-BackEnd\venv\Lib\site-packages\django\core\handlers\exception.py", line 55, in inner
    response = get_response(request)
  File "C:\Users\Евгения\Desktop\Projects_web\TeddysTale_with-BackEnd\venv\Lib\site-packages\django\utils\deprecation.py", line 120, in __call__
    response = response or self.get_response(request)
  File "C:\Users\Евгения\Desktop\Projects_web\TeddysTale_with-BackEnd\venv\Lib\site-packages\django\core\handlers\exception.py", line 55, in inner
    response = get_response(request)
  File "C:\Users\Евгения\Desktop\Projects_web\TeddysTale_with-BackEnd\venv\Lib\site-packages\django\utils\deprecation.py", line 120, in __call__
    response = response or self.get_response(request)
  File "C:\Users\Евгения\Desktop\Projects_web\TeddysTale_with-BackEnd\venv\Lib\site-packages\django\core\handlers\exception.py", line 55, in inner
    response = get_response(request)
  File "C:\Users\Евгения\Desktop\Projects_web\TeddysTale_with-BackEnd\venv\Lib\site-packages\django\utils\deprecation.py", line 120, in __call__
    response = response or self.get_response(request)
  File "C:\Users\Евгения\Desktop\Projects_web\TeddysTale_with-BackEnd\venv\Lib\site-packages\django\core\handlers\exception.py", line 55, in inner
    response = get_response(request)
  File "C:\Users\Евгения\Desktop\Projects_web\TeddysTale_with-BackEnd\venv\Lib\site-packages\django\utils\deprecation.py", line 120, in __call__
    response = response or self.get_response(request)
  File "C:\Users\Евгения\Desktop\Projects_web\TeddysTale_with-BackEnd\venv\Lib\site-packages\django\core\handlers\exception.py", line 55, in inner
    response = get_response(request)
  File "C:\Users\Евгения\Desktop\Projects_web\TeddysTale_with-BackEnd\venv\Lib\site-packages\django\utils\deprecation.py", line 120, in __call__
    response = response or self.get_response(request)
  File "C:\Users\Евгения\Desktop\Projects_web\TeddysTale_with-BackEnd\venv\Lib\site-packages\django\core\handlers\exception.py", line 55, in inner
    response = get_response(request)
  File "C:\Users\Евгения\Desktop\Projects_web\TeddysTale_with-BackEnd\venv\Lib\site-packages\django\utils\deprecation.py", line 120, in __call__
    response = response or self.get_response(request)
  File "C:\Users\Евгения\Desktop\Projects_web\TeddysTale_with-BackEnd\venv\Lib\site-packages\django\core\handlers\exception.py", line 55, in inner
    response = get_response(request)
  File "C:\Users\Евгения\Desktop\Projects_web\TeddysTale_with-BackEnd\teddytale\TeddyTale\middleware.py", line 25, in __call__
    response = self.get_response(request)
  File "C:\Users\Евгения\Desktop\Projects_web\TeddysTale_with-BackEnd\venv\Lib\site-packages\django\core\handlers\exception.py", line 55, in inner
    response = get_response(request)
  File "C:\Users\Евгения\Desktop\Projects_web\TeddysTale_with-BackEnd\venv\Lib\site-packages\django\core\handlers\base.py", line 197, in _get_response
    response = wrapped_callback(request, *callback_args, **callback_kwargs)
  File "C:\Users\Евгения\Desktop\Projects_web\TeddysTale_with-BackEnd\teddytale\landing\db_utils.py", line 21, in wrapper
    return func(*args, **kwargs)
  File "C:\Users\Евгения\Desktop\Projects_web\TeddysTale_with-BackEnd\teddytale\landing\views.py", line 170, in index
    logger.error(f"КРИТИЧЕСКАЯ ОШИБКА при загрузке данных главной страницы: {str(e)}",
[2026-01-13 12:59:14] WARNING landing.views - Используется резервный режим с безопасными значениями
[2026-01-13 12:59:29] ERROR landing.views - КРИТИЧЕСКАЯ ОШИБКА при загрузке данных главной страницы: server closed the connection unexpectedly
	This probably means the server terminated abnormally
	before or while processing the request.
server closed the connection unexpectedly
	This probably means the server terminated abnormally
	before or while processing the request.
Traceback (most recent call last):
  File "C:\Users\Евгения\Desktop\Projects_web\TeddysTale_with-BackEnd\venv\Lib\site-packages\django\db\backends\utils.py", line 105, in _execute
    return self.cursor.execute(sql, params)
           ~~~~~~~~~~~~~~~~~~~^^^^^^^^^^^^^
psycopg2.OperationalError: server closed the connection unexpectedly
	This probably means the server terminated abnormally
	before or while processing the request.
server closed the connection unexpectedly
	This probably means the server terminated abnormally
	before or while processing the request.


The above exception was the direct cause of the following exception:

Traceback (most recent call last):
  File "C:\Users\Евгения\Desktop\Projects_web\TeddysTale_with-BackEnd\teddytale\landing\views.py", line 38, in index
    hero_section = PageSection.objects.filter(section_key='hero').first()
  File "C:\Users\Евгения\Desktop\Projects_web\TeddysTale_with-BackEnd\venv\Lib\site-packages\django\db\models\query.py", line 1106, in first
    for obj in queryset[:1]:
               ~~~~~~~~^^^^
  File "C:\Users\Евгения\Desktop\Projects_web\TeddysTale_with-BackEnd\venv\Lib\site-packages\django\db\models\query.py", line 386, in __iter__
    self._fetch_all()
    ~~~~~~~~~~~~~~~^^
  File "C:\Users\Евгения\Desktop\Projects_web\TeddysTale_with-BackEnd\venv\Lib\site-packages\django\db\models\query.py", line 1954, in _fetch_all
    self._result_cache = list(self._iterable_class(self))
                         ~~~~^^^^^^^^^^^^^^^^^^^^^^^^^^^^
  File "C:\Users\Евгения\Desktop\Projects_web\TeddysTale_with-BackEnd\venv\Lib\site-packages\django\db\models\query.py", line 93, in __iter__
    results = compiler.execute_sql(
        chunked_fetch=self.chunked_fetch, chunk_size=self.chunk_size
    )
  File "C:\Users\Евгения\Desktop\Projects_web\TeddysTale_with-BackEnd\venv\Lib\site-packages\django\db\models\sql\compiler.py", line 1623, in execute_sql
    cursor.execute(sql, params)
    ~~~~~~~~~~~~~~^^^^^^^^^^^^^
  File "C:\Users\Евгения\Desktop\Projects_web\TeddysTale_with-BackEnd\venv\Lib\site-packages\django\db\backends\utils.py", line 122, in execute
    return super().execute(sql, params)
           ~~~~~~~~~~~~~~~^^^^^^^^^^^^^
  File "C:\Users\Евгения\Desktop\Projects_web\TeddysTale_with-BackEnd\venv\Lib\site-packages\django\db\backends\utils.py", line 79, in execute
    return self._execute_with_wrappers(
           ~~~~~~~~~~~~~~~~~~~~~~~~~~~^
        sql, params, many=False, executor=self._execute
        ^^^^^^^^^^^^^^^^^^^^^^^^^^^^^^^^^^^^^^^^^^^^^^^
    )
    ^
  File "C:\Users\Евгения\Desktop\Projects_web\TeddysTale_with-BackEnd\venv\Lib\site-packages\django\db\backends\utils.py", line 92, in _execute_with_wrappers
    return executor(sql, params, many, context)
  File "C:\Users\Евгения\Desktop\Projects_web\TeddysTale_with-BackEnd\venv\Lib\site-packages\django\db\backends\utils.py", line 100, in _execute
    with self.db.wrap_database_errors:
         ^^^^^^^^^^^^^^^^^^^^^^^^^^^^
  File "C:\Users\Евгения\Desktop\Projects_web\TeddysTale_with-BackEnd\venv\Lib\site-packages\django\db\utils.py", line 91, in __exit__
    raise dj_exc_value.with_traceback(traceback) from exc_value
  File "C:\Users\Евгения\Desktop\Projects_web\TeddysTale_with-BackEnd\venv\Lib\site-packages\django\db\backends\utils.py", line 105, in _execute
    return self.cursor.execute(sql, params)
           ~~~~~~~~~~~~~~~~~~~^^^^^^^^^^^^^
django.db.utils.OperationalError: server closed the connection unexpectedly
	This probably means the server terminated abnormally
	before or while processing the request.
server closed the connection unexpectedly
	This probably means the server terminated abnormally
	before or while processing the request.
Stack (most recent call last):
  File "C:\Users\Евгения\AppData\Local\Programs\Python\Python313\Lib\threading.py", line 1014, in _bootstrap
    self._bootstrap_inner()
  File "C:\Users\Евгения\AppData\Local\Programs\Python\Python313\Lib\threading.py", line 1043, in _bootstrap_inner
    self.run()
  File "C:\Users\Евгения\AppData\Local\Programs\Python\Python313\Lib\threading.py", line 994, in run
    self._target(*self._args, **self._kwargs)
  File "C:\Users\Евгения\AppData\Local\Programs\Python\Python313\Lib\socketserver.py", line 697, in process_request_thread
    self.finish_request(request, client_address)
  File "C:\Users\Евгения\AppData\Local\Programs\Python\Python313\Lib\socketserver.py", line 362, in finish_request
    self.RequestHandlerClass(request, client_address, self)
  File "C:\Users\Евгения\AppData\Local\Programs\Python\Python313\Lib\socketserver.py", line 766, in __init__
    self.handle()
  File "C:\Users\Евгения\Desktop\Projects_web\TeddysTale_with-BackEnd\venv\Lib\site-packages\django\core\servers\basehttp.py", line 228, in handle
    self.handle_one_request()
  File "C:\Users\Евгения\Desktop\Projects_web\TeddysTale_with-BackEnd\venv\Lib\site-packages\django\core\servers\basehttp.py", line 253, in handle_one_request
    handler.run(self.server.get_app())
  File "C:\Users\Евгения\AppData\Local\Programs\Python\Python313\Lib\wsgiref\handlers.py", line 137, in run
    self.result = application(self.environ, self.start_response)
  File "C:\Users\Евгения\Desktop\Projects_web\TeddysTale_with-BackEnd\venv\Lib\site-packages\django\contrib\staticfiles\handlers.py", line 80, in __call__
    return self.application(environ, start_response)
  File "C:\Users\Евгения\Desktop\Projects_web\TeddysTale_with-BackEnd\venv\Lib\site-packages\whitenoise\base.py", line 82, in __call__
    return self.application(environ, start_response)
  File "C:\Users\Евгения\Desktop\Projects_web\TeddysTale_with-BackEnd\venv\Lib\site-packages\django\core\handlers\wsgi.py", line 124, in __call__
    response = self.get_response(request)
  File "C:\Users\Евгения\Desktop\Projects_web\TeddysTale_with-BackEnd\venv\Lib\site-packages\django\core\handlers\base.py", line 140, in get_response
    response = self._middleware_chain(request)
  File "C:\Users\Евгения\Desktop\Projects_web\TeddysTale_with-BackEnd\venv\Lib\site-packages\django\core\handlers\exception.py", line 55, in inner
    response = get_response(request)
  File "C:\Users\Евгения\Desktop\Projects_web\TeddysTale_with-BackEnd\venv\Lib\site-packages\django\utils\deprecation.py", line 120, in __call__
    response = response or self.get_response(request)
  File "C:\Users\Евгения\Desktop\Projects_web\TeddysTale_with-BackEnd\venv\Lib\site-packages\django\core\handlers\exception.py", line 55, in inner
    response = get_response(request)
  File "C:\Users\Евгения\Desktop\Projects_web\TeddysTale_with-BackEnd\venv\Lib\site-packages\whitenoise\middleware.py", line 123, in __call__
    return self.get_response(request)
  File "C:\Users\Евгения\Desktop\Projects_web\TeddysTale_with-BackEnd\venv\Lib\site-packages\django\core\handlers\exception.py", line 55, in inner
    response = get_response(request)
  File "C:\Users\Евгения\Desktop\Projects_web\TeddysTale_with-BackEnd\venv\Lib\site-packages\django\utils\deprecation.py", line 120, in __call__
    response = response or self.get_response(request)
  File "C:\Users\Евгения\Desktop\Projects_web\TeddysTale_with-BackEnd\venv\Lib\site-packages\django\core\handlers\exception.py", line 55, in inner
    response = get_response(request)
  File "C:\Users\Евгения\Desktop\Projects_web\TeddysTale_with-BackEnd\venv\Lib\site-packages\django\utils\deprecation.py", line 120, in __call__
    response = response or self.get_response(request)
  File "C:\Users\Евгения\Desktop\Projects_web\TeddysTale_with-BackEnd\venv\Lib\site-packages\django\core\handlers\exception.py", line 55, in inner
    response = get_response(request)
  File "C:\Users\Евгения\Desktop\Projects_web\TeddysTale_with-BackEnd\venv\Lib\site-packages\django\utils\deprecation.py", line 120, in __call__
    response = response or self.get_response(request)
  File "C:\Users\Евгения\Desktop\Projects_web\TeddysTale_with-BackEnd\venv\Lib\site-packages\django\core\handlers\exception.py", line 55, in inner
    response = get_response(request)
  File "C:\Users\Евгения\Desktop\Projects_web\TeddysTale_with-BackEnd\venv\Lib\site-packages\django\utils\deprecation.py", line 120, in __call__
    response = response or self.get_response(request)
  File "C:\Users\Евгения\Desktop\Projects_web\TeddysTale_with-BackEnd\venv\Lib\site-packages\django\core\handlers\exception.py", line 55, in inner
    response = get_response(request)
  File "C:\Users\Евгения\Desktop\Projects_web\TeddysTale_with-BackEnd\venv\Lib\site-packages\django\utils\deprecation.py", line 120, in __call__
    response = response or self.get_response(request)
  File "C:\Users\Евгения\Desktop\Projects_web\TeddysTale_with-BackEnd\venv\Lib\site-packages\django\core\handlers\exception.py", line 55, in inner
    response = get_response(request)
  File "C:\Users\Евгения\Desktop\Projects_web\TeddysTale_with-BackEnd\venv\Lib\site-packages\django\utils\deprecation.py", line 120, in __call__
    response = response or self.get_response(request)
  File "C:\Users\Евгения\Desktop\Projects_web\TeddysTale_with-BackEnd\venv\Lib\site-packages\django\core\handlers\exception.py", line 55, in inner
    response = get_response(request)
  File "C:\Users\Евгения\Desktop\Projects_web\TeddysTale_with-BackEnd\venv\Lib\site-packages\django\utils\deprecation.py", line 120, in __call__
    response = response or self.get_response(request)
  File "C:\Users\Евгения\Desktop\Projects_web\TeddysTale_with-BackEnd\venv\Lib\site-packages\django\core\handlers\exception.py", line 55, in inner
    response = get_response(request)
  File "C:\Users\Евгения\Desktop\Projects_web\TeddysTale_with-BackEnd\teddytale\TeddyTale\middleware.py", line 25, in __call__
    response = self.get_response(request)
  File "C:\Users\Евгения\Desktop\Projects_web\TeddysTale_with-BackEnd\venv\Lib\site-packages\django\core\handlers\exception.py", line 55, in inner
    response = get_response(request)
  File "C:\Users\Евгения\Desktop\Projects_web\TeddysTale_with-BackEnd\venv\Lib\site-packages\django\core\handlers\base.py", line 197, in _get_response
    response = wrapped_callback(request, *callback_args, **callback_kwargs)
  File "C:\Users\Евгения\Desktop\Projects_web\TeddysTale_with-BackEnd\teddytale\landing\db_utils.py", line 21, in wrapper
    return func(*args, **kwargs)
  File "C:\Users\Евгения\Desktop\Projects_web\TeddysTale_with-BackEnd\teddytale\landing\views.py", line 170, in index
    logger.error(f"КРИТИЧЕСКАЯ ОШИБКА при загрузке данных главной страницы: {str(e)}",
[2026-01-13 12:59:30] WARNING landing.views - Используется резервный режим с безопасными значениями
[2026-01-13 13:00:05] DEBUG landing.views - Загружено товаров из базы: 8
[2026-01-13 13:00:05] DEBUG landing.views - Показывать заглушки: True, количество: 1
[2026-01-13 13:00:05] DEBUG landing.views - Контакты из базы данных: 10 записей
[2026-01-13 13:00:05] INFO landing.views - Главная страница успешно загружена. Товаров: 8, Координаты: 59.819642, 30.341524
[2026-01-13 13:03:06] ERROR landing.views - КРИТИЧЕСКАЯ ОШИБКА при загрузке данных главной страницы: server closed the connection unexpectedly
	This probably means the server terminated abnormally
	before or while processing the request.
server closed the connection unexpectedly
	This probably means the server terminated abnormally
	before or while processing the request.
Traceback (most recent call last):
  File "C:\Users\Евгения\Desktop\Projects_web\TeddysTale_with-BackEnd\venv\Lib\site-packages\django\db\backends\utils.py", line 105, in _execute
    return self.cursor.execute(sql, params)
           ~~~~~~~~~~~~~~~~~~~^^^^^^^^^^^^^
psycopg2.OperationalError: server closed the connection unexpectedly
	This probably means the server terminated abnormally
	before or while processing the request.
server closed the connection unexpectedly
	This probably means the server terminated abnormally
	before or while processing the request.


The above exception was the direct cause of the following exception:

Traceback (most recent call last):
  File "C:\Users\Евгения\Desktop\Projects_web\TeddysTale_with-BackEnd\teddytale\landing\views.py", line 38, in index
    hero_section = PageSection.objects.filter(section_key='hero').first()
  File "C:\Users\Евгения\Desktop\Projects_web\TeddysTale_with-BackEnd\venv\Lib\site-packages\django\db\models\query.py", line 1106, in first
    for obj in queryset[:1]:
               ~~~~~~~~^^^^
  File "C:\Users\Евгения\Desktop\Projects_web\TeddysTale_with-BackEnd\venv\Lib\site-packages\django\db\models\query.py", line 386, in __iter__
    self._fetch_all()
    ~~~~~~~~~~~~~~~^^
  File "C:\Users\Евгения\Desktop\Projects_web\TeddysTale_with-BackEnd\venv\Lib\site-packages\django\db\models\query.py", line 1954, in _fetch_all
    self._result_cache = list(self._iterable_class(self))
                         ~~~~^^^^^^^^^^^^^^^^^^^^^^^^^^^^
  File "C:\Users\Евгения\Desktop\Projects_web\TeddysTale_with-BackEnd\venv\Lib\site-packages\django\db\models\query.py", line 93, in __iter__
    results = compiler.execute_sql(
        chunked_fetch=self.chunked_fetch, chunk_size=self.chunk_size
    )
  File "C:\Users\Евгения\Desktop\Projects_web\TeddysTale_with-BackEnd\venv\Lib\site-packages\django\db\models\sql\compiler.py", line 1623, in execute_sql
    cursor.execute(sql, params)
    ~~~~~~~~~~~~~~^^^^^^^^^^^^^
  File "C:\Users\Евгения\Desktop\Projects_web\TeddysTale_with-BackEnd\venv\Lib\site-packages\django\db\backends\utils.py", line 122, in execute
    return super().execute(sql, params)
           ~~~~~~~~~~~~~~~^^^^^^^^^^^^^
  File "C:\Users\Евгения\Desktop\Projects_web\TeddysTale_with-BackEnd\venv\Lib\site-packages\django\db\backends\utils.py", line 79, in execute
    return self._execute_with_wrappers(
           ~~~~~~~~~~~~~~~~~~~~~~~~~~~^
        sql, params, many=False, executor=self._execute
        ^^^^^^^^^^^^^^^^^^^^^^^^^^^^^^^^^^^^^^^^^^^^^^^
    )
    ^
  File "C:\Users\Евгения\Desktop\Projects_web\TeddysTale_with-BackEnd\venv\Lib\site-packages\django\db\backends\utils.py", line 92, in _execute_with_wrappers
    return executor(sql, params, many, context)
  File "C:\Users\Евгения\Desktop\Projects_web\TeddysTale_with-BackEnd\venv\Lib\site-packages\django\db\backends\utils.py", line 100, in _execute
    with self.db.wrap_database_errors:
         ^^^^^^^^^^^^^^^^^^^^^^^^^^^^
  File "C:\Users\Евгения\Desktop\Projects_web\TeddysTale_with-BackEnd\venv\Lib\site-packages\django\db\utils.py", line 91, in __exit__
    raise dj_exc_value.with_traceback(traceback) from exc_value
  File "C:\Users\Евгения\Desktop\Projects_web\TeddysTale_with-BackEnd\venv\Lib\site-packages\django\db\backends\utils.py", line 105, in _execute
    return self.cursor.execute(sql, params)
           ~~~~~~~~~~~~~~~~~~~^^^^^^^^^^^^^
django.db.utils.OperationalError: server closed the connection unexpectedly
	This probably means the server terminated abnormally
	before or while processing the request.
server closed the connection unexpectedly
	This probably means the server terminated abnormally
	before or while processing the request.
Stack (most recent call last):
  File "C:\Users\Евгения\AppData\Local\Programs\Python\Python313\Lib\threading.py", line 1014, in _bootstrap
    self._bootstrap_inner()
  File "C:\Users\Евгения\AppData\Local\Programs\Python\Python313\Lib\threading.py", line 1043, in _bootstrap_inner
    self.run()
  File "C:\Users\Евгения\AppData\Local\Programs\Python\Python313\Lib\threading.py", line 994, in run
    self._target(*self._args, **self._kwargs)
  File "C:\Users\Евгения\AppData\Local\Programs\Python\Python313\Lib\socketserver.py", line 697, in process_request_thread
    self.finish_request(request, client_address)
  File "C:\Users\Евгения\AppData\Local\Programs\Python\Python313\Lib\socketserver.py", line 362, in finish_request
    self.RequestHandlerClass(request, client_address, self)
  File "C:\Users\Евгения\AppData\Local\Programs\Python\Python313\Lib\socketserver.py", line 766, in __init__
    self.handle()
  File "C:\Users\Евгения\Desktop\Projects_web\TeddysTale_with-BackEnd\venv\Lib\site-packages\django\core\servers\basehttp.py", line 230, in handle
    self.handle_one_request()
  File "C:\Users\Евгения\Desktop\Projects_web\TeddysTale_with-BackEnd\venv\Lib\site-packages\django\core\servers\basehttp.py", line 253, in handle_one_request
    handler.run(self.server.get_app())
  File "C:\Users\Евгения\AppData\Local\Programs\Python\Python313\Lib\wsgiref\handlers.py", line 137, in run
    self.result = application(self.environ, self.start_response)
  File "C:\Users\Евгения\Desktop\Projects_web\TeddysTale_with-BackEnd\venv\Lib\site-packages\django\contrib\staticfiles\handlers.py", line 80, in __call__
    return self.application(environ, start_response)
  File "C:\Users\Евгения\Desktop\Projects_web\TeddysTale_with-BackEnd\venv\Lib\site-packages\whitenoise\base.py", line 82, in __call__
    return self.application(environ, start_response)
  File "C:\Users\Евгения\Desktop\Projects_web\TeddysTale_with-BackEnd\venv\Lib\site-packages\django\core\handlers\wsgi.py", line 124, in __call__
    response = self.get_response(request)
  File "C:\Users\Евгения\Desktop\Projects_web\TeddysTale_with-BackEnd\venv\Lib\site-packages\django\core\handlers\base.py", line 140, in get_response
    response = self._middleware_chain(request)
  File "C:\Users\Евгения\Desktop\Projects_web\TeddysTale_with-BackEnd\venv\Lib\site-packages\django\core\handlers\exception.py", line 55, in inner
    response = get_response(request)
  File "C:\Users\Евгения\Desktop\Projects_web\TeddysTale_with-BackEnd\venv\Lib\site-packages\django\utils\deprecation.py", line 120, in __call__
    response = response or self.get_response(request)
  File "C:\Users\Евгения\Desktop\Projects_web\TeddysTale_with-BackEnd\venv\Lib\site-packages\django\core\handlers\exception.py", line 55, in inner
    response = get_response(request)
  File "C:\Users\Евгения\Desktop\Projects_web\TeddysTale_with-BackEnd\venv\Lib\site-packages\whitenoise\middleware.py", line 123, in __call__
    return self.get_response(request)
  File "C:\Users\Евгения\Desktop\Projects_web\TeddysTale_with-BackEnd\venv\Lib\site-packages\django\core\handlers\exception.py", line 55, in inner
    response = get_response(request)
  File "C:\Users\Евгения\Desktop\Projects_web\TeddysTale_with-BackEnd\venv\Lib\site-packages\django\utils\deprecation.py", line 120, in __call__
    response = response or self.get_response(request)
  File "C:\Users\Евгения\Desktop\Projects_web\TeddysTale_with-BackEnd\venv\Lib\site-packages\django\core\handlers\exception.py", line 55, in inner
    response = get_response(request)
  File "C:\Users\Евгения\Desktop\Projects_web\TeddysTale_with-BackEnd\venv\Lib\site-packages\django\utils\deprecation.py", line 120, in __call__
    response = response or self.get_response(request)
  File "C:\Users\Евгения\Desktop\Projects_web\TeddysTale_with-BackEnd\venv\Lib\site-packages\django\core\handlers\exception.py", line 55, in inner
    response = get_response(request)
  File "C:\Users\Евгения\Desktop\Projects_web\TeddysTale_with-BackEnd\venv\Lib\site-packages\django\utils\deprecation.py", line 120, in __call__
    response = response or self.get_response(request)
  File "C:\Users\Евгения\Desktop\Projects_web\TeddysTale_with-BackEnd\venv\Lib\site-packages\django\core\handlers\exception.py", line 55, in inner
    response = get_response(request)
  File "C:\Users\Евгения\Desktop\Projects_web\TeddysTale_with-BackEnd\venv\Lib\site-packages\django\utils\deprecation.py", line 120, in __call__
    response = response or self.get_response(request)
  File "C:\Users\Евгения\Desktop\Projects_web\TeddysTale_with-BackEnd\venv\Lib\site-packages\django\core\handlers\exception.py", line 55, in inner
    response = get_response(request)
  File "C:\Users\Евгения\Desktop\Projects_web\TeddysTale_with-BackEnd\venv\Lib\site-packages\django\utils\deprecation.py", line 120, in __call__
    response = response or self.get_response(request)
  File "C:\Users\Евгения\Desktop\Projects_web\TeddysTale_with-BackEnd\venv\Lib\site-packages\django\core\handlers\exception.py", line 55, in inner
    response = get_response(request)
  File "C:\Users\Евгения\Desktop\Projects_web\TeddysTale_with-BackEnd\venv\Lib\site-packages\django\utils\deprecation.py", line 120, in __call__
    response = response or self.get_response(request)
  File "C:\Users\Евгения\Desktop\Projects_web\TeddysTale_with-BackEnd\venv\Lib\site-packages\django\core\handlers\exception.py", line 55, in inner
    response = get_response(request)
  File "C:\Users\Евгения\Desktop\Projects_web\TeddysTale_with-BackEnd\venv\Lib\site-packages\django\utils\deprecation.py", line 120, in __call__
    response = response or self.get_response(request)
  File "C:\Users\Евгения\Desktop\Projects_web\TeddysTale_with-BackEnd\venv\Lib\site-packages\django\core\handlers\exception.py", line 55, in inner
    response = get_response(request)
  File "C:\Users\Евгения\Desktop\Projects_web\TeddysTale_with-BackEnd\teddytale\TeddyTale\middleware.py", line 25, in __call__
    response = self.get_response(request)
  File "C:\Users\Евгения\Desktop\Projects_web\TeddysTale_with-BackEnd\venv\Lib\site-packages\django\core\handlers\exception.py", line 55, in inner
    response = get_response(request)
  File "C:\Users\Евгения\Desktop\Projects_web\TeddysTale_with-BackEnd\venv\Lib\site-packages\django\core\handlers\base.py", line 197, in _get_response
    response = wrapped_callback(request, *callback_args, **callback_kwargs)
  File "C:\Users\Евгения\Desktop\Projects_web\TeddysTale_with-BackEnd\teddytale\landing\db_utils.py", line 21, in wrapper
    return func(*args, **kwargs)
  File "C:\Users\Евгения\Desktop\Projects_web\TeddysTale_with-BackEnd\teddytale\landing\views.py", line 170, in index
    logger.error(f"КРИТИЧЕСКАЯ ОШИБКА при загрузке данных главной страницы: {str(e)}",
[2026-01-13 13:03:06] WARNING landing.views - Используется резервный режим с безопасными значениями
[2026-01-13 13:03:56] ERROR landing.views - КРИТИЧЕСКАЯ ОШИБКА при загрузке данных главной страницы: server closed the connection unexpectedly
	This probably means the server terminated abnormally
	before or while processing the request.
server closed the connection unexpectedly
	This probably means the server terminated abnormally
	before or while processing the request.
Traceback (most recent call last):
  File "C:\Users\Евгения\Desktop\Projects_web\TeddysTale_with-BackEnd\venv\Lib\site-packages\django\db\backends\utils.py", line 105, in _execute
    return self.cursor.execute(sql, params)
           ~~~~~~~~~~~~~~~~~~~^^^^^^^^^^^^^
psycopg2.OperationalError: server closed the connection unexpectedly
	This probably means the server terminated abnormally
	before or while processing the request.
server closed the connection unexpectedly
	This probably means the server terminated abnormally
	before or while processing the request.


The above exception was the direct cause of the following exception:

Traceback (most recent call last):
  File "C:\Users\Евгения\Desktop\Projects_web\TeddysTale_with-BackEnd\teddytale\landing\views.py", line 38, in index
    hero_section = PageSection.objects.filter(section_key='hero').first()
  File "C:\Users\Евгения\Desktop\Projects_web\TeddysTale_with-BackEnd\venv\Lib\site-packages\django\db\models\query.py", line 1106, in first
    for obj in queryset[:1]:
               ~~~~~~~~^^^^
  File "C:\Users\Евгения\Desktop\Projects_web\TeddysTale_with-BackEnd\venv\Lib\site-packages\django\db\models\query.py", line 386, in __iter__
    self._fetch_all()
    ~~~~~~~~~~~~~~~^^
  File "C:\Users\Евгения\Desktop\Projects_web\TeddysTale_with-BackEnd\venv\Lib\site-packages\django\db\models\query.py", line 1954, in _fetch_all
    self._result_cache = list(self._iterable_class(self))
                         ~~~~^^^^^^^^^^^^^^^^^^^^^^^^^^^^
  File "C:\Users\Евгения\Desktop\Projects_web\TeddysTale_with-BackEnd\venv\Lib\site-packages\django\db\models\query.py", line 93, in __iter__
    results = compiler.execute_sql(
        chunked_fetch=self.chunked_fetch, chunk_size=self.chunk_size
    )
  File "C:\Users\Евгения\Desktop\Projects_web\TeddysTale_with-BackEnd\venv\Lib\site-packages\django\db\models\sql\compiler.py", line 1623, in execute_sql
    cursor.execute(sql, params)
    ~~~~~~~~~~~~~~^^^^^^^^^^^^^
  File "C:\Users\Евгения\Desktop\Projects_web\TeddysTale_with-BackEnd\venv\Lib\site-packages\django\db\backends\utils.py", line 122, in execute
    return super().execute(sql, params)
           ~~~~~~~~~~~~~~~^^^^^^^^^^^^^
  File "C:\Users\Евгения\Desktop\Projects_web\TeddysTale_with-BackEnd\venv\Lib\site-packages\django\db\backends\utils.py", line 79, in execute
    return self._execute_with_wrappers(
           ~~~~~~~~~~~~~~~~~~~~~~~~~~~^
        sql, params, many=False, executor=self._execute
        ^^^^^^^^^^^^^^^^^^^^^^^^^^^^^^^^^^^^^^^^^^^^^^^
    )
    ^
  File "C:\Users\Евгения\Desktop\Projects_web\TeddysTale_with-BackEnd\venv\Lib\site-packages\django\db\backends\utils.py", line 92, in _execute_with_wrappers
    return executor(sql, params, many, context)
  File "C:\Users\Евгения\Desktop\Projects_web\TeddysTale_with-BackEnd\venv\Lib\site-packages\django\db\backends\utils.py", line 100, in _execute
    with self.db.wrap_database_errors:
         ^^^^^^^^^^^^^^^^^^^^^^^^^^^^
  File "C:\Users\Евгения\Desktop\Projects_web\TeddysTale_with-BackEnd\venv\Lib\site-packages\django\db\utils.py", line 91, in __exit__
    raise dj_exc_value.with_traceback(traceback) from exc_value
  File "C:\Users\Евгения\Desktop\Projects_web\TeddysTale_with-BackEnd\venv\Lib\site-packages\django\db\backends\utils.py", line 105, in _execute
    return self.cursor.execute(sql, params)
           ~~~~~~~~~~~~~~~~~~~^^^^^^^^^^^^^
django.db.utils.OperationalError: server closed the connection unexpectedly
	This probably means the server terminated abnormally
	before or while processing the request.
server closed the connection unexpectedly
	This probably means the server terminated abnormally
	before or while processing the request.
Stack (most recent call last):
  File "C:\Users\Евгения\AppData\Local\Programs\Python\Python313\Lib\threading.py", line 1014, in _bootstrap
    self._bootstrap_inner()
  File "C:\Users\Евгения\AppData\Local\Programs\Python\Python313\Lib\threading.py", line 1043, in _bootstrap_inner
    self.run()
  File "C:\Users\Евгения\AppData\Local\Programs\Python\Python313\Lib\threading.py", line 994, in run
    self._target(*self._args, **self._kwargs)
  File "C:\Users\Евгения\AppData\Local\Programs\Python\Python313\Lib\socketserver.py", line 697, in process_request_thread
    self.finish_request(request, client_address)
  File "C:\Users\Евгения\AppData\Local\Programs\Python\Python313\Lib\socketserver.py", line 362, in finish_request
    self.RequestHandlerClass(request, client_address, self)
  File "C:\Users\Евгения\AppData\Local\Programs\Python\Python313\Lib\socketserver.py", line 766, in __init__
    self.handle()
  File "C:\Users\Евгения\Desktop\Projects_web\TeddysTale_with-BackEnd\venv\Lib\site-packages\django\core\servers\basehttp.py", line 228, in handle
    self.handle_one_request()
  File "C:\Users\Евгения\Desktop\Projects_web\TeddysTale_with-BackEnd\venv\Lib\site-packages\django\core\servers\basehttp.py", line 253, in handle_one_request
    handler.run(self.server.get_app())
  File "C:\Users\Евгения\AppData\Local\Programs\Python\Python313\Lib\wsgiref\handlers.py", line 137, in run
    self.result = application(self.environ, self.start_response)
  File "C:\Users\Евгения\Desktop\Projects_web\TeddysTale_with-BackEnd\venv\Lib\site-packages\django\contrib\staticfiles\handlers.py", line 80, in __call__
    return self.application(environ, start_response)
  File "C:\Users\Евгения\Desktop\Projects_web\TeddysTale_with-BackEnd\venv\Lib\site-packages\whitenoise\base.py", line 82, in __call__
    return self.application(environ, start_response)
  File "C:\Users\Евгения\Desktop\Projects_web\TeddysTale_with-BackEnd\venv\Lib\site-packages\django\core\handlers\wsgi.py", line 124, in __call__
    response = self.get_response(request)
  File "C:\Users\Евгения\Desktop\Projects_web\TeddysTale_with-BackEnd\venv\Lib\site-packages\django\core\handlers\base.py", line 140, in get_response
    response = self._middleware_chain(request)
  File "C:\Users\Евгения\Desktop\Projects_web\TeddysTale_with-BackEnd\venv\Lib\site-packages\django\core\handlers\exception.py", line 55, in inner
    response = get_response(request)
  File "C:\Users\Евгения\Desktop\Projects_web\TeddysTale_with-BackEnd\venv\Lib\site-packages\django\utils\deprecation.py", line 120, in __call__
    response = response or self.get_response(request)
  File "C:\Users\Евгения\Desktop\Projects_web\TeddysTale_with-BackEnd\venv\Lib\site-packages\django\core\handlers\exception.py", line 55, in inner
    response = get_response(request)
  File "C:\Users\Евгения\Desktop\Projects_web\TeddysTale_with-BackEnd\venv\Lib\site-packages\whitenoise\middleware.py", line 123, in __call__
    return self.get_response(request)
  File "C:\Users\Евгения\Desktop\Projects_web\TeddysTale_with-BackEnd\venv\Lib\site-packages\django\core\handlers\exception.py", line 55, in inner
    response = get_response(request)
  File "C:\Users\Евгения\Desktop\Projects_web\TeddysTale_with-BackEnd\venv\Lib\site-packages\django\utils\deprecation.py", line 120, in __call__
    response = response or self.get_response(request)
  File "C:\Users\Евгения\Desktop\Projects_web\TeddysTale_with-BackEnd\venv\Lib\site-packages\django\core\handlers\exception.py", line 55, in inner
    response = get_response(request)
  File "C:\Users\Евгения\Desktop\Projects_web\TeddysTale_with-BackEnd\venv\Lib\site-packages\django\utils\deprecation.py", line 120, in __call__
    response = response or self.get_response(request)
  File "C:\Users\Евгения\Desktop\Projects_web\TeddysTale_with-BackEnd\venv\Lib\site-packages\django\core\handlers\exception.py", line 55, in inner
    response = get_response(request)
  File "C:\Users\Евгения\Desktop\Projects_web\TeddysTale_with-BackEnd\venv\Lib\site-packages\django\utils\deprecation.py", line 120, in __call__
    response = response or self.get_response(request)
  File "C:\Users\Евгения\Desktop\Projects_web\TeddysTale_with-BackEnd\venv\Lib\site-packages\django\core\handlers\exception.py", line 55, in inner
    response = get_response(request)
  File "C:\Users\Евгения\Desktop\Projects_web\TeddysTale_with-BackEnd\venv\Lib\site-packages\django\utils\deprecation.py", line 120, in __call__
    response = response or self.get_response(request)
  File "C:\Users\Евгения\Desktop\Projects_web\TeddysTale_with-BackEnd\venv\Lib\site-packages\django\core\handlers\exception.py", line 55, in inner
    response = get_response(request)
  File "C:\Users\Евгения\Desktop\Projects_web\TeddysTale_with-BackEnd\venv\Lib\site-packages\django\utils\deprecation.py", line 120, in __call__
    response = response or self.get_response(request)
  File "C:\Users\Евгения\Desktop\Projects_web\TeddysTale_with-BackEnd\venv\Lib\site-packages\django\core\handlers\exception.py", line 55, in inner
    response = get_response(request)
  File "C:\Users\Евгения\Desktop\Projects_web\TeddysTale_with-BackEnd\venv\Lib\site-packages\django\utils\deprecation.py", line 120, in __call__
    response = response or self.get_response(request)
  File "C:\Users\Евгения\Desktop\Projects_web\TeddysTale_with-BackEnd\venv\Lib\site-packages\django\core\handlers\exception.py", line 55, in inner
    response = get_response(request)
  File "C:\Users\Евгения\Desktop\Projects_web\TeddysTale_with-BackEnd\venv\Lib\site-packages\django\utils\deprecation.py", line 120, in __call__
    response = response or self.get_response(request)
  File "C:\Users\Евгения\Desktop\Projects_web\TeddysTale_with-BackEnd\venv\Lib\site-packages\django\core\handlers\exception.py", line 55, in inner
    response = get_response(request)
  File "C:\Users\Евгения\Desktop\Projects_web\TeddysTale_with-BackEnd\teddytale\TeddyTale\middleware.py", line 25, in __call__
    response = self.get_response(request)
  File "C:\Users\Евгения\Desktop\Projects_web\TeddysTale_with-BackEnd\venv\Lib\site-packages\django\core\handlers\exception.py", line 55, in inner
    response = get_response(request)
  File "C:\Users\Евгения\Desktop\Projects_web\TeddysTale_with-BackEnd\venv\Lib\site-packages\django\core\handlers\base.py", line 197, in _get_response
    response = wrapped_callback(request, *callback_args, **callback_kwargs)
  File "C:\Users\Евгения\Desktop\Projects_web\TeddysTale_with-BackEnd\teddytale\landing\db_utils.py", line 21, in wrapper
    return func(*args, **kwargs)
  File "C:\Users\Евгения\Desktop\Projects_web\TeddysTale_with-BackEnd\teddytale\landing\views.py", line 170, in index
    logger.error(f"КРИТИЧЕСКАЯ ОШИБКА при загрузке данных главной страницы: {str(e)}",
[2026-01-13 13:03:57] WARNING landing.views - Используется резервный режим с безопасными значениями
[2026-01-13 13:04:20] DEBUG landing.views - Загружено товаров из базы: 8
[2026-01-13 13:04:20] DEBUG landing.views - Показывать заглушки: True, количество: 1
[2026-01-13 13:04:20] DEBUG landing.views - Контакты из базы данных: 10 записей
[2026-01-13 13:04:20] INFO landing.views - Главная страница успешно загружена. Товаров: 8, Координаты: 59.819642, 30.341524
[2026-01-13 13:09:58] DEBUG landing.views - Загружено товаров из базы: 8
[2026-01-13 13:09:58] DEBUG landing.views - Показывать заглушки: True, количество: 1
[2026-01-13 13:09:59] DEBUG landing.views - Контакты из базы данных: 10 записей
[2026-01-13 13:09:59] INFO landing.views - Главная страница успешно загружена. Товаров: 8, Координаты: 59.819642, 30.341524
[2026-01-13 13:11:26] DEBUG landing.views - Загружено товаров из базы: 8
[2026-01-13 13:11:26] DEBUG landing.views - Показывать заглушки: True, количество: 1
[2026-01-13 13:11:26] DEBUG landing.views - Контакты из базы данных: 10 записей
[2026-01-13 13:11:26] INFO landing.views - Главная страница успешно загружена. Товаров: 8, Координаты: 59.819642, 30.341524
[2026-01-13 13:12:51] ERROR landing.views - КРИТИЧЕСКАЯ ОШИБКА при загрузке данных главной страницы: server closed the connection unexpectedly
	This probably means the server terminated abnormally
	before or while processing the request.
server closed the connection unexpectedly
	This probably means the server terminated abnormally
	before or while processing the request.
Traceback (most recent call last):
  File "C:\Users\Евгения\Desktop\Projects_web\TeddysTale_with-BackEnd\venv\Lib\site-packages\django\db\backends\utils.py", line 105, in _execute
    return self.cursor.execute(sql, params)
           ~~~~~~~~~~~~~~~~~~~^^^^^^^^^^^^^
psycopg2.OperationalError: server closed the connection unexpectedly
	This probably means the server terminated abnormally
	before or while processing the request.
server closed the connection unexpectedly
	This probably means the server terminated abnormally
	before or while processing the request.


The above exception was the direct cause of the following exception:

Traceback (most recent call last):
  File "C:\Users\Евгения\Desktop\Projects_web\TeddysTale_with-BackEnd\teddytale\landing\views.py", line 53, in index
    shop_items = list(ShopItem.objects.filter(is_active=True).order_by('slot_number'))
  File "C:\Users\Евгения\Desktop\Projects_web\TeddysTale_with-BackEnd\venv\Lib\site-packages\django\db\models\query.py", line 386, in __iter__
    self._fetch_all()
    ~~~~~~~~~~~~~~~^^
  File "C:\Users\Евгения\Desktop\Projects_web\TeddysTale_with-BackEnd\venv\Lib\site-packages\django\db\models\query.py", line 1954, in _fetch_all
    self._result_cache = list(self._iterable_class(self))
                         ~~~~^^^^^^^^^^^^^^^^^^^^^^^^^^^^
  File "C:\Users\Евгения\Desktop\Projects_web\TeddysTale_with-BackEnd\venv\Lib\site-packages\django\db\models\query.py", line 93, in __iter__
    results = compiler.execute_sql(
        chunked_fetch=self.chunked_fetch, chunk_size=self.chunk_size
    )
  File "C:\Users\Евгения\Desktop\Projects_web\TeddysTale_with-BackEnd\venv\Lib\site-packages\django\db\models\sql\compiler.py", line 1623, in execute_sql
    cursor.execute(sql, params)
    ~~~~~~~~~~~~~~^^^^^^^^^^^^^
  File "C:\Users\Евгения\Desktop\Projects_web\TeddysTale_with-BackEnd\venv\Lib\site-packages\django\db\backends\utils.py", line 122, in execute
    return super().execute(sql, params)
           ~~~~~~~~~~~~~~~^^^^^^^^^^^^^
  File "C:\Users\Евгения\Desktop\Projects_web\TeddysTale_with-BackEnd\venv\Lib\site-packages\django\db\backends\utils.py", line 79, in execute
    return self._execute_with_wrappers(
           ~~~~~~~~~~~~~~~~~~~~~~~~~~~^
        sql, params, many=False, executor=self._execute
        ^^^^^^^^^^^^^^^^^^^^^^^^^^^^^^^^^^^^^^^^^^^^^^^
    )
    ^
  File "C:\Users\Евгения\Desktop\Projects_web\TeddysTale_with-BackEnd\venv\Lib\site-packages\django\db\backends\utils.py", line 92, in _execute_with_wrappers
    return executor(sql, params, many, context)
  File "C:\Users\Евгения\Desktop\Projects_web\TeddysTale_with-BackEnd\venv\Lib\site-packages\django\db\backends\utils.py", line 100, in _execute
    with self.db.wrap_database_errors:
         ^^^^^^^^^^^^^^^^^^^^^^^^^^^^
  File "C:\Users\Евгения\Desktop\Projects_web\TeddysTale_with-BackEnd\venv\Lib\site-packages\django\db\utils.py", line 91, in __exit__
    raise dj_exc_value.with_traceback(traceback) from exc_value
  File "C:\Users\Евгения\Desktop\Projects_web\TeddysTale_with-BackEnd\venv\Lib\site-packages\django\db\backends\utils.py", line 105, in _execute
    return self.cursor.execute(sql, params)
           ~~~~~~~~~~~~~~~~~~~^^^^^^^^^^^^^
django.db.utils.OperationalError: server closed the connection unexpectedly
	This probably means the server terminated abnormally
	before or while processing the request.
server closed the connection unexpectedly
	This probably means the server terminated abnormally
	before or while processing the request.
Stack (most recent call last):
  File "C:\Users\Евгения\AppData\Local\Programs\Python\Python313\Lib\threading.py", line 1014, in _bootstrap
    self._bootstrap_inner()
  File "C:\Users\Евгения\AppData\Local\Programs\Python\Python313\Lib\threading.py", line 1043, in _bootstrap_inner
    self.run()
  File "C:\Users\Евгения\AppData\Local\Programs\Python\Python313\Lib\threading.py", line 994, in run
    self._target(*self._args, **self._kwargs)
  File "C:\Users\Евгения\AppData\Local\Programs\Python\Python313\Lib\socketserver.py", line 697, in process_request_thread
    self.finish_request(request, client_address)
  File "C:\Users\Евгения\AppData\Local\Programs\Python\Python313\Lib\socketserver.py", line 362, in finish_request
    self.RequestHandlerClass(request, client_address, self)
  File "C:\Users\Евгения\AppData\Local\Programs\Python\Python313\Lib\socketserver.py", line 766, in __init__
    self.handle()
  File "C:\Users\Евгения\Desktop\Projects_web\TeddysTale_with-BackEnd\venv\Lib\site-packages\django\core\servers\basehttp.py", line 230, in handle
    self.handle_one_request()
  File "C:\Users\Евгения\Desktop\Projects_web\TeddysTale_with-BackEnd\venv\Lib\site-packages\django\core\servers\basehttp.py", line 253, in handle_one_request
    handler.run(self.server.get_app())
  File "C:\Users\Евгения\AppData\Local\Programs\Python\Python313\Lib\wsgiref\handlers.py", line 137, in run
    self.result = application(self.environ, self.start_response)
  File "C:\Users\Евгения\Desktop\Projects_web\TeddysTale_with-BackEnd\venv\Lib\site-packages\django\contrib\staticfiles\handlers.py", line 80, in __call__
    return self.application(environ, start_response)
  File "C:\Users\Евгения\Desktop\Projects_web\TeddysTale_with-BackEnd\venv\Lib\site-packages\whitenoise\base.py", line 82, in __call__
    return self.application(environ, start_response)
  File "C:\Users\Евгения\Desktop\Projects_web\TeddysTale_with-BackEnd\venv\Lib\site-packages\django\core\handlers\wsgi.py", line 124, in __call__
    response = self.get_response(request)
  File "C:\Users\Евгения\Desktop\Projects_web\TeddysTale_with-BackEnd\venv\Lib\site-packages\django\core\handlers\base.py", line 140, in get_response
    response = self._middleware_chain(request)
  File "C:\Users\Евгения\Desktop\Projects_web\TeddysTale_with-BackEnd\venv\Lib\site-packages\django\core\handlers\exception.py", line 55, in inner
    response = get_response(request)
  File "C:\Users\Евгения\Desktop\Projects_web\TeddysTale_with-BackEnd\venv\Lib\site-packages\django\utils\deprecation.py", line 120, in __call__
    response = response or self.get_response(request)
  File "C:\Users\Евгения\Desktop\Projects_web\TeddysTale_with-BackEnd\venv\Lib\site-packages\django\core\handlers\exception.py", line 55, in inner
    response = get_response(request)
  File "C:\Users\Евгения\Desktop\Projects_web\TeddysTale_with-BackEnd\venv\Lib\site-packages\whitenoise\middleware.py", line 123, in __call__
    return self.get_response(request)
  File "C:\Users\Евгения\Desktop\Projects_web\TeddysTale_with-BackEnd\venv\Lib\site-packages\django\core\handlers\exception.py", line 55, in inner
    response = get_response(request)
  File "C:\Users\Евгения\Desktop\Projects_web\TeddysTale_with-BackEnd\venv\Lib\site-packages\django\utils\deprecation.py", line 120, in __call__
    response = response or self.get_response(request)
  File "C:\Users\Евгения\Desktop\Projects_web\TeddysTale_with-BackEnd\venv\Lib\site-packages\django\core\handlers\exception.py", line 55, in inner
    response = get_response(request)
  File "C:\Users\Евгения\Desktop\Projects_web\TeddysTale_with-BackEnd\venv\Lib\site-packages\django\utils\deprecation.py", line 120, in __call__
    response = response or self.get_response(request)
  File "C:\Users\Евгения\Desktop\Projects_web\TeddysTale_with-BackEnd\venv\Lib\site-packages\django\core\handlers\exception.py", line 55, in inner
    response = get_response(request)
  File "C:\Users\Евгения\Desktop\Projects_web\TeddysTale_with-BackEnd\venv\Lib\site-packages\django\utils\deprecation.py", line 120, in __call__
    response = response or self.get_response(request)
  File "C:\Users\Евгения\Desktop\Projects_web\TeddysTale_with-BackEnd\venv\Lib\site-packages\django\core\handlers\exception.py", line 55, in inner
    response = get_response(request)
  File "C:\Users\Евгения\Desktop\Projects_web\TeddysTale_with-BackEnd\venv\Lib\site-packages\django\utils\deprecation.py", line 120, in __call__
    response = response or self.get_response(request)
  File "C:\Users\Евгения\Desktop\Projects_web\TeddysTale_with-BackEnd\venv\Lib\site-packages\django\core\handlers\exception.py", line 55, in inner
    response = get_response(request)
  File "C:\Users\Евгения\Desktop\Projects_web\TeddysTale_with-BackEnd\venv\Lib\site-packages\django\utils\deprecation.py", line 120, in __call__
    response = response or self.get_response(request)
  File "C:\Users\Евгения\Desktop\Projects_web\TeddysTale_with-BackEnd\venv\Lib\site-packages\django\core\handlers\exception.py", line 55, in inner
    response = get_response(request)
  File "C:\Users\Евгения\Desktop\Projects_web\TeddysTale_with-BackEnd\venv\Lib\site-packages\django\utils\deprecation.py", line 120, in __call__
    response = response or self.get_response(request)
  File "C:\Users\Евгения\Desktop\Projects_web\TeddysTale_with-BackEnd\venv\Lib\site-packages\django\core\handlers\exception.py", line 55, in inner
    response = get_response(request)
  File "C:\Users\Евгения\Desktop\Projects_web\TeddysTale_with-BackEnd\venv\Lib\site-packages\django\utils\deprecation.py", line 120, in __call__
    response = response or self.get_response(request)
  File "C:\Users\Евгения\Desktop\Projects_web\TeddysTale_with-BackEnd\venv\Lib\site-packages\django\core\handlers\exception.py", line 55, in inner
    response = get_response(request)
  File "C:\Users\Евгения\Desktop\Projects_web\TeddysTale_with-BackEnd\teddytale\TeddyTale\middleware.py", line 25, in __call__
    response = self.get_response(request)
  File "C:\Users\Евгения\Desktop\Projects_web\TeddysTale_with-BackEnd\venv\Lib\site-packages\django\core\handlers\exception.py", line 55, in inner
    response = get_response(request)
  File "C:\Users\Евгения\Desktop\Projects_web\TeddysTale_with-BackEnd\venv\Lib\site-packages\django\core\handlers\base.py", line 197, in _get_response
    response = wrapped_callback(request, *callback_args, **callback_kwargs)
  File "C:\Users\Евгения\Desktop\Projects_web\TeddysTale_with-BackEnd\teddytale\landing\db_utils.py", line 21, in wrapper
    return func(*args, **kwargs)
  File "C:\Users\Евгения\Desktop\Projects_web\TeddysTale_with-BackEnd\teddytale\landing\views.py", line 170, in index
    logger.error(f"КРИТИЧЕСКАЯ ОШИБКА при загрузке данных главной страницы: {str(e)}",
[2026-01-13 13:12:51] WARNING landing.views - Используется резервный режим с безопасными значениями
[2026-01-17 13:19:38] DEBUG landing.views - Загружено товаров из базы: 8
[2026-01-17 13:19:38] DEBUG landing.views - Показывать заглушки: True, количество: 1
[2026-01-17 13:19:38] DEBUG landing.views - Контакты из базы данных: 10 записей
[2026-01-17 13:19:38] INFO landing.views - Главная страница успешно загружена. Товаров: 8, Координаты: 59.819642, 30.341524
[2026-01-17 13:19:48] DEBUG landing.views - Загружено товаров из базы: 8
[2026-01-17 13:19:48] DEBUG landing.views - Показывать заглушки: True, количество: 1
[2026-01-17 13:19:48] DEBUG landing.views - Контакты из базы данных: 10 записей
[2026-01-17 13:19:48] INFO landing.views - Главная страница успешно загружена. Товаров: 8, Координаты: 59.819642, 30.341524
